city,field,negative_deltas,observations,positive_deltas,repeats,resets_or_wraps,series_key,source
beida,value,,20151,,20151,,beida-br-1|bgp_peer_count|,routing_metrics
beida,value,,20151,,20151,,beida-br-1|ipv6_default_route_changed_total|,routing_metrics
beida,value,,20151,,20151,,"beida-br-1|ipv6_route_change_total|prefix=""::/0",routing_metrics
beida,value,,20151,,20151,,"beida-br-1|ipv6_route_change_total|prefix=""fd00:1:40::/64",routing_metrics
beida,value,,20151,,20151,,"beida-br-1|ipv6_route_change_total|prefix=""fd00:2:40::/64",routing_metrics
beida,value,,20151,6,20145,,"beida-br-1|ipv6_route_change_total|prefix=""fd00:3:40::/64",routing_metrics
beida,value,,20151,,20151,,"beida-br-1|ipv6_route_change_total|prefix=""fd00:4:40::/64",routing_metrics
beida,value,,20151,,20151,,"beida-br-1|ipv6_route_change_total|prefix=""fd00:5:40::/64",routing_metrics
beida,value,,20151,,20151,,"beida-br-1|ipv6_route_change_total|prefix=""fd00:6:40::/64",routing_metrics
beida,value,,20151,1,20150,,"beida-br-1|ipv6_route_change_total|prefix=""fd00:7:40::/64",routing_metrics
beida,value,,20151,2,20149,,"beida-br-1|ipv6_route_change_total|prefix=""fd00:8:40::/64",routing_metrics
beida,value,,20151,,20151,,"beida-br-1|ipv6_route_count|protocol=""all",routing_metrics
beida,value,,20151,,20151,,"beida-br-1|ipv6_route_count|protocol=""bgp",routing_metrics
beida,value,,20151,,20151,,"beida-br-1|ipv6_route_count|protocol=""kernel",routing_metrics
beida,value,,20151,,20151,,"beida-br-1|ipv6_route_count|protocol=""ospf",routing_metrics
beida,value,,20151,,20151,,"beida-br-1|ipv6_route_count|protocol=""unknown",routing_metrics
beida,value,,20151,,20151,,beida-br-2|bgp_peer_count|,routing_metrics
beida,value,,20151,,20151,,beida-br-2|ipv6_default_route_changed_total|,routing_metrics
beida,value,,20151,,20151,,"beida-br-2|ipv6_route_change_total|prefix=""::/0",routing_metrics
beida,value,,20151,,20151,,"beida-br-2|ipv6_route_change_total|prefix=""fd00:1:40::/64",routing_metrics
beida,value,,20151,,20151,,"beida-br-2|ipv6_route_change_total|prefix=""fd00:2:40::/64",routing_metrics
beida,value,,20151,8,20143,,"beida-br-2|ipv6_route_change_total|prefix=""fd00:3:40::/64",routing_metrics
beida,value,,20151,,20151,,"beida-br-2|ipv6_route_change_total|prefix=""fd00:4:40::/64",routing_metrics
beida,value,,20151,,20151,,"beida-br-2|ipv6_route_change_total|prefix=""fd00:5:40::/64",routing_metrics
beida,value,,20151,,20151,,"beida-br-2|ipv6_route_change_total|prefix=""fd00:6:40::/64",routing_metrics
beida,value,,20151,2,20149,,"beida-br-2|ipv6_route_change_total|prefix=""fd00:7:40::/64",routing_metrics
beida,value,,20151,3,20148,,"beida-br-2|ipv6_route_change_total|prefix=""fd00:8:40::/64",routing_metrics
beida,value,,20151,,20151,,"beida-br-2|ipv6_route_count|protocol=""all",routing_metrics
beida,value,,20151,,20151,,"beida-br-2|ipv6_route_count|protocol=""bgp",routing_metrics
beida,value,,20151,,20151,,"beida-br-2|ipv6_route_count|protocol=""kernel",routing_metrics
beida,value,,20151,,20151,,"beida-br-2|ipv6_route_count|protocol=""ospf",routing_metrics
beida,value,,20151,,20151,,"beida-br-2|ipv6_route_count|protocol=""unknown",routing_metrics
beida,value,,20159,,20159,,beida-cr-1|ipv6_default_route_changed_total|,routing_metrics
beida,value,,20159,,20159,,"beida-cr-1|ipv6_route_change_total|prefix=""::/0",routing_metrics
beida,value,,20159,,20159,,"beida-cr-1|ipv6_route_change_total|prefix=""fd00:1:40::/64",routing_metrics
beida,value,,20159,,20159,,"beida-cr-1|ipv6_route_change_total|prefix=""fd00:2:40::/64",routing_metrics
beida,value,,20159,,20159,,"beida-cr-1|ipv6_route_change_total|prefix=""fd00:3:40::/64",routing_metrics
beida,value,,20159,,20159,,"beida-cr-1|ipv6_route_change_total|prefix=""fd00:4:40::/64",routing_metrics
beida,value,,20159,,20159,,"beida-cr-1|ipv6_route_change_total|prefix=""fd00:5:40::/64",routing_metrics
beida,value,,20159,,20159,,"beida-cr-1|ipv6_route_change_total|prefix=""fd00:6:40::/64",routing_metrics
beida,value,,20159,,20159,,"beida-cr-1|ipv6_route_change_total|prefix=""fd00:7:40::/64",routing_metrics
beida,value,,20159,,20159,,"beida-cr-1|ipv6_route_change_total|prefix=""fd00:8:40::/64",routing_metrics
beida,value,,20159,,20159,,"beida-cr-1|ipv6_route_count|protocol=""196",routing_metrics
beida,value,1,20159,1,20157,1,"beida-cr-1|ipv6_route_count|protocol=""all",routing_metrics
beida,value,,20159,,20159,,"beida-cr-1|ipv6_route_count|protocol=""kernel",routing_metrics
beida,value,,20159,,20159,,"beida-cr-1|ipv6_route_count|protocol=""ospf",routing_metrics
beida,value,,18,,18,,"beida-cr-1|ipv6_route_count|protocol=""unknown",routing_metrics
beida,value,,20159,,20159,,beida-cr-2|ipv6_default_route_changed_total|,routing_metrics
beida,value,,20159,,20159,,"beida-cr-2|ipv6_route_change_total|prefix=""::/0",routing_metrics
beida,value,,20159,,20159,,"beida-cr-2|ipv6_route_change_total|prefix=""fd00:1:40::/64",routing_metrics
beida,value,,20159,,20159,,"beida-cr-2|ipv6_route_change_total|prefix=""fd00:2:40::/64",routing_metrics
beida,value,,20159,,20159,,"beida-cr-2|ipv6_route_change_total|prefix=""fd00:3:40::/64",routing_metrics
beida,value,,20159,,20159,,"beida-cr-2|ipv6_route_change_total|prefix=""fd00:4:40::/64",routing_metrics
beida,value,,20159,,20159,,"beida-cr-2|ipv6_route_change_total|prefix=""fd00:5:40::/64",routing_metrics
beida,value,,20159,,20159,,"beida-cr-2|ipv6_route_change_total|prefix=""fd00:6:40::/64",routing_metrics
beida,value,,20159,,20159,,"beida-cr-2|ipv6_route_change_total|prefix=""fd00:7:40::/64",routing_metrics
beida,value,,20159,,20159,,"beida-cr-2|ipv6_route_change_total|prefix=""fd00:8:40::/64",routing_metrics
beida,value,,20159,,20159,,"beida-cr-2|ipv6_route_count|protocol=""196",routing_metrics
beida,value,1,20159,1,20157,1,"beida-cr-2|ipv6_route_count|protocol=""all",routing_metrics
beida,value,,20159,,20159,,"beida-cr-2|ipv6_route_count|protocol=""kernel",routing_metrics
beida,value,,20159,,20159,,"beida-cr-2|ipv6_route_count|protocol=""ospf",routing_metrics
beida,value,,12,,12,,"beida-cr-2|ipv6_route_count|protocol=""unknown",routing_metrics
beida,elephant_flow_active_seconds_total,,57,57,,,161c8b5cdbb6c670e70b03ae932b2b0f7d9e1c0c2b8346d9443186f79454cd04,traffic_flow_metrics
beida,elephant_flow_batches_completed_total,,57,23,34,,161c8b5cdbb6c670e70b03ae932b2b0f7d9e1c0c2b8346d9443186f79454cd04,traffic_flow_metrics
beida,elephant_flow_batches_failed_total,,57,,57,,161c8b5cdbb6c670e70b03ae932b2b0f7d9e1c0c2b8346d9443186f79454cd04,traffic_flow_metrics
beida,elephant_flow_batches_started_total,,57,22,35,,161c8b5cdbb6c670e70b03ae932b2b0f7d9e1c0c2b8346d9443186f79454cd04,traffic_flow_metrics
beida,elephant_flow_batches_timeout_total,,57,,57,,161c8b5cdbb6c670e70b03ae932b2b0f7d9e1c0c2b8346d9443186f79454cd04,traffic_flow_metrics
beida,elephant_flow_bytes_received_total,,57,23,34,,161c8b5cdbb6c670e70b03ae932b2b0f7d9e1c0c2b8346d9443186f79454cd04,traffic_flow_metrics
beida,elephant_flow_bytes_sent_total,,57,23,34,,161c8b5cdbb6c670e70b03ae932b2b0f7d9e1c0c2b8346d9443186f79454cd04,traffic_flow_metrics
beida,elephant_flow_duration_seconds_count,,57,23,34,,161c8b5cdbb6c670e70b03ae932b2b0f7d9e1c0c2b8346d9443186f79454cd04,traffic_flow_metrics
beida,elephant_flow_duration_seconds_sum,,57,23,34,,161c8b5cdbb6c670e70b03ae932b2b0f7d9e1c0c2b8346d9443186f79454cd04,traffic_flow_metrics
beida,elephant_flow_error_total,,57,,57,,161c8b5cdbb6c670e70b03ae932b2b0f7d9e1c0c2b8346d9443186f79454cd04,traffic_flow_metrics
beida,elephant_flow_requests_total,,57,23,34,,161c8b5cdbb6c670e70b03ae932b2b0f7d9e1c0c2b8346d9443186f79454cd04,traffic_flow_metrics
beida,elephant_flow_retransmits_total,,57,,57,,161c8b5cdbb6c670e70b03ae932b2b0f7d9e1c0c2b8346d9443186f79454cd04,traffic_flow_metrics
beida,elephant_flow_success_total,,57,23,34,,161c8b5cdbb6c670e70b03ae932b2b0f7d9e1c0c2b8346d9443186f79454cd04,traffic_flow_metrics
beida,elephant_flow_active_seconds_total,,16,16,,,180636862a614ee1298e9a081f5eaacdce56f6df9afcc8ccc2ba7a7dd7e722b0,traffic_flow_metrics
beida,elephant_flow_batches_completed_total,,16,,16,,180636862a614ee1298e9a081f5eaacdce56f6df9afcc8ccc2ba7a7dd7e722b0,traffic_flow_metrics
beida,elephant_flow_batches_failed_total,,16,16,,,180636862a614ee1298e9a081f5eaacdce56f6df9afcc8ccc2ba7a7dd7e722b0,traffic_flow_metrics
beida,elephant_flow_batches_started_total,,16,16,,,180636862a614ee1298e9a081f5eaacdce56f6df9afcc8ccc2ba7a7dd7e722b0,traffic_flow_metrics
beida,elephant_flow_batches_timeout_total,,16,,16,,180636862a614ee1298e9a081f5eaacdce56f6df9afcc8ccc2ba7a7dd7e722b0,traffic_flow_metrics
beida,elephant_flow_bytes_received_total,,16,,16,,180636862a614ee1298e9a081f5eaacdce56f6df9afcc8ccc2ba7a7dd7e722b0,traffic_flow_metrics
beida,elephant_flow_bytes_sent_total,,16,,16,,180636862a614ee1298e9a081f5eaacdce56f6df9afcc8ccc2ba7a7dd7e722b0,traffic_flow_metrics
beida,elephant_flow_duration_seconds_count,,16,16,,,180636862a614ee1298e9a081f5eaacdce56f6df9afcc8ccc2ba7a7dd7e722b0,traffic_flow_metrics
beida,elephant_flow_duration_seconds_sum,,16,16,,,180636862a614ee1298e9a081f5eaacdce56f6df9afcc8ccc2ba7a7dd7e722b0,traffic_flow_metrics
beida,elephant_flow_error_total,,16,,16,,180636862a614ee1298e9a081f5eaacdce56f6df9afcc8ccc2ba7a7dd7e722b0,traffic_flow_metrics
beida,elephant_flow_requests_total,,16,,16,,180636862a614ee1298e9a081f5eaacdce56f6df9afcc8ccc2ba7a7dd7e722b0,traffic_flow_metrics
beida,elephant_flow_retransmits_total,,16,,16,,180636862a614ee1298e9a081f5eaacdce56f6df9afcc8ccc2ba7a7dd7e722b0,traffic_flow_metrics
beida,elephant_flow_success_total,,16,,16,,180636862a614ee1298e9a081f5eaacdce56f6df9afcc8ccc2ba7a7dd7e722b0,traffic_flow_metrics
beida,elephant_flow_active_seconds_total,,56,56,,,25c208b02ab205413f7c5d603924f81da02000308ee35f348f0c9a6a8683e892,traffic_flow_metrics
beida,elephant_flow_batches_completed_total,,56,22,34,,25c208b02ab205413f7c5d603924f81da02000308ee35f348f0c9a6a8683e892,traffic_flow_metrics
beida,elephant_flow_batches_failed_total,,56,1,55,,25c208b02ab205413f7c5d603924f81da02000308ee35f348f0c9a6a8683e892,traffic_flow_metrics
beida,elephant_flow_batches_started_total,,56,22,34,,25c208b02ab205413f7c5d603924f81da02000308ee35f348f0c9a6a8683e892,traffic_flow_metrics
beida,elephant_flow_batches_timeout_total,,56,,56,,25c208b02ab205413f7c5d603924f81da02000308ee35f348f0c9a6a8683e892,traffic_flow_metrics
beida,elephant_flow_bytes_received_total,,56,22,34,,25c208b02ab205413f7c5d603924f81da02000308ee35f348f0c9a6a8683e892,traffic_flow_metrics
beida,elephant_flow_bytes_sent_total,,56,22,34,,25c208b02ab205413f7c5d603924f81da02000308ee35f348f0c9a6a8683e892,traffic_flow_metrics
beida,elephant_flow_duration_seconds_count,,56,23,33,,25c208b02ab205413f7c5d603924f81da02000308ee35f348f0c9a6a8683e892,traffic_flow_metrics
beida,elephant_flow_duration_seconds_sum,,56,23,33,,25c208b02ab205413f7c5d603924f81da02000308ee35f348f0c9a6a8683e892,traffic_flow_metrics
beida,elephant_flow_error_total,,56,,56,,25c208b02ab205413f7c5d603924f81da02000308ee35f348f0c9a6a8683e892,traffic_flow_metrics
beida,elephant_flow_requests_total,,56,22,34,,25c208b02ab205413f7c5d603924f81da02000308ee35f348f0c9a6a8683e892,traffic_flow_metrics
beida,elephant_flow_retransmits_total,,56,,56,,25c208b02ab205413f7c5d603924f81da02000308ee35f348f0c9a6a8683e892,traffic_flow_metrics
beida,elephant_flow_success_total,,56,22,34,,25c208b02ab205413f7c5d603924f81da02000308ee35f348f0c9a6a8683e892,traffic_flow_metrics
beida,elephant_flow_active_seconds_total,,58,58,,,2a116d29049c48013697d4c4f1b2b54020af2dc647131066b0950cdfd9aec79f,traffic_flow_metrics
beida,elephant_flow_batches_completed_total,,58,24,34,,2a116d29049c48013697d4c4f1b2b54020af2dc647131066b0950cdfd9aec79f,traffic_flow_metrics
beida,elephant_flow_batches_failed_total,,58,,58,,2a116d29049c48013697d4c4f1b2b54020af2dc647131066b0950cdfd9aec79f,traffic_flow_metrics
beida,elephant_flow_batches_started_total,,58,23,35,,2a116d29049c48013697d4c4f1b2b54020af2dc647131066b0950cdfd9aec79f,traffic_flow_metrics
beida,elephant_flow_batches_timeout_total,,58,,58,,2a116d29049c48013697d4c4f1b2b54020af2dc647131066b0950cdfd9aec79f,traffic_flow_metrics
beida,elephant_flow_bytes_received_total,,58,24,34,,2a116d29049c48013697d4c4f1b2b54020af2dc647131066b0950cdfd9aec79f,traffic_flow_metrics
beida,elephant_flow_bytes_sent_total,,58,24,34,,2a116d29049c48013697d4c4f1b2b54020af2dc647131066b0950cdfd9aec79f,traffic_flow_metrics
beida,elephant_flow_duration_seconds_count,,58,24,34,,2a116d29049c48013697d4c4f1b2b54020af2dc647131066b0950cdfd9aec79f,traffic_flow_metrics
beida,elephant_flow_duration_seconds_sum,,58,24,34,,2a116d29049c48013697d4c4f1b2b54020af2dc647131066b0950cdfd9aec79f,traffic_flow_metrics
beida,elephant_flow_error_total,,58,,58,,2a116d29049c48013697d4c4f1b2b54020af2dc647131066b0950cdfd9aec79f,traffic_flow_metrics
beida,elephant_flow_requests_total,,58,24,34,,2a116d29049c48013697d4c4f1b2b54020af2dc647131066b0950cdfd9aec79f,traffic_flow_metrics
beida,elephant_flow_retransmits_total,,58,,58,,2a116d29049c48013697d4c4f1b2b54020af2dc647131066b0950cdfd9aec79f,traffic_flow_metrics
beida,elephant_flow_success_total,,58,24,34,,2a116d29049c48013697d4c4f1b2b54020af2dc647131066b0950cdfd9aec79f,traffic_flow_metrics
beida,elephant_flow_active_seconds_total,,37,37,,,3195ac1ede0cd0215637c3c59cd30c9dd06c81a50e17e6fb872bc732e9bac1b1,traffic_flow_metrics
beida,elephant_flow_batches_completed_total,,37,15,22,,3195ac1ede0cd0215637c3c59cd30c9dd06c81a50e17e6fb872bc732e9bac1b1,traffic_flow_metrics
beida,elephant_flow_batches_failed_total,,37,,37,,3195ac1ede0cd0215637c3c59cd30c9dd06c81a50e17e6fb872bc732e9bac1b1,traffic_flow_metrics
beida,elephant_flow_batches_started_total,,37,14,23,,3195ac1ede0cd0215637c3c59cd30c9dd06c81a50e17e6fb872bc732e9bac1b1,traffic_flow_metrics
beida,elephant_flow_batches_timeout_total,,37,,37,,3195ac1ede0cd0215637c3c59cd30c9dd06c81a50e17e6fb872bc732e9bac1b1,traffic_flow_metrics
beida,elephant_flow_bytes_received_total,,37,15,22,,3195ac1ede0cd0215637c3c59cd30c9dd06c81a50e17e6fb872bc732e9bac1b1,traffic_flow_metrics
beida,elephant_flow_bytes_sent_total,,37,15,22,,3195ac1ede0cd0215637c3c59cd30c9dd06c81a50e17e6fb872bc732e9bac1b1,traffic_flow_metrics
beida,elephant_flow_duration_seconds_count,,37,15,22,,3195ac1ede0cd0215637c3c59cd30c9dd06c81a50e17e6fb872bc732e9bac1b1,traffic_flow_metrics
beida,elephant_flow_duration_seconds_sum,,37,15,22,,3195ac1ede0cd0215637c3c59cd30c9dd06c81a50e17e6fb872bc732e9bac1b1,traffic_flow_metrics
beida,elephant_flow_error_total,,37,,37,,3195ac1ede0cd0215637c3c59cd30c9dd06c81a50e17e6fb872bc732e9bac1b1,traffic_flow_metrics
beida,elephant_flow_requests_total,,37,15,22,,3195ac1ede0cd0215637c3c59cd30c9dd06c81a50e17e6fb872bc732e9bac1b1,traffic_flow_metrics
beida,elephant_flow_retransmits_total,,37,,37,,3195ac1ede0cd0215637c3c59cd30c9dd06c81a50e17e6fb872bc732e9bac1b1,traffic_flow_metrics
beida,elephant_flow_success_total,,37,15,22,,3195ac1ede0cd0215637c3c59cd30c9dd06c81a50e17e6fb872bc732e9bac1b1,traffic_flow_metrics
beida,elephant_flow_active_seconds_total,,63,61,2,,3262c3b4f4ae9fa038693473c22c74e6a8c508a0bb6ed2f0e2edd99eb0c9a6a4,traffic_flow_metrics
beida,elephant_flow_batches_completed_total,,63,23,40,,3262c3b4f4ae9fa038693473c22c74e6a8c508a0bb6ed2f0e2edd99eb0c9a6a4,traffic_flow_metrics
beida,elephant_flow_batches_failed_total,,63,,63,,3262c3b4f4ae9fa038693473c22c74e6a8c508a0bb6ed2f0e2edd99eb0c9a6a4,traffic_flow_metrics
beida,elephant_flow_batches_started_total,,63,22,41,,3262c3b4f4ae9fa038693473c22c74e6a8c508a0bb6ed2f0e2edd99eb0c9a6a4,traffic_flow_metrics
beida,elephant_flow_batches_timeout_total,,63,,63,,3262c3b4f4ae9fa038693473c22c74e6a8c508a0bb6ed2f0e2edd99eb0c9a6a4,traffic_flow_metrics
beida,elephant_flow_bytes_received_total,,63,23,40,,3262c3b4f4ae9fa038693473c22c74e6a8c508a0bb6ed2f0e2edd99eb0c9a6a4,traffic_flow_metrics
beida,elephant_flow_bytes_sent_total,,63,23,40,,3262c3b4f4ae9fa038693473c22c74e6a8c508a0bb6ed2f0e2edd99eb0c9a6a4,traffic_flow_metrics
beida,elephant_flow_duration_seconds_count,,63,23,40,,3262c3b4f4ae9fa038693473c22c74e6a8c508a0bb6ed2f0e2edd99eb0c9a6a4,traffic_flow_metrics
beida,elephant_flow_duration_seconds_sum,,63,23,40,,3262c3b4f4ae9fa038693473c22c74e6a8c508a0bb6ed2f0e2edd99eb0c9a6a4,traffic_flow_metrics
beida,elephant_flow_error_total,,63,,63,,3262c3b4f4ae9fa038693473c22c74e6a8c508a0bb6ed2f0e2edd99eb0c9a6a4,traffic_flow_metrics
beida,elephant_flow_requests_total,,63,23,40,,3262c3b4f4ae9fa038693473c22c74e6a8c508a0bb6ed2f0e2edd99eb0c9a6a4,traffic_flow_metrics
beida,elephant_flow_retransmits_total,,63,,63,,3262c3b4f4ae9fa038693473c22c74e6a8c508a0bb6ed2f0e2edd99eb0c9a6a4,traffic_flow_metrics
beida,elephant_flow_success_total,,63,23,40,,3262c3b4f4ae9fa038693473c22c74e6a8c508a0bb6ed2f0e2edd99eb0c9a6a4,traffic_flow_metrics
beida,elephant_flow_active_seconds_total,,13,13,,,446aca0e20926484dc756711a3d8df6f4dc12630e228f782fb58487378805236,traffic_flow_metrics
beida,elephant_flow_batches_completed_total,,13,,13,,446aca0e20926484dc756711a3d8df6f4dc12630e228f782fb58487378805236,traffic_flow_metrics
beida,elephant_flow_batches_failed_total,,13,13,,,446aca0e20926484dc756711a3d8df6f4dc12630e228f782fb58487378805236,traffic_flow_metrics
beida,elephant_flow_batches_started_total,,13,13,,,446aca0e20926484dc756711a3d8df6f4dc12630e228f782fb58487378805236,traffic_flow_metrics
beida,elephant_flow_batches_timeout_total,,13,,13,,446aca0e20926484dc756711a3d8df6f4dc12630e228f782fb58487378805236,traffic_flow_metrics
beida,elephant_flow_bytes_received_total,,13,,13,,446aca0e20926484dc756711a3d8df6f4dc12630e228f782fb58487378805236,traffic_flow_metrics
beida,elephant_flow_bytes_sent_total,,13,,13,,446aca0e20926484dc756711a3d8df6f4dc12630e228f782fb58487378805236,traffic_flow_metrics
beida,elephant_flow_duration_seconds_count,,13,13,,,446aca0e20926484dc756711a3d8df6f4dc12630e228f782fb58487378805236,traffic_flow_metrics
beida,elephant_flow_duration_seconds_sum,,13,13,,,446aca0e20926484dc756711a3d8df6f4dc12630e228f782fb58487378805236,traffic_flow_metrics
beida,elephant_flow_error_total,,13,,13,,446aca0e20926484dc756711a3d8df6f4dc12630e228f782fb58487378805236,traffic_flow_metrics
beida,elephant_flow_requests_total,,13,,13,,446aca0e20926484dc756711a3d8df6f4dc12630e228f782fb58487378805236,traffic_flow_metrics
beida,elephant_flow_retransmits_total,,13,,13,,446aca0e20926484dc756711a3d8df6f4dc12630e228f782fb58487378805236,traffic_flow_metrics
beida,elephant_flow_success_total,,13,,13,,446aca0e20926484dc756711a3d8df6f4dc12630e228f782fb58487378805236,traffic_flow_metrics
beida,elephant_flow_active_seconds_total,,43,43,,,4a4784a5208ec1f0e43ee149db960e5369b3d8075629ee5cba8c09daaec43eb2,traffic_flow_metrics
beida,elephant_flow_batches_completed_total,,43,17,26,,4a4784a5208ec1f0e43ee149db960e5369b3d8075629ee5cba8c09daaec43eb2,traffic_flow_metrics
beida,elephant_flow_batches_failed_total,,43,,43,,4a4784a5208ec1f0e43ee149db960e5369b3d8075629ee5cba8c09daaec43eb2,traffic_flow_metrics
beida,elephant_flow_batches_started_total,,43,16,27,,4a4784a5208ec1f0e43ee149db960e5369b3d8075629ee5cba8c09daaec43eb2,traffic_flow_metrics
beida,elephant_flow_batches_timeout_total,,43,,43,,4a4784a5208ec1f0e43ee149db960e5369b3d8075629ee5cba8c09daaec43eb2,traffic_flow_metrics
beida,elephant_flow_bytes_received_total,,43,17,26,,4a4784a5208ec1f0e43ee149db960e5369b3d8075629ee5cba8c09daaec43eb2,traffic_flow_metrics
beida,elephant_flow_bytes_sent_total,,43,17,26,,4a4784a5208ec1f0e43ee149db960e5369b3d8075629ee5cba8c09daaec43eb2,traffic_flow_metrics
beida,elephant_flow_duration_seconds_count,,43,17,26,,4a4784a5208ec1f0e43ee149db960e5369b3d8075629ee5cba8c09daaec43eb2,traffic_flow_metrics
beida,elephant_flow_duration_seconds_sum,,43,17,26,,4a4784a5208ec1f0e43ee149db960e5369b3d8075629ee5cba8c09daaec43eb2,traffic_flow_metrics
beida,elephant_flow_error_total,,43,,43,,4a4784a5208ec1f0e43ee149db960e5369b3d8075629ee5cba8c09daaec43eb2,traffic_flow_metrics
beida,elephant_flow_requests_total,,43,17,26,,4a4784a5208ec1f0e43ee149db960e5369b3d8075629ee5cba8c09daaec43eb2,traffic_flow_metrics
beida,elephant_flow_retransmits_total,,43,,43,,4a4784a5208ec1f0e43ee149db960e5369b3d8075629ee5cba8c09daaec43eb2,traffic_flow_metrics
beida,elephant_flow_success_total,,43,17,26,,4a4784a5208ec1f0e43ee149db960e5369b3d8075629ee5cba8c09daaec43eb2,traffic_flow_metrics
beida,elephant_flow_active_seconds_total,,23,23,,,50842d8c2251ca05f1e1e7beb9136ccc76ac1865c2cbd6149bb4eb3c099b6084,traffic_flow_metrics
beida,elephant_flow_batches_completed_total,,23,,23,,50842d8c2251ca05f1e1e7beb9136ccc76ac1865c2cbd6149bb4eb3c099b6084,traffic_flow_metrics
beida,elephant_flow_batches_failed_total,,23,23,,,50842d8c2251ca05f1e1e7beb9136ccc76ac1865c2cbd6149bb4eb3c099b6084,traffic_flow_metrics
beida,elephant_flow_batches_started_total,,23,23,,,50842d8c2251ca05f1e1e7beb9136ccc76ac1865c2cbd6149bb4eb3c099b6084,traffic_flow_metrics
beida,elephant_flow_batches_timeout_total,,23,,23,,50842d8c2251ca05f1e1e7beb9136ccc76ac1865c2cbd6149bb4eb3c099b6084,traffic_flow_metrics
beida,elephant_flow_bytes_received_total,,23,,23,,50842d8c2251ca05f1e1e7beb9136ccc76ac1865c2cbd6149bb4eb3c099b6084,traffic_flow_metrics
beida,elephant_flow_bytes_sent_total,,23,,23,,50842d8c2251ca05f1e1e7beb9136ccc76ac1865c2cbd6149bb4eb3c099b6084,traffic_flow_metrics
beida,elephant_flow_duration_seconds_count,,23,23,,,50842d8c2251ca05f1e1e7beb9136ccc76ac1865c2cbd6149bb4eb3c099b6084,traffic_flow_metrics
beida,elephant_flow_duration_seconds_sum,,23,23,,,50842d8c2251ca05f1e1e7beb9136ccc76ac1865c2cbd6149bb4eb3c099b6084,traffic_flow_metrics
beida,elephant_flow_error_total,,23,,23,,50842d8c2251ca05f1e1e7beb9136ccc76ac1865c2cbd6149bb4eb3c099b6084,traffic_flow_metrics
beida,elephant_flow_requests_total,,23,,23,,50842d8c2251ca05f1e1e7beb9136ccc76ac1865c2cbd6149bb4eb3c099b6084,traffic_flow_metrics
beida,elephant_flow_retransmits_total,,23,,23,,50842d8c2251ca05f1e1e7beb9136ccc76ac1865c2cbd6149bb4eb3c099b6084,traffic_flow_metrics
beida,elephant_flow_success_total,,23,,23,,50842d8c2251ca05f1e1e7beb9136ccc76ac1865c2cbd6149bb4eb3c099b6084,traffic_flow_metrics
beida,elephant_flow_active_seconds_total,,47,47,,,50d2590ce2dd52ed063a05a8dc2ad1ced5ae787a7fbd0362fe2a605c6ec3e50d,traffic_flow_metrics
beida,elephant_flow_batches_completed_total,,47,18,29,,50d2590ce2dd52ed063a05a8dc2ad1ced5ae787a7fbd0362fe2a605c6ec3e50d,traffic_flow_metrics
beida,elephant_flow_batches_failed_total,,47,2,45,,50d2590ce2dd52ed063a05a8dc2ad1ced5ae787a7fbd0362fe2a605c6ec3e50d,traffic_flow_metrics
beida,elephant_flow_batches_started_total,,47,19,28,,50d2590ce2dd52ed063a05a8dc2ad1ced5ae787a7fbd0362fe2a605c6ec3e50d,traffic_flow_metrics
beida,elephant_flow_batches_timeout_total,,47,,47,,50d2590ce2dd52ed063a05a8dc2ad1ced5ae787a7fbd0362fe2a605c6ec3e50d,traffic_flow_metrics
beida,elephant_flow_bytes_received_total,,47,18,29,,50d2590ce2dd52ed063a05a8dc2ad1ced5ae787a7fbd0362fe2a605c6ec3e50d,traffic_flow_metrics
beida,elephant_flow_bytes_sent_total,,47,18,29,,50d2590ce2dd52ed063a05a8dc2ad1ced5ae787a7fbd0362fe2a605c6ec3e50d,traffic_flow_metrics
beida,elephant_flow_duration_seconds_count,,47,20,27,,50d2590ce2dd52ed063a05a8dc2ad1ced5ae787a7fbd0362fe2a605c6ec3e50d,traffic_flow_metrics
beida,elephant_flow_duration_seconds_sum,,47,20,27,,50d2590ce2dd52ed063a05a8dc2ad1ced5ae787a7fbd0362fe2a605c6ec3e50d,traffic_flow_metrics
beida,elephant_flow_error_total,,47,,47,,50d2590ce2dd52ed063a05a8dc2ad1ced5ae787a7fbd0362fe2a605c6ec3e50d,traffic_flow_metrics
beida,elephant_flow_requests_total,,47,18,29,,50d2590ce2dd52ed063a05a8dc2ad1ced5ae787a7fbd0362fe2a605c6ec3e50d,traffic_flow_metrics
beida,elephant_flow_retransmits_total,,47,,47,,50d2590ce2dd52ed063a05a8dc2ad1ced5ae787a7fbd0362fe2a605c6ec3e50d,traffic_flow_metrics
beida,elephant_flow_success_total,,47,18,29,,50d2590ce2dd52ed063a05a8dc2ad1ced5ae787a7fbd0362fe2a605c6ec3e50d,traffic_flow_metrics
beida,elephant_flow_active_seconds_total,,59,58,1,,510bd1c963768041c7475d140e99e7114fbcea95ce868032cc62c432828aba87,traffic_flow_metrics
beida,elephant_flow_batches_completed_total,,59,23,36,,510bd1c963768041c7475d140e99e7114fbcea95ce868032cc62c432828aba87,traffic_flow_metrics
beida,elephant_flow_batches_failed_total,,59,,59,,510bd1c963768041c7475d140e99e7114fbcea95ce868032cc62c432828aba87,traffic_flow_metrics
beida,elephant_flow_batches_started_total,,59,22,37,,510bd1c963768041c7475d140e99e7114fbcea95ce868032cc62c432828aba87,traffic_flow_metrics
beida,elephant_flow_batches_timeout_total,,59,,59,,510bd1c963768041c7475d140e99e7114fbcea95ce868032cc62c432828aba87,traffic_flow_metrics
beida,elephant_flow_bytes_received_total,,59,23,36,,510bd1c963768041c7475d140e99e7114fbcea95ce868032cc62c432828aba87,traffic_flow_metrics
beida,elephant_flow_bytes_sent_total,,59,23,36,,510bd1c963768041c7475d140e99e7114fbcea95ce868032cc62c432828aba87,traffic_flow_metrics
beida,elephant_flow_duration_seconds_count,,59,23,36,,510bd1c963768041c7475d140e99e7114fbcea95ce868032cc62c432828aba87,traffic_flow_metrics
beida,elephant_flow_duration_seconds_sum,,59,23,36,,510bd1c963768041c7475d140e99e7114fbcea95ce868032cc62c432828aba87,traffic_flow_metrics
beida,elephant_flow_error_total,,59,,59,,510bd1c963768041c7475d140e99e7114fbcea95ce868032cc62c432828aba87,traffic_flow_metrics
beida,elephant_flow_requests_total,,59,23,36,,510bd1c963768041c7475d140e99e7114fbcea95ce868032cc62c432828aba87,traffic_flow_metrics
beida,elephant_flow_retransmits_total,,59,,59,,510bd1c963768041c7475d140e99e7114fbcea95ce868032cc62c432828aba87,traffic_flow_metrics
beida,elephant_flow_success_total,,59,23,36,,510bd1c963768041c7475d140e99e7114fbcea95ce868032cc62c432828aba87,traffic_flow_metrics
beida,auth_flow_active_seconds_total,,13097,12990,107,,57431fe22c9253424940c7c94b4f56029e2f24fec10a111a85926be00fd1ff69,traffic_flow_metrics
beida,auth_flow_batches_completed_total,,13097,10540,2557,,57431fe22c9253424940c7c94b4f56029e2f24fec10a111a85926be00fd1ff69,traffic_flow_metrics
beida,auth_flow_batches_failed_total,,13097,314,12783,,57431fe22c9253424940c7c94b4f56029e2f24fec10a111a85926be00fd1ff69,traffic_flow_metrics
beida,auth_flow_batches_started_total,,13097,10825,2272,,57431fe22c9253424940c7c94b4f56029e2f24fec10a111a85926be00fd1ff69,traffic_flow_metrics
beida,auth_flow_batches_timeout_total,,13097,118,12979,,57431fe22c9253424940c7c94b4f56029e2f24fec10a111a85926be00fd1ff69,traffic_flow_metrics
beida,auth_flow_bytes_received_total,,13097,12622,475,,57431fe22c9253424940c7c94b4f56029e2f24fec10a111a85926be00fd1ff69,traffic_flow_metrics
beida,auth_flow_bytes_sent_total,,13097,12622,475,,57431fe22c9253424940c7c94b4f56029e2f24fec10a111a85926be00fd1ff69,traffic_flow_metrics
beida,auth_flow_duration_seconds_count,,13097,10848,2249,,57431fe22c9253424940c7c94b4f56029e2f24fec10a111a85926be00fd1ff69,traffic_flow_metrics
beida,auth_flow_duration_seconds_sum,,13097,10848,2249,,57431fe22c9253424940c7c94b4f56029e2f24fec10a111a85926be00fd1ff69,traffic_flow_metrics
beida,auth_flow_error_total,,13097,261,12836,,57431fe22c9253424940c7c94b4f56029e2f24fec10a111a85926be00fd1ff69,traffic_flow_metrics
beida,auth_flow_request_latency_seconds_count,,13097,12622,475,,57431fe22c9253424940c7c94b4f56029e2f24fec10a111a85926be00fd1ff69,traffic_flow_metrics
beida,auth_flow_request_latency_seconds_sum,,13097,12622,475,,57431fe22c9253424940c7c94b4f56029e2f24fec10a111a85926be00fd1ff69,traffic_flow_metrics
beida,auth_flow_requests_total,,13097,12754,343,,57431fe22c9253424940c7c94b4f56029e2f24fec10a111a85926be00fd1ff69,traffic_flow_metrics
beida,auth_flow_success_total,,13097,12511,586,,57431fe22c9253424940c7c94b4f56029e2f24fec10a111a85926be00fd1ff69,traffic_flow_metrics
beida,elephant_flow_active_seconds_total,,29,29,,,652b2b3c4d7b240686e39c395c58a0d61c5e5e7fcaddf644154fb55bf0bb1780,traffic_flow_metrics
beida,elephant_flow_batches_completed_total,,29,12,17,,652b2b3c4d7b240686e39c395c58a0d61c5e5e7fcaddf644154fb55bf0bb1780,traffic_flow_metrics
beida,elephant_flow_batches_failed_total,,29,,29,,652b2b3c4d7b240686e39c395c58a0d61c5e5e7fcaddf644154fb55bf0bb1780,traffic_flow_metrics
beida,elephant_flow_batches_started_total,,29,11,18,,652b2b3c4d7b240686e39c395c58a0d61c5e5e7fcaddf644154fb55bf0bb1780,traffic_flow_metrics
beida,elephant_flow_batches_timeout_total,,29,,29,,652b2b3c4d7b240686e39c395c58a0d61c5e5e7fcaddf644154fb55bf0bb1780,traffic_flow_metrics
beida,elephant_flow_bytes_received_total,,29,12,17,,652b2b3c4d7b240686e39c395c58a0d61c5e5e7fcaddf644154fb55bf0bb1780,traffic_flow_metrics
beida,elephant_flow_bytes_sent_total,,29,12,17,,652b2b3c4d7b240686e39c395c58a0d61c5e5e7fcaddf644154fb55bf0bb1780,traffic_flow_metrics
beida,elephant_flow_duration_seconds_count,,29,12,17,,652b2b3c4d7b240686e39c395c58a0d61c5e5e7fcaddf644154fb55bf0bb1780,traffic_flow_metrics
beida,elephant_flow_duration_seconds_sum,,29,12,17,,652b2b3c4d7b240686e39c395c58a0d61c5e5e7fcaddf644154fb55bf0bb1780,traffic_flow_metrics
beida,elephant_flow_error_total,,29,,29,,652b2b3c4d7b240686e39c395c58a0d61c5e5e7fcaddf644154fb55bf0bb1780,traffic_flow_metrics
beida,elephant_flow_requests_total,,29,12,17,,652b2b3c4d7b240686e39c395c58a0d61c5e5e7fcaddf644154fb55bf0bb1780,traffic_flow_metrics
beida,elephant_flow_retransmits_total,,29,,29,,652b2b3c4d7b240686e39c395c58a0d61c5e5e7fcaddf644154fb55bf0bb1780,traffic_flow_metrics
beida,elephant_flow_success_total,,29,12,17,,652b2b3c4d7b240686e39c395c58a0d61c5e5e7fcaddf644154fb55bf0bb1780,traffic_flow_metrics
beida,elephant_flow_active_seconds_total,,39,38,1,,6706633b047cb030960331b4bb9449c6bf13da4198bdc055d177a02d858cc129,traffic_flow_metrics
beida,elephant_flow_batches_completed_total,,39,16,23,,6706633b047cb030960331b4bb9449c6bf13da4198bdc055d177a02d858cc129,traffic_flow_metrics
beida,elephant_flow_batches_failed_total,,39,,39,,6706633b047cb030960331b4bb9449c6bf13da4198bdc055d177a02d858cc129,traffic_flow_metrics
beida,elephant_flow_batches_started_total,,39,15,24,,6706633b047cb030960331b4bb9449c6bf13da4198bdc055d177a02d858cc129,traffic_flow_metrics
beida,elephant_flow_batches_timeout_total,,39,,39,,6706633b047cb030960331b4bb9449c6bf13da4198bdc055d177a02d858cc129,traffic_flow_metrics
beida,elephant_flow_bytes_received_total,,39,16,23,,6706633b047cb030960331b4bb9449c6bf13da4198bdc055d177a02d858cc129,traffic_flow_metrics
beida,elephant_flow_bytes_sent_total,,39,16,23,,6706633b047cb030960331b4bb9449c6bf13da4198bdc055d177a02d858cc129,traffic_flow_metrics
beida,elephant_flow_duration_seconds_count,,39,16,23,,6706633b047cb030960331b4bb9449c6bf13da4198bdc055d177a02d858cc129,traffic_flow_metrics
beida,elephant_flow_duration_seconds_sum,,39,16,23,,6706633b047cb030960331b4bb9449c6bf13da4198bdc055d177a02d858cc129,traffic_flow_metrics
beida,elephant_flow_error_total,,39,,39,,6706633b047cb030960331b4bb9449c6bf13da4198bdc055d177a02d858cc129,traffic_flow_metrics
beida,elephant_flow_requests_total,,39,16,23,,6706633b047cb030960331b4bb9449c6bf13da4198bdc055d177a02d858cc129,traffic_flow_metrics
beida,elephant_flow_retransmits_total,,39,,39,,6706633b047cb030960331b4bb9449c6bf13da4198bdc055d177a02d858cc129,traffic_flow_metrics
beida,elephant_flow_success_total,,39,16,23,,6706633b047cb030960331b4bb9449c6bf13da4198bdc055d177a02d858cc129,traffic_flow_metrics
beida,elephant_flow_active_seconds_total,,61,60,1,,7fc798dabedfa40448ddce5d4459111c650975e71b44dfbb8f581cd556cd9d4f,traffic_flow_metrics
beida,elephant_flow_batches_completed_total,,61,23,38,,7fc798dabedfa40448ddce5d4459111c650975e71b44dfbb8f581cd556cd9d4f,traffic_flow_metrics
beida,elephant_flow_batches_failed_total,,61,1,60,,7fc798dabedfa40448ddce5d4459111c650975e71b44dfbb8f581cd556cd9d4f,traffic_flow_metrics
beida,elephant_flow_batches_started_total,,61,23,38,,7fc798dabedfa40448ddce5d4459111c650975e71b44dfbb8f581cd556cd9d4f,traffic_flow_metrics
beida,elephant_flow_batches_timeout_total,,61,,61,,7fc798dabedfa40448ddce5d4459111c650975e71b44dfbb8f581cd556cd9d4f,traffic_flow_metrics
beida,elephant_flow_bytes_received_total,,61,23,38,,7fc798dabedfa40448ddce5d4459111c650975e71b44dfbb8f581cd556cd9d4f,traffic_flow_metrics
beida,elephant_flow_bytes_sent_total,,61,23,38,,7fc798dabedfa40448ddce5d4459111c650975e71b44dfbb8f581cd556cd9d4f,traffic_flow_metrics
beida,elephant_flow_duration_seconds_count,,61,24,37,,7fc798dabedfa40448ddce5d4459111c650975e71b44dfbb8f581cd556cd9d4f,traffic_flow_metrics
beida,elephant_flow_duration_seconds_sum,,61,24,37,,7fc798dabedfa40448ddce5d4459111c650975e71b44dfbb8f581cd556cd9d4f,traffic_flow_metrics
beida,elephant_flow_error_total,,61,,61,,7fc798dabedfa40448ddce5d4459111c650975e71b44dfbb8f581cd556cd9d4f,traffic_flow_metrics
beida,elephant_flow_requests_total,,61,23,38,,7fc798dabedfa40448ddce5d4459111c650975e71b44dfbb8f581cd556cd9d4f,traffic_flow_metrics
beida,elephant_flow_retransmits_total,,61,,61,,7fc798dabedfa40448ddce5d4459111c650975e71b44dfbb8f581cd556cd9d4f,traffic_flow_metrics
beida,elephant_flow_success_total,,61,23,38,,7fc798dabedfa40448ddce5d4459111c650975e71b44dfbb8f581cd556cd9d4f,traffic_flow_metrics
beida,elephant_flow_active_seconds_total,,53,53,,,86cab6be6ebb4be7fc45ff4bbb5ea74b38e92a40a7dd9ab95ef0146de9eb253f,traffic_flow_metrics
beida,elephant_flow_batches_completed_total,,53,22,31,,86cab6be6ebb4be7fc45ff4bbb5ea74b38e92a40a7dd9ab95ef0146de9eb253f,traffic_flow_metrics
beida,elephant_flow_batches_failed_total,,53,,53,,86cab6be6ebb4be7fc45ff4bbb5ea74b38e92a40a7dd9ab95ef0146de9eb253f,traffic_flow_metrics
beida,elephant_flow_batches_started_total,,53,21,32,,86cab6be6ebb4be7fc45ff4bbb5ea74b38e92a40a7dd9ab95ef0146de9eb253f,traffic_flow_metrics
beida,elephant_flow_batches_timeout_total,,53,,53,,86cab6be6ebb4be7fc45ff4bbb5ea74b38e92a40a7dd9ab95ef0146de9eb253f,traffic_flow_metrics
beida,elephant_flow_bytes_received_total,,53,22,31,,86cab6be6ebb4be7fc45ff4bbb5ea74b38e92a40a7dd9ab95ef0146de9eb253f,traffic_flow_metrics
beida,elephant_flow_bytes_sent_total,,53,22,31,,86cab6be6ebb4be7fc45ff4bbb5ea74b38e92a40a7dd9ab95ef0146de9eb253f,traffic_flow_metrics
beida,elephant_flow_duration_seconds_count,,53,22,31,,86cab6be6ebb4be7fc45ff4bbb5ea74b38e92a40a7dd9ab95ef0146de9eb253f,traffic_flow_metrics
beida,elephant_flow_duration_seconds_sum,,53,22,31,,86cab6be6ebb4be7fc45ff4bbb5ea74b38e92a40a7dd9ab95ef0146de9eb253f,traffic_flow_metrics
beida,elephant_flow_error_total,,53,,53,,86cab6be6ebb4be7fc45ff4bbb5ea74b38e92a40a7dd9ab95ef0146de9eb253f,traffic_flow_metrics
beida,elephant_flow_requests_total,,53,22,31,,86cab6be6ebb4be7fc45ff4bbb5ea74b38e92a40a7dd9ab95ef0146de9eb253f,traffic_flow_metrics
beida,elephant_flow_retransmits_total,,53,,53,,86cab6be6ebb4be7fc45ff4bbb5ea74b38e92a40a7dd9ab95ef0146de9eb253f,traffic_flow_metrics
beida,elephant_flow_success_total,,53,22,31,,86cab6be6ebb4be7fc45ff4bbb5ea74b38e92a40a7dd9ab95ef0146de9eb253f,traffic_flow_metrics
beida,elephant_flow_active_seconds_total,,20,20,,,943bb385633b1d20a3001e8a60b64b736334a6e4056a028fe692a3ae95e6126d,traffic_flow_metrics
beida,elephant_flow_batches_completed_total,,20,,20,,943bb385633b1d20a3001e8a60b64b736334a6e4056a028fe692a3ae95e6126d,traffic_flow_metrics
beida,elephant_flow_batches_failed_total,,20,20,,,943bb385633b1d20a3001e8a60b64b736334a6e4056a028fe692a3ae95e6126d,traffic_flow_metrics
beida,elephant_flow_batches_started_total,,20,20,,,943bb385633b1d20a3001e8a60b64b736334a6e4056a028fe692a3ae95e6126d,traffic_flow_metrics
beida,elephant_flow_batches_timeout_total,,20,,20,,943bb385633b1d20a3001e8a60b64b736334a6e4056a028fe692a3ae95e6126d,traffic_flow_metrics
beida,elephant_flow_bytes_received_total,,20,,20,,943bb385633b1d20a3001e8a60b64b736334a6e4056a028fe692a3ae95e6126d,traffic_flow_metrics
beida,elephant_flow_bytes_sent_total,,20,,20,,943bb385633b1d20a3001e8a60b64b736334a6e4056a028fe692a3ae95e6126d,traffic_flow_metrics
beida,elephant_flow_duration_seconds_count,,20,20,,,943bb385633b1d20a3001e8a60b64b736334a6e4056a028fe692a3ae95e6126d,traffic_flow_metrics
beida,elephant_flow_duration_seconds_sum,,20,20,,,943bb385633b1d20a3001e8a60b64b736334a6e4056a028fe692a3ae95e6126d,traffic_flow_metrics
beida,elephant_flow_error_total,,20,,20,,943bb385633b1d20a3001e8a60b64b736334a6e4056a028fe692a3ae95e6126d,traffic_flow_metrics
beida,elephant_flow_requests_total,,20,,20,,943bb385633b1d20a3001e8a60b64b736334a6e4056a028fe692a3ae95e6126d,traffic_flow_metrics
beida,elephant_flow_retransmits_total,,20,,20,,943bb385633b1d20a3001e8a60b64b736334a6e4056a028fe692a3ae95e6126d,traffic_flow_metrics
beida,elephant_flow_success_total,,20,,20,,943bb385633b1d20a3001e8a60b64b736334a6e4056a028fe692a3ae95e6126d,traffic_flow_metrics
beida,elephant_flow_active_seconds_total,,38,38,,,a83c253e8fc927aaf03aa021da35c19a2ecf7054879cfa3d3ed3819e1bcbfac9,traffic_flow_metrics
beida,elephant_flow_batches_completed_total,,38,15,23,,a83c253e8fc927aaf03aa021da35c19a2ecf7054879cfa3d3ed3819e1bcbfac9,traffic_flow_metrics
beida,elephant_flow_batches_failed_total,,38,,38,,a83c253e8fc927aaf03aa021da35c19a2ecf7054879cfa3d3ed3819e1bcbfac9,traffic_flow_metrics
beida,elephant_flow_batches_started_total,,38,14,24,,a83c253e8fc927aaf03aa021da35c19a2ecf7054879cfa3d3ed3819e1bcbfac9,traffic_flow_metrics
beida,elephant_flow_batches_timeout_total,,38,,38,,a83c253e8fc927aaf03aa021da35c19a2ecf7054879cfa3d3ed3819e1bcbfac9,traffic_flow_metrics
beida,elephant_flow_bytes_received_total,,38,15,23,,a83c253e8fc927aaf03aa021da35c19a2ecf7054879cfa3d3ed3819e1bcbfac9,traffic_flow_metrics
beida,elephant_flow_bytes_sent_total,,38,15,23,,a83c253e8fc927aaf03aa021da35c19a2ecf7054879cfa3d3ed3819e1bcbfac9,traffic_flow_metrics
beida,elephant_flow_duration_seconds_count,,38,15,23,,a83c253e8fc927aaf03aa021da35c19a2ecf7054879cfa3d3ed3819e1bcbfac9,traffic_flow_metrics
beida,elephant_flow_duration_seconds_sum,,38,15,23,,a83c253e8fc927aaf03aa021da35c19a2ecf7054879cfa3d3ed3819e1bcbfac9,traffic_flow_metrics
beida,elephant_flow_error_total,,38,,38,,a83c253e8fc927aaf03aa021da35c19a2ecf7054879cfa3d3ed3819e1bcbfac9,traffic_flow_metrics
beida,elephant_flow_requests_total,,38,15,23,,a83c253e8fc927aaf03aa021da35c19a2ecf7054879cfa3d3ed3819e1bcbfac9,traffic_flow_metrics
beida,elephant_flow_retransmits_total,,38,,38,,a83c253e8fc927aaf03aa021da35c19a2ecf7054879cfa3d3ed3819e1bcbfac9,traffic_flow_metrics
beida,elephant_flow_success_total,,38,15,23,,a83c253e8fc927aaf03aa021da35c19a2ecf7054879cfa3d3ed3819e1bcbfac9,traffic_flow_metrics
beida,elephant_flow_active_seconds_total,,41,41,,,bf39eab6c3725d93f892db23cd9dfc95f5eeb54bc070100bd9ee2a0397409c4a,traffic_flow_metrics
beida,elephant_flow_batches_completed_total,,41,15,26,,bf39eab6c3725d93f892db23cd9dfc95f5eeb54bc070100bd9ee2a0397409c4a,traffic_flow_metrics
beida,elephant_flow_batches_failed_total,,41,,41,,bf39eab6c3725d93f892db23cd9dfc95f5eeb54bc070100bd9ee2a0397409c4a,traffic_flow_metrics
beida,elephant_flow_batches_started_total,,41,14,27,,bf39eab6c3725d93f892db23cd9dfc95f5eeb54bc070100bd9ee2a0397409c4a,traffic_flow_metrics
beida,elephant_flow_batches_timeout_total,,41,,41,,bf39eab6c3725d93f892db23cd9dfc95f5eeb54bc070100bd9ee2a0397409c4a,traffic_flow_metrics
beida,elephant_flow_bytes_received_total,,41,15,26,,bf39eab6c3725d93f892db23cd9dfc95f5eeb54bc070100bd9ee2a0397409c4a,traffic_flow_metrics
beida,elephant_flow_bytes_sent_total,,41,15,26,,bf39eab6c3725d93f892db23cd9dfc95f5eeb54bc070100bd9ee2a0397409c4a,traffic_flow_metrics
beida,elephant_flow_duration_seconds_count,,41,15,26,,bf39eab6c3725d93f892db23cd9dfc95f5eeb54bc070100bd9ee2a0397409c4a,traffic_flow_metrics
beida,elephant_flow_duration_seconds_sum,,41,15,26,,bf39eab6c3725d93f892db23cd9dfc95f5eeb54bc070100bd9ee2a0397409c4a,traffic_flow_metrics
beida,elephant_flow_error_total,,41,,41,,bf39eab6c3725d93f892db23cd9dfc95f5eeb54bc070100bd9ee2a0397409c4a,traffic_flow_metrics
beida,elephant_flow_requests_total,,41,15,26,,bf39eab6c3725d93f892db23cd9dfc95f5eeb54bc070100bd9ee2a0397409c4a,traffic_flow_metrics
beida,elephant_flow_retransmits_total,,41,,41,,bf39eab6c3725d93f892db23cd9dfc95f5eeb54bc070100bd9ee2a0397409c4a,traffic_flow_metrics
beida,elephant_flow_success_total,,41,15,26,,bf39eab6c3725d93f892db23cd9dfc95f5eeb54bc070100bd9ee2a0397409c4a,traffic_flow_metrics
beida,dns_flow_active_seconds_total,,19972,19942,30,,c7f75369274169ed168729c6df8c5715d95dd18755f7057c411d2fa261cd13ba,traffic_flow_metrics
beida,dns_flow_batches_completed_total,,19972,18643,1329,,c7f75369274169ed168729c6df8c5715d95dd18755f7057c411d2fa261cd13ba,traffic_flow_metrics
beida,dns_flow_batches_failed_total,,19972,146,19826,,c7f75369274169ed168729c6df8c5715d95dd18755f7057c411d2fa261cd13ba,traffic_flow_metrics
beida,dns_flow_batches_started_total,,19972,18811,1161,,c7f75369274169ed168729c6df8c5715d95dd18755f7057c411d2fa261cd13ba,traffic_flow_metrics
beida,dns_flow_batches_timeout_total,,19972,145,19827,,c7f75369274169ed168729c6df8c5715d95dd18755f7057c411d2fa261cd13ba,traffic_flow_metrics
beida,dns_flow_bytes_received_total,,19972,19755,217,,c7f75369274169ed168729c6df8c5715d95dd18755f7057c411d2fa261cd13ba,traffic_flow_metrics
beida,dns_flow_bytes_sent_total,,19972,19755,217,,c7f75369274169ed168729c6df8c5715d95dd18755f7057c411d2fa261cd13ba,traffic_flow_metrics
beida,dns_flow_duration_seconds_count,,19972,18776,1196,,c7f75369274169ed168729c6df8c5715d95dd18755f7057c411d2fa261cd13ba,traffic_flow_metrics
beida,dns_flow_duration_seconds_sum,,19972,18776,1196,,c7f75369274169ed168729c6df8c5715d95dd18755f7057c411d2fa261cd13ba,traffic_flow_metrics
beida,dns_flow_error_total,,19972,264,19708,,c7f75369274169ed168729c6df8c5715d95dd18755f7057c411d2fa261cd13ba,traffic_flow_metrics
beida,dns_flow_request_latency_seconds_count,,19972,19755,217,,c7f75369274169ed168729c6df8c5715d95dd18755f7057c411d2fa261cd13ba,traffic_flow_metrics
beida,dns_flow_request_latency_seconds_sum,,19972,19755,217,,c7f75369274169ed168729c6df8c5715d95dd18755f7057c411d2fa261cd13ba,traffic_flow_metrics
beida,dns_flow_requests_total,,19972,19895,77,,c7f75369274169ed168729c6df8c5715d95dd18755f7057c411d2fa261cd13ba,traffic_flow_metrics
beida,dns_flow_success_total,,19972,19755,217,,c7f75369274169ed168729c6df8c5715d95dd18755f7057c411d2fa261cd13ba,traffic_flow_metrics
beida,elephant_flow_active_seconds_total,,39,39,,,dc47692faa92066d03e51a536724150fa67959b6c310e590f0fea7368c5bbe1d,traffic_flow_metrics
beida,elephant_flow_batches_completed_total,,39,16,23,,dc47692faa92066d03e51a536724150fa67959b6c310e590f0fea7368c5bbe1d,traffic_flow_metrics
beida,elephant_flow_batches_failed_total,,39,,39,,dc47692faa92066d03e51a536724150fa67959b6c310e590f0fea7368c5bbe1d,traffic_flow_metrics
beida,elephant_flow_batches_started_total,,39,15,24,,dc47692faa92066d03e51a536724150fa67959b6c310e590f0fea7368c5bbe1d,traffic_flow_metrics
beida,elephant_flow_batches_timeout_total,,39,,39,,dc47692faa92066d03e51a536724150fa67959b6c310e590f0fea7368c5bbe1d,traffic_flow_metrics
beida,elephant_flow_bytes_received_total,,39,16,23,,dc47692faa92066d03e51a536724150fa67959b6c310e590f0fea7368c5bbe1d,traffic_flow_metrics
beida,elephant_flow_bytes_sent_total,,39,16,23,,dc47692faa92066d03e51a536724150fa67959b6c310e590f0fea7368c5bbe1d,traffic_flow_metrics
beida,elephant_flow_duration_seconds_count,,39,16,23,,dc47692faa92066d03e51a536724150fa67959b6c310e590f0fea7368c5bbe1d,traffic_flow_metrics
beida,elephant_flow_duration_seconds_sum,,39,16,23,,dc47692faa92066d03e51a536724150fa67959b6c310e590f0fea7368c5bbe1d,traffic_flow_metrics
beida,elephant_flow_error_total,,39,,39,,dc47692faa92066d03e51a536724150fa67959b6c310e590f0fea7368c5bbe1d,traffic_flow_metrics
beida,elephant_flow_requests_total,,39,16,23,,dc47692faa92066d03e51a536724150fa67959b6c310e590f0fea7368c5bbe1d,traffic_flow_metrics
beida,elephant_flow_retransmits_total,,39,,39,,dc47692faa92066d03e51a536724150fa67959b6c310e590f0fea7368c5bbe1d,traffic_flow_metrics
beida,elephant_flow_success_total,,39,16,23,,dc47692faa92066d03e51a536724150fa67959b6c310e590f0fea7368c5bbe1d,traffic_flow_metrics
beida,web_flow_active_seconds_total,,18716,18654,62,,ddb3b8d99f6cca0352f4058cd8cd2100330bd28abb1c5c3aa1e047b68a733ae1,traffic_flow_metrics
beida,web_flow_batches_completed_total,,18716,14282,4434,,ddb3b8d99f6cca0352f4058cd8cd2100330bd28abb1c5c3aa1e047b68a733ae1,traffic_flow_metrics
beida,web_flow_batches_failed_total,,18716,407,18309,,ddb3b8d99f6cca0352f4058cd8cd2100330bd28abb1c5c3aa1e047b68a733ae1,traffic_flow_metrics
beida,web_flow_batches_started_total,,18716,14670,4046,,ddb3b8d99f6cca0352f4058cd8cd2100330bd28abb1c5c3aa1e047b68a733ae1,traffic_flow_metrics
beida,web_flow_batches_timeout_total,,18716,178,18538,,ddb3b8d99f6cca0352f4058cd8cd2100330bd28abb1c5c3aa1e047b68a733ae1,traffic_flow_metrics
beida,web_flow_bytes_received_total,,18716,18230,486,,ddb3b8d99f6cca0352f4058cd8cd2100330bd28abb1c5c3aa1e047b68a733ae1,traffic_flow_metrics
beida,web_flow_bytes_sent_total,,18716,18230,486,,ddb3b8d99f6cca0352f4058cd8cd2100330bd28abb1c5c3aa1e047b68a733ae1,traffic_flow_metrics
beida,web_flow_duration_seconds_count,,18716,14671,4045,,ddb3b8d99f6cca0352f4058cd8cd2100330bd28abb1c5c3aa1e047b68a733ae1,traffic_flow_metrics
beida,web_flow_duration_seconds_sum,,18716,14671,4045,,ddb3b8d99f6cca0352f4058cd8cd2100330bd28abb1c5c3aa1e047b68a733ae1,traffic_flow_metrics
beida,web_flow_error_total,,18716,282,18434,,ddb3b8d99f6cca0352f4058cd8cd2100330bd28abb1c5c3aa1e047b68a733ae1,traffic_flow_metrics
beida,web_flow_request_latency_seconds_count,,18716,18230,486,,ddb3b8d99f6cca0352f4058cd8cd2100330bd28abb1c5c3aa1e047b68a733ae1,traffic_flow_metrics
beida,web_flow_request_latency_seconds_sum,,18716,18230,486,,ddb3b8d99f6cca0352f4058cd8cd2100330bd28abb1c5c3aa1e047b68a733ae1,traffic_flow_metrics
beida,web_flow_requests_total,,18716,18434,282,,ddb3b8d99f6cca0352f4058cd8cd2100330bd28abb1c5c3aa1e047b68a733ae1,traffic_flow_metrics
beida,web_flow_success_total,,18716,18131,585,,ddb3b8d99f6cca0352f4058cd8cd2100330bd28abb1c5c3aa1e047b68a733ae1,traffic_flow_metrics
beida,elephant_flow_active_seconds_total,,11,11,,,ddec7ecf868361b02774b13cec40f7c4b3a933e0dba8c085433b2153ccf8c871,traffic_flow_metrics
beida,elephant_flow_batches_completed_total,,11,,11,,ddec7ecf868361b02774b13cec40f7c4b3a933e0dba8c085433b2153ccf8c871,traffic_flow_metrics
beida,elephant_flow_batches_failed_total,,11,11,,,ddec7ecf868361b02774b13cec40f7c4b3a933e0dba8c085433b2153ccf8c871,traffic_flow_metrics
beida,elephant_flow_batches_started_total,,11,11,,,ddec7ecf868361b02774b13cec40f7c4b3a933e0dba8c085433b2153ccf8c871,traffic_flow_metrics
beida,elephant_flow_batches_timeout_total,,11,,11,,ddec7ecf868361b02774b13cec40f7c4b3a933e0dba8c085433b2153ccf8c871,traffic_flow_metrics
beida,elephant_flow_bytes_received_total,,11,,11,,ddec7ecf868361b02774b13cec40f7c4b3a933e0dba8c085433b2153ccf8c871,traffic_flow_metrics
beida,elephant_flow_bytes_sent_total,,11,,11,,ddec7ecf868361b02774b13cec40f7c4b3a933e0dba8c085433b2153ccf8c871,traffic_flow_metrics
beida,elephant_flow_duration_seconds_count,,11,11,,,ddec7ecf868361b02774b13cec40f7c4b3a933e0dba8c085433b2153ccf8c871,traffic_flow_metrics
beida,elephant_flow_duration_seconds_sum,,11,11,,,ddec7ecf868361b02774b13cec40f7c4b3a933e0dba8c085433b2153ccf8c871,traffic_flow_metrics
beida,elephant_flow_error_total,,11,,11,,ddec7ecf868361b02774b13cec40f7c4b3a933e0dba8c085433b2153ccf8c871,traffic_flow_metrics
beida,elephant_flow_requests_total,,11,,11,,ddec7ecf868361b02774b13cec40f7c4b3a933e0dba8c085433b2153ccf8c871,traffic_flow_metrics
beida,elephant_flow_retransmits_total,,11,,11,,ddec7ecf868361b02774b13cec40f7c4b3a933e0dba8c085433b2153ccf8c871,traffic_flow_metrics
beida,elephant_flow_success_total,,11,,11,,ddec7ecf868361b02774b13cec40f7c4b3a933e0dba8c085433b2153ccf8c871,traffic_flow_metrics
beida,elephant_flow_active_seconds_total,,19,19,,,fa8a66ed26a6f4c099e7ecf2d3c43f4962fe6d57e1ac95df27dc494d4cb49fdc,traffic_flow_metrics
beida,elephant_flow_batches_completed_total,,19,,19,,fa8a66ed26a6f4c099e7ecf2d3c43f4962fe6d57e1ac95df27dc494d4cb49fdc,traffic_flow_metrics
beida,elephant_flow_batches_failed_total,,19,18,1,,fa8a66ed26a6f4c099e7ecf2d3c43f4962fe6d57e1ac95df27dc494d4cb49fdc,traffic_flow_metrics
beida,elephant_flow_batches_started_total,,19,18,1,,fa8a66ed26a6f4c099e7ecf2d3c43f4962fe6d57e1ac95df27dc494d4cb49fdc,traffic_flow_metrics
beida,elephant_flow_batches_timeout_total,,19,,19,,fa8a66ed26a6f4c099e7ecf2d3c43f4962fe6d57e1ac95df27dc494d4cb49fdc,traffic_flow_metrics
beida,elephant_flow_bytes_received_total,,19,,19,,fa8a66ed26a6f4c099e7ecf2d3c43f4962fe6d57e1ac95df27dc494d4cb49fdc,traffic_flow_metrics
beida,elephant_flow_bytes_sent_total,,19,,19,,fa8a66ed26a6f4c099e7ecf2d3c43f4962fe6d57e1ac95df27dc494d4cb49fdc,traffic_flow_metrics
beida,elephant_flow_duration_seconds_count,,19,18,1,,fa8a66ed26a6f4c099e7ecf2d3c43f4962fe6d57e1ac95df27dc494d4cb49fdc,traffic_flow_metrics
beida,elephant_flow_duration_seconds_sum,,19,18,1,,fa8a66ed26a6f4c099e7ecf2d3c43f4962fe6d57e1ac95df27dc494d4cb49fdc,traffic_flow_metrics
beida,elephant_flow_error_total,,19,,19,,fa8a66ed26a6f4c099e7ecf2d3c43f4962fe6d57e1ac95df27dc494d4cb49fdc,traffic_flow_metrics
beida,elephant_flow_requests_total,,19,,19,,fa8a66ed26a6f4c099e7ecf2d3c43f4962fe6d57e1ac95df27dc494d4cb49fdc,traffic_flow_metrics
beida,elephant_flow_retransmits_total,,19,,19,,fa8a66ed26a6f4c099e7ecf2d3c43f4962fe6d57e1ac95df27dc494d4cb49fdc,traffic_flow_metrics
beida,elephant_flow_success_total,,19,,19,,fa8a66ed26a6f4c099e7ecf2d3c43f4962fe6d57e1ac95df27dc494d4cb49fdc,traffic_flow_metrics
chengdu,value,,20134,,20134,,chengdu-br-1|bgp_peer_count|,routing_metrics
chengdu,value,,20134,,20134,,chengdu-br-1|ipv6_default_route_changed_total|,routing_metrics
chengdu,value,,20134,,20134,,"chengdu-br-1|ipv6_route_change_total|prefix=""::/0",routing_metrics
chengdu,value,,20134,,20134,,"chengdu-br-1|ipv6_route_change_total|prefix=""fd00:1:40::/64",routing_metrics
chengdu,value,,20134,,20134,,"chengdu-br-1|ipv6_route_change_total|prefix=""fd00:2:40::/64",routing_metrics
chengdu,value,,20134,14,20120,,"chengdu-br-1|ipv6_route_change_total|prefix=""fd00:3:40::/64",routing_metrics
chengdu,value,,20134,,20134,,"chengdu-br-1|ipv6_route_change_total|prefix=""fd00:4:40::/64",routing_metrics
chengdu,value,,20134,,20134,,"chengdu-br-1|ipv6_route_change_total|prefix=""fd00:5:40::/64",routing_metrics
chengdu,value,,20134,,20134,,"chengdu-br-1|ipv6_route_change_total|prefix=""fd00:6:40::/64",routing_metrics
chengdu,value,,20134,,20134,,"chengdu-br-1|ipv6_route_change_total|prefix=""fd00:7:40::/64",routing_metrics
chengdu,value,,20134,,20134,,"chengdu-br-1|ipv6_route_change_total|prefix=""fd00:8:40::/64",routing_metrics
chengdu,value,,20134,,20134,,"chengdu-br-1|ipv6_route_count|protocol=""all",routing_metrics
chengdu,value,,20134,,20134,,"chengdu-br-1|ipv6_route_count|protocol=""bgp",routing_metrics
chengdu,value,,20134,,20134,,"chengdu-br-1|ipv6_route_count|protocol=""kernel",routing_metrics
chengdu,value,,20134,,20134,,"chengdu-br-1|ipv6_route_count|protocol=""ospf",routing_metrics
chengdu,value,,20134,,20134,,"chengdu-br-1|ipv6_route_count|protocol=""unknown",routing_metrics
chengdu,value,,20134,,20134,,chengdu-br-2|bgp_peer_count|,routing_metrics
chengdu,value,,20134,,20134,,chengdu-br-2|ipv6_default_route_changed_total|,routing_metrics
chengdu,value,,20134,,20134,,"chengdu-br-2|ipv6_route_change_total|prefix=""::/0",routing_metrics
chengdu,value,,20134,,20134,,"chengdu-br-2|ipv6_route_change_total|prefix=""fd00:1:40::/64",routing_metrics
chengdu,value,,20134,,20134,,"chengdu-br-2|ipv6_route_change_total|prefix=""fd00:2:40::/64",routing_metrics
chengdu,value,,20134,8,20126,,"chengdu-br-2|ipv6_route_change_total|prefix=""fd00:3:40::/64",routing_metrics
chengdu,value,,20134,,20134,,"chengdu-br-2|ipv6_route_change_total|prefix=""fd00:4:40::/64",routing_metrics
chengdu,value,,20134,,20134,,"chengdu-br-2|ipv6_route_change_total|prefix=""fd00:5:40::/64",routing_metrics
chengdu,value,,20134,,20134,,"chengdu-br-2|ipv6_route_change_total|prefix=""fd00:6:40::/64",routing_metrics
chengdu,value,,20134,,20134,,"chengdu-br-2|ipv6_route_change_total|prefix=""fd00:7:40::/64",routing_metrics
chengdu,value,,20134,,20134,,"chengdu-br-2|ipv6_route_change_total|prefix=""fd00:8:40::/64",routing_metrics
chengdu,value,,20134,,20134,,"chengdu-br-2|ipv6_route_count|protocol=""all",routing_metrics
chengdu,value,,20134,,20134,,"chengdu-br-2|ipv6_route_count|protocol=""bgp",routing_metrics
chengdu,value,,20134,,20134,,"chengdu-br-2|ipv6_route_count|protocol=""kernel",routing_metrics
chengdu,value,,20134,,20134,,"chengdu-br-2|ipv6_route_count|protocol=""ospf",routing_metrics
chengdu,value,,20134,,20134,,"chengdu-br-2|ipv6_route_count|protocol=""unknown",routing_metrics
chengdu,value,,20151,,20151,,chengdu-cr-1|ipv6_default_route_changed_total|,routing_metrics
chengdu,value,,20151,,20151,,"chengdu-cr-1|ipv6_route_change_total|prefix=""::/0",routing_metrics
chengdu,value,,20151,,20151,,"chengdu-cr-1|ipv6_route_change_total|prefix=""fd00:1:40::/64",routing_metrics
chengdu,value,,20151,,20151,,"chengdu-cr-1|ipv6_route_change_total|prefix=""fd00:2:40::/64",routing_metrics
chengdu,value,,20151,,20151,,"chengdu-cr-1|ipv6_route_change_total|prefix=""fd00:3:40::/64",routing_metrics
chengdu,value,,20151,,20151,,"chengdu-cr-1|ipv6_route_change_total|prefix=""fd00:4:40::/64",routing_metrics
chengdu,value,,20151,,20151,,"chengdu-cr-1|ipv6_route_change_total|prefix=""fd00:5:40::/64",routing_metrics
chengdu,value,,20151,,20151,,"chengdu-cr-1|ipv6_route_change_total|prefix=""fd00:6:40::/64",routing_metrics
chengdu,value,,20151,,20151,,"chengdu-cr-1|ipv6_route_change_total|prefix=""fd00:7:40::/64",routing_metrics
chengdu,value,,20151,,20151,,"chengdu-cr-1|ipv6_route_change_total|prefix=""fd00:8:40::/64",routing_metrics
chengdu,value,,20151,,20151,,"chengdu-cr-1|ipv6_route_count|protocol=""196",routing_metrics
chengdu,value,1,20151,1,20149,1,"chengdu-cr-1|ipv6_route_count|protocol=""all",routing_metrics
chengdu,value,,20151,,20151,,"chengdu-cr-1|ipv6_route_count|protocol=""kernel",routing_metrics
chengdu,value,,20151,,20151,,"chengdu-cr-1|ipv6_route_count|protocol=""ospf",routing_metrics
chengdu,value,,28,,28,,"chengdu-cr-1|ipv6_route_count|protocol=""unknown",routing_metrics
chengdu,value,,20151,,20151,,chengdu-cr-2|ipv6_default_route_changed_total|,routing_metrics
chengdu,value,,20151,,20151,,"chengdu-cr-2|ipv6_route_change_total|prefix=""::/0",routing_metrics
chengdu,value,,20151,,20151,,"chengdu-cr-2|ipv6_route_change_total|prefix=""fd00:1:40::/64",routing_metrics
chengdu,value,,20151,,20151,,"chengdu-cr-2|ipv6_route_change_total|prefix=""fd00:2:40::/64",routing_metrics
chengdu,value,,20151,,20151,,"chengdu-cr-2|ipv6_route_change_total|prefix=""fd00:3:40::/64",routing_metrics
chengdu,value,,20151,,20151,,"chengdu-cr-2|ipv6_route_change_total|prefix=""fd00:4:40::/64",routing_metrics
chengdu,value,,20151,,20151,,"chengdu-cr-2|ipv6_route_change_total|prefix=""fd00:5:40::/64",routing_metrics
chengdu,value,,20151,,20151,,"chengdu-cr-2|ipv6_route_change_total|prefix=""fd00:6:40::/64",routing_metrics
chengdu,value,,20151,,20151,,"chengdu-cr-2|ipv6_route_change_total|prefix=""fd00:7:40::/64",routing_metrics
chengdu,value,,20151,,20151,,"chengdu-cr-2|ipv6_route_change_total|prefix=""fd00:8:40::/64",routing_metrics
chengdu,value,,20151,,20151,,"chengdu-cr-2|ipv6_route_count|protocol=""196",routing_metrics
chengdu,value,2,20151,2,20147,2,"chengdu-cr-2|ipv6_route_count|protocol=""all",routing_metrics
chengdu,value,,20151,,20151,,"chengdu-cr-2|ipv6_route_count|protocol=""kernel",routing_metrics
chengdu,value,,20151,,20151,,"chengdu-cr-2|ipv6_route_count|protocol=""ospf",routing_metrics
chengdu,value,,32,,32,,"chengdu-cr-2|ipv6_route_count|protocol=""unknown",routing_metrics
chengdu,elephant_flow_active_seconds_total,,52,52,,,0314bd10e7f6b21750a27bca441daa4cc6162abddaf0258a6aa2f37771314b74,traffic_flow_metrics
chengdu,elephant_flow_batches_completed_total,,52,22,30,,0314bd10e7f6b21750a27bca441daa4cc6162abddaf0258a6aa2f37771314b74,traffic_flow_metrics
chengdu,elephant_flow_batches_failed_total,,52,,52,,0314bd10e7f6b21750a27bca441daa4cc6162abddaf0258a6aa2f37771314b74,traffic_flow_metrics
chengdu,elephant_flow_batches_started_total,,52,21,31,,0314bd10e7f6b21750a27bca441daa4cc6162abddaf0258a6aa2f37771314b74,traffic_flow_metrics
chengdu,elephant_flow_batches_timeout_total,,52,,52,,0314bd10e7f6b21750a27bca441daa4cc6162abddaf0258a6aa2f37771314b74,traffic_flow_metrics
chengdu,elephant_flow_bytes_received_total,,52,22,30,,0314bd10e7f6b21750a27bca441daa4cc6162abddaf0258a6aa2f37771314b74,traffic_flow_metrics
chengdu,elephant_flow_bytes_sent_total,,52,22,30,,0314bd10e7f6b21750a27bca441daa4cc6162abddaf0258a6aa2f37771314b74,traffic_flow_metrics
chengdu,elephant_flow_duration_seconds_count,,52,22,30,,0314bd10e7f6b21750a27bca441daa4cc6162abddaf0258a6aa2f37771314b74,traffic_flow_metrics
chengdu,elephant_flow_duration_seconds_sum,,52,22,30,,0314bd10e7f6b21750a27bca441daa4cc6162abddaf0258a6aa2f37771314b74,traffic_flow_metrics
chengdu,elephant_flow_error_total,,52,,52,,0314bd10e7f6b21750a27bca441daa4cc6162abddaf0258a6aa2f37771314b74,traffic_flow_metrics
chengdu,elephant_flow_requests_total,,52,22,30,,0314bd10e7f6b21750a27bca441daa4cc6162abddaf0258a6aa2f37771314b74,traffic_flow_metrics
chengdu,elephant_flow_retransmits_total,,52,,52,,0314bd10e7f6b21750a27bca441daa4cc6162abddaf0258a6aa2f37771314b74,traffic_flow_metrics
chengdu,elephant_flow_success_total,,52,22,30,,0314bd10e7f6b21750a27bca441daa4cc6162abddaf0258a6aa2f37771314b74,traffic_flow_metrics
chengdu,elephant_flow_active_seconds_total,,19,19,,,16dda684a5b8487cc2445ba7c990bd12f43fee692481145c3fa3899370ee7da4,traffic_flow_metrics
chengdu,elephant_flow_batches_completed_total,,19,,19,,16dda684a5b8487cc2445ba7c990bd12f43fee692481145c3fa3899370ee7da4,traffic_flow_metrics
chengdu,elephant_flow_batches_failed_total,,19,19,,,16dda684a5b8487cc2445ba7c990bd12f43fee692481145c3fa3899370ee7da4,traffic_flow_metrics
chengdu,elephant_flow_batches_started_total,,19,19,,,16dda684a5b8487cc2445ba7c990bd12f43fee692481145c3fa3899370ee7da4,traffic_flow_metrics
chengdu,elephant_flow_batches_timeout_total,,19,,19,,16dda684a5b8487cc2445ba7c990bd12f43fee692481145c3fa3899370ee7da4,traffic_flow_metrics
chengdu,elephant_flow_bytes_received_total,,19,,19,,16dda684a5b8487cc2445ba7c990bd12f43fee692481145c3fa3899370ee7da4,traffic_flow_metrics
chengdu,elephant_flow_bytes_sent_total,,19,,19,,16dda684a5b8487cc2445ba7c990bd12f43fee692481145c3fa3899370ee7da4,traffic_flow_metrics
chengdu,elephant_flow_duration_seconds_count,,19,19,,,16dda684a5b8487cc2445ba7c990bd12f43fee692481145c3fa3899370ee7da4,traffic_flow_metrics
chengdu,elephant_flow_duration_seconds_sum,,19,19,,,16dda684a5b8487cc2445ba7c990bd12f43fee692481145c3fa3899370ee7da4,traffic_flow_metrics
chengdu,elephant_flow_error_total,,19,,19,,16dda684a5b8487cc2445ba7c990bd12f43fee692481145c3fa3899370ee7da4,traffic_flow_metrics
chengdu,elephant_flow_requests_total,,19,,19,,16dda684a5b8487cc2445ba7c990bd12f43fee692481145c3fa3899370ee7da4,traffic_flow_metrics
chengdu,elephant_flow_retransmits_total,,19,,19,,16dda684a5b8487cc2445ba7c990bd12f43fee692481145c3fa3899370ee7da4,traffic_flow_metrics
chengdu,elephant_flow_success_total,,19,,19,,16dda684a5b8487cc2445ba7c990bd12f43fee692481145c3fa3899370ee7da4,traffic_flow_metrics
chengdu,elephant_flow_active_seconds_total,,16,16,,,20112f190516caccba950b2b006fcc70b6f5646c226e3749cdc3a4b28ae5c0b0,traffic_flow_metrics
chengdu,elephant_flow_batches_completed_total,,16,,16,,20112f190516caccba950b2b006fcc70b6f5646c226e3749cdc3a4b28ae5c0b0,traffic_flow_metrics
chengdu,elephant_flow_batches_failed_total,,16,16,,,20112f190516caccba950b2b006fcc70b6f5646c226e3749cdc3a4b28ae5c0b0,traffic_flow_metrics
chengdu,elephant_flow_batches_started_total,,16,16,,,20112f190516caccba950b2b006fcc70b6f5646c226e3749cdc3a4b28ae5c0b0,traffic_flow_metrics
chengdu,elephant_flow_batches_timeout_total,,16,,16,,20112f190516caccba950b2b006fcc70b6f5646c226e3749cdc3a4b28ae5c0b0,traffic_flow_metrics
chengdu,elephant_flow_bytes_received_total,,16,,16,,20112f190516caccba950b2b006fcc70b6f5646c226e3749cdc3a4b28ae5c0b0,traffic_flow_metrics
chengdu,elephant_flow_bytes_sent_total,,16,,16,,20112f190516caccba950b2b006fcc70b6f5646c226e3749cdc3a4b28ae5c0b0,traffic_flow_metrics
chengdu,elephant_flow_duration_seconds_count,,16,16,,,20112f190516caccba950b2b006fcc70b6f5646c226e3749cdc3a4b28ae5c0b0,traffic_flow_metrics
chengdu,elephant_flow_duration_seconds_sum,,16,16,,,20112f190516caccba950b2b006fcc70b6f5646c226e3749cdc3a4b28ae5c0b0,traffic_flow_metrics
chengdu,elephant_flow_error_total,,16,,16,,20112f190516caccba950b2b006fcc70b6f5646c226e3749cdc3a4b28ae5c0b0,traffic_flow_metrics
chengdu,elephant_flow_requests_total,,16,,16,,20112f190516caccba950b2b006fcc70b6f5646c226e3749cdc3a4b28ae5c0b0,traffic_flow_metrics
chengdu,elephant_flow_retransmits_total,,16,,16,,20112f190516caccba950b2b006fcc70b6f5646c226e3749cdc3a4b28ae5c0b0,traffic_flow_metrics
chengdu,elephant_flow_success_total,,16,,16,,20112f190516caccba950b2b006fcc70b6f5646c226e3749cdc3a4b28ae5c0b0,traffic_flow_metrics
chengdu,elephant_flow_active_seconds_total,,37,37,,,2f25150cbca406a10bda4f13f00692a4607d639f974eb1b03f2f3de223cf1853,traffic_flow_metrics
chengdu,elephant_flow_batches_completed_total,,37,14,23,,2f25150cbca406a10bda4f13f00692a4607d639f974eb1b03f2f3de223cf1853,traffic_flow_metrics
chengdu,elephant_flow_batches_failed_total,,37,,37,,2f25150cbca406a10bda4f13f00692a4607d639f974eb1b03f2f3de223cf1853,traffic_flow_metrics
chengdu,elephant_flow_batches_started_total,,37,13,24,,2f25150cbca406a10bda4f13f00692a4607d639f974eb1b03f2f3de223cf1853,traffic_flow_metrics
chengdu,elephant_flow_batches_timeout_total,,37,,37,,2f25150cbca406a10bda4f13f00692a4607d639f974eb1b03f2f3de223cf1853,traffic_flow_metrics
chengdu,elephant_flow_bytes_received_total,,37,14,23,,2f25150cbca406a10bda4f13f00692a4607d639f974eb1b03f2f3de223cf1853,traffic_flow_metrics
chengdu,elephant_flow_bytes_sent_total,,37,14,23,,2f25150cbca406a10bda4f13f00692a4607d639f974eb1b03f2f3de223cf1853,traffic_flow_metrics
chengdu,elephant_flow_duration_seconds_count,,37,14,23,,2f25150cbca406a10bda4f13f00692a4607d639f974eb1b03f2f3de223cf1853,traffic_flow_metrics
chengdu,elephant_flow_duration_seconds_sum,,37,14,23,,2f25150cbca406a10bda4f13f00692a4607d639f974eb1b03f2f3de223cf1853,traffic_flow_metrics
chengdu,elephant_flow_error_total,,37,,37,,2f25150cbca406a10bda4f13f00692a4607d639f974eb1b03f2f3de223cf1853,traffic_flow_metrics
chengdu,elephant_flow_requests_total,,37,14,23,,2f25150cbca406a10bda4f13f00692a4607d639f974eb1b03f2f3de223cf1853,traffic_flow_metrics
chengdu,elephant_flow_retransmits_total,,37,,37,,2f25150cbca406a10bda4f13f00692a4607d639f974eb1b03f2f3de223cf1853,traffic_flow_metrics
chengdu,elephant_flow_success_total,,37,14,23,,2f25150cbca406a10bda4f13f00692a4607d639f974eb1b03f2f3de223cf1853,traffic_flow_metrics
chengdu,elephant_flow_active_seconds_total,,34,34,,,2f914cbdbcda7bdcfae18c9daecd36a5c937e42381a14fd0303e55bc73473253,traffic_flow_metrics
chengdu,elephant_flow_batches_completed_total,,34,13,21,,2f914cbdbcda7bdcfae18c9daecd36a5c937e42381a14fd0303e55bc73473253,traffic_flow_metrics
chengdu,elephant_flow_batches_failed_total,,34,,34,,2f914cbdbcda7bdcfae18c9daecd36a5c937e42381a14fd0303e55bc73473253,traffic_flow_metrics
chengdu,elephant_flow_batches_started_total,,34,12,22,,2f914cbdbcda7bdcfae18c9daecd36a5c937e42381a14fd0303e55bc73473253,traffic_flow_metrics
chengdu,elephant_flow_batches_timeout_total,,34,,34,,2f914cbdbcda7bdcfae18c9daecd36a5c937e42381a14fd0303e55bc73473253,traffic_flow_metrics
chengdu,elephant_flow_bytes_received_total,,34,13,21,,2f914cbdbcda7bdcfae18c9daecd36a5c937e42381a14fd0303e55bc73473253,traffic_flow_metrics
chengdu,elephant_flow_bytes_sent_total,,34,13,21,,2f914cbdbcda7bdcfae18c9daecd36a5c937e42381a14fd0303e55bc73473253,traffic_flow_metrics
chengdu,elephant_flow_duration_seconds_count,,34,13,21,,2f914cbdbcda7bdcfae18c9daecd36a5c937e42381a14fd0303e55bc73473253,traffic_flow_metrics
chengdu,elephant_flow_duration_seconds_sum,,34,13,21,,2f914cbdbcda7bdcfae18c9daecd36a5c937e42381a14fd0303e55bc73473253,traffic_flow_metrics
chengdu,elephant_flow_error_total,,34,,34,,2f914cbdbcda7bdcfae18c9daecd36a5c937e42381a14fd0303e55bc73473253,traffic_flow_metrics
chengdu,elephant_flow_requests_total,,34,13,21,,2f914cbdbcda7bdcfae18c9daecd36a5c937e42381a14fd0303e55bc73473253,traffic_flow_metrics
chengdu,elephant_flow_retransmits_total,,34,,34,,2f914cbdbcda7bdcfae18c9daecd36a5c937e42381a14fd0303e55bc73473253,traffic_flow_metrics
chengdu,elephant_flow_success_total,,34,13,21,,2f914cbdbcda7bdcfae18c9daecd36a5c937e42381a14fd0303e55bc73473253,traffic_flow_metrics
chengdu,elephant_flow_active_seconds_total,,55,55,,,354695937e0247e18e7cebaed54a93471f1cb427435a046ab8e7e296813f95e7,traffic_flow_metrics
chengdu,elephant_flow_batches_completed_total,,55,21,34,,354695937e0247e18e7cebaed54a93471f1cb427435a046ab8e7e296813f95e7,traffic_flow_metrics
chengdu,elephant_flow_batches_failed_total,,55,3,52,,354695937e0247e18e7cebaed54a93471f1cb427435a046ab8e7e296813f95e7,traffic_flow_metrics
chengdu,elephant_flow_batches_started_total,,55,23,32,,354695937e0247e18e7cebaed54a93471f1cb427435a046ab8e7e296813f95e7,traffic_flow_metrics
chengdu,elephant_flow_batches_timeout_total,,55,,55,,354695937e0247e18e7cebaed54a93471f1cb427435a046ab8e7e296813f95e7,traffic_flow_metrics
chengdu,elephant_flow_bytes_received_total,,55,21,34,,354695937e0247e18e7cebaed54a93471f1cb427435a046ab8e7e296813f95e7,traffic_flow_metrics
chengdu,elephant_flow_bytes_sent_total,,55,21,34,,354695937e0247e18e7cebaed54a93471f1cb427435a046ab8e7e296813f95e7,traffic_flow_metrics
chengdu,elephant_flow_duration_seconds_count,,55,24,31,,354695937e0247e18e7cebaed54a93471f1cb427435a046ab8e7e296813f95e7,traffic_flow_metrics
chengdu,elephant_flow_duration_seconds_sum,,55,24,31,,354695937e0247e18e7cebaed54a93471f1cb427435a046ab8e7e296813f95e7,traffic_flow_metrics
chengdu,elephant_flow_error_total,,55,,55,,354695937e0247e18e7cebaed54a93471f1cb427435a046ab8e7e296813f95e7,traffic_flow_metrics
chengdu,elephant_flow_requests_total,,55,21,34,,354695937e0247e18e7cebaed54a93471f1cb427435a046ab8e7e296813f95e7,traffic_flow_metrics
chengdu,elephant_flow_retransmits_total,,55,,55,,354695937e0247e18e7cebaed54a93471f1cb427435a046ab8e7e296813f95e7,traffic_flow_metrics
chengdu,elephant_flow_success_total,,55,21,34,,354695937e0247e18e7cebaed54a93471f1cb427435a046ab8e7e296813f95e7,traffic_flow_metrics
chengdu,auth_flow_active_seconds_total,,13097,12957,140,,4008dbc3e7c8aa55208aa2a159e14b40806bdd17570770111e38f4f17f40aa96,traffic_flow_metrics
chengdu,auth_flow_batches_completed_total,,13097,10485,2612,,4008dbc3e7c8aa55208aa2a159e14b40806bdd17570770111e38f4f17f40aa96,traffic_flow_metrics
chengdu,auth_flow_batches_failed_total,,13097,323,12774,,4008dbc3e7c8aa55208aa2a159e14b40806bdd17570770111e38f4f17f40aa96,traffic_flow_metrics
chengdu,auth_flow_batches_started_total,,13097,10791,2306,,4008dbc3e7c8aa55208aa2a159e14b40806bdd17570770111e38f4f17f40aa96,traffic_flow_metrics
chengdu,auth_flow_batches_timeout_total,,13097,119,12978,,4008dbc3e7c8aa55208aa2a159e14b40806bdd17570770111e38f4f17f40aa96,traffic_flow_metrics
chengdu,auth_flow_bytes_received_total,,13097,12543,554,,4008dbc3e7c8aa55208aa2a159e14b40806bdd17570770111e38f4f17f40aa96,traffic_flow_metrics
chengdu,auth_flow_bytes_sent_total,,13097,12543,554,,4008dbc3e7c8aa55208aa2a159e14b40806bdd17570770111e38f4f17f40aa96,traffic_flow_metrics
chengdu,auth_flow_duration_seconds_count,,13097,10805,2292,,4008dbc3e7c8aa55208aa2a159e14b40806bdd17570770111e38f4f17f40aa96,traffic_flow_metrics
chengdu,auth_flow_duration_seconds_sum,,13097,10805,2292,,4008dbc3e7c8aa55208aa2a159e14b40806bdd17570770111e38f4f17f40aa96,traffic_flow_metrics
chengdu,auth_flow_error_total,,13097,243,12854,,4008dbc3e7c8aa55208aa2a159e14b40806bdd17570770111e38f4f17f40aa96,traffic_flow_metrics
chengdu,auth_flow_request_latency_seconds_count,,13097,12543,554,,4008dbc3e7c8aa55208aa2a159e14b40806bdd17570770111e38f4f17f40aa96,traffic_flow_metrics
chengdu,auth_flow_request_latency_seconds_sum,,13097,12543,554,,4008dbc3e7c8aa55208aa2a159e14b40806bdd17570770111e38f4f17f40aa96,traffic_flow_metrics
chengdu,auth_flow_requests_total,,13097,12668,429,,4008dbc3e7c8aa55208aa2a159e14b40806bdd17570770111e38f4f17f40aa96,traffic_flow_metrics
chengdu,auth_flow_success_total,,13097,12443,654,,4008dbc3e7c8aa55208aa2a159e14b40806bdd17570770111e38f4f17f40aa96,traffic_flow_metrics
chengdu,elephant_flow_active_seconds_total,,30,30,,,40a8226ee471f9e6eff406aecfd523fc4a1f01f36a0fc98bfe36c42ec9a4c652,traffic_flow_metrics
chengdu,elephant_flow_batches_completed_total,,30,13,17,,40a8226ee471f9e6eff406aecfd523fc4a1f01f36a0fc98bfe36c42ec9a4c652,traffic_flow_metrics
chengdu,elephant_flow_batches_failed_total,,30,,30,,40a8226ee471f9e6eff406aecfd523fc4a1f01f36a0fc98bfe36c42ec9a4c652,traffic_flow_metrics
chengdu,elephant_flow_batches_started_total,,30,12,18,,40a8226ee471f9e6eff406aecfd523fc4a1f01f36a0fc98bfe36c42ec9a4c652,traffic_flow_metrics
chengdu,elephant_flow_batches_timeout_total,,30,,30,,40a8226ee471f9e6eff406aecfd523fc4a1f01f36a0fc98bfe36c42ec9a4c652,traffic_flow_metrics
chengdu,elephant_flow_bytes_received_total,,30,13,17,,40a8226ee471f9e6eff406aecfd523fc4a1f01f36a0fc98bfe36c42ec9a4c652,traffic_flow_metrics
chengdu,elephant_flow_bytes_sent_total,,30,13,17,,40a8226ee471f9e6eff406aecfd523fc4a1f01f36a0fc98bfe36c42ec9a4c652,traffic_flow_metrics
chengdu,elephant_flow_duration_seconds_count,,30,13,17,,40a8226ee471f9e6eff406aecfd523fc4a1f01f36a0fc98bfe36c42ec9a4c652,traffic_flow_metrics
chengdu,elephant_flow_duration_seconds_sum,,30,13,17,,40a8226ee471f9e6eff406aecfd523fc4a1f01f36a0fc98bfe36c42ec9a4c652,traffic_flow_metrics
chengdu,elephant_flow_error_total,,30,,30,,40a8226ee471f9e6eff406aecfd523fc4a1f01f36a0fc98bfe36c42ec9a4c652,traffic_flow_metrics
chengdu,elephant_flow_requests_total,,30,13,17,,40a8226ee471f9e6eff406aecfd523fc4a1f01f36a0fc98bfe36c42ec9a4c652,traffic_flow_metrics
chengdu,elephant_flow_retransmits_total,,30,,30,,40a8226ee471f9e6eff406aecfd523fc4a1f01f36a0fc98bfe36c42ec9a4c652,traffic_flow_metrics
chengdu,elephant_flow_success_total,,30,13,17,,40a8226ee471f9e6eff406aecfd523fc4a1f01f36a0fc98bfe36c42ec9a4c652,traffic_flow_metrics
chengdu,elephant_flow_active_seconds_total,,45,45,,,425d191d011ecb8acd3f4b906397fe8ebefdd675be48b8913b78a5ac7fcea0d5,traffic_flow_metrics
chengdu,elephant_flow_batches_completed_total,,45,19,26,,425d191d011ecb8acd3f4b906397fe8ebefdd675be48b8913b78a5ac7fcea0d5,traffic_flow_metrics
chengdu,elephant_flow_batches_failed_total,,45,,45,,425d191d011ecb8acd3f4b906397fe8ebefdd675be48b8913b78a5ac7fcea0d5,traffic_flow_metrics
chengdu,elephant_flow_batches_started_total,,45,18,27,,425d191d011ecb8acd3f4b906397fe8ebefdd675be48b8913b78a5ac7fcea0d5,traffic_flow_metrics
chengdu,elephant_flow_batches_timeout_total,,45,,45,,425d191d011ecb8acd3f4b906397fe8ebefdd675be48b8913b78a5ac7fcea0d5,traffic_flow_metrics
chengdu,elephant_flow_bytes_received_total,,45,19,26,,425d191d011ecb8acd3f4b906397fe8ebefdd675be48b8913b78a5ac7fcea0d5,traffic_flow_metrics
chengdu,elephant_flow_bytes_sent_total,,45,19,26,,425d191d011ecb8acd3f4b906397fe8ebefdd675be48b8913b78a5ac7fcea0d5,traffic_flow_metrics
chengdu,elephant_flow_duration_seconds_count,,45,19,26,,425d191d011ecb8acd3f4b906397fe8ebefdd675be48b8913b78a5ac7fcea0d5,traffic_flow_metrics
chengdu,elephant_flow_duration_seconds_sum,,45,19,26,,425d191d011ecb8acd3f4b906397fe8ebefdd675be48b8913b78a5ac7fcea0d5,traffic_flow_metrics
chengdu,elephant_flow_error_total,,45,,45,,425d191d011ecb8acd3f4b906397fe8ebefdd675be48b8913b78a5ac7fcea0d5,traffic_flow_metrics
chengdu,elephant_flow_requests_total,,45,19,26,,425d191d011ecb8acd3f4b906397fe8ebefdd675be48b8913b78a5ac7fcea0d5,traffic_flow_metrics
chengdu,elephant_flow_retransmits_total,,45,,45,,425d191d011ecb8acd3f4b906397fe8ebefdd675be48b8913b78a5ac7fcea0d5,traffic_flow_metrics
chengdu,elephant_flow_success_total,,45,19,26,,425d191d011ecb8acd3f4b906397fe8ebefdd675be48b8913b78a5ac7fcea0d5,traffic_flow_metrics
chengdu,elephant_flow_active_seconds_total,,23,23,,,489bd6e0ea84ed8b90d646dd63c9864a34002d2b0ffdc20bb75e0967a9b8ffea,traffic_flow_metrics
chengdu,elephant_flow_batches_completed_total,,23,,23,,489bd6e0ea84ed8b90d646dd63c9864a34002d2b0ffdc20bb75e0967a9b8ffea,traffic_flow_metrics
chengdu,elephant_flow_batches_failed_total,,23,23,,,489bd6e0ea84ed8b90d646dd63c9864a34002d2b0ffdc20bb75e0967a9b8ffea,traffic_flow_metrics
chengdu,elephant_flow_batches_started_total,,23,23,,,489bd6e0ea84ed8b90d646dd63c9864a34002d2b0ffdc20bb75e0967a9b8ffea,traffic_flow_metrics
chengdu,elephant_flow_batches_timeout_total,,23,,23,,489bd6e0ea84ed8b90d646dd63c9864a34002d2b0ffdc20bb75e0967a9b8ffea,traffic_flow_metrics
chengdu,elephant_flow_bytes_received_total,,23,,23,,489bd6e0ea84ed8b90d646dd63c9864a34002d2b0ffdc20bb75e0967a9b8ffea,traffic_flow_metrics
chengdu,elephant_flow_bytes_sent_total,,23,,23,,489bd6e0ea84ed8b90d646dd63c9864a34002d2b0ffdc20bb75e0967a9b8ffea,traffic_flow_metrics
chengdu,elephant_flow_duration_seconds_count,,23,23,,,489bd6e0ea84ed8b90d646dd63c9864a34002d2b0ffdc20bb75e0967a9b8ffea,traffic_flow_metrics
chengdu,elephant_flow_duration_seconds_sum,,23,23,,,489bd6e0ea84ed8b90d646dd63c9864a34002d2b0ffdc20bb75e0967a9b8ffea,traffic_flow_metrics
chengdu,elephant_flow_error_total,,23,,23,,489bd6e0ea84ed8b90d646dd63c9864a34002d2b0ffdc20bb75e0967a9b8ffea,traffic_flow_metrics
chengdu,elephant_flow_requests_total,,23,,23,,489bd6e0ea84ed8b90d646dd63c9864a34002d2b0ffdc20bb75e0967a9b8ffea,traffic_flow_metrics
chengdu,elephant_flow_retransmits_total,,23,,23,,489bd6e0ea84ed8b90d646dd63c9864a34002d2b0ffdc20bb75e0967a9b8ffea,traffic_flow_metrics
chengdu,elephant_flow_success_total,,23,,23,,489bd6e0ea84ed8b90d646dd63c9864a34002d2b0ffdc20bb75e0967a9b8ffea,traffic_flow_metrics
chengdu,dns_flow_active_seconds_total,,19922,19874,48,,7188e8a9e8c4a09af2b2ee7476e0631144049b825a5fda862e4a514dc0495196,traffic_flow_metrics
chengdu,dns_flow_batches_completed_total,,19922,18564,1358,,7188e8a9e8c4a09af2b2ee7476e0631144049b825a5fda862e4a514dc0495196,traffic_flow_metrics
chengdu,dns_flow_batches_failed_total,,19922,185,19737,,7188e8a9e8c4a09af2b2ee7476e0631144049b825a5fda862e4a514dc0495196,traffic_flow_metrics
chengdu,dns_flow_batches_started_total,,19922,18634,1288,,7188e8a9e8c4a09af2b2ee7476e0631144049b825a5fda862e4a514dc0495196,traffic_flow_metrics
chengdu,dns_flow_batches_timeout_total,,19922,183,19739,,7188e8a9e8c4a09af2b2ee7476e0631144049b825a5fda862e4a514dc0495196,traffic_flow_metrics
chengdu,dns_flow_bytes_received_total,,19922,19654,268,,7188e8a9e8c4a09af2b2ee7476e0631144049b825a5fda862e4a514dc0495196,traffic_flow_metrics
chengdu,dns_flow_bytes_sent_total,,19922,19654,268,,7188e8a9e8c4a09af2b2ee7476e0631144049b825a5fda862e4a514dc0495196,traffic_flow_metrics
chengdu,dns_flow_duration_seconds_count,,19922,18736,1186,,7188e8a9e8c4a09af2b2ee7476e0631144049b825a5fda862e4a514dc0495196,traffic_flow_metrics
chengdu,dns_flow_duration_seconds_sum,,19922,18736,1186,,7188e8a9e8c4a09af2b2ee7476e0631144049b825a5fda862e4a514dc0495196,traffic_flow_metrics
chengdu,dns_flow_error_total,,19922,292,19630,,7188e8a9e8c4a09af2b2ee7476e0631144049b825a5fda862e4a514dc0495196,traffic_flow_metrics
chengdu,dns_flow_request_latency_seconds_count,,19922,19654,268,,7188e8a9e8c4a09af2b2ee7476e0631144049b825a5fda862e4a514dc0495196,traffic_flow_metrics
chengdu,dns_flow_request_latency_seconds_sum,,19922,19654,268,,7188e8a9e8c4a09af2b2ee7476e0631144049b825a5fda862e4a514dc0495196,traffic_flow_metrics
chengdu,dns_flow_requests_total,,19922,19821,101,,7188e8a9e8c4a09af2b2ee7476e0631144049b825a5fda862e4a514dc0495196,traffic_flow_metrics
chengdu,dns_flow_success_total,,19922,19654,268,,7188e8a9e8c4a09af2b2ee7476e0631144049b825a5fda862e4a514dc0495196,traffic_flow_metrics
chengdu,elephant_flow_active_seconds_total,,32,32,,,873aba75066fc7cf835d81f74b8b6e5ce735eeec890f046c72d66e8acf2aae01,traffic_flow_metrics
chengdu,elephant_flow_batches_completed_total,,32,13,19,,873aba75066fc7cf835d81f74b8b6e5ce735eeec890f046c72d66e8acf2aae01,traffic_flow_metrics
chengdu,elephant_flow_batches_failed_total,,32,,32,,873aba75066fc7cf835d81f74b8b6e5ce735eeec890f046c72d66e8acf2aae01,traffic_flow_metrics
chengdu,elephant_flow_batches_started_total,,32,13,19,,873aba75066fc7cf835d81f74b8b6e5ce735eeec890f046c72d66e8acf2aae01,traffic_flow_metrics
chengdu,elephant_flow_batches_timeout_total,,32,,32,,873aba75066fc7cf835d81f74b8b6e5ce735eeec890f046c72d66e8acf2aae01,traffic_flow_metrics
chengdu,elephant_flow_bytes_received_total,,32,13,19,,873aba75066fc7cf835d81f74b8b6e5ce735eeec890f046c72d66e8acf2aae01,traffic_flow_metrics
chengdu,elephant_flow_bytes_sent_total,,32,13,19,,873aba75066fc7cf835d81f74b8b6e5ce735eeec890f046c72d66e8acf2aae01,traffic_flow_metrics
chengdu,elephant_flow_duration_seconds_count,,32,13,19,,873aba75066fc7cf835d81f74b8b6e5ce735eeec890f046c72d66e8acf2aae01,traffic_flow_metrics
chengdu,elephant_flow_duration_seconds_sum,,32,13,19,,873aba75066fc7cf835d81f74b8b6e5ce735eeec890f046c72d66e8acf2aae01,traffic_flow_metrics
chengdu,elephant_flow_error_total,,32,,32,,873aba75066fc7cf835d81f74b8b6e5ce735eeec890f046c72d66e8acf2aae01,traffic_flow_metrics
chengdu,elephant_flow_requests_total,,32,13,19,,873aba75066fc7cf835d81f74b8b6e5ce735eeec890f046c72d66e8acf2aae01,traffic_flow_metrics
chengdu,elephant_flow_retransmits_total,,32,,32,,873aba75066fc7cf835d81f74b8b6e5ce735eeec890f046c72d66e8acf2aae01,traffic_flow_metrics
chengdu,elephant_flow_success_total,,32,13,19,,873aba75066fc7cf835d81f74b8b6e5ce735eeec890f046c72d66e8acf2aae01,traffic_flow_metrics
chengdu,elephant_flow_active_seconds_total,,24,24,,,a182553cacd5a18025111cb5cdfbb7171cc2323d816edc003748a6f351844635,traffic_flow_metrics
chengdu,elephant_flow_batches_completed_total,,24,,24,,a182553cacd5a18025111cb5cdfbb7171cc2323d816edc003748a6f351844635,traffic_flow_metrics
chengdu,elephant_flow_batches_failed_total,,24,24,,,a182553cacd5a18025111cb5cdfbb7171cc2323d816edc003748a6f351844635,traffic_flow_metrics
chengdu,elephant_flow_batches_started_total,,24,24,,,a182553cacd5a18025111cb5cdfbb7171cc2323d816edc003748a6f351844635,traffic_flow_metrics
chengdu,elephant_flow_batches_timeout_total,,24,,24,,a182553cacd5a18025111cb5cdfbb7171cc2323d816edc003748a6f351844635,traffic_flow_metrics
chengdu,elephant_flow_bytes_received_total,,24,,24,,a182553cacd5a18025111cb5cdfbb7171cc2323d816edc003748a6f351844635,traffic_flow_metrics
chengdu,elephant_flow_bytes_sent_total,,24,,24,,a182553cacd5a18025111cb5cdfbb7171cc2323d816edc003748a6f351844635,traffic_flow_metrics
chengdu,elephant_flow_duration_seconds_count,,24,24,,,a182553cacd5a18025111cb5cdfbb7171cc2323d816edc003748a6f351844635,traffic_flow_metrics
chengdu,elephant_flow_duration_seconds_sum,,24,24,,,a182553cacd5a18025111cb5cdfbb7171cc2323d816edc003748a6f351844635,traffic_flow_metrics
chengdu,elephant_flow_error_total,,24,,24,,a182553cacd5a18025111cb5cdfbb7171cc2323d816edc003748a6f351844635,traffic_flow_metrics
chengdu,elephant_flow_requests_total,,24,,24,,a182553cacd5a18025111cb5cdfbb7171cc2323d816edc003748a6f351844635,traffic_flow_metrics
chengdu,elephant_flow_retransmits_total,,24,,24,,a182553cacd5a18025111cb5cdfbb7171cc2323d816edc003748a6f351844635,traffic_flow_metrics
chengdu,elephant_flow_success_total,,24,,24,,a182553cacd5a18025111cb5cdfbb7171cc2323d816edc003748a6f351844635,traffic_flow_metrics
chengdu,elephant_flow_active_seconds_total,,38,38,,,ac12df5e0e10a64b70c460d3b1acd3280e624270bb0eb17844e762fd12c6b4ac,traffic_flow_metrics
chengdu,elephant_flow_batches_completed_total,,38,15,23,,ac12df5e0e10a64b70c460d3b1acd3280e624270bb0eb17844e762fd12c6b4ac,traffic_flow_metrics
chengdu,elephant_flow_batches_failed_total,,38,1,37,,ac12df5e0e10a64b70c460d3b1acd3280e624270bb0eb17844e762fd12c6b4ac,traffic_flow_metrics
chengdu,elephant_flow_batches_started_total,,38,15,23,,ac12df5e0e10a64b70c460d3b1acd3280e624270bb0eb17844e762fd12c6b4ac,traffic_flow_metrics
chengdu,elephant_flow_batches_timeout_total,,38,,38,,ac12df5e0e10a64b70c460d3b1acd3280e624270bb0eb17844e762fd12c6b4ac,traffic_flow_metrics
chengdu,elephant_flow_bytes_received_total,,38,15,23,,ac12df5e0e10a64b70c460d3b1acd3280e624270bb0eb17844e762fd12c6b4ac,traffic_flow_metrics
chengdu,elephant_flow_bytes_sent_total,,38,15,23,,ac12df5e0e10a64b70c460d3b1acd3280e624270bb0eb17844e762fd12c6b4ac,traffic_flow_metrics
chengdu,elephant_flow_duration_seconds_count,,38,16,22,,ac12df5e0e10a64b70c460d3b1acd3280e624270bb0eb17844e762fd12c6b4ac,traffic_flow_metrics
chengdu,elephant_flow_duration_seconds_sum,,38,16,22,,ac12df5e0e10a64b70c460d3b1acd3280e624270bb0eb17844e762fd12c6b4ac,traffic_flow_metrics
chengdu,elephant_flow_error_total,,38,,38,,ac12df5e0e10a64b70c460d3b1acd3280e624270bb0eb17844e762fd12c6b4ac,traffic_flow_metrics
chengdu,elephant_flow_requests_total,,38,15,23,,ac12df5e0e10a64b70c460d3b1acd3280e624270bb0eb17844e762fd12c6b4ac,traffic_flow_metrics
chengdu,elephant_flow_retransmits_total,,38,,38,,ac12df5e0e10a64b70c460d3b1acd3280e624270bb0eb17844e762fd12c6b4ac,traffic_flow_metrics
chengdu,elephant_flow_success_total,,38,15,23,,ac12df5e0e10a64b70c460d3b1acd3280e624270bb0eb17844e762fd12c6b4ac,traffic_flow_metrics
chengdu,web_flow_active_seconds_total,,18726,18656,70,,ad40031027885ba894525ce296cf14c61ffe60cdaa83031e557f0f55bb921d3f,traffic_flow_metrics
chengdu,web_flow_batches_completed_total,,18726,14192,4534,,ad40031027885ba894525ce296cf14c61ffe60cdaa83031e557f0f55bb921d3f,traffic_flow_metrics
chengdu,web_flow_batches_failed_total,,18726,446,18280,,ad40031027885ba894525ce296cf14c61ffe60cdaa83031e557f0f55bb921d3f,traffic_flow_metrics
chengdu,web_flow_batches_started_total,,18726,14579,4147,,ad40031027885ba894525ce296cf14c61ffe60cdaa83031e557f0f55bb921d3f,traffic_flow_metrics
chengdu,web_flow_batches_timeout_total,,18726,196,18530,,ad40031027885ba894525ce296cf14c61ffe60cdaa83031e557f0f55bb921d3f,traffic_flow_metrics
chengdu,web_flow_bytes_received_total,,18726,18181,545,,ad40031027885ba894525ce296cf14c61ffe60cdaa83031e557f0f55bb921d3f,traffic_flow_metrics
chengdu,web_flow_bytes_sent_total,,18726,18181,545,,ad40031027885ba894525ce296cf14c61ffe60cdaa83031e557f0f55bb921d3f,traffic_flow_metrics
chengdu,web_flow_duration_seconds_count,,18726,14618,4108,,ad40031027885ba894525ce296cf14c61ffe60cdaa83031e557f0f55bb921d3f,traffic_flow_metrics
chengdu,web_flow_duration_seconds_sum,,18726,14618,4108,,ad40031027885ba894525ce296cf14c61ffe60cdaa83031e557f0f55bb921d3f,traffic_flow_metrics
chengdu,web_flow_error_total,,18726,302,18424,,ad40031027885ba894525ce296cf14c61ffe60cdaa83031e557f0f55bb921d3f,traffic_flow_metrics
chengdu,web_flow_request_latency_seconds_count,,18726,18181,545,,ad40031027885ba894525ce296cf14c61ffe60cdaa83031e557f0f55bb921d3f,traffic_flow_metrics
chengdu,web_flow_request_latency_seconds_sum,,18726,18181,545,,ad40031027885ba894525ce296cf14c61ffe60cdaa83031e557f0f55bb921d3f,traffic_flow_metrics
chengdu,web_flow_requests_total,,18726,18401,325,,ad40031027885ba894525ce296cf14c61ffe60cdaa83031e557f0f55bb921d3f,traffic_flow_metrics
chengdu,web_flow_success_total,,18726,18081,645,,ad40031027885ba894525ce296cf14c61ffe60cdaa83031e557f0f55bb921d3f,traffic_flow_metrics
chengdu,elephant_flow_active_seconds_total,,21,21,,,b50f1ae39937b80d1258455fb37c4cf351315c5e33994d2df126320f6b96ab2f,traffic_flow_metrics
chengdu,elephant_flow_batches_completed_total,,21,,21,,b50f1ae39937b80d1258455fb37c4cf351315c5e33994d2df126320f6b96ab2f,traffic_flow_metrics
chengdu,elephant_flow_batches_failed_total,,21,21,,,b50f1ae39937b80d1258455fb37c4cf351315c5e33994d2df126320f6b96ab2f,traffic_flow_metrics
chengdu,elephant_flow_batches_started_total,,21,21,,,b50f1ae39937b80d1258455fb37c4cf351315c5e33994d2df126320f6b96ab2f,traffic_flow_metrics
chengdu,elephant_flow_batches_timeout_total,,21,,21,,b50f1ae39937b80d1258455fb37c4cf351315c5e33994d2df126320f6b96ab2f,traffic_flow_metrics
chengdu,elephant_flow_bytes_received_total,,21,,21,,b50f1ae39937b80d1258455fb37c4cf351315c5e33994d2df126320f6b96ab2f,traffic_flow_metrics
chengdu,elephant_flow_bytes_sent_total,,21,,21,,b50f1ae39937b80d1258455fb37c4cf351315c5e33994d2df126320f6b96ab2f,traffic_flow_metrics
chengdu,elephant_flow_duration_seconds_count,,21,21,,,b50f1ae39937b80d1258455fb37c4cf351315c5e33994d2df126320f6b96ab2f,traffic_flow_metrics
chengdu,elephant_flow_duration_seconds_sum,,21,21,,,b50f1ae39937b80d1258455fb37c4cf351315c5e33994d2df126320f6b96ab2f,traffic_flow_metrics
chengdu,elephant_flow_error_total,,21,,21,,b50f1ae39937b80d1258455fb37c4cf351315c5e33994d2df126320f6b96ab2f,traffic_flow_metrics
chengdu,elephant_flow_requests_total,,21,,21,,b50f1ae39937b80d1258455fb37c4cf351315c5e33994d2df126320f6b96ab2f,traffic_flow_metrics
chengdu,elephant_flow_retransmits_total,,21,,21,,b50f1ae39937b80d1258455fb37c4cf351315c5e33994d2df126320f6b96ab2f,traffic_flow_metrics
chengdu,elephant_flow_success_total,,21,,21,,b50f1ae39937b80d1258455fb37c4cf351315c5e33994d2df126320f6b96ab2f,traffic_flow_metrics
chengdu,elephant_flow_active_seconds_total,,20,20,,,b71f064674a58f430a22a662599c5ec3d4fd73b25f4d58aee8658c3190d52c6e,traffic_flow_metrics
chengdu,elephant_flow_batches_completed_total,,20,9,11,,b71f064674a58f430a22a662599c5ec3d4fd73b25f4d58aee8658c3190d52c6e,traffic_flow_metrics
chengdu,elephant_flow_batches_failed_total,,20,,20,,b71f064674a58f430a22a662599c5ec3d4fd73b25f4d58aee8658c3190d52c6e,traffic_flow_metrics
chengdu,elephant_flow_batches_started_total,,20,8,12,,b71f064674a58f430a22a662599c5ec3d4fd73b25f4d58aee8658c3190d52c6e,traffic_flow_metrics
chengdu,elephant_flow_batches_timeout_total,,20,,20,,b71f064674a58f430a22a662599c5ec3d4fd73b25f4d58aee8658c3190d52c6e,traffic_flow_metrics
chengdu,elephant_flow_bytes_received_total,,20,9,11,,b71f064674a58f430a22a662599c5ec3d4fd73b25f4d58aee8658c3190d52c6e,traffic_flow_metrics
chengdu,elephant_flow_bytes_sent_total,,20,9,11,,b71f064674a58f430a22a662599c5ec3d4fd73b25f4d58aee8658c3190d52c6e,traffic_flow_metrics
chengdu,elephant_flow_duration_seconds_count,,20,9,11,,b71f064674a58f430a22a662599c5ec3d4fd73b25f4d58aee8658c3190d52c6e,traffic_flow_metrics
chengdu,elephant_flow_duration_seconds_sum,,20,9,11,,b71f064674a58f430a22a662599c5ec3d4fd73b25f4d58aee8658c3190d52c6e,traffic_flow_metrics
chengdu,elephant_flow_error_total,,20,,20,,b71f064674a58f430a22a662599c5ec3d4fd73b25f4d58aee8658c3190d52c6e,traffic_flow_metrics
chengdu,elephant_flow_requests_total,,20,9,11,,b71f064674a58f430a22a662599c5ec3d4fd73b25f4d58aee8658c3190d52c6e,traffic_flow_metrics
chengdu,elephant_flow_retransmits_total,,20,,20,,b71f064674a58f430a22a662599c5ec3d4fd73b25f4d58aee8658c3190d52c6e,traffic_flow_metrics
chengdu,elephant_flow_success_total,,20,9,11,,b71f064674a58f430a22a662599c5ec3d4fd73b25f4d58aee8658c3190d52c6e,traffic_flow_metrics
chengdu,elephant_flow_active_seconds_total,,25,25,,,bbe1f53619e916178d48d187214f5c9fd0a99e8dcb83e5867819d31a2fc619d6,traffic_flow_metrics
chengdu,elephant_flow_batches_completed_total,,25,,25,,bbe1f53619e916178d48d187214f5c9fd0a99e8dcb83e5867819d31a2fc619d6,traffic_flow_metrics
chengdu,elephant_flow_batches_failed_total,,25,25,,,bbe1f53619e916178d48d187214f5c9fd0a99e8dcb83e5867819d31a2fc619d6,traffic_flow_metrics
chengdu,elephant_flow_batches_started_total,,25,25,,,bbe1f53619e916178d48d187214f5c9fd0a99e8dcb83e5867819d31a2fc619d6,traffic_flow_metrics
chengdu,elephant_flow_batches_timeout_total,,25,,25,,bbe1f53619e916178d48d187214f5c9fd0a99e8dcb83e5867819d31a2fc619d6,traffic_flow_metrics
chengdu,elephant_flow_bytes_received_total,,25,,25,,bbe1f53619e916178d48d187214f5c9fd0a99e8dcb83e5867819d31a2fc619d6,traffic_flow_metrics
chengdu,elephant_flow_bytes_sent_total,,25,,25,,bbe1f53619e916178d48d187214f5c9fd0a99e8dcb83e5867819d31a2fc619d6,traffic_flow_metrics
chengdu,elephant_flow_duration_seconds_count,,25,25,,,bbe1f53619e916178d48d187214f5c9fd0a99e8dcb83e5867819d31a2fc619d6,traffic_flow_metrics
chengdu,elephant_flow_duration_seconds_sum,,25,25,,,bbe1f53619e916178d48d187214f5c9fd0a99e8dcb83e5867819d31a2fc619d6,traffic_flow_metrics
chengdu,elephant_flow_error_total,,25,,25,,bbe1f53619e916178d48d187214f5c9fd0a99e8dcb83e5867819d31a2fc619d6,traffic_flow_metrics
chengdu,elephant_flow_requests_total,,25,,25,,bbe1f53619e916178d48d187214f5c9fd0a99e8dcb83e5867819d31a2fc619d6,traffic_flow_metrics
chengdu,elephant_flow_retransmits_total,,25,,25,,bbe1f53619e916178d48d187214f5c9fd0a99e8dcb83e5867819d31a2fc619d6,traffic_flow_metrics
chengdu,elephant_flow_success_total,,25,,25,,bbe1f53619e916178d48d187214f5c9fd0a99e8dcb83e5867819d31a2fc619d6,traffic_flow_metrics
chengdu,elephant_flow_active_seconds_total,,52,52,,,d950a3515aafd5111b7bec381e585a26b21e55d9986b9000fca91e5f14f58f4c,traffic_flow_metrics
chengdu,elephant_flow_batches_completed_total,,52,21,31,,d950a3515aafd5111b7bec381e585a26b21e55d9986b9000fca91e5f14f58f4c,traffic_flow_metrics
chengdu,elephant_flow_batches_failed_total,,52,,52,,d950a3515aafd5111b7bec381e585a26b21e55d9986b9000fca91e5f14f58f4c,traffic_flow_metrics
chengdu,elephant_flow_batches_started_total,,52,20,32,,d950a3515aafd5111b7bec381e585a26b21e55d9986b9000fca91e5f14f58f4c,traffic_flow_metrics
chengdu,elephant_flow_batches_timeout_total,,52,,52,,d950a3515aafd5111b7bec381e585a26b21e55d9986b9000fca91e5f14f58f4c,traffic_flow_metrics
chengdu,elephant_flow_bytes_received_total,,52,21,31,,d950a3515aafd5111b7bec381e585a26b21e55d9986b9000fca91e5f14f58f4c,traffic_flow_metrics
chengdu,elephant_flow_bytes_sent_total,,52,21,31,,d950a3515aafd5111b7bec381e585a26b21e55d9986b9000fca91e5f14f58f4c,traffic_flow_metrics
chengdu,elephant_flow_duration_seconds_count,,52,21,31,,d950a3515aafd5111b7bec381e585a26b21e55d9986b9000fca91e5f14f58f4c,traffic_flow_metrics
chengdu,elephant_flow_duration_seconds_sum,,52,21,31,,d950a3515aafd5111b7bec381e585a26b21e55d9986b9000fca91e5f14f58f4c,traffic_flow_metrics
chengdu,elephant_flow_error_total,,52,,52,,d950a3515aafd5111b7bec381e585a26b21e55d9986b9000fca91e5f14f58f4c,traffic_flow_metrics
chengdu,elephant_flow_requests_total,,52,21,31,,d950a3515aafd5111b7bec381e585a26b21e55d9986b9000fca91e5f14f58f4c,traffic_flow_metrics
chengdu,elephant_flow_retransmits_total,,52,,52,,d950a3515aafd5111b7bec381e585a26b21e55d9986b9000fca91e5f14f58f4c,traffic_flow_metrics
chengdu,elephant_flow_success_total,,52,21,31,,d950a3515aafd5111b7bec381e585a26b21e55d9986b9000fca91e5f14f58f4c,traffic_flow_metrics
chengdu,elephant_flow_active_seconds_total,,37,37,,,dd02ba45cc6dbbc6c1dba4fc66ba79b09973bfd7976caa08e212da6829dc3d9c,traffic_flow_metrics
chengdu,elephant_flow_batches_completed_total,,37,13,24,,dd02ba45cc6dbbc6c1dba4fc66ba79b09973bfd7976caa08e212da6829dc3d9c,traffic_flow_metrics
chengdu,elephant_flow_batches_failed_total,,37,2,35,,dd02ba45cc6dbbc6c1dba4fc66ba79b09973bfd7976caa08e212da6829dc3d9c,traffic_flow_metrics
chengdu,elephant_flow_batches_started_total,,37,15,22,,dd02ba45cc6dbbc6c1dba4fc66ba79b09973bfd7976caa08e212da6829dc3d9c,traffic_flow_metrics
chengdu,elephant_flow_batches_timeout_total,,37,,37,,dd02ba45cc6dbbc6c1dba4fc66ba79b09973bfd7976caa08e212da6829dc3d9c,traffic_flow_metrics
chengdu,elephant_flow_bytes_received_total,,37,13,24,,dd02ba45cc6dbbc6c1dba4fc66ba79b09973bfd7976caa08e212da6829dc3d9c,traffic_flow_metrics
chengdu,elephant_flow_bytes_sent_total,,37,13,24,,dd02ba45cc6dbbc6c1dba4fc66ba79b09973bfd7976caa08e212da6829dc3d9c,traffic_flow_metrics
chengdu,elephant_flow_duration_seconds_count,,37,15,22,,dd02ba45cc6dbbc6c1dba4fc66ba79b09973bfd7976caa08e212da6829dc3d9c,traffic_flow_metrics
chengdu,elephant_flow_duration_seconds_sum,,37,15,22,,dd02ba45cc6dbbc6c1dba4fc66ba79b09973bfd7976caa08e212da6829dc3d9c,traffic_flow_metrics
chengdu,elephant_flow_error_total,,37,,37,,dd02ba45cc6dbbc6c1dba4fc66ba79b09973bfd7976caa08e212da6829dc3d9c,traffic_flow_metrics
chengdu,elephant_flow_requests_total,,37,13,24,,dd02ba45cc6dbbc6c1dba4fc66ba79b09973bfd7976caa08e212da6829dc3d9c,traffic_flow_metrics
chengdu,elephant_flow_retransmits_total,,37,,37,,dd02ba45cc6dbbc6c1dba4fc66ba79b09973bfd7976caa08e212da6829dc3d9c,traffic_flow_metrics
chengdu,elephant_flow_success_total,,37,13,24,,dd02ba45cc6dbbc6c1dba4fc66ba79b09973bfd7976caa08e212da6829dc3d9c,traffic_flow_metrics
chengdu,elephant_flow_active_seconds_total,,52,52,,,e04aaf1567f218d54a85d2310883cf0519922a07441b6ab3ce02c871d4636d3f,traffic_flow_metrics
chengdu,elephant_flow_batches_completed_total,,52,20,32,,e04aaf1567f218d54a85d2310883cf0519922a07441b6ab3ce02c871d4636d3f,traffic_flow_metrics
chengdu,elephant_flow_batches_failed_total,,52,2,50,,e04aaf1567f218d54a85d2310883cf0519922a07441b6ab3ce02c871d4636d3f,traffic_flow_metrics
chengdu,elephant_flow_batches_started_total,,52,21,31,,e04aaf1567f218d54a85d2310883cf0519922a07441b6ab3ce02c871d4636d3f,traffic_flow_metrics
chengdu,elephant_flow_batches_timeout_total,,52,,52,,e04aaf1567f218d54a85d2310883cf0519922a07441b6ab3ce02c871d4636d3f,traffic_flow_metrics
chengdu,elephant_flow_bytes_received_total,,52,20,32,,e04aaf1567f218d54a85d2310883cf0519922a07441b6ab3ce02c871d4636d3f,traffic_flow_metrics
chengdu,elephant_flow_bytes_sent_total,,52,20,32,,e04aaf1567f218d54a85d2310883cf0519922a07441b6ab3ce02c871d4636d3f,traffic_flow_metrics
chengdu,elephant_flow_duration_seconds_count,,52,22,30,,e04aaf1567f218d54a85d2310883cf0519922a07441b6ab3ce02c871d4636d3f,traffic_flow_metrics
chengdu,elephant_flow_duration_seconds_sum,,52,22,30,,e04aaf1567f218d54a85d2310883cf0519922a07441b6ab3ce02c871d4636d3f,traffic_flow_metrics
chengdu,elephant_flow_error_total,,52,,52,,e04aaf1567f218d54a85d2310883cf0519922a07441b6ab3ce02c871d4636d3f,traffic_flow_metrics
chengdu,elephant_flow_requests_total,,52,20,32,,e04aaf1567f218d54a85d2310883cf0519922a07441b6ab3ce02c871d4636d3f,traffic_flow_metrics
chengdu,elephant_flow_retransmits_total,,52,,52,,e04aaf1567f218d54a85d2310883cf0519922a07441b6ab3ce02c871d4636d3f,traffic_flow_metrics
chengdu,elephant_flow_success_total,,52,20,32,,e04aaf1567f218d54a85d2310883cf0519922a07441b6ab3ce02c871d4636d3f,traffic_flow_metrics
chengdu,elephant_flow_active_seconds_total,,35,35,,,e9bf6deae5cbe83dca53b5f21942796c834a1171c3543d3c7e13c846ead2f7f9,traffic_flow_metrics
chengdu,elephant_flow_batches_completed_total,,35,14,21,,e9bf6deae5cbe83dca53b5f21942796c834a1171c3543d3c7e13c846ead2f7f9,traffic_flow_metrics
chengdu,elephant_flow_batches_failed_total,,35,1,34,,e9bf6deae5cbe83dca53b5f21942796c834a1171c3543d3c7e13c846ead2f7f9,traffic_flow_metrics
chengdu,elephant_flow_batches_started_total,,35,14,21,,e9bf6deae5cbe83dca53b5f21942796c834a1171c3543d3c7e13c846ead2f7f9,traffic_flow_metrics
chengdu,elephant_flow_batches_timeout_total,,35,,35,,e9bf6deae5cbe83dca53b5f21942796c834a1171c3543d3c7e13c846ead2f7f9,traffic_flow_metrics
chengdu,elephant_flow_bytes_received_total,,35,14,21,,e9bf6deae5cbe83dca53b5f21942796c834a1171c3543d3c7e13c846ead2f7f9,traffic_flow_metrics
chengdu,elephant_flow_bytes_sent_total,,35,14,21,,e9bf6deae5cbe83dca53b5f21942796c834a1171c3543d3c7e13c846ead2f7f9,traffic_flow_metrics
chengdu,elephant_flow_duration_seconds_count,,35,15,20,,e9bf6deae5cbe83dca53b5f21942796c834a1171c3543d3c7e13c846ead2f7f9,traffic_flow_metrics
chengdu,elephant_flow_duration_seconds_sum,,35,15,20,,e9bf6deae5cbe83dca53b5f21942796c834a1171c3543d3c7e13c846ead2f7f9,traffic_flow_metrics
chengdu,elephant_flow_error_total,,35,,35,,e9bf6deae5cbe83dca53b5f21942796c834a1171c3543d3c7e13c846ead2f7f9,traffic_flow_metrics
chengdu,elephant_flow_requests_total,,35,14,21,,e9bf6deae5cbe83dca53b5f21942796c834a1171c3543d3c7e13c846ead2f7f9,traffic_flow_metrics
chengdu,elephant_flow_retransmits_total,,35,,35,,e9bf6deae5cbe83dca53b5f21942796c834a1171c3543d3c7e13c846ead2f7f9,traffic_flow_metrics
chengdu,elephant_flow_success_total,,35,14,21,,e9bf6deae5cbe83dca53b5f21942796c834a1171c3543d3c7e13c846ead2f7f9,traffic_flow_metrics
chengdu,elephant_flow_active_seconds_total,,48,48,,,ed5733356d396e7fb5119590de396bcc701c8e36862f440ca80848cdd3c1d8dd,traffic_flow_metrics
chengdu,elephant_flow_batches_completed_total,,48,21,27,,ed5733356d396e7fb5119590de396bcc701c8e36862f440ca80848cdd3c1d8dd,traffic_flow_metrics
chengdu,elephant_flow_batches_failed_total,,48,1,47,,ed5733356d396e7fb5119590de396bcc701c8e36862f440ca80848cdd3c1d8dd,traffic_flow_metrics
chengdu,elephant_flow_batches_started_total,,48,21,27,,ed5733356d396e7fb5119590de396bcc701c8e36862f440ca80848cdd3c1d8dd,traffic_flow_metrics
chengdu,elephant_flow_batches_timeout_total,,48,,48,,ed5733356d396e7fb5119590de396bcc701c8e36862f440ca80848cdd3c1d8dd,traffic_flow_metrics
chengdu,elephant_flow_bytes_received_total,,48,21,27,,ed5733356d396e7fb5119590de396bcc701c8e36862f440ca80848cdd3c1d8dd,traffic_flow_metrics
chengdu,elephant_flow_bytes_sent_total,,48,21,27,,ed5733356d396e7fb5119590de396bcc701c8e36862f440ca80848cdd3c1d8dd,traffic_flow_metrics
chengdu,elephant_flow_duration_seconds_count,,48,22,26,,ed5733356d396e7fb5119590de396bcc701c8e36862f440ca80848cdd3c1d8dd,traffic_flow_metrics
chengdu,elephant_flow_duration_seconds_sum,,48,22,26,,ed5733356d396e7fb5119590de396bcc701c8e36862f440ca80848cdd3c1d8dd,traffic_flow_metrics
chengdu,elephant_flow_error_total,,48,,48,,ed5733356d396e7fb5119590de396bcc701c8e36862f440ca80848cdd3c1d8dd,traffic_flow_metrics
chengdu,elephant_flow_requests_total,,48,21,27,,ed5733356d396e7fb5119590de396bcc701c8e36862f440ca80848cdd3c1d8dd,traffic_flow_metrics
chengdu,elephant_flow_retransmits_total,,48,,48,,ed5733356d396e7fb5119590de396bcc701c8e36862f440ca80848cdd3c1d8dd,traffic_flow_metrics
chengdu,elephant_flow_success_total,,48,21,27,,ed5733356d396e7fb5119590de396bcc701c8e36862f440ca80848cdd3c1d8dd,traffic_flow_metrics
chengdu,elephant_flow_active_seconds_total,,24,24,,,fe50dd396b546e3cc752b531a3f4dde2042aad789e1086617222d7dce8cf5cc1,traffic_flow_metrics
chengdu,elephant_flow_batches_completed_total,,24,10,14,,fe50dd396b546e3cc752b531a3f4dde2042aad789e1086617222d7dce8cf5cc1,traffic_flow_metrics
chengdu,elephant_flow_batches_failed_total,,24,1,23,,fe50dd396b546e3cc752b531a3f4dde2042aad789e1086617222d7dce8cf5cc1,traffic_flow_metrics
chengdu,elephant_flow_batches_started_total,,24,10,14,,fe50dd396b546e3cc752b531a3f4dde2042aad789e1086617222d7dce8cf5cc1,traffic_flow_metrics
chengdu,elephant_flow_batches_timeout_total,,24,,24,,fe50dd396b546e3cc752b531a3f4dde2042aad789e1086617222d7dce8cf5cc1,traffic_flow_metrics
chengdu,elephant_flow_bytes_received_total,,24,10,14,,fe50dd396b546e3cc752b531a3f4dde2042aad789e1086617222d7dce8cf5cc1,traffic_flow_metrics
chengdu,elephant_flow_bytes_sent_total,,24,10,14,,fe50dd396b546e3cc752b531a3f4dde2042aad789e1086617222d7dce8cf5cc1,traffic_flow_metrics
chengdu,elephant_flow_duration_seconds_count,,24,11,13,,fe50dd396b546e3cc752b531a3f4dde2042aad789e1086617222d7dce8cf5cc1,traffic_flow_metrics
chengdu,elephant_flow_duration_seconds_sum,,24,11,13,,fe50dd396b546e3cc752b531a3f4dde2042aad789e1086617222d7dce8cf5cc1,traffic_flow_metrics
chengdu,elephant_flow_error_total,,24,,24,,fe50dd396b546e3cc752b531a3f4dde2042aad789e1086617222d7dce8cf5cc1,traffic_flow_metrics
chengdu,elephant_flow_requests_total,,24,10,14,,fe50dd396b546e3cc752b531a3f4dde2042aad789e1086617222d7dce8cf5cc1,traffic_flow_metrics
chengdu,elephant_flow_retransmits_total,,24,,24,,fe50dd396b546e3cc752b531a3f4dde2042aad789e1086617222d7dce8cf5cc1,traffic_flow_metrics
chengdu,elephant_flow_success_total,,24,10,14,,fe50dd396b546e3cc752b531a3f4dde2042aad789e1086617222d7dce8cf5cc1,traffic_flow_metrics
guangzhou,value,,20144,,20144,,guangzhou-br-1|bgp_peer_count|,routing_metrics
guangzhou,value,,20144,,20144,,guangzhou-br-1|ipv6_default_route_changed_total|,routing_metrics
guangzhou,value,,20144,,20144,,"guangzhou-br-1|ipv6_route_change_total|prefix=""::/0",routing_metrics
guangzhou,value,,20144,2,20142,,"guangzhou-br-1|ipv6_route_change_total|prefix=""fd00:1:40::/64",routing_metrics
guangzhou,value,,20144,4,20140,,"guangzhou-br-1|ipv6_route_change_total|prefix=""fd00:2:40::/64",routing_metrics
guangzhou,value,,20144,8,20136,,"guangzhou-br-1|ipv6_route_change_total|prefix=""fd00:3:40::/64",routing_metrics
guangzhou,value,,20144,8,20136,,"guangzhou-br-1|ipv6_route_change_total|prefix=""fd00:4:40::/64",routing_metrics
guangzhou,value,,20144,8,20136,,"guangzhou-br-1|ipv6_route_change_total|prefix=""fd00:5:40::/64",routing_metrics
guangzhou,value,,20144,4,20140,,"guangzhou-br-1|ipv6_route_change_total|prefix=""fd00:6:40::/64",routing_metrics
guangzhou,value,,20144,2,20142,,"guangzhou-br-1|ipv6_route_change_total|prefix=""fd00:7:40::/64",routing_metrics
guangzhou,value,,20144,,20144,,"guangzhou-br-1|ipv6_route_change_total|prefix=""fd00:8:40::/64",routing_metrics
guangzhou,value,,20144,,20144,,"guangzhou-br-1|ipv6_route_count|protocol=""all",routing_metrics
guangzhou,value,,20144,,20144,,"guangzhou-br-1|ipv6_route_count|protocol=""bgp",routing_metrics
guangzhou,value,,20144,,20144,,"guangzhou-br-1|ipv6_route_count|protocol=""kernel",routing_metrics
guangzhou,value,,20144,,20144,,"guangzhou-br-1|ipv6_route_count|protocol=""ospf",routing_metrics
guangzhou,value,,20144,,20144,,"guangzhou-br-1|ipv6_route_count|protocol=""unknown",routing_metrics
guangzhou,value,,20144,,20144,,guangzhou-br-2|bgp_peer_count|,routing_metrics
guangzhou,value,,20144,,20144,,guangzhou-br-2|ipv6_default_route_changed_total|,routing_metrics
guangzhou,value,,20144,,20144,,"guangzhou-br-2|ipv6_route_change_total|prefix=""::/0",routing_metrics
guangzhou,value,,20144,3,20141,,"guangzhou-br-2|ipv6_route_change_total|prefix=""fd00:1:40::/64",routing_metrics
guangzhou,value,,20144,8,20136,,"guangzhou-br-2|ipv6_route_change_total|prefix=""fd00:2:40::/64",routing_metrics
guangzhou,value,,20144,4,20140,,"guangzhou-br-2|ipv6_route_change_total|prefix=""fd00:3:40::/64",routing_metrics
guangzhou,value,,20144,4,20140,,"guangzhou-br-2|ipv6_route_change_total|prefix=""fd00:4:40::/64",routing_metrics
guangzhou,value,,20144,4,20140,,"guangzhou-br-2|ipv6_route_change_total|prefix=""fd00:5:40::/64",routing_metrics
guangzhou,value,,20144,8,20136,,"guangzhou-br-2|ipv6_route_change_total|prefix=""fd00:6:40::/64",routing_metrics
guangzhou,value,,20144,5,20139,,"guangzhou-br-2|ipv6_route_change_total|prefix=""fd00:7:40::/64",routing_metrics
guangzhou,value,,20144,,20144,,"guangzhou-br-2|ipv6_route_change_total|prefix=""fd00:8:40::/64",routing_metrics
guangzhou,value,1,20144,1,20142,1,"guangzhou-br-2|ipv6_route_count|protocol=""all",routing_metrics
guangzhou,value,,20144,,20144,,"guangzhou-br-2|ipv6_route_count|protocol=""bgp",routing_metrics
guangzhou,value,,20144,,20144,,"guangzhou-br-2|ipv6_route_count|protocol=""kernel",routing_metrics
guangzhou,value,,20144,,20144,,"guangzhou-br-2|ipv6_route_count|protocol=""ospf",routing_metrics
guangzhou,value,1,20144,1,20142,1,"guangzhou-br-2|ipv6_route_count|protocol=""unknown",routing_metrics
guangzhou,value,,20159,,20159,,guangzhou-cr-1|ipv6_default_route_changed_total|,routing_metrics
guangzhou,value,,20159,,20159,,"guangzhou-cr-1|ipv6_route_change_total|prefix=""::/0",routing_metrics
guangzhou,value,,20159,1,20158,,"guangzhou-cr-1|ipv6_route_change_total|prefix=""fd00:1:40::/64",routing_metrics
guangzhou,value,,20159,,20159,,"guangzhou-cr-1|ipv6_route_change_total|prefix=""fd00:2:40::/64",routing_metrics
guangzhou,value,,20159,,20159,,"guangzhou-cr-1|ipv6_route_change_total|prefix=""fd00:3:40::/64",routing_metrics
guangzhou,value,,20159,1,20158,,"guangzhou-cr-1|ipv6_route_change_total|prefix=""fd00:4:40::/64",routing_metrics
guangzhou,value,,20159,1,20158,,"guangzhou-cr-1|ipv6_route_change_total|prefix=""fd00:5:40::/64",routing_metrics
guangzhou,value,,20159,1,20158,,"guangzhou-cr-1|ipv6_route_change_total|prefix=""fd00:6:40::/64",routing_metrics
guangzhou,value,,20159,,20159,,"guangzhou-cr-1|ipv6_route_change_total|prefix=""fd00:7:40::/64",routing_metrics
guangzhou,value,,20159,,20159,,"guangzhou-cr-1|ipv6_route_change_total|prefix=""fd00:8:40::/64",routing_metrics
guangzhou,value,,20159,,20159,,"guangzhou-cr-1|ipv6_route_count|protocol=""196",routing_metrics
guangzhou,value,,20159,,20159,,"guangzhou-cr-1|ipv6_route_count|protocol=""all",routing_metrics
guangzhou,value,,20159,,20159,,"guangzhou-cr-1|ipv6_route_count|protocol=""kernel",routing_metrics
guangzhou,value,,20159,,20159,,"guangzhou-cr-1|ipv6_route_count|protocol=""ospf",routing_metrics
guangzhou,value,,20159,,20159,,guangzhou-cr-2|ipv6_default_route_changed_total|,routing_metrics
guangzhou,value,,20159,,20159,,"guangzhou-cr-2|ipv6_route_change_total|prefix=""::/0",routing_metrics
guangzhou,value,,20159,1,20158,,"guangzhou-cr-2|ipv6_route_change_total|prefix=""fd00:1:40::/64",routing_metrics
guangzhou,value,,20159,,20159,,"guangzhou-cr-2|ipv6_route_change_total|prefix=""fd00:2:40::/64",routing_metrics
guangzhou,value,,20159,,20159,,"guangzhou-cr-2|ipv6_route_change_total|prefix=""fd00:3:40::/64",routing_metrics
guangzhou,value,,20159,1,20158,,"guangzhou-cr-2|ipv6_route_change_total|prefix=""fd00:4:40::/64",routing_metrics
guangzhou,value,,20159,1,20158,,"guangzhou-cr-2|ipv6_route_change_total|prefix=""fd00:5:40::/64",routing_metrics
guangzhou,value,,20159,1,20158,,"guangzhou-cr-2|ipv6_route_change_total|prefix=""fd00:6:40::/64",routing_metrics
guangzhou,value,,20159,,20159,,"guangzhou-cr-2|ipv6_route_change_total|prefix=""fd00:7:40::/64",routing_metrics
guangzhou,value,,20159,,20159,,"guangzhou-cr-2|ipv6_route_change_total|prefix=""fd00:8:40::/64",routing_metrics
guangzhou,value,,20159,,20159,,"guangzhou-cr-2|ipv6_route_count|protocol=""196",routing_metrics
guangzhou,value,1,20159,1,20157,1,"guangzhou-cr-2|ipv6_route_count|protocol=""all",routing_metrics
guangzhou,value,,20159,,20159,,"guangzhou-cr-2|ipv6_route_count|protocol=""kernel",routing_metrics
guangzhou,value,,20159,,20159,,"guangzhou-cr-2|ipv6_route_count|protocol=""ospf",routing_metrics
guangzhou,value,,12,,12,,"guangzhou-cr-2|ipv6_route_count|protocol=""unknown",routing_metrics
guangzhou,elephant_flow_active_seconds_total,,14,14,,,08db44b3001d723065ca4db106394de55c97b2dd504f313865b725c750e71db7,traffic_flow_metrics
guangzhou,elephant_flow_batches_completed_total,,14,,14,,08db44b3001d723065ca4db106394de55c97b2dd504f313865b725c750e71db7,traffic_flow_metrics
guangzhou,elephant_flow_batches_failed_total,,14,14,,,08db44b3001d723065ca4db106394de55c97b2dd504f313865b725c750e71db7,traffic_flow_metrics
guangzhou,elephant_flow_batches_started_total,,14,14,,,08db44b3001d723065ca4db106394de55c97b2dd504f313865b725c750e71db7,traffic_flow_metrics
guangzhou,elephant_flow_batches_timeout_total,,14,,14,,08db44b3001d723065ca4db106394de55c97b2dd504f313865b725c750e71db7,traffic_flow_metrics
guangzhou,elephant_flow_bytes_received_total,,14,,14,,08db44b3001d723065ca4db106394de55c97b2dd504f313865b725c750e71db7,traffic_flow_metrics
guangzhou,elephant_flow_bytes_sent_total,,14,,14,,08db44b3001d723065ca4db106394de55c97b2dd504f313865b725c750e71db7,traffic_flow_metrics
guangzhou,elephant_flow_duration_seconds_count,,14,14,,,08db44b3001d723065ca4db106394de55c97b2dd504f313865b725c750e71db7,traffic_flow_metrics
guangzhou,elephant_flow_duration_seconds_sum,,14,14,,,08db44b3001d723065ca4db106394de55c97b2dd504f313865b725c750e71db7,traffic_flow_metrics
guangzhou,elephant_flow_error_total,,14,,14,,08db44b3001d723065ca4db106394de55c97b2dd504f313865b725c750e71db7,traffic_flow_metrics
guangzhou,elephant_flow_requests_total,,14,,14,,08db44b3001d723065ca4db106394de55c97b2dd504f313865b725c750e71db7,traffic_flow_metrics
guangzhou,elephant_flow_retransmits_total,,14,,14,,08db44b3001d723065ca4db106394de55c97b2dd504f313865b725c750e71db7,traffic_flow_metrics
guangzhou,elephant_flow_success_total,,14,,14,,08db44b3001d723065ca4db106394de55c97b2dd504f313865b725c750e71db7,traffic_flow_metrics
guangzhou,elephant_flow_active_seconds_total,,41,40,1,,1cb2529844cbc7c47043e2991330be3d271633ed343d32a0007abb598e5e390e,traffic_flow_metrics
guangzhou,elephant_flow_batches_completed_total,,41,16,25,,1cb2529844cbc7c47043e2991330be3d271633ed343d32a0007abb598e5e390e,traffic_flow_metrics
guangzhou,elephant_flow_batches_failed_total,,41,1,40,,1cb2529844cbc7c47043e2991330be3d271633ed343d32a0007abb598e5e390e,traffic_flow_metrics
guangzhou,elephant_flow_batches_started_total,,41,16,25,,1cb2529844cbc7c47043e2991330be3d271633ed343d32a0007abb598e5e390e,traffic_flow_metrics
guangzhou,elephant_flow_batches_timeout_total,,41,,41,,1cb2529844cbc7c47043e2991330be3d271633ed343d32a0007abb598e5e390e,traffic_flow_metrics
guangzhou,elephant_flow_bytes_received_total,,41,16,25,,1cb2529844cbc7c47043e2991330be3d271633ed343d32a0007abb598e5e390e,traffic_flow_metrics
guangzhou,elephant_flow_bytes_sent_total,,41,16,25,,1cb2529844cbc7c47043e2991330be3d271633ed343d32a0007abb598e5e390e,traffic_flow_metrics
guangzhou,elephant_flow_duration_seconds_count,,41,17,24,,1cb2529844cbc7c47043e2991330be3d271633ed343d32a0007abb598e5e390e,traffic_flow_metrics
guangzhou,elephant_flow_duration_seconds_sum,,41,17,24,,1cb2529844cbc7c47043e2991330be3d271633ed343d32a0007abb598e5e390e,traffic_flow_metrics
guangzhou,elephant_flow_error_total,,41,,41,,1cb2529844cbc7c47043e2991330be3d271633ed343d32a0007abb598e5e390e,traffic_flow_metrics
guangzhou,elephant_flow_requests_total,,41,16,25,,1cb2529844cbc7c47043e2991330be3d271633ed343d32a0007abb598e5e390e,traffic_flow_metrics
guangzhou,elephant_flow_retransmits_total,,41,,41,,1cb2529844cbc7c47043e2991330be3d271633ed343d32a0007abb598e5e390e,traffic_flow_metrics
guangzhou,elephant_flow_success_total,,41,16,25,,1cb2529844cbc7c47043e2991330be3d271633ed343d32a0007abb598e5e390e,traffic_flow_metrics
guangzhou,elephant_flow_active_seconds_total,,31,31,,,3022ba56ef961fb63a019c4f4ac197a9ce2d605e0741803e5efd82fcf1663e92,traffic_flow_metrics
guangzhou,elephant_flow_batches_completed_total,,31,13,18,,3022ba56ef961fb63a019c4f4ac197a9ce2d605e0741803e5efd82fcf1663e92,traffic_flow_metrics
guangzhou,elephant_flow_batches_failed_total,,31,,31,,3022ba56ef961fb63a019c4f4ac197a9ce2d605e0741803e5efd82fcf1663e92,traffic_flow_metrics
guangzhou,elephant_flow_batches_started_total,,31,12,19,,3022ba56ef961fb63a019c4f4ac197a9ce2d605e0741803e5efd82fcf1663e92,traffic_flow_metrics
guangzhou,elephant_flow_batches_timeout_total,,31,,31,,3022ba56ef961fb63a019c4f4ac197a9ce2d605e0741803e5efd82fcf1663e92,traffic_flow_metrics
guangzhou,elephant_flow_bytes_received_total,,31,13,18,,3022ba56ef961fb63a019c4f4ac197a9ce2d605e0741803e5efd82fcf1663e92,traffic_flow_metrics
guangzhou,elephant_flow_bytes_sent_total,,31,13,18,,3022ba56ef961fb63a019c4f4ac197a9ce2d605e0741803e5efd82fcf1663e92,traffic_flow_metrics
guangzhou,elephant_flow_duration_seconds_count,,31,13,18,,3022ba56ef961fb63a019c4f4ac197a9ce2d605e0741803e5efd82fcf1663e92,traffic_flow_metrics
guangzhou,elephant_flow_duration_seconds_sum,,31,13,18,,3022ba56ef961fb63a019c4f4ac197a9ce2d605e0741803e5efd82fcf1663e92,traffic_flow_metrics
guangzhou,elephant_flow_error_total,,31,,31,,3022ba56ef961fb63a019c4f4ac197a9ce2d605e0741803e5efd82fcf1663e92,traffic_flow_metrics
guangzhou,elephant_flow_requests_total,,31,13,18,,3022ba56ef961fb63a019c4f4ac197a9ce2d605e0741803e5efd82fcf1663e92,traffic_flow_metrics
guangzhou,elephant_flow_retransmits_total,,31,,31,,3022ba56ef961fb63a019c4f4ac197a9ce2d605e0741803e5efd82fcf1663e92,traffic_flow_metrics
guangzhou,elephant_flow_success_total,,31,13,18,,3022ba56ef961fb63a019c4f4ac197a9ce2d605e0741803e5efd82fcf1663e92,traffic_flow_metrics
guangzhou,elephant_flow_active_seconds_total,,10,10,,,46610d095314d37ff5c78ac0ee0570b76f64aed5bf0e7503ed4f827bbb6ec8b8,traffic_flow_metrics
guangzhou,elephant_flow_batches_completed_total,,10,,10,,46610d095314d37ff5c78ac0ee0570b76f64aed5bf0e7503ed4f827bbb6ec8b8,traffic_flow_metrics
guangzhou,elephant_flow_batches_failed_total,,10,10,,,46610d095314d37ff5c78ac0ee0570b76f64aed5bf0e7503ed4f827bbb6ec8b8,traffic_flow_metrics
guangzhou,elephant_flow_batches_started_total,,10,10,,,46610d095314d37ff5c78ac0ee0570b76f64aed5bf0e7503ed4f827bbb6ec8b8,traffic_flow_metrics
guangzhou,elephant_flow_batches_timeout_total,,10,,10,,46610d095314d37ff5c78ac0ee0570b76f64aed5bf0e7503ed4f827bbb6ec8b8,traffic_flow_metrics
guangzhou,elephant_flow_bytes_received_total,,10,,10,,46610d095314d37ff5c78ac0ee0570b76f64aed5bf0e7503ed4f827bbb6ec8b8,traffic_flow_metrics
guangzhou,elephant_flow_bytes_sent_total,,10,,10,,46610d095314d37ff5c78ac0ee0570b76f64aed5bf0e7503ed4f827bbb6ec8b8,traffic_flow_metrics
guangzhou,elephant_flow_duration_seconds_count,,10,10,,,46610d095314d37ff5c78ac0ee0570b76f64aed5bf0e7503ed4f827bbb6ec8b8,traffic_flow_metrics
guangzhou,elephant_flow_duration_seconds_sum,,10,10,,,46610d095314d37ff5c78ac0ee0570b76f64aed5bf0e7503ed4f827bbb6ec8b8,traffic_flow_metrics
guangzhou,elephant_flow_error_total,,10,,10,,46610d095314d37ff5c78ac0ee0570b76f64aed5bf0e7503ed4f827bbb6ec8b8,traffic_flow_metrics
guangzhou,elephant_flow_requests_total,,10,,10,,46610d095314d37ff5c78ac0ee0570b76f64aed5bf0e7503ed4f827bbb6ec8b8,traffic_flow_metrics
guangzhou,elephant_flow_retransmits_total,,10,,10,,46610d095314d37ff5c78ac0ee0570b76f64aed5bf0e7503ed4f827bbb6ec8b8,traffic_flow_metrics
guangzhou,elephant_flow_success_total,,10,,10,,46610d095314d37ff5c78ac0ee0570b76f64aed5bf0e7503ed4f827bbb6ec8b8,traffic_flow_metrics
guangzhou,elephant_flow_active_seconds_total,,63,63,,,4e124daf49ad8f906085b42ed96fca8f0a4d8aafe205af6e5954b0424e98fee7,traffic_flow_metrics
guangzhou,elephant_flow_batches_completed_total,,63,25,38,,4e124daf49ad8f906085b42ed96fca8f0a4d8aafe205af6e5954b0424e98fee7,traffic_flow_metrics
guangzhou,elephant_flow_batches_failed_total,,63,,63,,4e124daf49ad8f906085b42ed96fca8f0a4d8aafe205af6e5954b0424e98fee7,traffic_flow_metrics
guangzhou,elephant_flow_batches_started_total,,63,24,39,,4e124daf49ad8f906085b42ed96fca8f0a4d8aafe205af6e5954b0424e98fee7,traffic_flow_metrics
guangzhou,elephant_flow_batches_timeout_total,,63,,63,,4e124daf49ad8f906085b42ed96fca8f0a4d8aafe205af6e5954b0424e98fee7,traffic_flow_metrics
guangzhou,elephant_flow_bytes_received_total,,63,25,38,,4e124daf49ad8f906085b42ed96fca8f0a4d8aafe205af6e5954b0424e98fee7,traffic_flow_metrics
guangzhou,elephant_flow_bytes_sent_total,,63,25,38,,4e124daf49ad8f906085b42ed96fca8f0a4d8aafe205af6e5954b0424e98fee7,traffic_flow_metrics
guangzhou,elephant_flow_duration_seconds_count,,63,25,38,,4e124daf49ad8f906085b42ed96fca8f0a4d8aafe205af6e5954b0424e98fee7,traffic_flow_metrics
guangzhou,elephant_flow_duration_seconds_sum,,63,25,38,,4e124daf49ad8f906085b42ed96fca8f0a4d8aafe205af6e5954b0424e98fee7,traffic_flow_metrics
guangzhou,elephant_flow_error_total,,63,,63,,4e124daf49ad8f906085b42ed96fca8f0a4d8aafe205af6e5954b0424e98fee7,traffic_flow_metrics
guangzhou,elephant_flow_requests_total,,63,25,38,,4e124daf49ad8f906085b42ed96fca8f0a4d8aafe205af6e5954b0424e98fee7,traffic_flow_metrics
guangzhou,elephant_flow_retransmits_total,,63,,63,,4e124daf49ad8f906085b42ed96fca8f0a4d8aafe205af6e5954b0424e98fee7,traffic_flow_metrics
guangzhou,elephant_flow_success_total,,63,25,38,,4e124daf49ad8f906085b42ed96fca8f0a4d8aafe205af6e5954b0424e98fee7,traffic_flow_metrics
guangzhou,elephant_flow_active_seconds_total,,56,54,2,,5087d9a364a6b325fbc48d4c7c293d9c1955f8140c1393e5ec0592c8f659050e,traffic_flow_metrics
guangzhou,elephant_flow_batches_completed_total,,56,21,35,,5087d9a364a6b325fbc48d4c7c293d9c1955f8140c1393e5ec0592c8f659050e,traffic_flow_metrics
guangzhou,elephant_flow_batches_failed_total,,56,,56,,5087d9a364a6b325fbc48d4c7c293d9c1955f8140c1393e5ec0592c8f659050e,traffic_flow_metrics
guangzhou,elephant_flow_batches_started_total,,56,20,36,,5087d9a364a6b325fbc48d4c7c293d9c1955f8140c1393e5ec0592c8f659050e,traffic_flow_metrics
guangzhou,elephant_flow_batches_timeout_total,,56,,56,,5087d9a364a6b325fbc48d4c7c293d9c1955f8140c1393e5ec0592c8f659050e,traffic_flow_metrics
guangzhou,elephant_flow_bytes_received_total,,56,21,35,,5087d9a364a6b325fbc48d4c7c293d9c1955f8140c1393e5ec0592c8f659050e,traffic_flow_metrics
guangzhou,elephant_flow_bytes_sent_total,,56,21,35,,5087d9a364a6b325fbc48d4c7c293d9c1955f8140c1393e5ec0592c8f659050e,traffic_flow_metrics
guangzhou,elephant_flow_duration_seconds_count,,56,21,35,,5087d9a364a6b325fbc48d4c7c293d9c1955f8140c1393e5ec0592c8f659050e,traffic_flow_metrics
guangzhou,elephant_flow_duration_seconds_sum,,56,21,35,,5087d9a364a6b325fbc48d4c7c293d9c1955f8140c1393e5ec0592c8f659050e,traffic_flow_metrics
guangzhou,elephant_flow_error_total,,56,,56,,5087d9a364a6b325fbc48d4c7c293d9c1955f8140c1393e5ec0592c8f659050e,traffic_flow_metrics
guangzhou,elephant_flow_requests_total,,56,21,35,,5087d9a364a6b325fbc48d4c7c293d9c1955f8140c1393e5ec0592c8f659050e,traffic_flow_metrics
guangzhou,elephant_flow_retransmits_total,,56,,56,,5087d9a364a6b325fbc48d4c7c293d9c1955f8140c1393e5ec0592c8f659050e,traffic_flow_metrics
guangzhou,elephant_flow_success_total,,56,21,35,,5087d9a364a6b325fbc48d4c7c293d9c1955f8140c1393e5ec0592c8f659050e,traffic_flow_metrics
guangzhou,elephant_flow_active_seconds_total,,24,24,,,60ee3c812589950d898d1dd42c0c56e077b08039d1340aeaf62e0d30c0ca69cb,traffic_flow_metrics
guangzhou,elephant_flow_batches_completed_total,,24,,24,,60ee3c812589950d898d1dd42c0c56e077b08039d1340aeaf62e0d30c0ca69cb,traffic_flow_metrics
guangzhou,elephant_flow_batches_failed_total,,24,22,2,,60ee3c812589950d898d1dd42c0c56e077b08039d1340aeaf62e0d30c0ca69cb,traffic_flow_metrics
guangzhou,elephant_flow_batches_started_total,,24,22,2,,60ee3c812589950d898d1dd42c0c56e077b08039d1340aeaf62e0d30c0ca69cb,traffic_flow_metrics
guangzhou,elephant_flow_batches_timeout_total,,24,,24,,60ee3c812589950d898d1dd42c0c56e077b08039d1340aeaf62e0d30c0ca69cb,traffic_flow_metrics
guangzhou,elephant_flow_bytes_received_total,,24,,24,,60ee3c812589950d898d1dd42c0c56e077b08039d1340aeaf62e0d30c0ca69cb,traffic_flow_metrics
guangzhou,elephant_flow_bytes_sent_total,,24,,24,,60ee3c812589950d898d1dd42c0c56e077b08039d1340aeaf62e0d30c0ca69cb,traffic_flow_metrics
guangzhou,elephant_flow_duration_seconds_count,,24,22,2,,60ee3c812589950d898d1dd42c0c56e077b08039d1340aeaf62e0d30c0ca69cb,traffic_flow_metrics
guangzhou,elephant_flow_duration_seconds_sum,,24,22,2,,60ee3c812589950d898d1dd42c0c56e077b08039d1340aeaf62e0d30c0ca69cb,traffic_flow_metrics
guangzhou,elephant_flow_error_total,,24,,24,,60ee3c812589950d898d1dd42c0c56e077b08039d1340aeaf62e0d30c0ca69cb,traffic_flow_metrics
guangzhou,elephant_flow_requests_total,,24,,24,,60ee3c812589950d898d1dd42c0c56e077b08039d1340aeaf62e0d30c0ca69cb,traffic_flow_metrics
guangzhou,elephant_flow_retransmits_total,,24,,24,,60ee3c812589950d898d1dd42c0c56e077b08039d1340aeaf62e0d30c0ca69cb,traffic_flow_metrics
guangzhou,elephant_flow_success_total,,24,,24,,60ee3c812589950d898d1dd42c0c56e077b08039d1340aeaf62e0d30c0ca69cb,traffic_flow_metrics
guangzhou,elephant_flow_active_seconds_total,,56,54,2,,665c22d9a34802dbb06dc7860b20dbb1c36f754eb7067dd1864d072aa1bb3cc5,traffic_flow_metrics
guangzhou,elephant_flow_batches_completed_total,,56,23,33,,665c22d9a34802dbb06dc7860b20dbb1c36f754eb7067dd1864d072aa1bb3cc5,traffic_flow_metrics
guangzhou,elephant_flow_batches_failed_total,,56,,56,,665c22d9a34802dbb06dc7860b20dbb1c36f754eb7067dd1864d072aa1bb3cc5,traffic_flow_metrics
guangzhou,elephant_flow_batches_started_total,,56,22,34,,665c22d9a34802dbb06dc7860b20dbb1c36f754eb7067dd1864d072aa1bb3cc5,traffic_flow_metrics
guangzhou,elephant_flow_batches_timeout_total,,56,,56,,665c22d9a34802dbb06dc7860b20dbb1c36f754eb7067dd1864d072aa1bb3cc5,traffic_flow_metrics
guangzhou,elephant_flow_bytes_received_total,,56,23,33,,665c22d9a34802dbb06dc7860b20dbb1c36f754eb7067dd1864d072aa1bb3cc5,traffic_flow_metrics
guangzhou,elephant_flow_bytes_sent_total,,56,23,33,,665c22d9a34802dbb06dc7860b20dbb1c36f754eb7067dd1864d072aa1bb3cc5,traffic_flow_metrics
guangzhou,elephant_flow_duration_seconds_count,,56,23,33,,665c22d9a34802dbb06dc7860b20dbb1c36f754eb7067dd1864d072aa1bb3cc5,traffic_flow_metrics
guangzhou,elephant_flow_duration_seconds_sum,,56,23,33,,665c22d9a34802dbb06dc7860b20dbb1c36f754eb7067dd1864d072aa1bb3cc5,traffic_flow_metrics
guangzhou,elephant_flow_error_total,,56,,56,,665c22d9a34802dbb06dc7860b20dbb1c36f754eb7067dd1864d072aa1bb3cc5,traffic_flow_metrics
guangzhou,elephant_flow_requests_total,,56,23,33,,665c22d9a34802dbb06dc7860b20dbb1c36f754eb7067dd1864d072aa1bb3cc5,traffic_flow_metrics
guangzhou,elephant_flow_retransmits_total,,56,,56,,665c22d9a34802dbb06dc7860b20dbb1c36f754eb7067dd1864d072aa1bb3cc5,traffic_flow_metrics
guangzhou,elephant_flow_success_total,,56,23,33,,665c22d9a34802dbb06dc7860b20dbb1c36f754eb7067dd1864d072aa1bb3cc5,traffic_flow_metrics
guangzhou,elephant_flow_active_seconds_total,,25,25,,,6f5f920734554b00ebf1d53b26c4b471241379f980b2c51be43d5e0e15db0f36,traffic_flow_metrics
guangzhou,elephant_flow_batches_completed_total,,25,,25,,6f5f920734554b00ebf1d53b26c4b471241379f980b2c51be43d5e0e15db0f36,traffic_flow_metrics
guangzhou,elephant_flow_batches_failed_total,,25,25,,,6f5f920734554b00ebf1d53b26c4b471241379f980b2c51be43d5e0e15db0f36,traffic_flow_metrics
guangzhou,elephant_flow_batches_started_total,,25,25,,,6f5f920734554b00ebf1d53b26c4b471241379f980b2c51be43d5e0e15db0f36,traffic_flow_metrics
guangzhou,elephant_flow_batches_timeout_total,,25,,25,,6f5f920734554b00ebf1d53b26c4b471241379f980b2c51be43d5e0e15db0f36,traffic_flow_metrics
guangzhou,elephant_flow_bytes_received_total,,25,,25,,6f5f920734554b00ebf1d53b26c4b471241379f980b2c51be43d5e0e15db0f36,traffic_flow_metrics
guangzhou,elephant_flow_bytes_sent_total,,25,,25,,6f5f920734554b00ebf1d53b26c4b471241379f980b2c51be43d5e0e15db0f36,traffic_flow_metrics
guangzhou,elephant_flow_duration_seconds_count,,25,25,,,6f5f920734554b00ebf1d53b26c4b471241379f980b2c51be43d5e0e15db0f36,traffic_flow_metrics
guangzhou,elephant_flow_duration_seconds_sum,,25,25,,,6f5f920734554b00ebf1d53b26c4b471241379f980b2c51be43d5e0e15db0f36,traffic_flow_metrics
guangzhou,elephant_flow_error_total,,25,,25,,6f5f920734554b00ebf1d53b26c4b471241379f980b2c51be43d5e0e15db0f36,traffic_flow_metrics
guangzhou,elephant_flow_requests_total,,25,,25,,6f5f920734554b00ebf1d53b26c4b471241379f980b2c51be43d5e0e15db0f36,traffic_flow_metrics
guangzhou,elephant_flow_retransmits_total,,25,,25,,6f5f920734554b00ebf1d53b26c4b471241379f980b2c51be43d5e0e15db0f36,traffic_flow_metrics
guangzhou,elephant_flow_success_total,,25,,25,,6f5f920734554b00ebf1d53b26c4b471241379f980b2c51be43d5e0e15db0f36,traffic_flow_metrics
guangzhou,elephant_flow_active_seconds_total,,17,17,,,6fb26fa90656575555370b2b91f633e9dd5219f44833402add1d44a5c9d8844c,traffic_flow_metrics
guangzhou,elephant_flow_batches_completed_total,,17,,17,,6fb26fa90656575555370b2b91f633e9dd5219f44833402add1d44a5c9d8844c,traffic_flow_metrics
guangzhou,elephant_flow_batches_failed_total,,17,17,,,6fb26fa90656575555370b2b91f633e9dd5219f44833402add1d44a5c9d8844c,traffic_flow_metrics
guangzhou,elephant_flow_batches_started_total,,17,17,,,6fb26fa90656575555370b2b91f633e9dd5219f44833402add1d44a5c9d8844c,traffic_flow_metrics
guangzhou,elephant_flow_batches_timeout_total,,17,,17,,6fb26fa90656575555370b2b91f633e9dd5219f44833402add1d44a5c9d8844c,traffic_flow_metrics
guangzhou,elephant_flow_bytes_received_total,,17,,17,,6fb26fa90656575555370b2b91f633e9dd5219f44833402add1d44a5c9d8844c,traffic_flow_metrics
guangzhou,elephant_flow_bytes_sent_total,,17,,17,,6fb26fa90656575555370b2b91f633e9dd5219f44833402add1d44a5c9d8844c,traffic_flow_metrics
guangzhou,elephant_flow_duration_seconds_count,,17,17,,,6fb26fa90656575555370b2b91f633e9dd5219f44833402add1d44a5c9d8844c,traffic_flow_metrics
guangzhou,elephant_flow_duration_seconds_sum,,17,17,,,6fb26fa90656575555370b2b91f633e9dd5219f44833402add1d44a5c9d8844c,traffic_flow_metrics
guangzhou,elephant_flow_error_total,,17,,17,,6fb26fa90656575555370b2b91f633e9dd5219f44833402add1d44a5c9d8844c,traffic_flow_metrics
guangzhou,elephant_flow_requests_total,,17,,17,,6fb26fa90656575555370b2b91f633e9dd5219f44833402add1d44a5c9d8844c,traffic_flow_metrics
guangzhou,elephant_flow_retransmits_total,,17,,17,,6fb26fa90656575555370b2b91f633e9dd5219f44833402add1d44a5c9d8844c,traffic_flow_metrics
guangzhou,elephant_flow_success_total,,17,,17,,6fb26fa90656575555370b2b91f633e9dd5219f44833402add1d44a5c9d8844c,traffic_flow_metrics
guangzhou,elephant_flow_active_seconds_total,,59,59,,,80adfdfdb19fb8662d319354573ab5f59e87b3e02872bb742e429f6a774ac62d,traffic_flow_metrics
guangzhou,elephant_flow_batches_completed_total,,59,24,35,,80adfdfdb19fb8662d319354573ab5f59e87b3e02872bb742e429f6a774ac62d,traffic_flow_metrics
guangzhou,elephant_flow_batches_failed_total,,59,1,58,,80adfdfdb19fb8662d319354573ab5f59e87b3e02872bb742e429f6a774ac62d,traffic_flow_metrics
guangzhou,elephant_flow_batches_started_total,,59,24,35,,80adfdfdb19fb8662d319354573ab5f59e87b3e02872bb742e429f6a774ac62d,traffic_flow_metrics
guangzhou,elephant_flow_batches_timeout_total,,59,,59,,80adfdfdb19fb8662d319354573ab5f59e87b3e02872bb742e429f6a774ac62d,traffic_flow_metrics
guangzhou,elephant_flow_bytes_received_total,,59,24,35,,80adfdfdb19fb8662d319354573ab5f59e87b3e02872bb742e429f6a774ac62d,traffic_flow_metrics
guangzhou,elephant_flow_bytes_sent_total,,59,24,35,,80adfdfdb19fb8662d319354573ab5f59e87b3e02872bb742e429f6a774ac62d,traffic_flow_metrics
guangzhou,elephant_flow_duration_seconds_count,,59,25,34,,80adfdfdb19fb8662d319354573ab5f59e87b3e02872bb742e429f6a774ac62d,traffic_flow_metrics
guangzhou,elephant_flow_duration_seconds_sum,,59,25,34,,80adfdfdb19fb8662d319354573ab5f59e87b3e02872bb742e429f6a774ac62d,traffic_flow_metrics
guangzhou,elephant_flow_error_total,,59,,59,,80adfdfdb19fb8662d319354573ab5f59e87b3e02872bb742e429f6a774ac62d,traffic_flow_metrics
guangzhou,elephant_flow_requests_total,,59,24,35,,80adfdfdb19fb8662d319354573ab5f59e87b3e02872bb742e429f6a774ac62d,traffic_flow_metrics
guangzhou,elephant_flow_retransmits_total,,59,,59,,80adfdfdb19fb8662d319354573ab5f59e87b3e02872bb742e429f6a774ac62d,traffic_flow_metrics
guangzhou,elephant_flow_success_total,,59,24,35,,80adfdfdb19fb8662d319354573ab5f59e87b3e02872bb742e429f6a774ac62d,traffic_flow_metrics
guangzhou,elephant_flow_active_seconds_total,,39,39,,,901f517cb8cb1f7c77b64d76129cf58345d294158458b8e4c40a4f07b6d0e06f,traffic_flow_metrics
guangzhou,elephant_flow_batches_completed_total,,39,17,22,,901f517cb8cb1f7c77b64d76129cf58345d294158458b8e4c40a4f07b6d0e06f,traffic_flow_metrics
guangzhou,elephant_flow_batches_failed_total,,39,,39,,901f517cb8cb1f7c77b64d76129cf58345d294158458b8e4c40a4f07b6d0e06f,traffic_flow_metrics
guangzhou,elephant_flow_batches_started_total,,39,16,23,,901f517cb8cb1f7c77b64d76129cf58345d294158458b8e4c40a4f07b6d0e06f,traffic_flow_metrics
guangzhou,elephant_flow_batches_timeout_total,,39,,39,,901f517cb8cb1f7c77b64d76129cf58345d294158458b8e4c40a4f07b6d0e06f,traffic_flow_metrics
guangzhou,elephant_flow_bytes_received_total,,39,17,22,,901f517cb8cb1f7c77b64d76129cf58345d294158458b8e4c40a4f07b6d0e06f,traffic_flow_metrics
guangzhou,elephant_flow_bytes_sent_total,,39,17,22,,901f517cb8cb1f7c77b64d76129cf58345d294158458b8e4c40a4f07b6d0e06f,traffic_flow_metrics
guangzhou,elephant_flow_duration_seconds_count,,39,17,22,,901f517cb8cb1f7c77b64d76129cf58345d294158458b8e4c40a4f07b6d0e06f,traffic_flow_metrics
guangzhou,elephant_flow_duration_seconds_sum,,39,17,22,,901f517cb8cb1f7c77b64d76129cf58345d294158458b8e4c40a4f07b6d0e06f,traffic_flow_metrics
guangzhou,elephant_flow_error_total,,39,,39,,901f517cb8cb1f7c77b64d76129cf58345d294158458b8e4c40a4f07b6d0e06f,traffic_flow_metrics
guangzhou,elephant_flow_requests_total,,39,17,22,,901f517cb8cb1f7c77b64d76129cf58345d294158458b8e4c40a4f07b6d0e06f,traffic_flow_metrics
guangzhou,elephant_flow_retransmits_total,,39,,39,,901f517cb8cb1f7c77b64d76129cf58345d294158458b8e4c40a4f07b6d0e06f,traffic_flow_metrics
guangzhou,elephant_flow_success_total,,39,17,22,,901f517cb8cb1f7c77b64d76129cf58345d294158458b8e4c40a4f07b6d0e06f,traffic_flow_metrics
guangzhou,elephant_flow_active_seconds_total,,32,32,,,93bf7bbfad331bf575b2ce0ec1336bab0e835421e4ab48b24803eaf0b125def7,traffic_flow_metrics
guangzhou,elephant_flow_batches_completed_total,,32,14,18,,93bf7bbfad331bf575b2ce0ec1336bab0e835421e4ab48b24803eaf0b125def7,traffic_flow_metrics
guangzhou,elephant_flow_batches_failed_total,,32,,32,,93bf7bbfad331bf575b2ce0ec1336bab0e835421e4ab48b24803eaf0b125def7,traffic_flow_metrics
guangzhou,elephant_flow_batches_started_total,,32,13,19,,93bf7bbfad331bf575b2ce0ec1336bab0e835421e4ab48b24803eaf0b125def7,traffic_flow_metrics
guangzhou,elephant_flow_batches_timeout_total,,32,,32,,93bf7bbfad331bf575b2ce0ec1336bab0e835421e4ab48b24803eaf0b125def7,traffic_flow_metrics
guangzhou,elephant_flow_bytes_received_total,,32,14,18,,93bf7bbfad331bf575b2ce0ec1336bab0e835421e4ab48b24803eaf0b125def7,traffic_flow_metrics
guangzhou,elephant_flow_bytes_sent_total,,32,14,18,,93bf7bbfad331bf575b2ce0ec1336bab0e835421e4ab48b24803eaf0b125def7,traffic_flow_metrics
guangzhou,elephant_flow_duration_seconds_count,,32,14,18,,93bf7bbfad331bf575b2ce0ec1336bab0e835421e4ab48b24803eaf0b125def7,traffic_flow_metrics
guangzhou,elephant_flow_duration_seconds_sum,,32,14,18,,93bf7bbfad331bf575b2ce0ec1336bab0e835421e4ab48b24803eaf0b125def7,traffic_flow_metrics
guangzhou,elephant_flow_error_total,,32,,32,,93bf7bbfad331bf575b2ce0ec1336bab0e835421e4ab48b24803eaf0b125def7,traffic_flow_metrics
guangzhou,elephant_flow_requests_total,,32,14,18,,93bf7bbfad331bf575b2ce0ec1336bab0e835421e4ab48b24803eaf0b125def7,traffic_flow_metrics
guangzhou,elephant_flow_retransmits_total,,32,,32,,93bf7bbfad331bf575b2ce0ec1336bab0e835421e4ab48b24803eaf0b125def7,traffic_flow_metrics
guangzhou,elephant_flow_success_total,,32,14,18,,93bf7bbfad331bf575b2ce0ec1336bab0e835421e4ab48b24803eaf0b125def7,traffic_flow_metrics
guangzhou,web_flow_active_seconds_total,,18840,18779,61,,ad5bfbf6494ec00b594c42721953bfa0e72a8b90cf04e780949b2c88af06806c,traffic_flow_metrics
guangzhou,web_flow_batches_completed_total,,18840,14254,4586,,ad5bfbf6494ec00b594c42721953bfa0e72a8b90cf04e780949b2c88af06806c,traffic_flow_metrics
guangzhou,web_flow_batches_failed_total,,18840,482,18358,,ad5bfbf6494ec00b594c42721953bfa0e72a8b90cf04e780949b2c88af06806c,traffic_flow_metrics
guangzhou,web_flow_batches_started_total,,18840,14674,4166,,ad5bfbf6494ec00b594c42721953bfa0e72a8b90cf04e780949b2c88af06806c,traffic_flow_metrics
guangzhou,web_flow_batches_timeout_total,,18840,231,18609,,ad5bfbf6494ec00b594c42721953bfa0e72a8b90cf04e780949b2c88af06806c,traffic_flow_metrics
guangzhou,web_flow_bytes_received_total,,18840,18266,574,,ad5bfbf6494ec00b594c42721953bfa0e72a8b90cf04e780949b2c88af06806c,traffic_flow_metrics
guangzhou,web_flow_bytes_sent_total,,18840,18266,574,,ad5bfbf6494ec00b594c42721953bfa0e72a8b90cf04e780949b2c88af06806c,traffic_flow_metrics
guangzhou,web_flow_duration_seconds_count,,18840,14713,4127,,ad5bfbf6494ec00b594c42721953bfa0e72a8b90cf04e780949b2c88af06806c,traffic_flow_metrics
guangzhou,web_flow_duration_seconds_sum,,18840,14713,4127,,ad5bfbf6494ec00b594c42721953bfa0e72a8b90cf04e780949b2c88af06806c,traffic_flow_metrics
guangzhou,web_flow_error_total,,18840,358,18482,,ad5bfbf6494ec00b594c42721953bfa0e72a8b90cf04e780949b2c88af06806c,traffic_flow_metrics
guangzhou,web_flow_request_latency_seconds_count,,18840,18266,574,,ad5bfbf6494ec00b594c42721953bfa0e72a8b90cf04e780949b2c88af06806c,traffic_flow_metrics
guangzhou,web_flow_request_latency_seconds_sum,,18840,18266,574,,ad5bfbf6494ec00b594c42721953bfa0e72a8b90cf04e780949b2c88af06806c,traffic_flow_metrics
guangzhou,web_flow_requests_total,,18840,18524,316,,ad5bfbf6494ec00b594c42721953bfa0e72a8b90cf04e780949b2c88af06806c,traffic_flow_metrics
guangzhou,web_flow_success_total,,18840,18170,670,,ad5bfbf6494ec00b594c42721953bfa0e72a8b90cf04e780949b2c88af06806c,traffic_flow_metrics
guangzhou,elephant_flow_active_seconds_total,,21,21,,,b3435e8973b2d3381385dd3fa1273cc8bc002e39fb31f117937533c25ea957c5,traffic_flow_metrics
guangzhou,elephant_flow_batches_completed_total,,21,9,12,,b3435e8973b2d3381385dd3fa1273cc8bc002e39fb31f117937533c25ea957c5,traffic_flow_metrics
guangzhou,elephant_flow_batches_failed_total,,21,1,20,,b3435e8973b2d3381385dd3fa1273cc8bc002e39fb31f117937533c25ea957c5,traffic_flow_metrics
guangzhou,elephant_flow_batches_started_total,,21,9,12,,b3435e8973b2d3381385dd3fa1273cc8bc002e39fb31f117937533c25ea957c5,traffic_flow_metrics
guangzhou,elephant_flow_batches_timeout_total,,21,,21,,b3435e8973b2d3381385dd3fa1273cc8bc002e39fb31f117937533c25ea957c5,traffic_flow_metrics
guangzhou,elephant_flow_bytes_received_total,,21,9,12,,b3435e8973b2d3381385dd3fa1273cc8bc002e39fb31f117937533c25ea957c5,traffic_flow_metrics
guangzhou,elephant_flow_bytes_sent_total,,21,9,12,,b3435e8973b2d3381385dd3fa1273cc8bc002e39fb31f117937533c25ea957c5,traffic_flow_metrics
guangzhou,elephant_flow_duration_seconds_count,,21,10,11,,b3435e8973b2d3381385dd3fa1273cc8bc002e39fb31f117937533c25ea957c5,traffic_flow_metrics
guangzhou,elephant_flow_duration_seconds_sum,,21,10,11,,b3435e8973b2d3381385dd3fa1273cc8bc002e39fb31f117937533c25ea957c5,traffic_flow_metrics
guangzhou,elephant_flow_error_total,,21,,21,,b3435e8973b2d3381385dd3fa1273cc8bc002e39fb31f117937533c25ea957c5,traffic_flow_metrics
guangzhou,elephant_flow_requests_total,,21,9,12,,b3435e8973b2d3381385dd3fa1273cc8bc002e39fb31f117937533c25ea957c5,traffic_flow_metrics
guangzhou,elephant_flow_retransmits_total,,21,,21,,b3435e8973b2d3381385dd3fa1273cc8bc002e39fb31f117937533c25ea957c5,traffic_flow_metrics
guangzhou,elephant_flow_success_total,,21,9,12,,b3435e8973b2d3381385dd3fa1273cc8bc002e39fb31f117937533c25ea957c5,traffic_flow_metrics
guangzhou,elephant_flow_active_seconds_total,,47,47,,,cc5a6ede93b83159a990b9772deb6cb840c170fadc269d8d9a109cbec679be39,traffic_flow_metrics
guangzhou,elephant_flow_batches_completed_total,,47,19,28,,cc5a6ede93b83159a990b9772deb6cb840c170fadc269d8d9a109cbec679be39,traffic_flow_metrics
guangzhou,elephant_flow_batches_failed_total,,47,,47,,cc5a6ede93b83159a990b9772deb6cb840c170fadc269d8d9a109cbec679be39,traffic_flow_metrics
guangzhou,elephant_flow_batches_started_total,,47,18,29,,cc5a6ede93b83159a990b9772deb6cb840c170fadc269d8d9a109cbec679be39,traffic_flow_metrics
guangzhou,elephant_flow_batches_timeout_total,,47,,47,,cc5a6ede93b83159a990b9772deb6cb840c170fadc269d8d9a109cbec679be39,traffic_flow_metrics
guangzhou,elephant_flow_bytes_received_total,,47,19,28,,cc5a6ede93b83159a990b9772deb6cb840c170fadc269d8d9a109cbec679be39,traffic_flow_metrics
guangzhou,elephant_flow_bytes_sent_total,,47,19,28,,cc5a6ede93b83159a990b9772deb6cb840c170fadc269d8d9a109cbec679be39,traffic_flow_metrics
guangzhou,elephant_flow_duration_seconds_count,,47,19,28,,cc5a6ede93b83159a990b9772deb6cb840c170fadc269d8d9a109cbec679be39,traffic_flow_metrics
guangzhou,elephant_flow_duration_seconds_sum,,47,19,28,,cc5a6ede93b83159a990b9772deb6cb840c170fadc269d8d9a109cbec679be39,traffic_flow_metrics
guangzhou,elephant_flow_error_total,,47,,47,,cc5a6ede93b83159a990b9772deb6cb840c170fadc269d8d9a109cbec679be39,traffic_flow_metrics
guangzhou,elephant_flow_requests_total,,47,19,28,,cc5a6ede93b83159a990b9772deb6cb840c170fadc269d8d9a109cbec679be39,traffic_flow_metrics
guangzhou,elephant_flow_retransmits_total,,47,,47,,cc5a6ede93b83159a990b9772deb6cb840c170fadc269d8d9a109cbec679be39,traffic_flow_metrics
guangzhou,elephant_flow_success_total,,47,19,28,,cc5a6ede93b83159a990b9772deb6cb840c170fadc269d8d9a109cbec679be39,traffic_flow_metrics
guangzhou,elephant_flow_active_seconds_total,,36,36,,,d9b30f6fcf9558f76c296b009c038271e2760acf00081d15dd32fe13e3063c68,traffic_flow_metrics
guangzhou,elephant_flow_batches_completed_total,,36,16,20,,d9b30f6fcf9558f76c296b009c038271e2760acf00081d15dd32fe13e3063c68,traffic_flow_metrics
guangzhou,elephant_flow_batches_failed_total,,36,,36,,d9b30f6fcf9558f76c296b009c038271e2760acf00081d15dd32fe13e3063c68,traffic_flow_metrics
guangzhou,elephant_flow_batches_started_total,,36,15,21,,d9b30f6fcf9558f76c296b009c038271e2760acf00081d15dd32fe13e3063c68,traffic_flow_metrics
guangzhou,elephant_flow_batches_timeout_total,,36,,36,,d9b30f6fcf9558f76c296b009c038271e2760acf00081d15dd32fe13e3063c68,traffic_flow_metrics
guangzhou,elephant_flow_bytes_received_total,,36,16,20,,d9b30f6fcf9558f76c296b009c038271e2760acf00081d15dd32fe13e3063c68,traffic_flow_metrics
guangzhou,elephant_flow_bytes_sent_total,,36,16,20,,d9b30f6fcf9558f76c296b009c038271e2760acf00081d15dd32fe13e3063c68,traffic_flow_metrics
guangzhou,elephant_flow_duration_seconds_count,,36,16,20,,d9b30f6fcf9558f76c296b009c038271e2760acf00081d15dd32fe13e3063c68,traffic_flow_metrics
guangzhou,elephant_flow_duration_seconds_sum,,36,16,20,,d9b30f6fcf9558f76c296b009c038271e2760acf00081d15dd32fe13e3063c68,traffic_flow_metrics
guangzhou,elephant_flow_error_total,,36,,36,,d9b30f6fcf9558f76c296b009c038271e2760acf00081d15dd32fe13e3063c68,traffic_flow_metrics
guangzhou,elephant_flow_requests_total,,36,16,20,,d9b30f6fcf9558f76c296b009c038271e2760acf00081d15dd32fe13e3063c68,traffic_flow_metrics
guangzhou,elephant_flow_retransmits_total,,36,,36,,d9b30f6fcf9558f76c296b009c038271e2760acf00081d15dd32fe13e3063c68,traffic_flow_metrics
guangzhou,elephant_flow_success_total,,36,16,20,,d9b30f6fcf9558f76c296b009c038271e2760acf00081d15dd32fe13e3063c68,traffic_flow_metrics
guangzhou,auth_flow_active_seconds_total,,13120,13022,98,,ee326f44976e396efecf37ca2be7f0c6d8ebf134bdf231390e009766ac78c202,traffic_flow_metrics
guangzhou,auth_flow_batches_completed_total,,13120,10604,2516,,ee326f44976e396efecf37ca2be7f0c6d8ebf134bdf231390e009766ac78c202,traffic_flow_metrics
guangzhou,auth_flow_batches_failed_total,,13120,303,12817,,ee326f44976e396efecf37ca2be7f0c6d8ebf134bdf231390e009766ac78c202,traffic_flow_metrics
guangzhou,auth_flow_batches_started_total,,13120,10820,2300,,ee326f44976e396efecf37ca2be7f0c6d8ebf134bdf231390e009766ac78c202,traffic_flow_metrics
guangzhou,auth_flow_batches_timeout_total,,13120,116,13004,,ee326f44976e396efecf37ca2be7f0c6d8ebf134bdf231390e009766ac78c202,traffic_flow_metrics
guangzhou,auth_flow_bytes_received_total,,13120,12648,472,,ee326f44976e396efecf37ca2be7f0c6d8ebf134bdf231390e009766ac78c202,traffic_flow_metrics
guangzhou,auth_flow_bytes_sent_total,,13120,12648,472,,ee326f44976e396efecf37ca2be7f0c6d8ebf134bdf231390e009766ac78c202,traffic_flow_metrics
guangzhou,auth_flow_duration_seconds_count,,13120,10903,2217,,ee326f44976e396efecf37ca2be7f0c6d8ebf134bdf231390e009766ac78c202,traffic_flow_metrics
guangzhou,auth_flow_duration_seconds_sum,,13120,10903,2217,,ee326f44976e396efecf37ca2be7f0c6d8ebf134bdf231390e009766ac78c202,traffic_flow_metrics
guangzhou,auth_flow_error_total,,13120,246,12874,,ee326f44976e396efecf37ca2be7f0c6d8ebf134bdf231390e009766ac78c202,traffic_flow_metrics
guangzhou,auth_flow_request_latency_seconds_count,,13120,12648,472,,ee326f44976e396efecf37ca2be7f0c6d8ebf134bdf231390e009766ac78c202,traffic_flow_metrics
guangzhou,auth_flow_request_latency_seconds_sum,,13120,12648,472,,ee326f44976e396efecf37ca2be7f0c6d8ebf134bdf231390e009766ac78c202,traffic_flow_metrics
guangzhou,auth_flow_requests_total,,13120,12765,355,,ee326f44976e396efecf37ca2be7f0c6d8ebf134bdf231390e009766ac78c202,traffic_flow_metrics
guangzhou,auth_flow_success_total,,13120,12539,581,,ee326f44976e396efecf37ca2be7f0c6d8ebf134bdf231390e009766ac78c202,traffic_flow_metrics
guangzhou,elephant_flow_active_seconds_total,,32,32,,,f1fc7f85ee2a58b9ba446a4c8387f444d4dc75c9e86d3fcd53c99fc7f32da1f7,traffic_flow_metrics
guangzhou,elephant_flow_batches_completed_total,,32,15,17,,f1fc7f85ee2a58b9ba446a4c8387f444d4dc75c9e86d3fcd53c99fc7f32da1f7,traffic_flow_metrics
guangzhou,elephant_flow_batches_failed_total,,32,,32,,f1fc7f85ee2a58b9ba446a4c8387f444d4dc75c9e86d3fcd53c99fc7f32da1f7,traffic_flow_metrics
guangzhou,elephant_flow_batches_started_total,,32,14,18,,f1fc7f85ee2a58b9ba446a4c8387f444d4dc75c9e86d3fcd53c99fc7f32da1f7,traffic_flow_metrics
guangzhou,elephant_flow_batches_timeout_total,,32,,32,,f1fc7f85ee2a58b9ba446a4c8387f444d4dc75c9e86d3fcd53c99fc7f32da1f7,traffic_flow_metrics
guangzhou,elephant_flow_bytes_received_total,,32,15,17,,f1fc7f85ee2a58b9ba446a4c8387f444d4dc75c9e86d3fcd53c99fc7f32da1f7,traffic_flow_metrics
guangzhou,elephant_flow_bytes_sent_total,,32,15,17,,f1fc7f85ee2a58b9ba446a4c8387f444d4dc75c9e86d3fcd53c99fc7f32da1f7,traffic_flow_metrics
guangzhou,elephant_flow_duration_seconds_count,,32,15,17,,f1fc7f85ee2a58b9ba446a4c8387f444d4dc75c9e86d3fcd53c99fc7f32da1f7,traffic_flow_metrics
guangzhou,elephant_flow_duration_seconds_sum,,32,15,17,,f1fc7f85ee2a58b9ba446a4c8387f444d4dc75c9e86d3fcd53c99fc7f32da1f7,traffic_flow_metrics
guangzhou,elephant_flow_error_total,,32,,32,,f1fc7f85ee2a58b9ba446a4c8387f444d4dc75c9e86d3fcd53c99fc7f32da1f7,traffic_flow_metrics
guangzhou,elephant_flow_requests_total,,32,15,17,,f1fc7f85ee2a58b9ba446a4c8387f444d4dc75c9e86d3fcd53c99fc7f32da1f7,traffic_flow_metrics
guangzhou,elephant_flow_retransmits_total,,32,,32,,f1fc7f85ee2a58b9ba446a4c8387f444d4dc75c9e86d3fcd53c99fc7f32da1f7,traffic_flow_metrics
guangzhou,elephant_flow_success_total,,32,15,17,,f1fc7f85ee2a58b9ba446a4c8387f444d4dc75c9e86d3fcd53c99fc7f32da1f7,traffic_flow_metrics
guangzhou,elephant_flow_active_seconds_total,,17,17,,,f825c5c472dae3c67bc84a68587e135feb0d1b9b0a75665235938fbd49c44f65,traffic_flow_metrics
guangzhou,elephant_flow_batches_completed_total,,17,,17,,f825c5c472dae3c67bc84a68587e135feb0d1b9b0a75665235938fbd49c44f65,traffic_flow_metrics
guangzhou,elephant_flow_batches_failed_total,,17,17,,,f825c5c472dae3c67bc84a68587e135feb0d1b9b0a75665235938fbd49c44f65,traffic_flow_metrics
guangzhou,elephant_flow_batches_started_total,,17,17,,,f825c5c472dae3c67bc84a68587e135feb0d1b9b0a75665235938fbd49c44f65,traffic_flow_metrics
guangzhou,elephant_flow_batches_timeout_total,,17,,17,,f825c5c472dae3c67bc84a68587e135feb0d1b9b0a75665235938fbd49c44f65,traffic_flow_metrics
guangzhou,elephant_flow_bytes_received_total,,17,,17,,f825c5c472dae3c67bc84a68587e135feb0d1b9b0a75665235938fbd49c44f65,traffic_flow_metrics
guangzhou,elephant_flow_bytes_sent_total,,17,,17,,f825c5c472dae3c67bc84a68587e135feb0d1b9b0a75665235938fbd49c44f65,traffic_flow_metrics
guangzhou,elephant_flow_duration_seconds_count,,17,17,,,f825c5c472dae3c67bc84a68587e135feb0d1b9b0a75665235938fbd49c44f65,traffic_flow_metrics
guangzhou,elephant_flow_duration_seconds_sum,,17,17,,,f825c5c472dae3c67bc84a68587e135feb0d1b9b0a75665235938fbd49c44f65,traffic_flow_metrics
guangzhou,elephant_flow_error_total,,17,,17,,f825c5c472dae3c67bc84a68587e135feb0d1b9b0a75665235938fbd49c44f65,traffic_flow_metrics
guangzhou,elephant_flow_requests_total,,17,,17,,f825c5c472dae3c67bc84a68587e135feb0d1b9b0a75665235938fbd49c44f65,traffic_flow_metrics
guangzhou,elephant_flow_retransmits_total,,17,,17,,f825c5c472dae3c67bc84a68587e135feb0d1b9b0a75665235938fbd49c44f65,traffic_flow_metrics
guangzhou,elephant_flow_success_total,,17,,17,,f825c5c472dae3c67bc84a68587e135feb0d1b9b0a75665235938fbd49c44f65,traffic_flow_metrics
guangzhou,elephant_flow_active_seconds_total,,60,60,,,fc325537f6df2d71332b84cce3a8ba1a864d425b06af3ac0662beb121be8e89a,traffic_flow_metrics
guangzhou,elephant_flow_batches_completed_total,,60,25,35,,fc325537f6df2d71332b84cce3a8ba1a864d425b06af3ac0662beb121be8e89a,traffic_flow_metrics
guangzhou,elephant_flow_batches_failed_total,,60,,60,,fc325537f6df2d71332b84cce3a8ba1a864d425b06af3ac0662beb121be8e89a,traffic_flow_metrics
guangzhou,elephant_flow_batches_started_total,,60,24,36,,fc325537f6df2d71332b84cce3a8ba1a864d425b06af3ac0662beb121be8e89a,traffic_flow_metrics
guangzhou,elephant_flow_batches_timeout_total,,60,,60,,fc325537f6df2d71332b84cce3a8ba1a864d425b06af3ac0662beb121be8e89a,traffic_flow_metrics
guangzhou,elephant_flow_bytes_received_total,,60,25,35,,fc325537f6df2d71332b84cce3a8ba1a864d425b06af3ac0662beb121be8e89a,traffic_flow_metrics
guangzhou,elephant_flow_bytes_sent_total,,60,25,35,,fc325537f6df2d71332b84cce3a8ba1a864d425b06af3ac0662beb121be8e89a,traffic_flow_metrics
guangzhou,elephant_flow_duration_seconds_count,,60,25,35,,fc325537f6df2d71332b84cce3a8ba1a864d425b06af3ac0662beb121be8e89a,traffic_flow_metrics
guangzhou,elephant_flow_duration_seconds_sum,,60,25,35,,fc325537f6df2d71332b84cce3a8ba1a864d425b06af3ac0662beb121be8e89a,traffic_flow_metrics
guangzhou,elephant_flow_error_total,,60,,60,,fc325537f6df2d71332b84cce3a8ba1a864d425b06af3ac0662beb121be8e89a,traffic_flow_metrics
guangzhou,elephant_flow_requests_total,,60,25,35,,fc325537f6df2d71332b84cce3a8ba1a864d425b06af3ac0662beb121be8e89a,traffic_flow_metrics
guangzhou,elephant_flow_retransmits_total,,60,,60,,fc325537f6df2d71332b84cce3a8ba1a864d425b06af3ac0662beb121be8e89a,traffic_flow_metrics
guangzhou,elephant_flow_success_total,,60,25,35,,fc325537f6df2d71332b84cce3a8ba1a864d425b06af3ac0662beb121be8e89a,traffic_flow_metrics
guangzhou,elephant_flow_active_seconds_total,,62,61,1,,fda7d1855aa0e6b32e2846da32b4ca1fce7f8e9046665224d1db9083c5d01acb,traffic_flow_metrics
guangzhou,elephant_flow_batches_completed_total,,62,25,37,,fda7d1855aa0e6b32e2846da32b4ca1fce7f8e9046665224d1db9083c5d01acb,traffic_flow_metrics
guangzhou,elephant_flow_batches_failed_total,,62,1,61,,fda7d1855aa0e6b32e2846da32b4ca1fce7f8e9046665224d1db9083c5d01acb,traffic_flow_metrics
guangzhou,elephant_flow_batches_started_total,,62,25,37,,fda7d1855aa0e6b32e2846da32b4ca1fce7f8e9046665224d1db9083c5d01acb,traffic_flow_metrics
guangzhou,elephant_flow_batches_timeout_total,,62,,62,,fda7d1855aa0e6b32e2846da32b4ca1fce7f8e9046665224d1db9083c5d01acb,traffic_flow_metrics
guangzhou,elephant_flow_bytes_received_total,,62,25,37,,fda7d1855aa0e6b32e2846da32b4ca1fce7f8e9046665224d1db9083c5d01acb,traffic_flow_metrics
guangzhou,elephant_flow_bytes_sent_total,,62,25,37,,fda7d1855aa0e6b32e2846da32b4ca1fce7f8e9046665224d1db9083c5d01acb,traffic_flow_metrics
guangzhou,elephant_flow_duration_seconds_count,,62,26,36,,fda7d1855aa0e6b32e2846da32b4ca1fce7f8e9046665224d1db9083c5d01acb,traffic_flow_metrics
guangzhou,elephant_flow_duration_seconds_sum,,62,26,36,,fda7d1855aa0e6b32e2846da32b4ca1fce7f8e9046665224d1db9083c5d01acb,traffic_flow_metrics
guangzhou,elephant_flow_error_total,,62,,62,,fda7d1855aa0e6b32e2846da32b4ca1fce7f8e9046665224d1db9083c5d01acb,traffic_flow_metrics
guangzhou,elephant_flow_requests_total,,62,25,37,,fda7d1855aa0e6b32e2846da32b4ca1fce7f8e9046665224d1db9083c5d01acb,traffic_flow_metrics
guangzhou,elephant_flow_retransmits_total,,62,,62,,fda7d1855aa0e6b32e2846da32b4ca1fce7f8e9046665224d1db9083c5d01acb,traffic_flow_metrics
guangzhou,elephant_flow_success_total,,62,25,37,,fda7d1855aa0e6b32e2846da32b4ca1fce7f8e9046665224d1db9083c5d01acb,traffic_flow_metrics
guangzhou,elephant_flow_active_seconds_total,,45,45,,,ff8d57b6fe06082c223bc08646f4332432383edde27f582c2965b9cbf5983871,traffic_flow_metrics
guangzhou,elephant_flow_batches_completed_total,,45,19,26,,ff8d57b6fe06082c223bc08646f4332432383edde27f582c2965b9cbf5983871,traffic_flow_metrics
guangzhou,elephant_flow_batches_failed_total,,45,,45,,ff8d57b6fe06082c223bc08646f4332432383edde27f582c2965b9cbf5983871,traffic_flow_metrics
guangzhou,elephant_flow_batches_started_total,,45,19,26,,ff8d57b6fe06082c223bc08646f4332432383edde27f582c2965b9cbf5983871,traffic_flow_metrics
guangzhou,elephant_flow_batches_timeout_total,,45,,45,,ff8d57b6fe06082c223bc08646f4332432383edde27f582c2965b9cbf5983871,traffic_flow_metrics
guangzhou,elephant_flow_bytes_received_total,,45,19,26,,ff8d57b6fe06082c223bc08646f4332432383edde27f582c2965b9cbf5983871,traffic_flow_metrics
guangzhou,elephant_flow_bytes_sent_total,,45,19,26,,ff8d57b6fe06082c223bc08646f4332432383edde27f582c2965b9cbf5983871,traffic_flow_metrics
guangzhou,elephant_flow_duration_seconds_count,,45,19,26,,ff8d57b6fe06082c223bc08646f4332432383edde27f582c2965b9cbf5983871,traffic_flow_metrics
guangzhou,elephant_flow_duration_seconds_sum,,45,19,26,,ff8d57b6fe06082c223bc08646f4332432383edde27f582c2965b9cbf5983871,traffic_flow_metrics
guangzhou,elephant_flow_error_total,,45,,45,,ff8d57b6fe06082c223bc08646f4332432383edde27f582c2965b9cbf5983871,traffic_flow_metrics
guangzhou,elephant_flow_requests_total,,45,19,26,,ff8d57b6fe06082c223bc08646f4332432383edde27f582c2965b9cbf5983871,traffic_flow_metrics
guangzhou,elephant_flow_retransmits_total,,45,,45,,ff8d57b6fe06082c223bc08646f4332432383edde27f582c2965b9cbf5983871,traffic_flow_metrics
guangzhou,elephant_flow_success_total,,45,19,26,,ff8d57b6fe06082c223bc08646f4332432383edde27f582c2965b9cbf5983871,traffic_flow_metrics
guangzhou,dns_flow_active_seconds_total,,19952,19922,30,,ffb05429579021fd35348352550a0b841ac2f6528a179dbccbd62b53a8a52908,traffic_flow_metrics
guangzhou,dns_flow_batches_completed_total,,19952,18662,1290,,ffb05429579021fd35348352550a0b841ac2f6528a179dbccbd62b53a8a52908,traffic_flow_metrics
guangzhou,dns_flow_batches_failed_total,,19952,162,19790,,ffb05429579021fd35348352550a0b841ac2f6528a179dbccbd62b53a8a52908,traffic_flow_metrics
guangzhou,dns_flow_batches_started_total,,19952,18769,1183,,ffb05429579021fd35348352550a0b841ac2f6528a179dbccbd62b53a8a52908,traffic_flow_metrics
guangzhou,dns_flow_batches_timeout_total,,19952,162,19790,,ffb05429579021fd35348352550a0b841ac2f6528a179dbccbd62b53a8a52908,traffic_flow_metrics
guangzhou,dns_flow_bytes_received_total,,19952,19737,215,,ffb05429579021fd35348352550a0b841ac2f6528a179dbccbd62b53a8a52908,traffic_flow_metrics
guangzhou,dns_flow_bytes_sent_total,,19952,19737,215,,ffb05429579021fd35348352550a0b841ac2f6528a179dbccbd62b53a8a52908,traffic_flow_metrics
guangzhou,dns_flow_duration_seconds_count,,19952,18813,1139,,ffb05429579021fd35348352550a0b841ac2f6528a179dbccbd62b53a8a52908,traffic_flow_metrics
guangzhou,dns_flow_duration_seconds_sum,,19952,18813,1139,,ffb05429579021fd35348352550a0b841ac2f6528a179dbccbd62b53a8a52908,traffic_flow_metrics
guangzhou,dns_flow_error_total,,19952,270,19682,,ffb05429579021fd35348352550a0b841ac2f6528a179dbccbd62b53a8a52908,traffic_flow_metrics
guangzhou,dns_flow_request_latency_seconds_count,,19952,19737,215,,ffb05429579021fd35348352550a0b841ac2f6528a179dbccbd62b53a8a52908,traffic_flow_metrics
guangzhou,dns_flow_request_latency_seconds_sum,,19952,19737,215,,ffb05429579021fd35348352550a0b841ac2f6528a179dbccbd62b53a8a52908,traffic_flow_metrics
guangzhou,dns_flow_requests_total,,19952,19896,56,,ffb05429579021fd35348352550a0b841ac2f6528a179dbccbd62b53a8a52908,traffic_flow_metrics
guangzhou,dns_flow_success_total,,19952,19737,215,,ffb05429579021fd35348352550a0b841ac2f6528a179dbccbd62b53a8a52908,traffic_flow_metrics
nanjing,value,,20150,,20150,,nanjing-br-1|bgp_peer_count|,routing_metrics
nanjing,value,,20150,,20150,,nanjing-br-1|ipv6_default_route_changed_total|,routing_metrics
nanjing,value,,20150,,20150,,"nanjing-br-1|ipv6_route_change_total|prefix=""::/0",routing_metrics
nanjing,value,,20150,1,20149,,"nanjing-br-1|ipv6_route_change_total|prefix=""fd00:1:40::/64",routing_metrics
nanjing,value,,20150,,20150,,"nanjing-br-1|ipv6_route_change_total|prefix=""fd00:2:40::/64",routing_metrics
nanjing,value,,20150,4,20146,,"nanjing-br-1|ipv6_route_change_total|prefix=""fd00:3:40::/64",routing_metrics
nanjing,value,,20150,4,20146,,"nanjing-br-1|ipv6_route_change_total|prefix=""fd00:4:40::/64",routing_metrics
nanjing,value,,20150,4,20146,,"nanjing-br-1|ipv6_route_change_total|prefix=""fd00:5:40::/64",routing_metrics
nanjing,value,,20150,,20150,,"nanjing-br-1|ipv6_route_change_total|prefix=""fd00:6:40::/64",routing_metrics
nanjing,value,,20150,,20150,,"nanjing-br-1|ipv6_route_change_total|prefix=""fd00:7:40::/64",routing_metrics
nanjing,value,,20150,2,20148,,"nanjing-br-1|ipv6_route_change_total|prefix=""fd00:8:40::/64",routing_metrics
nanjing,value,2,20150,2,20146,2,"nanjing-br-1|ipv6_route_count|protocol=""all",routing_metrics
nanjing,value,,20150,,20150,,"nanjing-br-1|ipv6_route_count|protocol=""bgp",routing_metrics
nanjing,value,,20150,,20150,,"nanjing-br-1|ipv6_route_count|protocol=""kernel",routing_metrics
nanjing,value,,20150,,20150,,"nanjing-br-1|ipv6_route_count|protocol=""ospf",routing_metrics
nanjing,value,2,20150,2,20146,2,"nanjing-br-1|ipv6_route_count|protocol=""unknown",routing_metrics
nanjing,value,,20150,,20150,,nanjing-br-2|bgp_peer_count|,routing_metrics
nanjing,value,,20150,,20150,,nanjing-br-2|ipv6_default_route_changed_total|,routing_metrics
nanjing,value,,20150,,20150,,"nanjing-br-2|ipv6_route_change_total|prefix=""::/0",routing_metrics
nanjing,value,,20150,2,20148,,"nanjing-br-2|ipv6_route_change_total|prefix=""fd00:1:40::/64",routing_metrics
nanjing,value,,20150,6,20144,,"nanjing-br-2|ipv6_route_change_total|prefix=""fd00:2:40::/64",routing_metrics
nanjing,value,,20150,18,20132,,"nanjing-br-2|ipv6_route_change_total|prefix=""fd00:3:40::/64",routing_metrics
nanjing,value,,20150,18,20132,,"nanjing-br-2|ipv6_route_change_total|prefix=""fd00:4:40::/64",routing_metrics
nanjing,value,,20150,18,20132,,"nanjing-br-2|ipv6_route_change_total|prefix=""fd00:5:40::/64",routing_metrics
nanjing,value,,20150,6,20144,,"nanjing-br-2|ipv6_route_change_total|prefix=""fd00:6:40::/64",routing_metrics
nanjing,value,,20150,,20150,,"nanjing-br-2|ipv6_route_change_total|prefix=""fd00:7:40::/64",routing_metrics
nanjing,value,,20150,5,20145,,"nanjing-br-2|ipv6_route_change_total|prefix=""fd00:8:40::/64",routing_metrics
nanjing,value,,20150,,20150,,"nanjing-br-2|ipv6_route_count|protocol=""all",routing_metrics
nanjing,value,,20150,,20150,,"nanjing-br-2|ipv6_route_count|protocol=""bgp",routing_metrics
nanjing,value,,20150,,20150,,"nanjing-br-2|ipv6_route_count|protocol=""kernel",routing_metrics
nanjing,value,,20150,,20150,,"nanjing-br-2|ipv6_route_count|protocol=""ospf",routing_metrics
nanjing,value,,20150,,20150,,"nanjing-br-2|ipv6_route_count|protocol=""unknown",routing_metrics
nanjing,value,,20159,,20159,,nanjing-cr-1|ipv6_default_route_changed_total|,routing_metrics
nanjing,value,,20159,,20159,,"nanjing-cr-1|ipv6_route_change_total|prefix=""::/0",routing_metrics
nanjing,value,,20159,,20159,,"nanjing-cr-1|ipv6_route_change_total|prefix=""fd00:1:40::/64",routing_metrics
nanjing,value,,20159,,20159,,"nanjing-cr-1|ipv6_route_change_total|prefix=""fd00:2:40::/64",routing_metrics
nanjing,value,,20159,,20159,,"nanjing-cr-1|ipv6_route_change_total|prefix=""fd00:3:40::/64",routing_metrics
nanjing,value,,20159,,20159,,"nanjing-cr-1|ipv6_route_change_total|prefix=""fd00:4:40::/64",routing_metrics
nanjing,value,,20159,,20159,,"nanjing-cr-1|ipv6_route_change_total|prefix=""fd00:5:40::/64",routing_metrics
nanjing,value,,20159,,20159,,"nanjing-cr-1|ipv6_route_change_total|prefix=""fd00:6:40::/64",routing_metrics
nanjing,value,,20159,,20159,,"nanjing-cr-1|ipv6_route_change_total|prefix=""fd00:7:40::/64",routing_metrics
nanjing,value,,20159,,20159,,"nanjing-cr-1|ipv6_route_change_total|prefix=""fd00:8:40::/64",routing_metrics
nanjing,value,,20159,,20159,,"nanjing-cr-1|ipv6_route_count|protocol=""196",routing_metrics
nanjing,value,,20159,,20159,,"nanjing-cr-1|ipv6_route_count|protocol=""all",routing_metrics
nanjing,value,,20159,,20159,,"nanjing-cr-1|ipv6_route_count|protocol=""kernel",routing_metrics
nanjing,value,,20159,,20159,,"nanjing-cr-1|ipv6_route_count|protocol=""ospf",routing_metrics
nanjing,value,,20159,,20159,,nanjing-cr-2|ipv6_default_route_changed_total|,routing_metrics
nanjing,value,,20159,,20159,,"nanjing-cr-2|ipv6_route_change_total|prefix=""::/0",routing_metrics
nanjing,value,,20159,,20159,,"nanjing-cr-2|ipv6_route_change_total|prefix=""fd00:1:40::/64",routing_metrics
nanjing,value,,20159,,20159,,"nanjing-cr-2|ipv6_route_change_total|prefix=""fd00:2:40::/64",routing_metrics
nanjing,value,,20159,,20159,,"nanjing-cr-2|ipv6_route_change_total|prefix=""fd00:3:40::/64",routing_metrics
nanjing,value,,20159,,20159,,"nanjing-cr-2|ipv6_route_change_total|prefix=""fd00:4:40::/64",routing_metrics
nanjing,value,,20159,,20159,,"nanjing-cr-2|ipv6_route_change_total|prefix=""fd00:5:40::/64",routing_metrics
nanjing,value,,20159,,20159,,"nanjing-cr-2|ipv6_route_change_total|prefix=""fd00:6:40::/64",routing_metrics
nanjing,value,,20159,,20159,,"nanjing-cr-2|ipv6_route_change_total|prefix=""fd00:7:40::/64",routing_metrics
nanjing,value,,20159,,20159,,"nanjing-cr-2|ipv6_route_change_total|prefix=""fd00:8:40::/64",routing_metrics
nanjing,value,,20159,,20159,,"nanjing-cr-2|ipv6_route_count|protocol=""196",routing_metrics
nanjing,value,1,20159,1,20157,1,"nanjing-cr-2|ipv6_route_count|protocol=""all",routing_metrics
nanjing,value,,20159,,20159,,"nanjing-cr-2|ipv6_route_count|protocol=""kernel",routing_metrics
nanjing,value,,20159,,20159,,"nanjing-cr-2|ipv6_route_count|protocol=""ospf",routing_metrics
nanjing,value,,17,,17,,"nanjing-cr-2|ipv6_route_count|protocol=""unknown",routing_metrics
nanjing,elephant_flow_active_seconds_total,,13,13,,,04fb13bfa04c19a2bfc62cc77684f2b4391c46508624a3c5619abd9260994eb0,traffic_flow_metrics
nanjing,elephant_flow_batches_completed_total,,13,,13,,04fb13bfa04c19a2bfc62cc77684f2b4391c46508624a3c5619abd9260994eb0,traffic_flow_metrics
nanjing,elephant_flow_batches_failed_total,,13,13,,,04fb13bfa04c19a2bfc62cc77684f2b4391c46508624a3c5619abd9260994eb0,traffic_flow_metrics
nanjing,elephant_flow_batches_started_total,,13,13,,,04fb13bfa04c19a2bfc62cc77684f2b4391c46508624a3c5619abd9260994eb0,traffic_flow_metrics
nanjing,elephant_flow_batches_timeout_total,,13,,13,,04fb13bfa04c19a2bfc62cc77684f2b4391c46508624a3c5619abd9260994eb0,traffic_flow_metrics
nanjing,elephant_flow_bytes_received_total,,13,,13,,04fb13bfa04c19a2bfc62cc77684f2b4391c46508624a3c5619abd9260994eb0,traffic_flow_metrics
nanjing,elephant_flow_bytes_sent_total,,13,,13,,04fb13bfa04c19a2bfc62cc77684f2b4391c46508624a3c5619abd9260994eb0,traffic_flow_metrics
nanjing,elephant_flow_duration_seconds_count,,13,13,,,04fb13bfa04c19a2bfc62cc77684f2b4391c46508624a3c5619abd9260994eb0,traffic_flow_metrics
nanjing,elephant_flow_duration_seconds_sum,,13,13,,,04fb13bfa04c19a2bfc62cc77684f2b4391c46508624a3c5619abd9260994eb0,traffic_flow_metrics
nanjing,elephant_flow_error_total,,13,,13,,04fb13bfa04c19a2bfc62cc77684f2b4391c46508624a3c5619abd9260994eb0,traffic_flow_metrics
nanjing,elephant_flow_requests_total,,13,,13,,04fb13bfa04c19a2bfc62cc77684f2b4391c46508624a3c5619abd9260994eb0,traffic_flow_metrics
nanjing,elephant_flow_retransmits_total,,13,,13,,04fb13bfa04c19a2bfc62cc77684f2b4391c46508624a3c5619abd9260994eb0,traffic_flow_metrics
nanjing,elephant_flow_success_total,,13,,13,,04fb13bfa04c19a2bfc62cc77684f2b4391c46508624a3c5619abd9260994eb0,traffic_flow_metrics
nanjing,elephant_flow_active_seconds_total,,38,37,1,,195dbbcc856d51f7d5078823d3b9c2727f21a553230baf225b751f480f646b60,traffic_flow_metrics
nanjing,elephant_flow_batches_completed_total,,38,16,22,,195dbbcc856d51f7d5078823d3b9c2727f21a553230baf225b751f480f646b60,traffic_flow_metrics
nanjing,elephant_flow_batches_failed_total,,38,1,37,,195dbbcc856d51f7d5078823d3b9c2727f21a553230baf225b751f480f646b60,traffic_flow_metrics
nanjing,elephant_flow_batches_started_total,,38,16,22,,195dbbcc856d51f7d5078823d3b9c2727f21a553230baf225b751f480f646b60,traffic_flow_metrics
nanjing,elephant_flow_batches_timeout_total,,38,,38,,195dbbcc856d51f7d5078823d3b9c2727f21a553230baf225b751f480f646b60,traffic_flow_metrics
nanjing,elephant_flow_bytes_received_total,,38,16,22,,195dbbcc856d51f7d5078823d3b9c2727f21a553230baf225b751f480f646b60,traffic_flow_metrics
nanjing,elephant_flow_bytes_sent_total,,38,16,22,,195dbbcc856d51f7d5078823d3b9c2727f21a553230baf225b751f480f646b60,traffic_flow_metrics
nanjing,elephant_flow_duration_seconds_count,,38,17,21,,195dbbcc856d51f7d5078823d3b9c2727f21a553230baf225b751f480f646b60,traffic_flow_metrics
nanjing,elephant_flow_duration_seconds_sum,,38,17,21,,195dbbcc856d51f7d5078823d3b9c2727f21a553230baf225b751f480f646b60,traffic_flow_metrics
nanjing,elephant_flow_error_total,,38,,38,,195dbbcc856d51f7d5078823d3b9c2727f21a553230baf225b751f480f646b60,traffic_flow_metrics
nanjing,elephant_flow_requests_total,,38,16,22,,195dbbcc856d51f7d5078823d3b9c2727f21a553230baf225b751f480f646b60,traffic_flow_metrics
nanjing,elephant_flow_retransmits_total,,38,,38,,195dbbcc856d51f7d5078823d3b9c2727f21a553230baf225b751f480f646b60,traffic_flow_metrics
nanjing,elephant_flow_success_total,,38,16,22,,195dbbcc856d51f7d5078823d3b9c2727f21a553230baf225b751f480f646b60,traffic_flow_metrics
nanjing,elephant_flow_active_seconds_total,,48,46,2,,1c0f53cedd72136ef3c40ac58e43f0f0ee09d264d6555047e87997bdb0ffa3fd,traffic_flow_metrics
nanjing,elephant_flow_batches_completed_total,,48,19,29,,1c0f53cedd72136ef3c40ac58e43f0f0ee09d264d6555047e87997bdb0ffa3fd,traffic_flow_metrics
nanjing,elephant_flow_batches_failed_total,,48,,48,,1c0f53cedd72136ef3c40ac58e43f0f0ee09d264d6555047e87997bdb0ffa3fd,traffic_flow_metrics
nanjing,elephant_flow_batches_started_total,,48,18,30,,1c0f53cedd72136ef3c40ac58e43f0f0ee09d264d6555047e87997bdb0ffa3fd,traffic_flow_metrics
nanjing,elephant_flow_batches_timeout_total,,48,,48,,1c0f53cedd72136ef3c40ac58e43f0f0ee09d264d6555047e87997bdb0ffa3fd,traffic_flow_metrics
nanjing,elephant_flow_bytes_received_total,,48,19,29,,1c0f53cedd72136ef3c40ac58e43f0f0ee09d264d6555047e87997bdb0ffa3fd,traffic_flow_metrics
nanjing,elephant_flow_bytes_sent_total,,48,19,29,,1c0f53cedd72136ef3c40ac58e43f0f0ee09d264d6555047e87997bdb0ffa3fd,traffic_flow_metrics
nanjing,elephant_flow_duration_seconds_count,,48,19,29,,1c0f53cedd72136ef3c40ac58e43f0f0ee09d264d6555047e87997bdb0ffa3fd,traffic_flow_metrics
nanjing,elephant_flow_duration_seconds_sum,,48,19,29,,1c0f53cedd72136ef3c40ac58e43f0f0ee09d264d6555047e87997bdb0ffa3fd,traffic_flow_metrics
nanjing,elephant_flow_error_total,,48,,48,,1c0f53cedd72136ef3c40ac58e43f0f0ee09d264d6555047e87997bdb0ffa3fd,traffic_flow_metrics
nanjing,elephant_flow_requests_total,,48,19,29,,1c0f53cedd72136ef3c40ac58e43f0f0ee09d264d6555047e87997bdb0ffa3fd,traffic_flow_metrics
nanjing,elephant_flow_retransmits_total,,48,,48,,1c0f53cedd72136ef3c40ac58e43f0f0ee09d264d6555047e87997bdb0ffa3fd,traffic_flow_metrics
nanjing,elephant_flow_success_total,,48,19,29,,1c0f53cedd72136ef3c40ac58e43f0f0ee09d264d6555047e87997bdb0ffa3fd,traffic_flow_metrics
nanjing,elephant_flow_active_seconds_total,,31,30,1,,23d3d44e4547b95b20b0142938837e86c678209864f333977bc196ca44a77cea,traffic_flow_metrics
nanjing,elephant_flow_batches_completed_total,,31,13,18,,23d3d44e4547b95b20b0142938837e86c678209864f333977bc196ca44a77cea,traffic_flow_metrics
nanjing,elephant_flow_batches_failed_total,,31,1,30,,23d3d44e4547b95b20b0142938837e86c678209864f333977bc196ca44a77cea,traffic_flow_metrics
nanjing,elephant_flow_batches_started_total,,31,13,18,,23d3d44e4547b95b20b0142938837e86c678209864f333977bc196ca44a77cea,traffic_flow_metrics
nanjing,elephant_flow_batches_timeout_total,,31,,31,,23d3d44e4547b95b20b0142938837e86c678209864f333977bc196ca44a77cea,traffic_flow_metrics
nanjing,elephant_flow_bytes_received_total,,31,13,18,,23d3d44e4547b95b20b0142938837e86c678209864f333977bc196ca44a77cea,traffic_flow_metrics
nanjing,elephant_flow_bytes_sent_total,,31,13,18,,23d3d44e4547b95b20b0142938837e86c678209864f333977bc196ca44a77cea,traffic_flow_metrics
nanjing,elephant_flow_duration_seconds_count,,31,14,17,,23d3d44e4547b95b20b0142938837e86c678209864f333977bc196ca44a77cea,traffic_flow_metrics
nanjing,elephant_flow_duration_seconds_sum,,31,14,17,,23d3d44e4547b95b20b0142938837e86c678209864f333977bc196ca44a77cea,traffic_flow_metrics
nanjing,elephant_flow_error_total,,31,,31,,23d3d44e4547b95b20b0142938837e86c678209864f333977bc196ca44a77cea,traffic_flow_metrics
nanjing,elephant_flow_requests_total,,31,13,18,,23d3d44e4547b95b20b0142938837e86c678209864f333977bc196ca44a77cea,traffic_flow_metrics
nanjing,elephant_flow_retransmits_total,,31,,31,,23d3d44e4547b95b20b0142938837e86c678209864f333977bc196ca44a77cea,traffic_flow_metrics
nanjing,elephant_flow_success_total,,31,13,18,,23d3d44e4547b95b20b0142938837e86c678209864f333977bc196ca44a77cea,traffic_flow_metrics
nanjing,elephant_flow_active_seconds_total,,40,40,,,2ac2c6c2829a43854cd3596a67f9ee05a4153d06bd93ba20ed620f1f0a14ac7d,traffic_flow_metrics
nanjing,elephant_flow_batches_completed_total,,40,15,25,,2ac2c6c2829a43854cd3596a67f9ee05a4153d06bd93ba20ed620f1f0a14ac7d,traffic_flow_metrics
nanjing,elephant_flow_batches_failed_total,,40,1,39,,2ac2c6c2829a43854cd3596a67f9ee05a4153d06bd93ba20ed620f1f0a14ac7d,traffic_flow_metrics
nanjing,elephant_flow_batches_started_total,,40,15,25,,2ac2c6c2829a43854cd3596a67f9ee05a4153d06bd93ba20ed620f1f0a14ac7d,traffic_flow_metrics
nanjing,elephant_flow_batches_timeout_total,,40,,40,,2ac2c6c2829a43854cd3596a67f9ee05a4153d06bd93ba20ed620f1f0a14ac7d,traffic_flow_metrics
nanjing,elephant_flow_bytes_received_total,,40,15,25,,2ac2c6c2829a43854cd3596a67f9ee05a4153d06bd93ba20ed620f1f0a14ac7d,traffic_flow_metrics
nanjing,elephant_flow_bytes_sent_total,,40,15,25,,2ac2c6c2829a43854cd3596a67f9ee05a4153d06bd93ba20ed620f1f0a14ac7d,traffic_flow_metrics
nanjing,elephant_flow_duration_seconds_count,,40,16,24,,2ac2c6c2829a43854cd3596a67f9ee05a4153d06bd93ba20ed620f1f0a14ac7d,traffic_flow_metrics
nanjing,elephant_flow_duration_seconds_sum,,40,16,24,,2ac2c6c2829a43854cd3596a67f9ee05a4153d06bd93ba20ed620f1f0a14ac7d,traffic_flow_metrics
nanjing,elephant_flow_error_total,,40,,40,,2ac2c6c2829a43854cd3596a67f9ee05a4153d06bd93ba20ed620f1f0a14ac7d,traffic_flow_metrics
nanjing,elephant_flow_requests_total,,40,15,25,,2ac2c6c2829a43854cd3596a67f9ee05a4153d06bd93ba20ed620f1f0a14ac7d,traffic_flow_metrics
nanjing,elephant_flow_retransmits_total,,40,,40,,2ac2c6c2829a43854cd3596a67f9ee05a4153d06bd93ba20ed620f1f0a14ac7d,traffic_flow_metrics
nanjing,elephant_flow_success_total,,40,15,25,,2ac2c6c2829a43854cd3596a67f9ee05a4153d06bd93ba20ed620f1f0a14ac7d,traffic_flow_metrics
nanjing,web_flow_active_seconds_total,,18732,18677,55,,3b255c334450d1338c5d2643b90458556c2b20fab2c2a7f73efe7ea844c799da,traffic_flow_metrics
nanjing,web_flow_batches_completed_total,,18732,14284,4448,,3b255c334450d1338c5d2643b90458556c2b20fab2c2a7f73efe7ea844c799da,traffic_flow_metrics
nanjing,web_flow_batches_failed_total,,18732,404,18328,,3b255c334450d1338c5d2643b90458556c2b20fab2c2a7f73efe7ea844c799da,traffic_flow_metrics
nanjing,web_flow_batches_started_total,,18732,14679,4053,,3b255c334450d1338c5d2643b90458556c2b20fab2c2a7f73efe7ea844c799da,traffic_flow_metrics
nanjing,web_flow_batches_timeout_total,,18732,181,18551,,3b255c334450d1338c5d2643b90458556c2b20fab2c2a7f73efe7ea844c799da,traffic_flow_metrics
nanjing,web_flow_bytes_received_total,,18732,18227,505,,3b255c334450d1338c5d2643b90458556c2b20fab2c2a7f73efe7ea844c799da,traffic_flow_metrics
nanjing,web_flow_bytes_sent_total,,18732,18227,505,,3b255c334450d1338c5d2643b90458556c2b20fab2c2a7f73efe7ea844c799da,traffic_flow_metrics
nanjing,web_flow_duration_seconds_count,,18732,14671,4061,,3b255c334450d1338c5d2643b90458556c2b20fab2c2a7f73efe7ea844c799da,traffic_flow_metrics
nanjing,web_flow_duration_seconds_sum,,18732,14671,4061,,3b255c334450d1338c5d2643b90458556c2b20fab2c2a7f73efe7ea844c799da,traffic_flow_metrics
nanjing,web_flow_error_total,,18732,286,18446,,3b255c334450d1338c5d2643b90458556c2b20fab2c2a7f73efe7ea844c799da,traffic_flow_metrics
nanjing,web_flow_request_latency_seconds_count,,18732,18227,505,,3b255c334450d1338c5d2643b90458556c2b20fab2c2a7f73efe7ea844c799da,traffic_flow_metrics
nanjing,web_flow_request_latency_seconds_sum,,18732,18227,505,,3b255c334450d1338c5d2643b90458556c2b20fab2c2a7f73efe7ea844c799da,traffic_flow_metrics
nanjing,web_flow_requests_total,,18732,18434,298,,3b255c334450d1338c5d2643b90458556c2b20fab2c2a7f73efe7ea844c799da,traffic_flow_metrics
nanjing,web_flow_success_total,,18732,18124,608,,3b255c334450d1338c5d2643b90458556c2b20fab2c2a7f73efe7ea844c799da,traffic_flow_metrics
nanjing,elephant_flow_active_seconds_total,,47,46,1,,3c0a73340497c4d9341d341979e4c94a83a63509a04d524e6212f83af2a41190,traffic_flow_metrics
nanjing,elephant_flow_batches_completed_total,,47,19,28,,3c0a73340497c4d9341d341979e4c94a83a63509a04d524e6212f83af2a41190,traffic_flow_metrics
nanjing,elephant_flow_batches_failed_total,,47,,47,,3c0a73340497c4d9341d341979e4c94a83a63509a04d524e6212f83af2a41190,traffic_flow_metrics
nanjing,elephant_flow_batches_started_total,,47,18,29,,3c0a73340497c4d9341d341979e4c94a83a63509a04d524e6212f83af2a41190,traffic_flow_metrics
nanjing,elephant_flow_batches_timeout_total,,47,,47,,3c0a73340497c4d9341d341979e4c94a83a63509a04d524e6212f83af2a41190,traffic_flow_metrics
nanjing,elephant_flow_bytes_received_total,,47,19,28,,3c0a73340497c4d9341d341979e4c94a83a63509a04d524e6212f83af2a41190,traffic_flow_metrics
nanjing,elephant_flow_bytes_sent_total,,47,19,28,,3c0a73340497c4d9341d341979e4c94a83a63509a04d524e6212f83af2a41190,traffic_flow_metrics
nanjing,elephant_flow_duration_seconds_count,,47,19,28,,3c0a73340497c4d9341d341979e4c94a83a63509a04d524e6212f83af2a41190,traffic_flow_metrics
nanjing,elephant_flow_duration_seconds_sum,,47,19,28,,3c0a73340497c4d9341d341979e4c94a83a63509a04d524e6212f83af2a41190,traffic_flow_metrics
nanjing,elephant_flow_error_total,,47,,47,,3c0a73340497c4d9341d341979e4c94a83a63509a04d524e6212f83af2a41190,traffic_flow_metrics
nanjing,elephant_flow_requests_total,,47,19,28,,3c0a73340497c4d9341d341979e4c94a83a63509a04d524e6212f83af2a41190,traffic_flow_metrics
nanjing,elephant_flow_retransmits_total,,47,,47,,3c0a73340497c4d9341d341979e4c94a83a63509a04d524e6212f83af2a41190,traffic_flow_metrics
nanjing,elephant_flow_success_total,,47,19,28,,3c0a73340497c4d9341d341979e4c94a83a63509a04d524e6212f83af2a41190,traffic_flow_metrics
nanjing,elephant_flow_active_seconds_total,,12,12,,,40daba45fc7cc7a2f4456b29c284d4b2cc8f430480caa80dae96cbc6c10ee700,traffic_flow_metrics
nanjing,elephant_flow_batches_completed_total,,12,,12,,40daba45fc7cc7a2f4456b29c284d4b2cc8f430480caa80dae96cbc6c10ee700,traffic_flow_metrics
nanjing,elephant_flow_batches_failed_total,,12,12,,,40daba45fc7cc7a2f4456b29c284d4b2cc8f430480caa80dae96cbc6c10ee700,traffic_flow_metrics
nanjing,elephant_flow_batches_started_total,,12,12,,,40daba45fc7cc7a2f4456b29c284d4b2cc8f430480caa80dae96cbc6c10ee700,traffic_flow_metrics
nanjing,elephant_flow_batches_timeout_total,,12,,12,,40daba45fc7cc7a2f4456b29c284d4b2cc8f430480caa80dae96cbc6c10ee700,traffic_flow_metrics
nanjing,elephant_flow_bytes_received_total,,12,,12,,40daba45fc7cc7a2f4456b29c284d4b2cc8f430480caa80dae96cbc6c10ee700,traffic_flow_metrics
nanjing,elephant_flow_bytes_sent_total,,12,,12,,40daba45fc7cc7a2f4456b29c284d4b2cc8f430480caa80dae96cbc6c10ee700,traffic_flow_metrics
nanjing,elephant_flow_duration_seconds_count,,12,12,,,40daba45fc7cc7a2f4456b29c284d4b2cc8f430480caa80dae96cbc6c10ee700,traffic_flow_metrics
nanjing,elephant_flow_duration_seconds_sum,,12,12,,,40daba45fc7cc7a2f4456b29c284d4b2cc8f430480caa80dae96cbc6c10ee700,traffic_flow_metrics
nanjing,elephant_flow_error_total,,12,,12,,40daba45fc7cc7a2f4456b29c284d4b2cc8f430480caa80dae96cbc6c10ee700,traffic_flow_metrics
nanjing,elephant_flow_requests_total,,12,,12,,40daba45fc7cc7a2f4456b29c284d4b2cc8f430480caa80dae96cbc6c10ee700,traffic_flow_metrics
nanjing,elephant_flow_retransmits_total,,12,,12,,40daba45fc7cc7a2f4456b29c284d4b2cc8f430480caa80dae96cbc6c10ee700,traffic_flow_metrics
nanjing,elephant_flow_success_total,,12,,12,,40daba45fc7cc7a2f4456b29c284d4b2cc8f430480caa80dae96cbc6c10ee700,traffic_flow_metrics
nanjing,elephant_flow_active_seconds_total,,34,34,,,51cc086fbc313572f13cca062683ee11bc572f11f91bb2184e35eea9863a8910,traffic_flow_metrics
nanjing,elephant_flow_batches_completed_total,,34,15,19,,51cc086fbc313572f13cca062683ee11bc572f11f91bb2184e35eea9863a8910,traffic_flow_metrics
nanjing,elephant_flow_batches_failed_total,,34,,34,,51cc086fbc313572f13cca062683ee11bc572f11f91bb2184e35eea9863a8910,traffic_flow_metrics
nanjing,elephant_flow_batches_started_total,,34,15,19,,51cc086fbc313572f13cca062683ee11bc572f11f91bb2184e35eea9863a8910,traffic_flow_metrics
nanjing,elephant_flow_batches_timeout_total,,34,,34,,51cc086fbc313572f13cca062683ee11bc572f11f91bb2184e35eea9863a8910,traffic_flow_metrics
nanjing,elephant_flow_bytes_received_total,,34,15,19,,51cc086fbc313572f13cca062683ee11bc572f11f91bb2184e35eea9863a8910,traffic_flow_metrics
nanjing,elephant_flow_bytes_sent_total,,34,15,19,,51cc086fbc313572f13cca062683ee11bc572f11f91bb2184e35eea9863a8910,traffic_flow_metrics
nanjing,elephant_flow_duration_seconds_count,,34,15,19,,51cc086fbc313572f13cca062683ee11bc572f11f91bb2184e35eea9863a8910,traffic_flow_metrics
nanjing,elephant_flow_duration_seconds_sum,,34,15,19,,51cc086fbc313572f13cca062683ee11bc572f11f91bb2184e35eea9863a8910,traffic_flow_metrics
nanjing,elephant_flow_error_total,,34,,34,,51cc086fbc313572f13cca062683ee11bc572f11f91bb2184e35eea9863a8910,traffic_flow_metrics
nanjing,elephant_flow_requests_total,,34,15,19,,51cc086fbc313572f13cca062683ee11bc572f11f91bb2184e35eea9863a8910,traffic_flow_metrics
nanjing,elephant_flow_retransmits_total,,34,,34,,51cc086fbc313572f13cca062683ee11bc572f11f91bb2184e35eea9863a8910,traffic_flow_metrics
nanjing,elephant_flow_success_total,,34,15,19,,51cc086fbc313572f13cca062683ee11bc572f11f91bb2184e35eea9863a8910,traffic_flow_metrics
nanjing,elephant_flow_active_seconds_total,,18,18,,,5644f93ab9f7a75ffa857148b829fe24025de28f4e9423350182cf7edc2c9115,traffic_flow_metrics
nanjing,elephant_flow_batches_completed_total,,18,,18,,5644f93ab9f7a75ffa857148b829fe24025de28f4e9423350182cf7edc2c9115,traffic_flow_metrics
nanjing,elephant_flow_batches_failed_total,,18,18,,,5644f93ab9f7a75ffa857148b829fe24025de28f4e9423350182cf7edc2c9115,traffic_flow_metrics
nanjing,elephant_flow_batches_started_total,,18,18,,,5644f93ab9f7a75ffa857148b829fe24025de28f4e9423350182cf7edc2c9115,traffic_flow_metrics
nanjing,elephant_flow_batches_timeout_total,,18,,18,,5644f93ab9f7a75ffa857148b829fe24025de28f4e9423350182cf7edc2c9115,traffic_flow_metrics
nanjing,elephant_flow_bytes_received_total,,18,,18,,5644f93ab9f7a75ffa857148b829fe24025de28f4e9423350182cf7edc2c9115,traffic_flow_metrics
nanjing,elephant_flow_bytes_sent_total,,18,,18,,5644f93ab9f7a75ffa857148b829fe24025de28f4e9423350182cf7edc2c9115,traffic_flow_metrics
nanjing,elephant_flow_duration_seconds_count,,18,18,,,5644f93ab9f7a75ffa857148b829fe24025de28f4e9423350182cf7edc2c9115,traffic_flow_metrics
nanjing,elephant_flow_duration_seconds_sum,,18,18,,,5644f93ab9f7a75ffa857148b829fe24025de28f4e9423350182cf7edc2c9115,traffic_flow_metrics
nanjing,elephant_flow_error_total,,18,,18,,5644f93ab9f7a75ffa857148b829fe24025de28f4e9423350182cf7edc2c9115,traffic_flow_metrics
nanjing,elephant_flow_requests_total,,18,,18,,5644f93ab9f7a75ffa857148b829fe24025de28f4e9423350182cf7edc2c9115,traffic_flow_metrics
nanjing,elephant_flow_retransmits_total,,18,,18,,5644f93ab9f7a75ffa857148b829fe24025de28f4e9423350182cf7edc2c9115,traffic_flow_metrics
nanjing,elephant_flow_success_total,,18,,18,,5644f93ab9f7a75ffa857148b829fe24025de28f4e9423350182cf7edc2c9115,traffic_flow_metrics
nanjing,elephant_flow_active_seconds_total,,39,39,,,5970d06c9699a584aa86f2e683e23c958c24bf3076c48fa0daf825575e8cec86,traffic_flow_metrics
nanjing,elephant_flow_batches_completed_total,,39,17,22,,5970d06c9699a584aa86f2e683e23c958c24bf3076c48fa0daf825575e8cec86,traffic_flow_metrics
nanjing,elephant_flow_batches_failed_total,,39,1,38,,5970d06c9699a584aa86f2e683e23c958c24bf3076c48fa0daf825575e8cec86,traffic_flow_metrics
nanjing,elephant_flow_batches_started_total,,39,17,22,,5970d06c9699a584aa86f2e683e23c958c24bf3076c48fa0daf825575e8cec86,traffic_flow_metrics
nanjing,elephant_flow_batches_timeout_total,,39,,39,,5970d06c9699a584aa86f2e683e23c958c24bf3076c48fa0daf825575e8cec86,traffic_flow_metrics
nanjing,elephant_flow_bytes_received_total,,39,17,22,,5970d06c9699a584aa86f2e683e23c958c24bf3076c48fa0daf825575e8cec86,traffic_flow_metrics
nanjing,elephant_flow_bytes_sent_total,,39,17,22,,5970d06c9699a584aa86f2e683e23c958c24bf3076c48fa0daf825575e8cec86,traffic_flow_metrics
nanjing,elephant_flow_duration_seconds_count,,39,18,21,,5970d06c9699a584aa86f2e683e23c958c24bf3076c48fa0daf825575e8cec86,traffic_flow_metrics
nanjing,elephant_flow_duration_seconds_sum,,39,18,21,,5970d06c9699a584aa86f2e683e23c958c24bf3076c48fa0daf825575e8cec86,traffic_flow_metrics
nanjing,elephant_flow_error_total,,39,,39,,5970d06c9699a584aa86f2e683e23c958c24bf3076c48fa0daf825575e8cec86,traffic_flow_metrics
nanjing,elephant_flow_requests_total,,39,17,22,,5970d06c9699a584aa86f2e683e23c958c24bf3076c48fa0daf825575e8cec86,traffic_flow_metrics
nanjing,elephant_flow_retransmits_total,,39,,39,,5970d06c9699a584aa86f2e683e23c958c24bf3076c48fa0daf825575e8cec86,traffic_flow_metrics
nanjing,elephant_flow_success_total,,39,17,22,,5970d06c9699a584aa86f2e683e23c958c24bf3076c48fa0daf825575e8cec86,traffic_flow_metrics
nanjing,elephant_flow_active_seconds_total,,18,18,,,626f151a2520d052a5122e53491de7477edbde2f3141cee559078721efe80cef,traffic_flow_metrics
nanjing,elephant_flow_batches_completed_total,,18,,18,,626f151a2520d052a5122e53491de7477edbde2f3141cee559078721efe80cef,traffic_flow_metrics
nanjing,elephant_flow_batches_failed_total,,18,18,,,626f151a2520d052a5122e53491de7477edbde2f3141cee559078721efe80cef,traffic_flow_metrics
nanjing,elephant_flow_batches_started_total,,18,18,,,626f151a2520d052a5122e53491de7477edbde2f3141cee559078721efe80cef,traffic_flow_metrics
nanjing,elephant_flow_batches_timeout_total,,18,,18,,626f151a2520d052a5122e53491de7477edbde2f3141cee559078721efe80cef,traffic_flow_metrics
nanjing,elephant_flow_bytes_received_total,,18,,18,,626f151a2520d052a5122e53491de7477edbde2f3141cee559078721efe80cef,traffic_flow_metrics
nanjing,elephant_flow_bytes_sent_total,,18,,18,,626f151a2520d052a5122e53491de7477edbde2f3141cee559078721efe80cef,traffic_flow_metrics
nanjing,elephant_flow_duration_seconds_count,,18,18,,,626f151a2520d052a5122e53491de7477edbde2f3141cee559078721efe80cef,traffic_flow_metrics
nanjing,elephant_flow_duration_seconds_sum,,18,18,,,626f151a2520d052a5122e53491de7477edbde2f3141cee559078721efe80cef,traffic_flow_metrics
nanjing,elephant_flow_error_total,,18,,18,,626f151a2520d052a5122e53491de7477edbde2f3141cee559078721efe80cef,traffic_flow_metrics
nanjing,elephant_flow_requests_total,,18,,18,,626f151a2520d052a5122e53491de7477edbde2f3141cee559078721efe80cef,traffic_flow_metrics
nanjing,elephant_flow_retransmits_total,,18,,18,,626f151a2520d052a5122e53491de7477edbde2f3141cee559078721efe80cef,traffic_flow_metrics
nanjing,elephant_flow_success_total,,18,,18,,626f151a2520d052a5122e53491de7477edbde2f3141cee559078721efe80cef,traffic_flow_metrics
nanjing,elephant_flow_active_seconds_total,,25,25,,,64ced38c3d03974d2f7aeb708f8b43c44879b3236ae9d6a8984b113716d74866,traffic_flow_metrics
nanjing,elephant_flow_batches_completed_total,,25,10,15,,64ced38c3d03974d2f7aeb708f8b43c44879b3236ae9d6a8984b113716d74866,traffic_flow_metrics
nanjing,elephant_flow_batches_failed_total,,25,,25,,64ced38c3d03974d2f7aeb708f8b43c44879b3236ae9d6a8984b113716d74866,traffic_flow_metrics
nanjing,elephant_flow_batches_started_total,,25,9,16,,64ced38c3d03974d2f7aeb708f8b43c44879b3236ae9d6a8984b113716d74866,traffic_flow_metrics
nanjing,elephant_flow_batches_timeout_total,,25,,25,,64ced38c3d03974d2f7aeb708f8b43c44879b3236ae9d6a8984b113716d74866,traffic_flow_metrics
nanjing,elephant_flow_bytes_received_total,,25,10,15,,64ced38c3d03974d2f7aeb708f8b43c44879b3236ae9d6a8984b113716d74866,traffic_flow_metrics
nanjing,elephant_flow_bytes_sent_total,,25,10,15,,64ced38c3d03974d2f7aeb708f8b43c44879b3236ae9d6a8984b113716d74866,traffic_flow_metrics
nanjing,elephant_flow_duration_seconds_count,,25,10,15,,64ced38c3d03974d2f7aeb708f8b43c44879b3236ae9d6a8984b113716d74866,traffic_flow_metrics
nanjing,elephant_flow_duration_seconds_sum,,25,10,15,,64ced38c3d03974d2f7aeb708f8b43c44879b3236ae9d6a8984b113716d74866,traffic_flow_metrics
nanjing,elephant_flow_error_total,,25,,25,,64ced38c3d03974d2f7aeb708f8b43c44879b3236ae9d6a8984b113716d74866,traffic_flow_metrics
nanjing,elephant_flow_requests_total,,25,10,15,,64ced38c3d03974d2f7aeb708f8b43c44879b3236ae9d6a8984b113716d74866,traffic_flow_metrics
nanjing,elephant_flow_retransmits_total,,25,,25,,64ced38c3d03974d2f7aeb708f8b43c44879b3236ae9d6a8984b113716d74866,traffic_flow_metrics
nanjing,elephant_flow_success_total,,25,10,15,,64ced38c3d03974d2f7aeb708f8b43c44879b3236ae9d6a8984b113716d74866,traffic_flow_metrics
nanjing,auth_flow_active_seconds_total,,13099,12990,109,,6cc94f04fe3ed708353b0012847bf228a701cdf0caa681c9f88a18f7943a9541,traffic_flow_metrics
nanjing,auth_flow_batches_completed_total,,13099,10462,2637,,6cc94f04fe3ed708353b0012847bf228a701cdf0caa681c9f88a18f7943a9541,traffic_flow_metrics
nanjing,auth_flow_batches_failed_total,,13099,341,12758,,6cc94f04fe3ed708353b0012847bf228a701cdf0caa681c9f88a18f7943a9541,traffic_flow_metrics
nanjing,auth_flow_batches_started_total,,13099,10839,2260,,6cc94f04fe3ed708353b0012847bf228a701cdf0caa681c9f88a18f7943a9541,traffic_flow_metrics
nanjing,auth_flow_batches_timeout_total,,13099,125,12974,,6cc94f04fe3ed708353b0012847bf228a701cdf0caa681c9f88a18f7943a9541,traffic_flow_metrics
nanjing,auth_flow_bytes_received_total,,13099,12546,553,,6cc94f04fe3ed708353b0012847bf228a701cdf0caa681c9f88a18f7943a9541,traffic_flow_metrics
nanjing,auth_flow_bytes_sent_total,,13099,12546,553,,6cc94f04fe3ed708353b0012847bf228a701cdf0caa681c9f88a18f7943a9541,traffic_flow_metrics
nanjing,auth_flow_duration_seconds_count,,13099,10798,2301,,6cc94f04fe3ed708353b0012847bf228a701cdf0caa681c9f88a18f7943a9541,traffic_flow_metrics
nanjing,auth_flow_duration_seconds_sum,,13099,10798,2301,,6cc94f04fe3ed708353b0012847bf228a701cdf0caa681c9f88a18f7943a9541,traffic_flow_metrics
nanjing,auth_flow_error_total,,13099,311,12788,,6cc94f04fe3ed708353b0012847bf228a701cdf0caa681c9f88a18f7943a9541,traffic_flow_metrics
nanjing,auth_flow_request_latency_seconds_count,,13099,12546,553,,6cc94f04fe3ed708353b0012847bf228a701cdf0caa681c9f88a18f7943a9541,traffic_flow_metrics
nanjing,auth_flow_request_latency_seconds_sum,,13099,12546,553,,6cc94f04fe3ed708353b0012847bf228a701cdf0caa681c9f88a18f7943a9541,traffic_flow_metrics
nanjing,auth_flow_requests_total,,13099,12685,414,,6cc94f04fe3ed708353b0012847bf228a701cdf0caa681c9f88a18f7943a9541,traffic_flow_metrics
nanjing,auth_flow_success_total,,13099,12422,677,,6cc94f04fe3ed708353b0012847bf228a701cdf0caa681c9f88a18f7943a9541,traffic_flow_metrics
nanjing,elephant_flow_active_seconds_total,,50,50,,,8589e27b124400fdfa9b7fd5eaaede81b320d4bf25f7e9c8ba250b57c393b6b3,traffic_flow_metrics
nanjing,elephant_flow_batches_completed_total,,50,20,30,,8589e27b124400fdfa9b7fd5eaaede81b320d4bf25f7e9c8ba250b57c393b6b3,traffic_flow_metrics
nanjing,elephant_flow_batches_failed_total,,50,,50,,8589e27b124400fdfa9b7fd5eaaede81b320d4bf25f7e9c8ba250b57c393b6b3,traffic_flow_metrics
nanjing,elephant_flow_batches_started_total,,50,19,31,,8589e27b124400fdfa9b7fd5eaaede81b320d4bf25f7e9c8ba250b57c393b6b3,traffic_flow_metrics
nanjing,elephant_flow_batches_timeout_total,,50,,50,,8589e27b124400fdfa9b7fd5eaaede81b320d4bf25f7e9c8ba250b57c393b6b3,traffic_flow_metrics
nanjing,elephant_flow_bytes_received_total,,50,20,30,,8589e27b124400fdfa9b7fd5eaaede81b320d4bf25f7e9c8ba250b57c393b6b3,traffic_flow_metrics
nanjing,elephant_flow_bytes_sent_total,,50,20,30,,8589e27b124400fdfa9b7fd5eaaede81b320d4bf25f7e9c8ba250b57c393b6b3,traffic_flow_metrics
nanjing,elephant_flow_duration_seconds_count,,50,20,30,,8589e27b124400fdfa9b7fd5eaaede81b320d4bf25f7e9c8ba250b57c393b6b3,traffic_flow_metrics
nanjing,elephant_flow_duration_seconds_sum,,50,20,30,,8589e27b124400fdfa9b7fd5eaaede81b320d4bf25f7e9c8ba250b57c393b6b3,traffic_flow_metrics
nanjing,elephant_flow_error_total,,50,,50,,8589e27b124400fdfa9b7fd5eaaede81b320d4bf25f7e9c8ba250b57c393b6b3,traffic_flow_metrics
nanjing,elephant_flow_requests_total,,50,20,30,,8589e27b124400fdfa9b7fd5eaaede81b320d4bf25f7e9c8ba250b57c393b6b3,traffic_flow_metrics
nanjing,elephant_flow_retransmits_total,,50,,50,,8589e27b124400fdfa9b7fd5eaaede81b320d4bf25f7e9c8ba250b57c393b6b3,traffic_flow_metrics
nanjing,elephant_flow_success_total,,50,20,30,,8589e27b124400fdfa9b7fd5eaaede81b320d4bf25f7e9c8ba250b57c393b6b3,traffic_flow_metrics
nanjing,elephant_flow_active_seconds_total,,57,57,,,8d25b4e3b3239d2f7f99334444aad81d0b88a9f6e2b6f612a92dd421cc952892,traffic_flow_metrics
nanjing,elephant_flow_batches_completed_total,,57,22,35,,8d25b4e3b3239d2f7f99334444aad81d0b88a9f6e2b6f612a92dd421cc952892,traffic_flow_metrics
nanjing,elephant_flow_batches_failed_total,,57,,57,,8d25b4e3b3239d2f7f99334444aad81d0b88a9f6e2b6f612a92dd421cc952892,traffic_flow_metrics
nanjing,elephant_flow_batches_started_total,,57,21,36,,8d25b4e3b3239d2f7f99334444aad81d0b88a9f6e2b6f612a92dd421cc952892,traffic_flow_metrics
nanjing,elephant_flow_batches_timeout_total,,57,,57,,8d25b4e3b3239d2f7f99334444aad81d0b88a9f6e2b6f612a92dd421cc952892,traffic_flow_metrics
nanjing,elephant_flow_bytes_received_total,,57,22,35,,8d25b4e3b3239d2f7f99334444aad81d0b88a9f6e2b6f612a92dd421cc952892,traffic_flow_metrics
nanjing,elephant_flow_bytes_sent_total,,57,22,35,,8d25b4e3b3239d2f7f99334444aad81d0b88a9f6e2b6f612a92dd421cc952892,traffic_flow_metrics
nanjing,elephant_flow_duration_seconds_count,,57,22,35,,8d25b4e3b3239d2f7f99334444aad81d0b88a9f6e2b6f612a92dd421cc952892,traffic_flow_metrics
nanjing,elephant_flow_duration_seconds_sum,,57,22,35,,8d25b4e3b3239d2f7f99334444aad81d0b88a9f6e2b6f612a92dd421cc952892,traffic_flow_metrics
nanjing,elephant_flow_error_total,,57,,57,,8d25b4e3b3239d2f7f99334444aad81d0b88a9f6e2b6f612a92dd421cc952892,traffic_flow_metrics
nanjing,elephant_flow_requests_total,,57,22,35,,8d25b4e3b3239d2f7f99334444aad81d0b88a9f6e2b6f612a92dd421cc952892,traffic_flow_metrics
nanjing,elephant_flow_retransmits_total,,57,,57,,8d25b4e3b3239d2f7f99334444aad81d0b88a9f6e2b6f612a92dd421cc952892,traffic_flow_metrics
nanjing,elephant_flow_success_total,,57,22,35,,8d25b4e3b3239d2f7f99334444aad81d0b88a9f6e2b6f612a92dd421cc952892,traffic_flow_metrics
nanjing,elephant_flow_active_seconds_total,,50,50,,,a559fd581c2513d998e9960b7e7779d4f71a8204a372ec45cadf8dddde2d9753,traffic_flow_metrics
nanjing,elephant_flow_batches_completed_total,,50,19,31,,a559fd581c2513d998e9960b7e7779d4f71a8204a372ec45cadf8dddde2d9753,traffic_flow_metrics
nanjing,elephant_flow_batches_failed_total,,50,,50,,a559fd581c2513d998e9960b7e7779d4f71a8204a372ec45cadf8dddde2d9753,traffic_flow_metrics
nanjing,elephant_flow_batches_started_total,,50,19,31,,a559fd581c2513d998e9960b7e7779d4f71a8204a372ec45cadf8dddde2d9753,traffic_flow_metrics
nanjing,elephant_flow_batches_timeout_total,,50,,50,,a559fd581c2513d998e9960b7e7779d4f71a8204a372ec45cadf8dddde2d9753,traffic_flow_metrics
nanjing,elephant_flow_bytes_received_total,,50,19,31,,a559fd581c2513d998e9960b7e7779d4f71a8204a372ec45cadf8dddde2d9753,traffic_flow_metrics
nanjing,elephant_flow_bytes_sent_total,,50,19,31,,a559fd581c2513d998e9960b7e7779d4f71a8204a372ec45cadf8dddde2d9753,traffic_flow_metrics
nanjing,elephant_flow_duration_seconds_count,,50,19,31,,a559fd581c2513d998e9960b7e7779d4f71a8204a372ec45cadf8dddde2d9753,traffic_flow_metrics
nanjing,elephant_flow_duration_seconds_sum,,50,19,31,,a559fd581c2513d998e9960b7e7779d4f71a8204a372ec45cadf8dddde2d9753,traffic_flow_metrics
nanjing,elephant_flow_error_total,,50,,50,,a559fd581c2513d998e9960b7e7779d4f71a8204a372ec45cadf8dddde2d9753,traffic_flow_metrics
nanjing,elephant_flow_requests_total,,50,19,31,,a559fd581c2513d998e9960b7e7779d4f71a8204a372ec45cadf8dddde2d9753,traffic_flow_metrics
nanjing,elephant_flow_retransmits_total,,50,,50,,a559fd581c2513d998e9960b7e7779d4f71a8204a372ec45cadf8dddde2d9753,traffic_flow_metrics
nanjing,elephant_flow_success_total,,50,19,31,,a559fd581c2513d998e9960b7e7779d4f71a8204a372ec45cadf8dddde2d9753,traffic_flow_metrics
nanjing,elephant_flow_active_seconds_total,,48,48,,,aa5f13768d5fa50c2bac022d23b0920ac285e19d2c8c2ec42dcb25d0990e8492,traffic_flow_metrics
nanjing,elephant_flow_batches_completed_total,,48,21,27,,aa5f13768d5fa50c2bac022d23b0920ac285e19d2c8c2ec42dcb25d0990e8492,traffic_flow_metrics
nanjing,elephant_flow_batches_failed_total,,48,,48,,aa5f13768d5fa50c2bac022d23b0920ac285e19d2c8c2ec42dcb25d0990e8492,traffic_flow_metrics
nanjing,elephant_flow_batches_started_total,,48,20,28,,aa5f13768d5fa50c2bac022d23b0920ac285e19d2c8c2ec42dcb25d0990e8492,traffic_flow_metrics
nanjing,elephant_flow_batches_timeout_total,,48,,48,,aa5f13768d5fa50c2bac022d23b0920ac285e19d2c8c2ec42dcb25d0990e8492,traffic_flow_metrics
nanjing,elephant_flow_bytes_received_total,,48,21,27,,aa5f13768d5fa50c2bac022d23b0920ac285e19d2c8c2ec42dcb25d0990e8492,traffic_flow_metrics
nanjing,elephant_flow_bytes_sent_total,,48,21,27,,aa5f13768d5fa50c2bac022d23b0920ac285e19d2c8c2ec42dcb25d0990e8492,traffic_flow_metrics
nanjing,elephant_flow_duration_seconds_count,,48,21,27,,aa5f13768d5fa50c2bac022d23b0920ac285e19d2c8c2ec42dcb25d0990e8492,traffic_flow_metrics
nanjing,elephant_flow_duration_seconds_sum,,48,21,27,,aa5f13768d5fa50c2bac022d23b0920ac285e19d2c8c2ec42dcb25d0990e8492,traffic_flow_metrics
nanjing,elephant_flow_error_total,,48,,48,,aa5f13768d5fa50c2bac022d23b0920ac285e19d2c8c2ec42dcb25d0990e8492,traffic_flow_metrics
nanjing,elephant_flow_requests_total,,48,21,27,,aa5f13768d5fa50c2bac022d23b0920ac285e19d2c8c2ec42dcb25d0990e8492,traffic_flow_metrics
nanjing,elephant_flow_retransmits_total,,48,,48,,aa5f13768d5fa50c2bac022d23b0920ac285e19d2c8c2ec42dcb25d0990e8492,traffic_flow_metrics
nanjing,elephant_flow_success_total,,48,21,27,,aa5f13768d5fa50c2bac022d23b0920ac285e19d2c8c2ec42dcb25d0990e8492,traffic_flow_metrics
nanjing,elephant_flow_active_seconds_total,,23,23,,,b0971e3c632fd7a33bfaf3bd68e0a3587666173e38317910e9873d8d93690360,traffic_flow_metrics
nanjing,elephant_flow_batches_completed_total,,23,,23,,b0971e3c632fd7a33bfaf3bd68e0a3587666173e38317910e9873d8d93690360,traffic_flow_metrics
nanjing,elephant_flow_batches_failed_total,,23,23,,,b0971e3c632fd7a33bfaf3bd68e0a3587666173e38317910e9873d8d93690360,traffic_flow_metrics
nanjing,elephant_flow_batches_started_total,,23,23,,,b0971e3c632fd7a33bfaf3bd68e0a3587666173e38317910e9873d8d93690360,traffic_flow_metrics
nanjing,elephant_flow_batches_timeout_total,,23,,23,,b0971e3c632fd7a33bfaf3bd68e0a3587666173e38317910e9873d8d93690360,traffic_flow_metrics
nanjing,elephant_flow_bytes_received_total,,23,,23,,b0971e3c632fd7a33bfaf3bd68e0a3587666173e38317910e9873d8d93690360,traffic_flow_metrics
nanjing,elephant_flow_bytes_sent_total,,23,,23,,b0971e3c632fd7a33bfaf3bd68e0a3587666173e38317910e9873d8d93690360,traffic_flow_metrics
nanjing,elephant_flow_duration_seconds_count,,23,23,,,b0971e3c632fd7a33bfaf3bd68e0a3587666173e38317910e9873d8d93690360,traffic_flow_metrics
nanjing,elephant_flow_duration_seconds_sum,,23,23,,,b0971e3c632fd7a33bfaf3bd68e0a3587666173e38317910e9873d8d93690360,traffic_flow_metrics
nanjing,elephant_flow_error_total,,23,,23,,b0971e3c632fd7a33bfaf3bd68e0a3587666173e38317910e9873d8d93690360,traffic_flow_metrics
nanjing,elephant_flow_requests_total,,23,,23,,b0971e3c632fd7a33bfaf3bd68e0a3587666173e38317910e9873d8d93690360,traffic_flow_metrics
nanjing,elephant_flow_retransmits_total,,23,,23,,b0971e3c632fd7a33bfaf3bd68e0a3587666173e38317910e9873d8d93690360,traffic_flow_metrics
nanjing,elephant_flow_success_total,,23,,23,,b0971e3c632fd7a33bfaf3bd68e0a3587666173e38317910e9873d8d93690360,traffic_flow_metrics
nanjing,elephant_flow_active_seconds_total,,43,43,,,c924ed8124ce36924797d0096b2245e84d343e60041b5db5dbd954bd3ed3bc13,traffic_flow_metrics
nanjing,elephant_flow_batches_completed_total,,43,18,25,,c924ed8124ce36924797d0096b2245e84d343e60041b5db5dbd954bd3ed3bc13,traffic_flow_metrics
nanjing,elephant_flow_batches_failed_total,,43,,43,,c924ed8124ce36924797d0096b2245e84d343e60041b5db5dbd954bd3ed3bc13,traffic_flow_metrics
nanjing,elephant_flow_batches_started_total,,43,17,26,,c924ed8124ce36924797d0096b2245e84d343e60041b5db5dbd954bd3ed3bc13,traffic_flow_metrics
nanjing,elephant_flow_batches_timeout_total,,43,,43,,c924ed8124ce36924797d0096b2245e84d343e60041b5db5dbd954bd3ed3bc13,traffic_flow_metrics
nanjing,elephant_flow_bytes_received_total,,43,18,25,,c924ed8124ce36924797d0096b2245e84d343e60041b5db5dbd954bd3ed3bc13,traffic_flow_metrics
nanjing,elephant_flow_bytes_sent_total,,43,18,25,,c924ed8124ce36924797d0096b2245e84d343e60041b5db5dbd954bd3ed3bc13,traffic_flow_metrics
nanjing,elephant_flow_duration_seconds_count,,43,18,25,,c924ed8124ce36924797d0096b2245e84d343e60041b5db5dbd954bd3ed3bc13,traffic_flow_metrics
nanjing,elephant_flow_duration_seconds_sum,,43,18,25,,c924ed8124ce36924797d0096b2245e84d343e60041b5db5dbd954bd3ed3bc13,traffic_flow_metrics
nanjing,elephant_flow_error_total,,43,,43,,c924ed8124ce36924797d0096b2245e84d343e60041b5db5dbd954bd3ed3bc13,traffic_flow_metrics
nanjing,elephant_flow_requests_total,,43,18,25,,c924ed8124ce36924797d0096b2245e84d343e60041b5db5dbd954bd3ed3bc13,traffic_flow_metrics
nanjing,elephant_flow_retransmits_total,,43,,43,,c924ed8124ce36924797d0096b2245e84d343e60041b5db5dbd954bd3ed3bc13,traffic_flow_metrics
nanjing,elephant_flow_success_total,,43,18,25,,c924ed8124ce36924797d0096b2245e84d343e60041b5db5dbd954bd3ed3bc13,traffic_flow_metrics
nanjing,elephant_flow_active_seconds_total,,36,36,,,c9fbb44c12c84d4d079313ff0d2936ea281858444fa670d129535c5ec1751408,traffic_flow_metrics
nanjing,elephant_flow_batches_completed_total,,36,17,19,,c9fbb44c12c84d4d079313ff0d2936ea281858444fa670d129535c5ec1751408,traffic_flow_metrics
nanjing,elephant_flow_batches_failed_total,,36,,36,,c9fbb44c12c84d4d079313ff0d2936ea281858444fa670d129535c5ec1751408,traffic_flow_metrics
nanjing,elephant_flow_batches_started_total,,36,16,20,,c9fbb44c12c84d4d079313ff0d2936ea281858444fa670d129535c5ec1751408,traffic_flow_metrics
nanjing,elephant_flow_batches_timeout_total,,36,,36,,c9fbb44c12c84d4d079313ff0d2936ea281858444fa670d129535c5ec1751408,traffic_flow_metrics
nanjing,elephant_flow_bytes_received_total,,36,17,19,,c9fbb44c12c84d4d079313ff0d2936ea281858444fa670d129535c5ec1751408,traffic_flow_metrics
nanjing,elephant_flow_bytes_sent_total,,36,17,19,,c9fbb44c12c84d4d079313ff0d2936ea281858444fa670d129535c5ec1751408,traffic_flow_metrics
nanjing,elephant_flow_duration_seconds_count,,36,17,19,,c9fbb44c12c84d4d079313ff0d2936ea281858444fa670d129535c5ec1751408,traffic_flow_metrics
nanjing,elephant_flow_duration_seconds_sum,,36,17,19,,c9fbb44c12c84d4d079313ff0d2936ea281858444fa670d129535c5ec1751408,traffic_flow_metrics
nanjing,elephant_flow_error_total,,36,,36,,c9fbb44c12c84d4d079313ff0d2936ea281858444fa670d129535c5ec1751408,traffic_flow_metrics
nanjing,elephant_flow_requests_total,,36,17,19,,c9fbb44c12c84d4d079313ff0d2936ea281858444fa670d129535c5ec1751408,traffic_flow_metrics
nanjing,elephant_flow_retransmits_total,,36,,36,,c9fbb44c12c84d4d079313ff0d2936ea281858444fa670d129535c5ec1751408,traffic_flow_metrics
nanjing,elephant_flow_success_total,,36,17,19,,c9fbb44c12c84d4d079313ff0d2936ea281858444fa670d129535c5ec1751408,traffic_flow_metrics
nanjing,dns_flow_active_seconds_total,,19962,19926,36,,f75c0e885f2f2632927d08dae63f58d76ad71e3678eac43a19752a4fb4cfd9d8,traffic_flow_metrics
nanjing,dns_flow_batches_completed_total,,19962,18617,1345,,f75c0e885f2f2632927d08dae63f58d76ad71e3678eac43a19752a4fb4cfd9d8,traffic_flow_metrics
nanjing,dns_flow_batches_failed_total,,19962,157,19805,,f75c0e885f2f2632927d08dae63f58d76ad71e3678eac43a19752a4fb4cfd9d8,traffic_flow_metrics
nanjing,dns_flow_batches_started_total,,19962,18739,1223,,f75c0e885f2f2632927d08dae63f58d76ad71e3678eac43a19752a4fb4cfd9d8,traffic_flow_metrics
nanjing,dns_flow_batches_timeout_total,,19962,157,19805,,f75c0e885f2f2632927d08dae63f58d76ad71e3678eac43a19752a4fb4cfd9d8,traffic_flow_metrics
nanjing,dns_flow_bytes_received_total,,19962,19737,225,,f75c0e885f2f2632927d08dae63f58d76ad71e3678eac43a19752a4fb4cfd9d8,traffic_flow_metrics
nanjing,dns_flow_bytes_sent_total,,19962,19737,225,,f75c0e885f2f2632927d08dae63f58d76ad71e3678eac43a19752a4fb4cfd9d8,traffic_flow_metrics
nanjing,dns_flow_duration_seconds_count,,19962,18761,1201,,f75c0e885f2f2632927d08dae63f58d76ad71e3678eac43a19752a4fb4cfd9d8,traffic_flow_metrics
nanjing,dns_flow_duration_seconds_sum,,19962,18761,1201,,f75c0e885f2f2632927d08dae63f58d76ad71e3678eac43a19752a4fb4cfd9d8,traffic_flow_metrics
nanjing,dns_flow_error_total,,19962,280,19682,,f75c0e885f2f2632927d08dae63f58d76ad71e3678eac43a19752a4fb4cfd9d8,traffic_flow_metrics
nanjing,dns_flow_request_latency_seconds_count,,19962,19737,225,,f75c0e885f2f2632927d08dae63f58d76ad71e3678eac43a19752a4fb4cfd9d8,traffic_flow_metrics
nanjing,dns_flow_request_latency_seconds_sum,,19962,19737,225,,f75c0e885f2f2632927d08dae63f58d76ad71e3678eac43a19752a4fb4cfd9d8,traffic_flow_metrics
nanjing,dns_flow_requests_total,,19962,19892,70,,f75c0e885f2f2632927d08dae63f58d76ad71e3678eac43a19752a4fb4cfd9d8,traffic_flow_metrics
nanjing,dns_flow_success_total,,19962,19737,225,,f75c0e885f2f2632927d08dae63f58d76ad71e3678eac43a19752a4fb4cfd9d8,traffic_flow_metrics
nanjing,elephant_flow_active_seconds_total,,16,16,,,f79275a2cdfde47c26e60687643265b526e16572651203aaad7ebe2a94595c27,traffic_flow_metrics
nanjing,elephant_flow_batches_completed_total,,16,,16,,f79275a2cdfde47c26e60687643265b526e16572651203aaad7ebe2a94595c27,traffic_flow_metrics
nanjing,elephant_flow_batches_failed_total,,16,16,,,f79275a2cdfde47c26e60687643265b526e16572651203aaad7ebe2a94595c27,traffic_flow_metrics
nanjing,elephant_flow_batches_started_total,,16,16,,,f79275a2cdfde47c26e60687643265b526e16572651203aaad7ebe2a94595c27,traffic_flow_metrics
nanjing,elephant_flow_batches_timeout_total,,16,,16,,f79275a2cdfde47c26e60687643265b526e16572651203aaad7ebe2a94595c27,traffic_flow_metrics
nanjing,elephant_flow_bytes_received_total,,16,,16,,f79275a2cdfde47c26e60687643265b526e16572651203aaad7ebe2a94595c27,traffic_flow_metrics
nanjing,elephant_flow_bytes_sent_total,,16,,16,,f79275a2cdfde47c26e60687643265b526e16572651203aaad7ebe2a94595c27,traffic_flow_metrics
nanjing,elephant_flow_duration_seconds_count,,16,16,,,f79275a2cdfde47c26e60687643265b526e16572651203aaad7ebe2a94595c27,traffic_flow_metrics
nanjing,elephant_flow_duration_seconds_sum,,16,16,,,f79275a2cdfde47c26e60687643265b526e16572651203aaad7ebe2a94595c27,traffic_flow_metrics
nanjing,elephant_flow_error_total,,16,,16,,f79275a2cdfde47c26e60687643265b526e16572651203aaad7ebe2a94595c27,traffic_flow_metrics
nanjing,elephant_flow_requests_total,,16,,16,,f79275a2cdfde47c26e60687643265b526e16572651203aaad7ebe2a94595c27,traffic_flow_metrics
nanjing,elephant_flow_retransmits_total,,16,,16,,f79275a2cdfde47c26e60687643265b526e16572651203aaad7ebe2a94595c27,traffic_flow_metrics
nanjing,elephant_flow_success_total,,16,,16,,f79275a2cdfde47c26e60687643265b526e16572651203aaad7ebe2a94595c27,traffic_flow_metrics
nanjing,elephant_flow_active_seconds_total,,62,62,,,faab324719ab0b91fb1d45258e3c7641d7161fb253d4305985d561fc5b5e8887,traffic_flow_metrics
nanjing,elephant_flow_batches_completed_total,,62,25,37,,faab324719ab0b91fb1d45258e3c7641d7161fb253d4305985d561fc5b5e8887,traffic_flow_metrics
nanjing,elephant_flow_batches_failed_total,,62,,62,,faab324719ab0b91fb1d45258e3c7641d7161fb253d4305985d561fc5b5e8887,traffic_flow_metrics
nanjing,elephant_flow_batches_started_total,,62,24,38,,faab324719ab0b91fb1d45258e3c7641d7161fb253d4305985d561fc5b5e8887,traffic_flow_metrics
nanjing,elephant_flow_batches_timeout_total,,62,,62,,faab324719ab0b91fb1d45258e3c7641d7161fb253d4305985d561fc5b5e8887,traffic_flow_metrics
nanjing,elephant_flow_bytes_received_total,,62,25,37,,faab324719ab0b91fb1d45258e3c7641d7161fb253d4305985d561fc5b5e8887,traffic_flow_metrics
nanjing,elephant_flow_bytes_sent_total,,62,25,37,,faab324719ab0b91fb1d45258e3c7641d7161fb253d4305985d561fc5b5e8887,traffic_flow_metrics
nanjing,elephant_flow_duration_seconds_count,,62,25,37,,faab324719ab0b91fb1d45258e3c7641d7161fb253d4305985d561fc5b5e8887,traffic_flow_metrics
nanjing,elephant_flow_duration_seconds_sum,,62,25,37,,faab324719ab0b91fb1d45258e3c7641d7161fb253d4305985d561fc5b5e8887,traffic_flow_metrics
nanjing,elephant_flow_error_total,,62,,62,,faab324719ab0b91fb1d45258e3c7641d7161fb253d4305985d561fc5b5e8887,traffic_flow_metrics
nanjing,elephant_flow_requests_total,,62,25,37,,faab324719ab0b91fb1d45258e3c7641d7161fb253d4305985d561fc5b5e8887,traffic_flow_metrics
nanjing,elephant_flow_retransmits_total,,62,,62,,faab324719ab0b91fb1d45258e3c7641d7161fb253d4305985d561fc5b5e8887,traffic_flow_metrics
nanjing,elephant_flow_success_total,,62,25,37,,faab324719ab0b91fb1d45258e3c7641d7161fb253d4305985d561fc5b5e8887,traffic_flow_metrics
shanghai,value,,20104,,20104,,shanghai-br-1|bgp_peer_count|,routing_metrics
shanghai,value,,20104,,20104,,shanghai-br-1|ipv6_default_route_changed_total|,routing_metrics
shanghai,value,,20104,,20104,,"shanghai-br-1|ipv6_route_change_total|prefix=""::/0",routing_metrics
shanghai,value,,20104,,20104,,"shanghai-br-1|ipv6_route_change_total|prefix=""fd00:1:40::/64",routing_metrics
shanghai,value,,20104,2,20102,,"shanghai-br-1|ipv6_route_change_total|prefix=""fd00:2:40::/64",routing_metrics
shanghai,value,,20104,,20104,,"shanghai-br-1|ipv6_route_change_total|prefix=""fd00:3:40::/64",routing_metrics
shanghai,value,,20104,,20104,,"shanghai-br-1|ipv6_route_change_total|prefix=""fd00:4:40::/64",routing_metrics
shanghai,value,,20104,,20104,,"shanghai-br-1|ipv6_route_change_total|prefix=""fd00:5:40::/64",routing_metrics
shanghai,value,,20104,,20104,,"shanghai-br-1|ipv6_route_change_total|prefix=""fd00:6:40::/64",routing_metrics
shanghai,value,,20104,,20104,,"shanghai-br-1|ipv6_route_change_total|prefix=""fd00:7:40::/64",routing_metrics
shanghai,value,,20104,4,20100,,"shanghai-br-1|ipv6_route_change_total|prefix=""fd00:8:40::/64",routing_metrics
shanghai,value,,20104,,20104,,"shanghai-br-1|ipv6_route_count|protocol=""all",routing_metrics
shanghai,value,,20104,,20104,,"shanghai-br-1|ipv6_route_count|protocol=""bgp",routing_metrics
shanghai,value,,20104,,20104,,"shanghai-br-1|ipv6_route_count|protocol=""kernel",routing_metrics
shanghai,value,,20104,,20104,,"shanghai-br-1|ipv6_route_count|protocol=""ospf",routing_metrics
shanghai,value,,20104,,20104,,"shanghai-br-1|ipv6_route_count|protocol=""unknown",routing_metrics
shanghai,value,,20105,,20105,,shanghai-br-2|bgp_peer_count|,routing_metrics
shanghai,value,,20105,,20105,,shanghai-br-2|ipv6_default_route_changed_total|,routing_metrics
shanghai,value,,20105,,20105,,"shanghai-br-2|ipv6_route_change_total|prefix=""::/0",routing_metrics
shanghai,value,,20105,,20105,,"shanghai-br-2|ipv6_route_change_total|prefix=""fd00:1:40::/64",routing_metrics
shanghai,value,,20105,10,20095,,"shanghai-br-2|ipv6_route_change_total|prefix=""fd00:2:40::/64",routing_metrics
shanghai,value,,20105,,20105,,"shanghai-br-2|ipv6_route_change_total|prefix=""fd00:3:40::/64",routing_metrics
shanghai,value,,20105,,20105,,"shanghai-br-2|ipv6_route_change_total|prefix=""fd00:4:40::/64",routing_metrics
shanghai,value,,20105,,20105,,"shanghai-br-2|ipv6_route_change_total|prefix=""fd00:5:40::/64",routing_metrics
shanghai,value,,20105,,20105,,"shanghai-br-2|ipv6_route_change_total|prefix=""fd00:6:40::/64",routing_metrics
shanghai,value,,20105,6,20099,,"shanghai-br-2|ipv6_route_change_total|prefix=""fd00:7:40::/64",routing_metrics
shanghai,value,,20105,8,20097,,"shanghai-br-2|ipv6_route_change_total|prefix=""fd00:8:40::/64",routing_metrics
shanghai,value,,20105,,20105,,"shanghai-br-2|ipv6_route_count|protocol=""all",routing_metrics
shanghai,value,,20105,,20105,,"shanghai-br-2|ipv6_route_count|protocol=""bgp",routing_metrics
shanghai,value,,20105,,20105,,"shanghai-br-2|ipv6_route_count|protocol=""kernel",routing_metrics
shanghai,value,,20105,,20105,,"shanghai-br-2|ipv6_route_count|protocol=""ospf",routing_metrics
shanghai,value,,20105,,20105,,"shanghai-br-2|ipv6_route_count|protocol=""unknown",routing_metrics
shanghai,value,,20159,,20159,,shanghai-cr-1|ipv6_default_route_changed_total|,routing_metrics
shanghai,value,,20159,,20159,,"shanghai-cr-1|ipv6_route_change_total|prefix=""::/0",routing_metrics
shanghai,value,,20159,,20159,,"shanghai-cr-1|ipv6_route_change_total|prefix=""fd00:1:40::/64",routing_metrics
shanghai,value,,20159,,20159,,"shanghai-cr-1|ipv6_route_change_total|prefix=""fd00:2:40::/64",routing_metrics
shanghai,value,,20159,,20159,,"shanghai-cr-1|ipv6_route_change_total|prefix=""fd00:3:40::/64",routing_metrics
shanghai,value,,20159,,20159,,"shanghai-cr-1|ipv6_route_change_total|prefix=""fd00:4:40::/64",routing_metrics
shanghai,value,,20159,,20159,,"shanghai-cr-1|ipv6_route_change_total|prefix=""fd00:5:40::/64",routing_metrics
shanghai,value,,20159,,20159,,"shanghai-cr-1|ipv6_route_change_total|prefix=""fd00:6:40::/64",routing_metrics
shanghai,value,,20159,,20159,,"shanghai-cr-1|ipv6_route_change_total|prefix=""fd00:7:40::/64",routing_metrics
shanghai,value,,20159,,20159,,"shanghai-cr-1|ipv6_route_change_total|prefix=""fd00:8:40::/64",routing_metrics
shanghai,value,,20159,,20159,,"shanghai-cr-1|ipv6_route_count|protocol=""196",routing_metrics
shanghai,value,,20159,,20159,,"shanghai-cr-1|ipv6_route_count|protocol=""all",routing_metrics
shanghai,value,,20159,,20159,,"shanghai-cr-1|ipv6_route_count|protocol=""kernel",routing_metrics
shanghai,value,,20159,,20159,,"shanghai-cr-1|ipv6_route_count|protocol=""ospf",routing_metrics
shanghai,value,,20159,,20159,,shanghai-cr-2|ipv6_default_route_changed_total|,routing_metrics
shanghai,value,,20159,,20159,,"shanghai-cr-2|ipv6_route_change_total|prefix=""::/0",routing_metrics
shanghai,value,,20159,,20159,,"shanghai-cr-2|ipv6_route_change_total|prefix=""fd00:1:40::/64",routing_metrics
shanghai,value,,20159,,20159,,"shanghai-cr-2|ipv6_route_change_total|prefix=""fd00:2:40::/64",routing_metrics
shanghai,value,,20159,,20159,,"shanghai-cr-2|ipv6_route_change_total|prefix=""fd00:3:40::/64",routing_metrics
shanghai,value,,20159,,20159,,"shanghai-cr-2|ipv6_route_change_total|prefix=""fd00:4:40::/64",routing_metrics
shanghai,value,,20159,,20159,,"shanghai-cr-2|ipv6_route_change_total|prefix=""fd00:5:40::/64",routing_metrics
shanghai,value,,20159,,20159,,"shanghai-cr-2|ipv6_route_change_total|prefix=""fd00:6:40::/64",routing_metrics
shanghai,value,,20159,,20159,,"shanghai-cr-2|ipv6_route_change_total|prefix=""fd00:7:40::/64",routing_metrics
shanghai,value,,20159,,20159,,"shanghai-cr-2|ipv6_route_change_total|prefix=""fd00:8:40::/64",routing_metrics
shanghai,value,,20159,,20159,,"shanghai-cr-2|ipv6_route_count|protocol=""196",routing_metrics
shanghai,value,,20159,,20159,,"shanghai-cr-2|ipv6_route_count|protocol=""all",routing_metrics
shanghai,value,,20159,,20159,,"shanghai-cr-2|ipv6_route_count|protocol=""kernel",routing_metrics
shanghai,value,,20159,,20159,,"shanghai-cr-2|ipv6_route_count|protocol=""ospf",routing_metrics
shanghai,elephant_flow_active_seconds_total,,12,12,,,0d66d5fab25122952fd39f4ffa7058e77d1ce4981159cd989326987b12dd701e,traffic_flow_metrics
shanghai,elephant_flow_batches_completed_total,,12,,12,,0d66d5fab25122952fd39f4ffa7058e77d1ce4981159cd989326987b12dd701e,traffic_flow_metrics
shanghai,elephant_flow_batches_failed_total,,12,12,,,0d66d5fab25122952fd39f4ffa7058e77d1ce4981159cd989326987b12dd701e,traffic_flow_metrics
shanghai,elephant_flow_batches_started_total,,12,12,,,0d66d5fab25122952fd39f4ffa7058e77d1ce4981159cd989326987b12dd701e,traffic_flow_metrics
shanghai,elephant_flow_batches_timeout_total,,12,,12,,0d66d5fab25122952fd39f4ffa7058e77d1ce4981159cd989326987b12dd701e,traffic_flow_metrics
shanghai,elephant_flow_bytes_received_total,,12,,12,,0d66d5fab25122952fd39f4ffa7058e77d1ce4981159cd989326987b12dd701e,traffic_flow_metrics
shanghai,elephant_flow_bytes_sent_total,,12,,12,,0d66d5fab25122952fd39f4ffa7058e77d1ce4981159cd989326987b12dd701e,traffic_flow_metrics
shanghai,elephant_flow_duration_seconds_count,,12,12,,,0d66d5fab25122952fd39f4ffa7058e77d1ce4981159cd989326987b12dd701e,traffic_flow_metrics
shanghai,elephant_flow_duration_seconds_sum,,12,12,,,0d66d5fab25122952fd39f4ffa7058e77d1ce4981159cd989326987b12dd701e,traffic_flow_metrics
shanghai,elephant_flow_error_total,,12,,12,,0d66d5fab25122952fd39f4ffa7058e77d1ce4981159cd989326987b12dd701e,traffic_flow_metrics
shanghai,elephant_flow_requests_total,,12,,12,,0d66d5fab25122952fd39f4ffa7058e77d1ce4981159cd989326987b12dd701e,traffic_flow_metrics
shanghai,elephant_flow_retransmits_total,,12,,12,,0d66d5fab25122952fd39f4ffa7058e77d1ce4981159cd989326987b12dd701e,traffic_flow_metrics
shanghai,elephant_flow_success_total,,12,,12,,0d66d5fab25122952fd39f4ffa7058e77d1ce4981159cd989326987b12dd701e,traffic_flow_metrics
shanghai,elephant_flow_active_seconds_total,,18,18,,,17eb18b6e34fd3fb4ee0d3ecb6f52b6235d76bb724312f4f6180c0580155a5d7,traffic_flow_metrics
shanghai,elephant_flow_batches_completed_total,,18,,18,,17eb18b6e34fd3fb4ee0d3ecb6f52b6235d76bb724312f4f6180c0580155a5d7,traffic_flow_metrics
shanghai,elephant_flow_batches_failed_total,,18,18,,,17eb18b6e34fd3fb4ee0d3ecb6f52b6235d76bb724312f4f6180c0580155a5d7,traffic_flow_metrics
shanghai,elephant_flow_batches_started_total,,18,18,,,17eb18b6e34fd3fb4ee0d3ecb6f52b6235d76bb724312f4f6180c0580155a5d7,traffic_flow_metrics
shanghai,elephant_flow_batches_timeout_total,,18,,18,,17eb18b6e34fd3fb4ee0d3ecb6f52b6235d76bb724312f4f6180c0580155a5d7,traffic_flow_metrics
shanghai,elephant_flow_bytes_received_total,,18,,18,,17eb18b6e34fd3fb4ee0d3ecb6f52b6235d76bb724312f4f6180c0580155a5d7,traffic_flow_metrics
shanghai,elephant_flow_bytes_sent_total,,18,,18,,17eb18b6e34fd3fb4ee0d3ecb6f52b6235d76bb724312f4f6180c0580155a5d7,traffic_flow_metrics
shanghai,elephant_flow_duration_seconds_count,,18,18,,,17eb18b6e34fd3fb4ee0d3ecb6f52b6235d76bb724312f4f6180c0580155a5d7,traffic_flow_metrics
shanghai,elephant_flow_duration_seconds_sum,,18,18,,,17eb18b6e34fd3fb4ee0d3ecb6f52b6235d76bb724312f4f6180c0580155a5d7,traffic_flow_metrics
shanghai,elephant_flow_error_total,,18,,18,,17eb18b6e34fd3fb4ee0d3ecb6f52b6235d76bb724312f4f6180c0580155a5d7,traffic_flow_metrics
shanghai,elephant_flow_requests_total,,18,,18,,17eb18b6e34fd3fb4ee0d3ecb6f52b6235d76bb724312f4f6180c0580155a5d7,traffic_flow_metrics
shanghai,elephant_flow_retransmits_total,,18,,18,,17eb18b6e34fd3fb4ee0d3ecb6f52b6235d76bb724312f4f6180c0580155a5d7,traffic_flow_metrics
shanghai,elephant_flow_success_total,,18,,18,,17eb18b6e34fd3fb4ee0d3ecb6f52b6235d76bb724312f4f6180c0580155a5d7,traffic_flow_metrics
shanghai,elephant_flow_active_seconds_total,,47,47,,,3a207ed60b0265ef343479d9ecf6ea41ef4adf2e600212ed5ef4b94252c144db,traffic_flow_metrics
shanghai,elephant_flow_batches_completed_total,,47,17,30,,3a207ed60b0265ef343479d9ecf6ea41ef4adf2e600212ed5ef4b94252c144db,traffic_flow_metrics
shanghai,elephant_flow_batches_failed_total,,47,3,44,,3a207ed60b0265ef343479d9ecf6ea41ef4adf2e600212ed5ef4b94252c144db,traffic_flow_metrics
shanghai,elephant_flow_batches_started_total,,47,19,28,,3a207ed60b0265ef343479d9ecf6ea41ef4adf2e600212ed5ef4b94252c144db,traffic_flow_metrics
shanghai,elephant_flow_batches_timeout_total,,47,,47,,3a207ed60b0265ef343479d9ecf6ea41ef4adf2e600212ed5ef4b94252c144db,traffic_flow_metrics
shanghai,elephant_flow_bytes_received_total,,47,17,30,,3a207ed60b0265ef343479d9ecf6ea41ef4adf2e600212ed5ef4b94252c144db,traffic_flow_metrics
shanghai,elephant_flow_bytes_sent_total,,47,17,30,,3a207ed60b0265ef343479d9ecf6ea41ef4adf2e600212ed5ef4b94252c144db,traffic_flow_metrics
shanghai,elephant_flow_duration_seconds_count,,47,20,27,,3a207ed60b0265ef343479d9ecf6ea41ef4adf2e600212ed5ef4b94252c144db,traffic_flow_metrics
shanghai,elephant_flow_duration_seconds_sum,,47,20,27,,3a207ed60b0265ef343479d9ecf6ea41ef4adf2e600212ed5ef4b94252c144db,traffic_flow_metrics
shanghai,elephant_flow_error_total,,47,,47,,3a207ed60b0265ef343479d9ecf6ea41ef4adf2e600212ed5ef4b94252c144db,traffic_flow_metrics
shanghai,elephant_flow_requests_total,,47,17,30,,3a207ed60b0265ef343479d9ecf6ea41ef4adf2e600212ed5ef4b94252c144db,traffic_flow_metrics
shanghai,elephant_flow_retransmits_total,,47,,47,,3a207ed60b0265ef343479d9ecf6ea41ef4adf2e600212ed5ef4b94252c144db,traffic_flow_metrics
shanghai,elephant_flow_success_total,,47,17,30,,3a207ed60b0265ef343479d9ecf6ea41ef4adf2e600212ed5ef4b94252c144db,traffic_flow_metrics
shanghai,auth_flow_active_seconds_total,,13240,13132,108,,4f98c754942b378fbcdf90f81f78dd65a38fe045c296f0c7b2e87bad506861c3,traffic_flow_metrics
shanghai,auth_flow_batches_completed_total,,13240,10541,2699,,4f98c754942b378fbcdf90f81f78dd65a38fe045c296f0c7b2e87bad506861c3,traffic_flow_metrics
shanghai,auth_flow_batches_failed_total,,13240,386,12854,,4f98c754942b378fbcdf90f81f78dd65a38fe045c296f0c7b2e87bad506861c3,traffic_flow_metrics
shanghai,auth_flow_batches_started_total,,13240,10932,2308,,4f98c754942b378fbcdf90f81f78dd65a38fe045c296f0c7b2e87bad506861c3,traffic_flow_metrics
shanghai,auth_flow_batches_timeout_total,,13240,122,13118,,4f98c754942b378fbcdf90f81f78dd65a38fe045c296f0c7b2e87bad506861c3,traffic_flow_metrics
shanghai,auth_flow_bytes_received_total,,13240,12671,569,,4f98c754942b378fbcdf90f81f78dd65a38fe045c296f0c7b2e87bad506861c3,traffic_flow_metrics
shanghai,auth_flow_bytes_sent_total,,13240,12671,569,,4f98c754942b378fbcdf90f81f78dd65a38fe045c296f0c7b2e87bad506861c3,traffic_flow_metrics
shanghai,auth_flow_duration_seconds_count,,13240,10923,2317,,4f98c754942b378fbcdf90f81f78dd65a38fe045c296f0c7b2e87bad506861c3,traffic_flow_metrics
shanghai,auth_flow_duration_seconds_sum,,13240,10923,2317,,4f98c754942b378fbcdf90f81f78dd65a38fe045c296f0c7b2e87bad506861c3,traffic_flow_metrics
shanghai,auth_flow_error_total,,13240,260,12980,,4f98c754942b378fbcdf90f81f78dd65a38fe045c296f0c7b2e87bad506861c3,traffic_flow_metrics
shanghai,auth_flow_request_latency_seconds_count,,13240,12671,569,,4f98c754942b378fbcdf90f81f78dd65a38fe045c296f0c7b2e87bad506861c3,traffic_flow_metrics
shanghai,auth_flow_request_latency_seconds_sum,,13240,12671,569,,4f98c754942b378fbcdf90f81f78dd65a38fe045c296f0c7b2e87bad506861c3,traffic_flow_metrics
shanghai,auth_flow_requests_total,,13240,12805,435,,4f98c754942b378fbcdf90f81f78dd65a38fe045c296f0c7b2e87bad506861c3,traffic_flow_metrics
shanghai,auth_flow_success_total,,13240,12559,681,,4f98c754942b378fbcdf90f81f78dd65a38fe045c296f0c7b2e87bad506861c3,traffic_flow_metrics
shanghai,elephant_flow_active_seconds_total,,44,44,,,58ab0e64f30090a4a9d7d96eeb114fbcc7d239c4bd3bd4cd0598770203e0ab75,traffic_flow_metrics
shanghai,elephant_flow_batches_completed_total,,44,18,26,,58ab0e64f30090a4a9d7d96eeb114fbcc7d239c4bd3bd4cd0598770203e0ab75,traffic_flow_metrics
shanghai,elephant_flow_batches_failed_total,,44,,44,,58ab0e64f30090a4a9d7d96eeb114fbcc7d239c4bd3bd4cd0598770203e0ab75,traffic_flow_metrics
shanghai,elephant_flow_batches_started_total,,44,17,27,,58ab0e64f30090a4a9d7d96eeb114fbcc7d239c4bd3bd4cd0598770203e0ab75,traffic_flow_metrics
shanghai,elephant_flow_batches_timeout_total,,44,,44,,58ab0e64f30090a4a9d7d96eeb114fbcc7d239c4bd3bd4cd0598770203e0ab75,traffic_flow_metrics
shanghai,elephant_flow_bytes_received_total,,44,18,26,,58ab0e64f30090a4a9d7d96eeb114fbcc7d239c4bd3bd4cd0598770203e0ab75,traffic_flow_metrics
shanghai,elephant_flow_bytes_sent_total,,44,18,26,,58ab0e64f30090a4a9d7d96eeb114fbcc7d239c4bd3bd4cd0598770203e0ab75,traffic_flow_metrics
shanghai,elephant_flow_duration_seconds_count,,44,18,26,,58ab0e64f30090a4a9d7d96eeb114fbcc7d239c4bd3bd4cd0598770203e0ab75,traffic_flow_metrics
shanghai,elephant_flow_duration_seconds_sum,,44,18,26,,58ab0e64f30090a4a9d7d96eeb114fbcc7d239c4bd3bd4cd0598770203e0ab75,traffic_flow_metrics
shanghai,elephant_flow_error_total,,44,,44,,58ab0e64f30090a4a9d7d96eeb114fbcc7d239c4bd3bd4cd0598770203e0ab75,traffic_flow_metrics
shanghai,elephant_flow_requests_total,,44,18,26,,58ab0e64f30090a4a9d7d96eeb114fbcc7d239c4bd3bd4cd0598770203e0ab75,traffic_flow_metrics
shanghai,elephant_flow_retransmits_total,,44,,44,,58ab0e64f30090a4a9d7d96eeb114fbcc7d239c4bd3bd4cd0598770203e0ab75,traffic_flow_metrics
shanghai,elephant_flow_success_total,,44,18,26,,58ab0e64f30090a4a9d7d96eeb114fbcc7d239c4bd3bd4cd0598770203e0ab75,traffic_flow_metrics
shanghai,elephant_flow_active_seconds_total,,50,50,,,5d5a21bae5081709261a1c9c4b50c1eebf807c080f62e5edebbe28acb54a1985,traffic_flow_metrics
shanghai,elephant_flow_batches_completed_total,,50,19,31,,5d5a21bae5081709261a1c9c4b50c1eebf807c080f62e5edebbe28acb54a1985,traffic_flow_metrics
shanghai,elephant_flow_batches_failed_total,,50,1,49,,5d5a21bae5081709261a1c9c4b50c1eebf807c080f62e5edebbe28acb54a1985,traffic_flow_metrics
shanghai,elephant_flow_batches_started_total,,50,19,31,,5d5a21bae5081709261a1c9c4b50c1eebf807c080f62e5edebbe28acb54a1985,traffic_flow_metrics
shanghai,elephant_flow_batches_timeout_total,,50,,50,,5d5a21bae5081709261a1c9c4b50c1eebf807c080f62e5edebbe28acb54a1985,traffic_flow_metrics
shanghai,elephant_flow_bytes_received_total,,50,19,31,,5d5a21bae5081709261a1c9c4b50c1eebf807c080f62e5edebbe28acb54a1985,traffic_flow_metrics
shanghai,elephant_flow_bytes_sent_total,,50,19,31,,5d5a21bae5081709261a1c9c4b50c1eebf807c080f62e5edebbe28acb54a1985,traffic_flow_metrics
shanghai,elephant_flow_duration_seconds_count,,50,20,30,,5d5a21bae5081709261a1c9c4b50c1eebf807c080f62e5edebbe28acb54a1985,traffic_flow_metrics
shanghai,elephant_flow_duration_seconds_sum,,50,20,30,,5d5a21bae5081709261a1c9c4b50c1eebf807c080f62e5edebbe28acb54a1985,traffic_flow_metrics
shanghai,elephant_flow_error_total,,50,,50,,5d5a21bae5081709261a1c9c4b50c1eebf807c080f62e5edebbe28acb54a1985,traffic_flow_metrics
shanghai,elephant_flow_requests_total,,50,19,31,,5d5a21bae5081709261a1c9c4b50c1eebf807c080f62e5edebbe28acb54a1985,traffic_flow_metrics
shanghai,elephant_flow_retransmits_total,,50,,50,,5d5a21bae5081709261a1c9c4b50c1eebf807c080f62e5edebbe28acb54a1985,traffic_flow_metrics
shanghai,elephant_flow_success_total,,50,19,31,,5d5a21bae5081709261a1c9c4b50c1eebf807c080f62e5edebbe28acb54a1985,traffic_flow_metrics
shanghai,elephant_flow_active_seconds_total,,24,24,,,5fa63072726861b0896ea2e2db4a9490f0d91a43ca257c9b3cf976ebdb6a69ea,traffic_flow_metrics
shanghai,elephant_flow_batches_completed_total,,24,,24,,5fa63072726861b0896ea2e2db4a9490f0d91a43ca257c9b3cf976ebdb6a69ea,traffic_flow_metrics
shanghai,elephant_flow_batches_failed_total,,24,24,,,5fa63072726861b0896ea2e2db4a9490f0d91a43ca257c9b3cf976ebdb6a69ea,traffic_flow_metrics
shanghai,elephant_flow_batches_started_total,,24,24,,,5fa63072726861b0896ea2e2db4a9490f0d91a43ca257c9b3cf976ebdb6a69ea,traffic_flow_metrics
shanghai,elephant_flow_batches_timeout_total,,24,,24,,5fa63072726861b0896ea2e2db4a9490f0d91a43ca257c9b3cf976ebdb6a69ea,traffic_flow_metrics
shanghai,elephant_flow_bytes_received_total,,24,,24,,5fa63072726861b0896ea2e2db4a9490f0d91a43ca257c9b3cf976ebdb6a69ea,traffic_flow_metrics
shanghai,elephant_flow_bytes_sent_total,,24,,24,,5fa63072726861b0896ea2e2db4a9490f0d91a43ca257c9b3cf976ebdb6a69ea,traffic_flow_metrics
shanghai,elephant_flow_duration_seconds_count,,24,24,,,5fa63072726861b0896ea2e2db4a9490f0d91a43ca257c9b3cf976ebdb6a69ea,traffic_flow_metrics
shanghai,elephant_flow_duration_seconds_sum,,24,24,,,5fa63072726861b0896ea2e2db4a9490f0d91a43ca257c9b3cf976ebdb6a69ea,traffic_flow_metrics
shanghai,elephant_flow_error_total,,24,,24,,5fa63072726861b0896ea2e2db4a9490f0d91a43ca257c9b3cf976ebdb6a69ea,traffic_flow_metrics
shanghai,elephant_flow_requests_total,,24,,24,,5fa63072726861b0896ea2e2db4a9490f0d91a43ca257c9b3cf976ebdb6a69ea,traffic_flow_metrics
shanghai,elephant_flow_retransmits_total,,24,,24,,5fa63072726861b0896ea2e2db4a9490f0d91a43ca257c9b3cf976ebdb6a69ea,traffic_flow_metrics
shanghai,elephant_flow_success_total,,24,,24,,5fa63072726861b0896ea2e2db4a9490f0d91a43ca257c9b3cf976ebdb6a69ea,traffic_flow_metrics
shanghai,elephant_flow_active_seconds_total,,37,36,1,,6cbfdc9d8f06e98de865752def32e01c052e7072aa6aaf1bb86edb55771f510f,traffic_flow_metrics
shanghai,elephant_flow_batches_completed_total,,37,14,23,,6cbfdc9d8f06e98de865752def32e01c052e7072aa6aaf1bb86edb55771f510f,traffic_flow_metrics
shanghai,elephant_flow_batches_failed_total,,37,,37,,6cbfdc9d8f06e98de865752def32e01c052e7072aa6aaf1bb86edb55771f510f,traffic_flow_metrics
shanghai,elephant_flow_batches_started_total,,37,13,24,,6cbfdc9d8f06e98de865752def32e01c052e7072aa6aaf1bb86edb55771f510f,traffic_flow_metrics
shanghai,elephant_flow_batches_timeout_total,,37,,37,,6cbfdc9d8f06e98de865752def32e01c052e7072aa6aaf1bb86edb55771f510f,traffic_flow_metrics
shanghai,elephant_flow_bytes_received_total,,37,14,23,,6cbfdc9d8f06e98de865752def32e01c052e7072aa6aaf1bb86edb55771f510f,traffic_flow_metrics
shanghai,elephant_flow_bytes_sent_total,,37,14,23,,6cbfdc9d8f06e98de865752def32e01c052e7072aa6aaf1bb86edb55771f510f,traffic_flow_metrics
shanghai,elephant_flow_duration_seconds_count,,37,14,23,,6cbfdc9d8f06e98de865752def32e01c052e7072aa6aaf1bb86edb55771f510f,traffic_flow_metrics
shanghai,elephant_flow_duration_seconds_sum,,37,14,23,,6cbfdc9d8f06e98de865752def32e01c052e7072aa6aaf1bb86edb55771f510f,traffic_flow_metrics
shanghai,elephant_flow_error_total,,37,,37,,6cbfdc9d8f06e98de865752def32e01c052e7072aa6aaf1bb86edb55771f510f,traffic_flow_metrics
shanghai,elephant_flow_requests_total,,37,14,23,,6cbfdc9d8f06e98de865752def32e01c052e7072aa6aaf1bb86edb55771f510f,traffic_flow_metrics
shanghai,elephant_flow_retransmits_total,,37,,37,,6cbfdc9d8f06e98de865752def32e01c052e7072aa6aaf1bb86edb55771f510f,traffic_flow_metrics
shanghai,elephant_flow_success_total,,37,14,23,,6cbfdc9d8f06e98de865752def32e01c052e7072aa6aaf1bb86edb55771f510f,traffic_flow_metrics
shanghai,elephant_flow_active_seconds_total,,46,46,,,6e38a42c865d7d16929af1f9094dbf9cbbecf47eed52bc02da58a3efd46609e0,traffic_flow_metrics
shanghai,elephant_flow_batches_completed_total,,46,18,28,,6e38a42c865d7d16929af1f9094dbf9cbbecf47eed52bc02da58a3efd46609e0,traffic_flow_metrics
shanghai,elephant_flow_batches_failed_total,,46,,46,,6e38a42c865d7d16929af1f9094dbf9cbbecf47eed52bc02da58a3efd46609e0,traffic_flow_metrics
shanghai,elephant_flow_batches_started_total,,46,17,29,,6e38a42c865d7d16929af1f9094dbf9cbbecf47eed52bc02da58a3efd46609e0,traffic_flow_metrics
shanghai,elephant_flow_batches_timeout_total,,46,,46,,6e38a42c865d7d16929af1f9094dbf9cbbecf47eed52bc02da58a3efd46609e0,traffic_flow_metrics
shanghai,elephant_flow_bytes_received_total,,46,18,28,,6e38a42c865d7d16929af1f9094dbf9cbbecf47eed52bc02da58a3efd46609e0,traffic_flow_metrics
shanghai,elephant_flow_bytes_sent_total,,46,18,28,,6e38a42c865d7d16929af1f9094dbf9cbbecf47eed52bc02da58a3efd46609e0,traffic_flow_metrics
shanghai,elephant_flow_duration_seconds_count,,46,18,28,,6e38a42c865d7d16929af1f9094dbf9cbbecf47eed52bc02da58a3efd46609e0,traffic_flow_metrics
shanghai,elephant_flow_duration_seconds_sum,,46,18,28,,6e38a42c865d7d16929af1f9094dbf9cbbecf47eed52bc02da58a3efd46609e0,traffic_flow_metrics
shanghai,elephant_flow_error_total,,46,,46,,6e38a42c865d7d16929af1f9094dbf9cbbecf47eed52bc02da58a3efd46609e0,traffic_flow_metrics
shanghai,elephant_flow_requests_total,,46,18,28,,6e38a42c865d7d16929af1f9094dbf9cbbecf47eed52bc02da58a3efd46609e0,traffic_flow_metrics
shanghai,elephant_flow_retransmits_total,,46,,46,,6e38a42c865d7d16929af1f9094dbf9cbbecf47eed52bc02da58a3efd46609e0,traffic_flow_metrics
shanghai,elephant_flow_success_total,,46,18,28,,6e38a42c865d7d16929af1f9094dbf9cbbecf47eed52bc02da58a3efd46609e0,traffic_flow_metrics
shanghai,elephant_flow_active_seconds_total,,20,20,,,70f5a76faafa699c32256e45f34da88057e24c07af639444f59518e876846e6b,traffic_flow_metrics
shanghai,elephant_flow_batches_completed_total,,20,,20,,70f5a76faafa699c32256e45f34da88057e24c07af639444f59518e876846e6b,traffic_flow_metrics
shanghai,elephant_flow_batches_failed_total,,20,20,,,70f5a76faafa699c32256e45f34da88057e24c07af639444f59518e876846e6b,traffic_flow_metrics
shanghai,elephant_flow_batches_started_total,,20,20,,,70f5a76faafa699c32256e45f34da88057e24c07af639444f59518e876846e6b,traffic_flow_metrics
shanghai,elephant_flow_batches_timeout_total,,20,,20,,70f5a76faafa699c32256e45f34da88057e24c07af639444f59518e876846e6b,traffic_flow_metrics
shanghai,elephant_flow_bytes_received_total,,20,,20,,70f5a76faafa699c32256e45f34da88057e24c07af639444f59518e876846e6b,traffic_flow_metrics
shanghai,elephant_flow_bytes_sent_total,,20,,20,,70f5a76faafa699c32256e45f34da88057e24c07af639444f59518e876846e6b,traffic_flow_metrics
shanghai,elephant_flow_duration_seconds_count,,20,20,,,70f5a76faafa699c32256e45f34da88057e24c07af639444f59518e876846e6b,traffic_flow_metrics
shanghai,elephant_flow_duration_seconds_sum,,20,20,,,70f5a76faafa699c32256e45f34da88057e24c07af639444f59518e876846e6b,traffic_flow_metrics
shanghai,elephant_flow_error_total,,20,,20,,70f5a76faafa699c32256e45f34da88057e24c07af639444f59518e876846e6b,traffic_flow_metrics
shanghai,elephant_flow_requests_total,,20,,20,,70f5a76faafa699c32256e45f34da88057e24c07af639444f59518e876846e6b,traffic_flow_metrics
shanghai,elephant_flow_retransmits_total,,20,,20,,70f5a76faafa699c32256e45f34da88057e24c07af639444f59518e876846e6b,traffic_flow_metrics
shanghai,elephant_flow_success_total,,20,,20,,70f5a76faafa699c32256e45f34da88057e24c07af639444f59518e876846e6b,traffic_flow_metrics
shanghai,elephant_flow_active_seconds_total,,41,41,,,847b4d0237653c78062d6c0c14efeaf731e3f0139795499001c592c68a5bdb34,traffic_flow_metrics
shanghai,elephant_flow_batches_completed_total,,41,16,25,,847b4d0237653c78062d6c0c14efeaf731e3f0139795499001c592c68a5bdb34,traffic_flow_metrics
shanghai,elephant_flow_batches_failed_total,,41,,41,,847b4d0237653c78062d6c0c14efeaf731e3f0139795499001c592c68a5bdb34,traffic_flow_metrics
shanghai,elephant_flow_batches_started_total,,41,15,26,,847b4d0237653c78062d6c0c14efeaf731e3f0139795499001c592c68a5bdb34,traffic_flow_metrics
shanghai,elephant_flow_batches_timeout_total,,41,,41,,847b4d0237653c78062d6c0c14efeaf731e3f0139795499001c592c68a5bdb34,traffic_flow_metrics
shanghai,elephant_flow_bytes_received_total,,41,16,25,,847b4d0237653c78062d6c0c14efeaf731e3f0139795499001c592c68a5bdb34,traffic_flow_metrics
shanghai,elephant_flow_bytes_sent_total,,41,16,25,,847b4d0237653c78062d6c0c14efeaf731e3f0139795499001c592c68a5bdb34,traffic_flow_metrics
shanghai,elephant_flow_duration_seconds_count,,41,16,25,,847b4d0237653c78062d6c0c14efeaf731e3f0139795499001c592c68a5bdb34,traffic_flow_metrics
shanghai,elephant_flow_duration_seconds_sum,,41,16,25,,847b4d0237653c78062d6c0c14efeaf731e3f0139795499001c592c68a5bdb34,traffic_flow_metrics
shanghai,elephant_flow_error_total,,41,,41,,847b4d0237653c78062d6c0c14efeaf731e3f0139795499001c592c68a5bdb34,traffic_flow_metrics
shanghai,elephant_flow_requests_total,,41,16,25,,847b4d0237653c78062d6c0c14efeaf731e3f0139795499001c592c68a5bdb34,traffic_flow_metrics
shanghai,elephant_flow_retransmits_total,,41,,41,,847b4d0237653c78062d6c0c14efeaf731e3f0139795499001c592c68a5bdb34,traffic_flow_metrics
shanghai,elephant_flow_success_total,,41,16,25,,847b4d0237653c78062d6c0c14efeaf731e3f0139795499001c592c68a5bdb34,traffic_flow_metrics
shanghai,elephant_flow_active_seconds_total,,26,26,,,8b8c2a27a07ba517e14b5ed063a3386ccd82d4d3636af35e1f37867f212862bc,traffic_flow_metrics
shanghai,elephant_flow_batches_completed_total,,26,12,14,,8b8c2a27a07ba517e14b5ed063a3386ccd82d4d3636af35e1f37867f212862bc,traffic_flow_metrics
shanghai,elephant_flow_batches_failed_total,,26,,26,,8b8c2a27a07ba517e14b5ed063a3386ccd82d4d3636af35e1f37867f212862bc,traffic_flow_metrics
shanghai,elephant_flow_batches_started_total,,26,11,15,,8b8c2a27a07ba517e14b5ed063a3386ccd82d4d3636af35e1f37867f212862bc,traffic_flow_metrics
shanghai,elephant_flow_batches_timeout_total,,26,,26,,8b8c2a27a07ba517e14b5ed063a3386ccd82d4d3636af35e1f37867f212862bc,traffic_flow_metrics
shanghai,elephant_flow_bytes_received_total,,26,12,14,,8b8c2a27a07ba517e14b5ed063a3386ccd82d4d3636af35e1f37867f212862bc,traffic_flow_metrics
shanghai,elephant_flow_bytes_sent_total,,26,12,14,,8b8c2a27a07ba517e14b5ed063a3386ccd82d4d3636af35e1f37867f212862bc,traffic_flow_metrics
shanghai,elephant_flow_duration_seconds_count,,26,12,14,,8b8c2a27a07ba517e14b5ed063a3386ccd82d4d3636af35e1f37867f212862bc,traffic_flow_metrics
shanghai,elephant_flow_duration_seconds_sum,,26,12,14,,8b8c2a27a07ba517e14b5ed063a3386ccd82d4d3636af35e1f37867f212862bc,traffic_flow_metrics
shanghai,elephant_flow_error_total,,26,,26,,8b8c2a27a07ba517e14b5ed063a3386ccd82d4d3636af35e1f37867f212862bc,traffic_flow_metrics
shanghai,elephant_flow_requests_total,,26,12,14,,8b8c2a27a07ba517e14b5ed063a3386ccd82d4d3636af35e1f37867f212862bc,traffic_flow_metrics
shanghai,elephant_flow_retransmits_total,,26,,26,,8b8c2a27a07ba517e14b5ed063a3386ccd82d4d3636af35e1f37867f212862bc,traffic_flow_metrics
shanghai,elephant_flow_success_total,,26,12,14,,8b8c2a27a07ba517e14b5ed063a3386ccd82d4d3636af35e1f37867f212862bc,traffic_flow_metrics
shanghai,elephant_flow_active_seconds_total,,33,33,,,8e869056d69207810ba1a23ab76e3053d0ad5fdb54639d362616a7f578b052bf,traffic_flow_metrics
shanghai,elephant_flow_batches_completed_total,,33,14,19,,8e869056d69207810ba1a23ab76e3053d0ad5fdb54639d362616a7f578b052bf,traffic_flow_metrics
shanghai,elephant_flow_batches_failed_total,,33,,33,,8e869056d69207810ba1a23ab76e3053d0ad5fdb54639d362616a7f578b052bf,traffic_flow_metrics
shanghai,elephant_flow_batches_started_total,,33,13,20,,8e869056d69207810ba1a23ab76e3053d0ad5fdb54639d362616a7f578b052bf,traffic_flow_metrics
shanghai,elephant_flow_batches_timeout_total,,33,,33,,8e869056d69207810ba1a23ab76e3053d0ad5fdb54639d362616a7f578b052bf,traffic_flow_metrics
shanghai,elephant_flow_bytes_received_total,,33,14,19,,8e869056d69207810ba1a23ab76e3053d0ad5fdb54639d362616a7f578b052bf,traffic_flow_metrics
shanghai,elephant_flow_bytes_sent_total,,33,14,19,,8e869056d69207810ba1a23ab76e3053d0ad5fdb54639d362616a7f578b052bf,traffic_flow_metrics
shanghai,elephant_flow_duration_seconds_count,,33,14,19,,8e869056d69207810ba1a23ab76e3053d0ad5fdb54639d362616a7f578b052bf,traffic_flow_metrics
shanghai,elephant_flow_duration_seconds_sum,,33,14,19,,8e869056d69207810ba1a23ab76e3053d0ad5fdb54639d362616a7f578b052bf,traffic_flow_metrics
shanghai,elephant_flow_error_total,,33,,33,,8e869056d69207810ba1a23ab76e3053d0ad5fdb54639d362616a7f578b052bf,traffic_flow_metrics
shanghai,elephant_flow_requests_total,,33,14,19,,8e869056d69207810ba1a23ab76e3053d0ad5fdb54639d362616a7f578b052bf,traffic_flow_metrics
shanghai,elephant_flow_retransmits_total,,33,,33,,8e869056d69207810ba1a23ab76e3053d0ad5fdb54639d362616a7f578b052bf,traffic_flow_metrics
shanghai,elephant_flow_success_total,,33,14,19,,8e869056d69207810ba1a23ab76e3053d0ad5fdb54639d362616a7f578b052bf,traffic_flow_metrics
shanghai,elephant_flow_active_seconds_total,,31,31,,,9b6a2d3399779611d002678e0b72d8a3a274e7a28ada3daae6eef3dabdaff24c,traffic_flow_metrics
shanghai,elephant_flow_batches_completed_total,,31,13,18,,9b6a2d3399779611d002678e0b72d8a3a274e7a28ada3daae6eef3dabdaff24c,traffic_flow_metrics
shanghai,elephant_flow_batches_failed_total,,31,1,30,,9b6a2d3399779611d002678e0b72d8a3a274e7a28ada3daae6eef3dabdaff24c,traffic_flow_metrics
shanghai,elephant_flow_batches_started_total,,31,13,18,,9b6a2d3399779611d002678e0b72d8a3a274e7a28ada3daae6eef3dabdaff24c,traffic_flow_metrics
shanghai,elephant_flow_batches_timeout_total,,31,,31,,9b6a2d3399779611d002678e0b72d8a3a274e7a28ada3daae6eef3dabdaff24c,traffic_flow_metrics
shanghai,elephant_flow_bytes_received_total,,31,13,18,,9b6a2d3399779611d002678e0b72d8a3a274e7a28ada3daae6eef3dabdaff24c,traffic_flow_metrics
shanghai,elephant_flow_bytes_sent_total,,31,13,18,,9b6a2d3399779611d002678e0b72d8a3a274e7a28ada3daae6eef3dabdaff24c,traffic_flow_metrics
shanghai,elephant_flow_duration_seconds_count,,31,14,17,,9b6a2d3399779611d002678e0b72d8a3a274e7a28ada3daae6eef3dabdaff24c,traffic_flow_metrics
shanghai,elephant_flow_duration_seconds_sum,,31,14,17,,9b6a2d3399779611d002678e0b72d8a3a274e7a28ada3daae6eef3dabdaff24c,traffic_flow_metrics
shanghai,elephant_flow_error_total,,31,,31,,9b6a2d3399779611d002678e0b72d8a3a274e7a28ada3daae6eef3dabdaff24c,traffic_flow_metrics
shanghai,elephant_flow_requests_total,,31,13,18,,9b6a2d3399779611d002678e0b72d8a3a274e7a28ada3daae6eef3dabdaff24c,traffic_flow_metrics
shanghai,elephant_flow_retransmits_total,,31,,31,,9b6a2d3399779611d002678e0b72d8a3a274e7a28ada3daae6eef3dabdaff24c,traffic_flow_metrics
shanghai,elephant_flow_success_total,,31,13,18,,9b6a2d3399779611d002678e0b72d8a3a274e7a28ada3daae6eef3dabdaff24c,traffic_flow_metrics
shanghai,elephant_flow_active_seconds_total,,33,33,,,a08a5edeebe264a9028c0dfdb875f36136ee8ccecc1f9d4a246f8d35e755f033,traffic_flow_metrics
shanghai,elephant_flow_batches_completed_total,,33,14,19,,a08a5edeebe264a9028c0dfdb875f36136ee8ccecc1f9d4a246f8d35e755f033,traffic_flow_metrics
shanghai,elephant_flow_batches_failed_total,,33,2,31,,a08a5edeebe264a9028c0dfdb875f36136ee8ccecc1f9d4a246f8d35e755f033,traffic_flow_metrics
shanghai,elephant_flow_batches_started_total,,33,15,18,,a08a5edeebe264a9028c0dfdb875f36136ee8ccecc1f9d4a246f8d35e755f033,traffic_flow_metrics
shanghai,elephant_flow_batches_timeout_total,,33,,33,,a08a5edeebe264a9028c0dfdb875f36136ee8ccecc1f9d4a246f8d35e755f033,traffic_flow_metrics
shanghai,elephant_flow_bytes_received_total,,33,14,19,,a08a5edeebe264a9028c0dfdb875f36136ee8ccecc1f9d4a246f8d35e755f033,traffic_flow_metrics
shanghai,elephant_flow_bytes_sent_total,,33,14,19,,a08a5edeebe264a9028c0dfdb875f36136ee8ccecc1f9d4a246f8d35e755f033,traffic_flow_metrics
shanghai,elephant_flow_duration_seconds_count,,33,16,17,,a08a5edeebe264a9028c0dfdb875f36136ee8ccecc1f9d4a246f8d35e755f033,traffic_flow_metrics
shanghai,elephant_flow_duration_seconds_sum,,33,16,17,,a08a5edeebe264a9028c0dfdb875f36136ee8ccecc1f9d4a246f8d35e755f033,traffic_flow_metrics
shanghai,elephant_flow_error_total,,33,,33,,a08a5edeebe264a9028c0dfdb875f36136ee8ccecc1f9d4a246f8d35e755f033,traffic_flow_metrics
shanghai,elephant_flow_requests_total,,33,14,19,,a08a5edeebe264a9028c0dfdb875f36136ee8ccecc1f9d4a246f8d35e755f033,traffic_flow_metrics
shanghai,elephant_flow_retransmits_total,,33,,33,,a08a5edeebe264a9028c0dfdb875f36136ee8ccecc1f9d4a246f8d35e755f033,traffic_flow_metrics
shanghai,elephant_flow_success_total,,33,14,19,,a08a5edeebe264a9028c0dfdb875f36136ee8ccecc1f9d4a246f8d35e755f033,traffic_flow_metrics
shanghai,elephant_flow_active_seconds_total,,20,20,,,a7cfd919c69b92cd6d91435480f5af32518bfef020c9f02593737fc9db73ca09,traffic_flow_metrics
shanghai,elephant_flow_batches_completed_total,,20,,20,,a7cfd919c69b92cd6d91435480f5af32518bfef020c9f02593737fc9db73ca09,traffic_flow_metrics
shanghai,elephant_flow_batches_failed_total,,20,20,,,a7cfd919c69b92cd6d91435480f5af32518bfef020c9f02593737fc9db73ca09,traffic_flow_metrics
shanghai,elephant_flow_batches_started_total,,20,20,,,a7cfd919c69b92cd6d91435480f5af32518bfef020c9f02593737fc9db73ca09,traffic_flow_metrics
shanghai,elephant_flow_batches_timeout_total,,20,,20,,a7cfd919c69b92cd6d91435480f5af32518bfef020c9f02593737fc9db73ca09,traffic_flow_metrics
shanghai,elephant_flow_bytes_received_total,,20,,20,,a7cfd919c69b92cd6d91435480f5af32518bfef020c9f02593737fc9db73ca09,traffic_flow_metrics
shanghai,elephant_flow_bytes_sent_total,,20,,20,,a7cfd919c69b92cd6d91435480f5af32518bfef020c9f02593737fc9db73ca09,traffic_flow_metrics
shanghai,elephant_flow_duration_seconds_count,,20,20,,,a7cfd919c69b92cd6d91435480f5af32518bfef020c9f02593737fc9db73ca09,traffic_flow_metrics
shanghai,elephant_flow_duration_seconds_sum,,20,20,,,a7cfd919c69b92cd6d91435480f5af32518bfef020c9f02593737fc9db73ca09,traffic_flow_metrics
shanghai,elephant_flow_error_total,,20,,20,,a7cfd919c69b92cd6d91435480f5af32518bfef020c9f02593737fc9db73ca09,traffic_flow_metrics
shanghai,elephant_flow_requests_total,,20,,20,,a7cfd919c69b92cd6d91435480f5af32518bfef020c9f02593737fc9db73ca09,traffic_flow_metrics
shanghai,elephant_flow_retransmits_total,,20,,20,,a7cfd919c69b92cd6d91435480f5af32518bfef020c9f02593737fc9db73ca09,traffic_flow_metrics
shanghai,elephant_flow_success_total,,20,,20,,a7cfd919c69b92cd6d91435480f5af32518bfef020c9f02593737fc9db73ca09,traffic_flow_metrics
shanghai,web_flow_active_seconds_total,,18806,18748,58,,b7d337676df9d939e69d34c2effed5591f1e7c7511429c14098da0934b9b2abd,traffic_flow_metrics
shanghai,web_flow_batches_completed_total,,18806,14278,4528,,b7d337676df9d939e69d34c2effed5591f1e7c7511429c14098da0934b9b2abd,traffic_flow_metrics
shanghai,web_flow_batches_failed_total,,18806,487,18319,,b7d337676df9d939e69d34c2effed5591f1e7c7511429c14098da0934b9b2abd,traffic_flow_metrics
shanghai,web_flow_batches_started_total,,18806,14729,4077,,b7d337676df9d939e69d34c2effed5591f1e7c7511429c14098da0934b9b2abd,traffic_flow_metrics
shanghai,web_flow_batches_timeout_total,,18806,138,18668,,b7d337676df9d939e69d34c2effed5591f1e7c7511429c14098da0934b9b2abd,traffic_flow_metrics
shanghai,web_flow_bytes_received_total,,18806,18237,569,,b7d337676df9d939e69d34c2effed5591f1e7c7511429c14098da0934b9b2abd,traffic_flow_metrics
shanghai,web_flow_bytes_sent_total,,18806,18237,569,,b7d337676df9d939e69d34c2effed5591f1e7c7511429c14098da0934b9b2abd,traffic_flow_metrics
shanghai,web_flow_duration_seconds_count,,18806,14743,4063,,b7d337676df9d939e69d34c2effed5591f1e7c7511429c14098da0934b9b2abd,traffic_flow_metrics
shanghai,web_flow_duration_seconds_sum,,18806,14743,4063,,b7d337676df9d939e69d34c2effed5591f1e7c7511429c14098da0934b9b2abd,traffic_flow_metrics
shanghai,web_flow_error_total,,18806,226,18580,,b7d337676df9d939e69d34c2effed5591f1e7c7511429c14098da0934b9b2abd,traffic_flow_metrics
shanghai,web_flow_request_latency_seconds_count,,18806,18237,569,,b7d337676df9d939e69d34c2effed5591f1e7c7511429c14098da0934b9b2abd,traffic_flow_metrics
shanghai,web_flow_request_latency_seconds_sum,,18806,18237,569,,b7d337676df9d939e69d34c2effed5591f1e7c7511429c14098da0934b9b2abd,traffic_flow_metrics
shanghai,web_flow_requests_total,,18806,18386,420,,b7d337676df9d939e69d34c2effed5591f1e7c7511429c14098da0934b9b2abd,traffic_flow_metrics
shanghai,web_flow_success_total,,18806,18138,668,,b7d337676df9d939e69d34c2effed5591f1e7c7511429c14098da0934b9b2abd,traffic_flow_metrics
shanghai,elephant_flow_active_seconds_total,,7,7,,,c177f1838e317298c1bad1c1f1197bf28916041a62d3469ce13815b11ad0ed89,traffic_flow_metrics
shanghai,elephant_flow_batches_completed_total,,7,,7,,c177f1838e317298c1bad1c1f1197bf28916041a62d3469ce13815b11ad0ed89,traffic_flow_metrics
shanghai,elephant_flow_batches_failed_total,,7,7,,,c177f1838e317298c1bad1c1f1197bf28916041a62d3469ce13815b11ad0ed89,traffic_flow_metrics
shanghai,elephant_flow_batches_started_total,,7,7,,,c177f1838e317298c1bad1c1f1197bf28916041a62d3469ce13815b11ad0ed89,traffic_flow_metrics
shanghai,elephant_flow_batches_timeout_total,,7,,7,,c177f1838e317298c1bad1c1f1197bf28916041a62d3469ce13815b11ad0ed89,traffic_flow_metrics
shanghai,elephant_flow_bytes_received_total,,7,,7,,c177f1838e317298c1bad1c1f1197bf28916041a62d3469ce13815b11ad0ed89,traffic_flow_metrics
shanghai,elephant_flow_bytes_sent_total,,7,,7,,c177f1838e317298c1bad1c1f1197bf28916041a62d3469ce13815b11ad0ed89,traffic_flow_metrics
shanghai,elephant_flow_duration_seconds_count,,7,7,,,c177f1838e317298c1bad1c1f1197bf28916041a62d3469ce13815b11ad0ed89,traffic_flow_metrics
shanghai,elephant_flow_duration_seconds_sum,,7,7,,,c177f1838e317298c1bad1c1f1197bf28916041a62d3469ce13815b11ad0ed89,traffic_flow_metrics
shanghai,elephant_flow_error_total,,7,,7,,c177f1838e317298c1bad1c1f1197bf28916041a62d3469ce13815b11ad0ed89,traffic_flow_metrics
shanghai,elephant_flow_requests_total,,7,,7,,c177f1838e317298c1bad1c1f1197bf28916041a62d3469ce13815b11ad0ed89,traffic_flow_metrics
shanghai,elephant_flow_retransmits_total,,7,,7,,c177f1838e317298c1bad1c1f1197bf28916041a62d3469ce13815b11ad0ed89,traffic_flow_metrics
shanghai,elephant_flow_success_total,,7,,7,,c177f1838e317298c1bad1c1f1197bf28916041a62d3469ce13815b11ad0ed89,traffic_flow_metrics
shanghai,dns_flow_active_seconds_total,,19944,19903,41,,ca1d595528ae993cac616303302a09855a8577f01dabc58770e618f60ac61a75,traffic_flow_metrics
shanghai,dns_flow_batches_completed_total,,19944,18544,1400,,ca1d595528ae993cac616303302a09855a8577f01dabc58770e618f60ac61a75,traffic_flow_metrics
shanghai,dns_flow_batches_failed_total,,19944,277,19667,,ca1d595528ae993cac616303302a09855a8577f01dabc58770e618f60ac61a75,traffic_flow_metrics
shanghai,dns_flow_batches_started_total,,19944,18758,1186,,ca1d595528ae993cac616303302a09855a8577f01dabc58770e618f60ac61a75,traffic_flow_metrics
shanghai,dns_flow_batches_timeout_total,,19944,277,19667,,ca1d595528ae993cac616303302a09855a8577f01dabc58770e618f60ac61a75,traffic_flow_metrics
shanghai,dns_flow_bytes_received_total,,19944,19589,355,,ca1d595528ae993cac616303302a09855a8577f01dabc58770e618f60ac61a75,traffic_flow_metrics
shanghai,dns_flow_bytes_sent_total,,19944,19589,355,,ca1d595528ae993cac616303302a09855a8577f01dabc58770e618f60ac61a75,traffic_flow_metrics
shanghai,dns_flow_duration_seconds_count,,19944,18801,1143,,ca1d595528ae993cac616303302a09855a8577f01dabc58770e618f60ac61a75,traffic_flow_metrics
shanghai,dns_flow_duration_seconds_sum,,19944,18801,1143,,ca1d595528ae993cac616303302a09855a8577f01dabc58770e618f60ac61a75,traffic_flow_metrics
shanghai,dns_flow_error_total,,19944,398,19546,,ca1d595528ae993cac616303302a09855a8577f01dabc58770e618f60ac61a75,traffic_flow_metrics
shanghai,dns_flow_request_latency_seconds_count,,19944,19589,355,,ca1d595528ae993cac616303302a09855a8577f01dabc58770e618f60ac61a75,traffic_flow_metrics
shanghai,dns_flow_request_latency_seconds_sum,,19944,19589,355,,ca1d595528ae993cac616303302a09855a8577f01dabc58770e618f60ac61a75,traffic_flow_metrics
shanghai,dns_flow_requests_total,,19944,19862,82,,ca1d595528ae993cac616303302a09855a8577f01dabc58770e618f60ac61a75,traffic_flow_metrics
shanghai,dns_flow_success_total,,19944,19589,355,,ca1d595528ae993cac616303302a09855a8577f01dabc58770e618f60ac61a75,traffic_flow_metrics
shanghai,elephant_flow_active_seconds_total,,52,52,,,e2815ff51ff661711de52c9950b22531125daed81e1bab26367e40cb1e2d7b6f,traffic_flow_metrics
shanghai,elephant_flow_batches_completed_total,,52,21,31,,e2815ff51ff661711de52c9950b22531125daed81e1bab26367e40cb1e2d7b6f,traffic_flow_metrics
shanghai,elephant_flow_batches_failed_total,,52,,52,,e2815ff51ff661711de52c9950b22531125daed81e1bab26367e40cb1e2d7b6f,traffic_flow_metrics
shanghai,elephant_flow_batches_started_total,,52,20,32,,e2815ff51ff661711de52c9950b22531125daed81e1bab26367e40cb1e2d7b6f,traffic_flow_metrics
shanghai,elephant_flow_batches_timeout_total,,52,,52,,e2815ff51ff661711de52c9950b22531125daed81e1bab26367e40cb1e2d7b6f,traffic_flow_metrics
shanghai,elephant_flow_bytes_received_total,,52,21,31,,e2815ff51ff661711de52c9950b22531125daed81e1bab26367e40cb1e2d7b6f,traffic_flow_metrics
shanghai,elephant_flow_bytes_sent_total,,52,21,31,,e2815ff51ff661711de52c9950b22531125daed81e1bab26367e40cb1e2d7b6f,traffic_flow_metrics
shanghai,elephant_flow_duration_seconds_count,,52,21,31,,e2815ff51ff661711de52c9950b22531125daed81e1bab26367e40cb1e2d7b6f,traffic_flow_metrics
shanghai,elephant_flow_duration_seconds_sum,,52,21,31,,e2815ff51ff661711de52c9950b22531125daed81e1bab26367e40cb1e2d7b6f,traffic_flow_metrics
shanghai,elephant_flow_error_total,,52,,52,,e2815ff51ff661711de52c9950b22531125daed81e1bab26367e40cb1e2d7b6f,traffic_flow_metrics
shanghai,elephant_flow_requests_total,,52,21,31,,e2815ff51ff661711de52c9950b22531125daed81e1bab26367e40cb1e2d7b6f,traffic_flow_metrics
shanghai,elephant_flow_retransmits_total,,52,,52,,e2815ff51ff661711de52c9950b22531125daed81e1bab26367e40cb1e2d7b6f,traffic_flow_metrics
shanghai,elephant_flow_success_total,,52,21,31,,e2815ff51ff661711de52c9950b22531125daed81e1bab26367e40cb1e2d7b6f,traffic_flow_metrics
shanghai,elephant_flow_active_seconds_total,,51,51,,,e4bfb42775a3555ef73db98635c5b293336b8a05ed8b26fa20446ae566e0c4e4,traffic_flow_metrics
shanghai,elephant_flow_batches_completed_total,,51,20,31,,e4bfb42775a3555ef73db98635c5b293336b8a05ed8b26fa20446ae566e0c4e4,traffic_flow_metrics
shanghai,elephant_flow_batches_failed_total,,51,1,50,,e4bfb42775a3555ef73db98635c5b293336b8a05ed8b26fa20446ae566e0c4e4,traffic_flow_metrics
shanghai,elephant_flow_batches_started_total,,51,20,31,,e4bfb42775a3555ef73db98635c5b293336b8a05ed8b26fa20446ae566e0c4e4,traffic_flow_metrics
shanghai,elephant_flow_batches_timeout_total,,51,,51,,e4bfb42775a3555ef73db98635c5b293336b8a05ed8b26fa20446ae566e0c4e4,traffic_flow_metrics
shanghai,elephant_flow_bytes_received_total,,51,20,31,,e4bfb42775a3555ef73db98635c5b293336b8a05ed8b26fa20446ae566e0c4e4,traffic_flow_metrics
shanghai,elephant_flow_bytes_sent_total,,51,20,31,,e4bfb42775a3555ef73db98635c5b293336b8a05ed8b26fa20446ae566e0c4e4,traffic_flow_metrics
shanghai,elephant_flow_duration_seconds_count,,51,21,30,,e4bfb42775a3555ef73db98635c5b293336b8a05ed8b26fa20446ae566e0c4e4,traffic_flow_metrics
shanghai,elephant_flow_duration_seconds_sum,,51,21,30,,e4bfb42775a3555ef73db98635c5b293336b8a05ed8b26fa20446ae566e0c4e4,traffic_flow_metrics
shanghai,elephant_flow_error_total,,51,,51,,e4bfb42775a3555ef73db98635c5b293336b8a05ed8b26fa20446ae566e0c4e4,traffic_flow_metrics
shanghai,elephant_flow_requests_total,,51,20,31,,e4bfb42775a3555ef73db98635c5b293336b8a05ed8b26fa20446ae566e0c4e4,traffic_flow_metrics
shanghai,elephant_flow_retransmits_total,,51,,51,,e4bfb42775a3555ef73db98635c5b293336b8a05ed8b26fa20446ae566e0c4e4,traffic_flow_metrics
shanghai,elephant_flow_success_total,,51,20,31,,e4bfb42775a3555ef73db98635c5b293336b8a05ed8b26fa20446ae566e0c4e4,traffic_flow_metrics
shanghai,elephant_flow_active_seconds_total,,55,55,,,ee4cd0ba8957913b14eda758e0097d260905123bfb51d0281aacfd39a0d33e0a,traffic_flow_metrics
shanghai,elephant_flow_batches_completed_total,,55,22,33,,ee4cd0ba8957913b14eda758e0097d260905123bfb51d0281aacfd39a0d33e0a,traffic_flow_metrics
shanghai,elephant_flow_batches_failed_total,,55,,55,,ee4cd0ba8957913b14eda758e0097d260905123bfb51d0281aacfd39a0d33e0a,traffic_flow_metrics
shanghai,elephant_flow_batches_started_total,,55,21,34,,ee4cd0ba8957913b14eda758e0097d260905123bfb51d0281aacfd39a0d33e0a,traffic_flow_metrics
shanghai,elephant_flow_batches_timeout_total,,55,,55,,ee4cd0ba8957913b14eda758e0097d260905123bfb51d0281aacfd39a0d33e0a,traffic_flow_metrics
shanghai,elephant_flow_bytes_received_total,,55,22,33,,ee4cd0ba8957913b14eda758e0097d260905123bfb51d0281aacfd39a0d33e0a,traffic_flow_metrics
shanghai,elephant_flow_bytes_sent_total,,55,22,33,,ee4cd0ba8957913b14eda758e0097d260905123bfb51d0281aacfd39a0d33e0a,traffic_flow_metrics
shanghai,elephant_flow_duration_seconds_count,,55,22,33,,ee4cd0ba8957913b14eda758e0097d260905123bfb51d0281aacfd39a0d33e0a,traffic_flow_metrics
shanghai,elephant_flow_duration_seconds_sum,,55,22,33,,ee4cd0ba8957913b14eda758e0097d260905123bfb51d0281aacfd39a0d33e0a,traffic_flow_metrics
shanghai,elephant_flow_error_total,,55,,55,,ee4cd0ba8957913b14eda758e0097d260905123bfb51d0281aacfd39a0d33e0a,traffic_flow_metrics
shanghai,elephant_flow_requests_total,,55,22,33,,ee4cd0ba8957913b14eda758e0097d260905123bfb51d0281aacfd39a0d33e0a,traffic_flow_metrics
shanghai,elephant_flow_retransmits_total,,55,,55,,ee4cd0ba8957913b14eda758e0097d260905123bfb51d0281aacfd39a0d33e0a,traffic_flow_metrics
shanghai,elephant_flow_success_total,,55,22,33,,ee4cd0ba8957913b14eda758e0097d260905123bfb51d0281aacfd39a0d33e0a,traffic_flow_metrics
shanghai,elephant_flow_active_seconds_total,,46,45,1,,f91b63a0744eda6056676da9aa85a7c59cb27d6fbd011516a6fdf2f6d816b61c,traffic_flow_metrics
shanghai,elephant_flow_batches_completed_total,,46,19,27,,f91b63a0744eda6056676da9aa85a7c59cb27d6fbd011516a6fdf2f6d816b61c,traffic_flow_metrics
shanghai,elephant_flow_batches_failed_total,,46,,46,,f91b63a0744eda6056676da9aa85a7c59cb27d6fbd011516a6fdf2f6d816b61c,traffic_flow_metrics
shanghai,elephant_flow_batches_started_total,,46,18,28,,f91b63a0744eda6056676da9aa85a7c59cb27d6fbd011516a6fdf2f6d816b61c,traffic_flow_metrics
shanghai,elephant_flow_batches_timeout_total,,46,,46,,f91b63a0744eda6056676da9aa85a7c59cb27d6fbd011516a6fdf2f6d816b61c,traffic_flow_metrics
shanghai,elephant_flow_bytes_received_total,,46,19,27,,f91b63a0744eda6056676da9aa85a7c59cb27d6fbd011516a6fdf2f6d816b61c,traffic_flow_metrics
shanghai,elephant_flow_bytes_sent_total,,46,19,27,,f91b63a0744eda6056676da9aa85a7c59cb27d6fbd011516a6fdf2f6d816b61c,traffic_flow_metrics
shanghai,elephant_flow_duration_seconds_count,,46,19,27,,f91b63a0744eda6056676da9aa85a7c59cb27d6fbd011516a6fdf2f6d816b61c,traffic_flow_metrics
shanghai,elephant_flow_duration_seconds_sum,,46,19,27,,f91b63a0744eda6056676da9aa85a7c59cb27d6fbd011516a6fdf2f6d816b61c,traffic_flow_metrics
shanghai,elephant_flow_error_total,,46,,46,,f91b63a0744eda6056676da9aa85a7c59cb27d6fbd011516a6fdf2f6d816b61c,traffic_flow_metrics
shanghai,elephant_flow_requests_total,,46,19,27,,f91b63a0744eda6056676da9aa85a7c59cb27d6fbd011516a6fdf2f6d816b61c,traffic_flow_metrics
shanghai,elephant_flow_retransmits_total,,46,,46,,f91b63a0744eda6056676da9aa85a7c59cb27d6fbd011516a6fdf2f6d816b61c,traffic_flow_metrics
shanghai,elephant_flow_success_total,,46,19,27,,f91b63a0744eda6056676da9aa85a7c59cb27d6fbd011516a6fdf2f6d816b61c,traffic_flow_metrics
shanghai,elephant_flow_active_seconds_total,,47,46,1,,fdcb08bd08b1721dd31701cd21879585f52b4d127ad6a0574b4222d92765e9f8,traffic_flow_metrics
shanghai,elephant_flow_batches_completed_total,,47,18,29,,fdcb08bd08b1721dd31701cd21879585f52b4d127ad6a0574b4222d92765e9f8,traffic_flow_metrics
shanghai,elephant_flow_batches_failed_total,,47,,47,,fdcb08bd08b1721dd31701cd21879585f52b4d127ad6a0574b4222d92765e9f8,traffic_flow_metrics
shanghai,elephant_flow_batches_started_total,,47,17,30,,fdcb08bd08b1721dd31701cd21879585f52b4d127ad6a0574b4222d92765e9f8,traffic_flow_metrics
shanghai,elephant_flow_batches_timeout_total,,47,,47,,fdcb08bd08b1721dd31701cd21879585f52b4d127ad6a0574b4222d92765e9f8,traffic_flow_metrics
shanghai,elephant_flow_bytes_received_total,,47,18,29,,fdcb08bd08b1721dd31701cd21879585f52b4d127ad6a0574b4222d92765e9f8,traffic_flow_metrics
shanghai,elephant_flow_bytes_sent_total,,47,18,29,,fdcb08bd08b1721dd31701cd21879585f52b4d127ad6a0574b4222d92765e9f8,traffic_flow_metrics
shanghai,elephant_flow_duration_seconds_count,,47,18,29,,fdcb08bd08b1721dd31701cd21879585f52b4d127ad6a0574b4222d92765e9f8,traffic_flow_metrics
shanghai,elephant_flow_duration_seconds_sum,,47,18,29,,fdcb08bd08b1721dd31701cd21879585f52b4d127ad6a0574b4222d92765e9f8,traffic_flow_metrics
shanghai,elephant_flow_error_total,,47,,47,,fdcb08bd08b1721dd31701cd21879585f52b4d127ad6a0574b4222d92765e9f8,traffic_flow_metrics
shanghai,elephant_flow_requests_total,,47,18,29,,fdcb08bd08b1721dd31701cd21879585f52b4d127ad6a0574b4222d92765e9f8,traffic_flow_metrics
shanghai,elephant_flow_retransmits_total,,47,,47,,fdcb08bd08b1721dd31701cd21879585f52b4d127ad6a0574b4222d92765e9f8,traffic_flow_metrics
shanghai,elephant_flow_success_total,,47,18,29,,fdcb08bd08b1721dd31701cd21879585f52b4d127ad6a0574b4222d92765e9f8,traffic_flow_metrics
shenyang,value,,20137,,20137,,shenyang-br-1|bgp_peer_count|,routing_metrics
shenyang,value,,20137,,20137,,shenyang-br-1|ipv6_default_route_changed_total|,routing_metrics
shenyang,value,,20137,,20137,,"shenyang-br-1|ipv6_route_change_total|prefix=""::/0",routing_metrics
shenyang,value,,20137,,20137,,"shenyang-br-1|ipv6_route_change_total|prefix=""fd00:1:40::/64",routing_metrics
shenyang,value,,20137,,20137,,"shenyang-br-1|ipv6_route_change_total|prefix=""fd00:2:40::/64",routing_metrics
shenyang,value,,20137,,20137,,"shenyang-br-1|ipv6_route_change_total|prefix=""fd00:3:40::/64",routing_metrics
shenyang,value,,20137,,20137,,"shenyang-br-1|ipv6_route_change_total|prefix=""fd00:4:40::/64",routing_metrics
shenyang,value,,20137,,20137,,"shenyang-br-1|ipv6_route_change_total|prefix=""fd00:5:40::/64",routing_metrics
shenyang,value,,20137,2,20135,,"shenyang-br-1|ipv6_route_change_total|prefix=""fd00:6:40::/64",routing_metrics
shenyang,value,,20137,2,20135,,"shenyang-br-1|ipv6_route_change_total|prefix=""fd00:7:40::/64",routing_metrics
shenyang,value,,20137,2,20135,,"shenyang-br-1|ipv6_route_change_total|prefix=""fd00:8:40::/64",routing_metrics
shenyang,value,1,20137,1,20135,1,"shenyang-br-1|ipv6_route_count|protocol=""all",routing_metrics
shenyang,value,,20137,,20137,,"shenyang-br-1|ipv6_route_count|protocol=""bgp",routing_metrics
shenyang,value,,20137,,20137,,"shenyang-br-1|ipv6_route_count|protocol=""kernel",routing_metrics
shenyang,value,,20137,,20137,,"shenyang-br-1|ipv6_route_count|protocol=""ospf",routing_metrics
shenyang,value,1,20137,1,20135,1,"shenyang-br-1|ipv6_route_count|protocol=""unknown",routing_metrics
shenyang,value,,20137,,20137,,shenyang-br-2|bgp_peer_count|,routing_metrics
shenyang,value,,20137,,20137,,shenyang-br-2|ipv6_default_route_changed_total|,routing_metrics
shenyang,value,,20137,,20137,,"shenyang-br-2|ipv6_route_change_total|prefix=""::/0",routing_metrics
shenyang,value,,20137,,20137,,"shenyang-br-2|ipv6_route_change_total|prefix=""fd00:1:40::/64",routing_metrics
shenyang,value,,20137,,20137,,"shenyang-br-2|ipv6_route_change_total|prefix=""fd00:2:40::/64",routing_metrics
shenyang,value,,20137,,20137,,"shenyang-br-2|ipv6_route_change_total|prefix=""fd00:3:40::/64",routing_metrics
shenyang,value,,20137,,20137,,"shenyang-br-2|ipv6_route_change_total|prefix=""fd00:4:40::/64",routing_metrics
shenyang,value,,20137,,20137,,"shenyang-br-2|ipv6_route_change_total|prefix=""fd00:5:40::/64",routing_metrics
shenyang,value,,20137,10,20127,,"shenyang-br-2|ipv6_route_change_total|prefix=""fd00:6:40::/64",routing_metrics
shenyang,value,,20137,10,20127,,"shenyang-br-2|ipv6_route_change_total|prefix=""fd00:7:40::/64",routing_metrics
shenyang,value,,20137,10,20127,,"shenyang-br-2|ipv6_route_change_total|prefix=""fd00:8:40::/64",routing_metrics
shenyang,value,,20137,,20137,,"shenyang-br-2|ipv6_route_count|protocol=""all",routing_metrics
shenyang,value,,20137,,20137,,"shenyang-br-2|ipv6_route_count|protocol=""bgp",routing_metrics
shenyang,value,,20137,,20137,,"shenyang-br-2|ipv6_route_count|protocol=""kernel",routing_metrics
shenyang,value,,20137,,20137,,"shenyang-br-2|ipv6_route_count|protocol=""ospf",routing_metrics
shenyang,value,,20137,,20137,,"shenyang-br-2|ipv6_route_count|protocol=""unknown",routing_metrics
shenyang,value,,20159,,20159,,shenyang-cr-1|ipv6_default_route_changed_total|,routing_metrics
shenyang,value,,20159,,20159,,"shenyang-cr-1|ipv6_route_change_total|prefix=""::/0",routing_metrics
shenyang,value,,20159,,20159,,"shenyang-cr-1|ipv6_route_change_total|prefix=""fd00:1:40::/64",routing_metrics
shenyang,value,,20159,,20159,,"shenyang-cr-1|ipv6_route_change_total|prefix=""fd00:2:40::/64",routing_metrics
shenyang,value,,20159,,20159,,"shenyang-cr-1|ipv6_route_change_total|prefix=""fd00:3:40::/64",routing_metrics
shenyang,value,,20159,,20159,,"shenyang-cr-1|ipv6_route_change_total|prefix=""fd00:4:40::/64",routing_metrics
shenyang,value,,20159,,20159,,"shenyang-cr-1|ipv6_route_change_total|prefix=""fd00:5:40::/64",routing_metrics
shenyang,value,,20159,,20159,,"shenyang-cr-1|ipv6_route_change_total|prefix=""fd00:6:40::/64",routing_metrics
shenyang,value,,20159,,20159,,"shenyang-cr-1|ipv6_route_change_total|prefix=""fd00:7:40::/64",routing_metrics
shenyang,value,,20159,,20159,,"shenyang-cr-1|ipv6_route_change_total|prefix=""fd00:8:40::/64",routing_metrics
shenyang,value,,20159,,20159,,"shenyang-cr-1|ipv6_route_count|protocol=""196",routing_metrics
shenyang,value,1,20159,1,20157,1,"shenyang-cr-1|ipv6_route_count|protocol=""all",routing_metrics
shenyang,value,,20159,,20159,,"shenyang-cr-1|ipv6_route_count|protocol=""kernel",routing_metrics
shenyang,value,,20159,,20159,,"shenyang-cr-1|ipv6_route_count|protocol=""ospf",routing_metrics
shenyang,value,,23,,23,,"shenyang-cr-1|ipv6_route_count|protocol=""unknown",routing_metrics
shenyang,value,,20159,,20159,,shenyang-cr-2|ipv6_default_route_changed_total|,routing_metrics
shenyang,value,,20159,,20159,,"shenyang-cr-2|ipv6_route_change_total|prefix=""::/0",routing_metrics
shenyang,value,,20159,,20159,,"shenyang-cr-2|ipv6_route_change_total|prefix=""fd00:1:40::/64",routing_metrics
shenyang,value,,20159,,20159,,"shenyang-cr-2|ipv6_route_change_total|prefix=""fd00:2:40::/64",routing_metrics
shenyang,value,,20159,,20159,,"shenyang-cr-2|ipv6_route_change_total|prefix=""fd00:3:40::/64",routing_metrics
shenyang,value,,20159,,20159,,"shenyang-cr-2|ipv6_route_change_total|prefix=""fd00:4:40::/64",routing_metrics
shenyang,value,,20159,,20159,,"shenyang-cr-2|ipv6_route_change_total|prefix=""fd00:5:40::/64",routing_metrics
shenyang,value,,20159,,20159,,"shenyang-cr-2|ipv6_route_change_total|prefix=""fd00:6:40::/64",routing_metrics
shenyang,value,,20159,,20159,,"shenyang-cr-2|ipv6_route_change_total|prefix=""fd00:7:40::/64",routing_metrics
shenyang,value,,20159,,20159,,"shenyang-cr-2|ipv6_route_change_total|prefix=""fd00:8:40::/64",routing_metrics
shenyang,value,,20159,,20159,,"shenyang-cr-2|ipv6_route_count|protocol=""196",routing_metrics
shenyang,value,,20159,,20159,,"shenyang-cr-2|ipv6_route_count|protocol=""all",routing_metrics
shenyang,value,,20159,,20159,,"shenyang-cr-2|ipv6_route_count|protocol=""kernel",routing_metrics
shenyang,value,,20159,,20159,,"shenyang-cr-2|ipv6_route_count|protocol=""ospf",routing_metrics
shenyang,elephant_flow_active_seconds_total,,28,28,,,0fb8702be4d16d6e57c8a5c56cafe9db0f531fb8e4ddbb861dccf8240ec8c092,traffic_flow_metrics
shenyang,elephant_flow_batches_completed_total,,28,11,17,,0fb8702be4d16d6e57c8a5c56cafe9db0f531fb8e4ddbb861dccf8240ec8c092,traffic_flow_metrics
shenyang,elephant_flow_batches_failed_total,,28,,28,,0fb8702be4d16d6e57c8a5c56cafe9db0f531fb8e4ddbb861dccf8240ec8c092,traffic_flow_metrics
shenyang,elephant_flow_batches_started_total,,28,10,18,,0fb8702be4d16d6e57c8a5c56cafe9db0f531fb8e4ddbb861dccf8240ec8c092,traffic_flow_metrics
shenyang,elephant_flow_batches_timeout_total,,28,,28,,0fb8702be4d16d6e57c8a5c56cafe9db0f531fb8e4ddbb861dccf8240ec8c092,traffic_flow_metrics
shenyang,elephant_flow_bytes_received_total,,28,11,17,,0fb8702be4d16d6e57c8a5c56cafe9db0f531fb8e4ddbb861dccf8240ec8c092,traffic_flow_metrics
shenyang,elephant_flow_bytes_sent_total,,28,11,17,,0fb8702be4d16d6e57c8a5c56cafe9db0f531fb8e4ddbb861dccf8240ec8c092,traffic_flow_metrics
shenyang,elephant_flow_duration_seconds_count,,28,11,17,,0fb8702be4d16d6e57c8a5c56cafe9db0f531fb8e4ddbb861dccf8240ec8c092,traffic_flow_metrics
shenyang,elephant_flow_duration_seconds_sum,,28,11,17,,0fb8702be4d16d6e57c8a5c56cafe9db0f531fb8e4ddbb861dccf8240ec8c092,traffic_flow_metrics
shenyang,elephant_flow_error_total,,28,,28,,0fb8702be4d16d6e57c8a5c56cafe9db0f531fb8e4ddbb861dccf8240ec8c092,traffic_flow_metrics
shenyang,elephant_flow_requests_total,,28,11,17,,0fb8702be4d16d6e57c8a5c56cafe9db0f531fb8e4ddbb861dccf8240ec8c092,traffic_flow_metrics
shenyang,elephant_flow_retransmits_total,,28,,28,,0fb8702be4d16d6e57c8a5c56cafe9db0f531fb8e4ddbb861dccf8240ec8c092,traffic_flow_metrics
shenyang,elephant_flow_success_total,,28,11,17,,0fb8702be4d16d6e57c8a5c56cafe9db0f531fb8e4ddbb861dccf8240ec8c092,traffic_flow_metrics
shenyang,elephant_flow_active_seconds_total,,17,17,,,1041f23f8058dff84302f05187e5eb90844b225fc94625a07cbf48d7f3a14709,traffic_flow_metrics
shenyang,elephant_flow_batches_completed_total,,17,,17,,1041f23f8058dff84302f05187e5eb90844b225fc94625a07cbf48d7f3a14709,traffic_flow_metrics
shenyang,elephant_flow_batches_failed_total,,17,17,,,1041f23f8058dff84302f05187e5eb90844b225fc94625a07cbf48d7f3a14709,traffic_flow_metrics
shenyang,elephant_flow_batches_started_total,,17,17,,,1041f23f8058dff84302f05187e5eb90844b225fc94625a07cbf48d7f3a14709,traffic_flow_metrics
shenyang,elephant_flow_batches_timeout_total,,17,,17,,1041f23f8058dff84302f05187e5eb90844b225fc94625a07cbf48d7f3a14709,traffic_flow_metrics
shenyang,elephant_flow_bytes_received_total,,17,,17,,1041f23f8058dff84302f05187e5eb90844b225fc94625a07cbf48d7f3a14709,traffic_flow_metrics
shenyang,elephant_flow_bytes_sent_total,,17,,17,,1041f23f8058dff84302f05187e5eb90844b225fc94625a07cbf48d7f3a14709,traffic_flow_metrics
shenyang,elephant_flow_duration_seconds_count,,17,17,,,1041f23f8058dff84302f05187e5eb90844b225fc94625a07cbf48d7f3a14709,traffic_flow_metrics
shenyang,elephant_flow_duration_seconds_sum,,17,17,,,1041f23f8058dff84302f05187e5eb90844b225fc94625a07cbf48d7f3a14709,traffic_flow_metrics
shenyang,elephant_flow_error_total,,17,,17,,1041f23f8058dff84302f05187e5eb90844b225fc94625a07cbf48d7f3a14709,traffic_flow_metrics
shenyang,elephant_flow_requests_total,,17,,17,,1041f23f8058dff84302f05187e5eb90844b225fc94625a07cbf48d7f3a14709,traffic_flow_metrics
shenyang,elephant_flow_retransmits_total,,17,,17,,1041f23f8058dff84302f05187e5eb90844b225fc94625a07cbf48d7f3a14709,traffic_flow_metrics
shenyang,elephant_flow_success_total,,17,,17,,1041f23f8058dff84302f05187e5eb90844b225fc94625a07cbf48d7f3a14709,traffic_flow_metrics
shenyang,elephant_flow_active_seconds_total,,51,50,1,,2fa475b58a9c13642d75b873496bb38e2252c3a669ff81e594cf0dfa47a9c871,traffic_flow_metrics
shenyang,elephant_flow_batches_completed_total,,51,20,31,,2fa475b58a9c13642d75b873496bb38e2252c3a669ff81e594cf0dfa47a9c871,traffic_flow_metrics
shenyang,elephant_flow_batches_failed_total,,51,,51,,2fa475b58a9c13642d75b873496bb38e2252c3a669ff81e594cf0dfa47a9c871,traffic_flow_metrics
shenyang,elephant_flow_batches_started_total,,51,19,32,,2fa475b58a9c13642d75b873496bb38e2252c3a669ff81e594cf0dfa47a9c871,traffic_flow_metrics
shenyang,elephant_flow_batches_timeout_total,,51,,51,,2fa475b58a9c13642d75b873496bb38e2252c3a669ff81e594cf0dfa47a9c871,traffic_flow_metrics
shenyang,elephant_flow_bytes_received_total,,51,20,31,,2fa475b58a9c13642d75b873496bb38e2252c3a669ff81e594cf0dfa47a9c871,traffic_flow_metrics
shenyang,elephant_flow_bytes_sent_total,,51,20,31,,2fa475b58a9c13642d75b873496bb38e2252c3a669ff81e594cf0dfa47a9c871,traffic_flow_metrics
shenyang,elephant_flow_duration_seconds_count,,51,20,31,,2fa475b58a9c13642d75b873496bb38e2252c3a669ff81e594cf0dfa47a9c871,traffic_flow_metrics
shenyang,elephant_flow_duration_seconds_sum,,51,20,31,,2fa475b58a9c13642d75b873496bb38e2252c3a669ff81e594cf0dfa47a9c871,traffic_flow_metrics
shenyang,elephant_flow_error_total,,51,,51,,2fa475b58a9c13642d75b873496bb38e2252c3a669ff81e594cf0dfa47a9c871,traffic_flow_metrics
shenyang,elephant_flow_requests_total,,51,20,31,,2fa475b58a9c13642d75b873496bb38e2252c3a669ff81e594cf0dfa47a9c871,traffic_flow_metrics
shenyang,elephant_flow_retransmits_total,,51,,51,,2fa475b58a9c13642d75b873496bb38e2252c3a669ff81e594cf0dfa47a9c871,traffic_flow_metrics
shenyang,elephant_flow_success_total,,51,20,31,,2fa475b58a9c13642d75b873496bb38e2252c3a669ff81e594cf0dfa47a9c871,traffic_flow_metrics
shenyang,elephant_flow_active_seconds_total,,39,39,,,31febdddfcb6579592481b57bb783d5754c35787dbad1679af08a4506b0ce467,traffic_flow_metrics
shenyang,elephant_flow_batches_completed_total,,39,17,22,,31febdddfcb6579592481b57bb783d5754c35787dbad1679af08a4506b0ce467,traffic_flow_metrics
shenyang,elephant_flow_batches_failed_total,,39,,39,,31febdddfcb6579592481b57bb783d5754c35787dbad1679af08a4506b0ce467,traffic_flow_metrics
shenyang,elephant_flow_batches_started_total,,39,16,23,,31febdddfcb6579592481b57bb783d5754c35787dbad1679af08a4506b0ce467,traffic_flow_metrics
shenyang,elephant_flow_batches_timeout_total,,39,,39,,31febdddfcb6579592481b57bb783d5754c35787dbad1679af08a4506b0ce467,traffic_flow_metrics
shenyang,elephant_flow_bytes_received_total,,39,17,22,,31febdddfcb6579592481b57bb783d5754c35787dbad1679af08a4506b0ce467,traffic_flow_metrics
shenyang,elephant_flow_bytes_sent_total,,39,17,22,,31febdddfcb6579592481b57bb783d5754c35787dbad1679af08a4506b0ce467,traffic_flow_metrics
shenyang,elephant_flow_duration_seconds_count,,39,17,22,,31febdddfcb6579592481b57bb783d5754c35787dbad1679af08a4506b0ce467,traffic_flow_metrics
shenyang,elephant_flow_duration_seconds_sum,,39,17,22,,31febdddfcb6579592481b57bb783d5754c35787dbad1679af08a4506b0ce467,traffic_flow_metrics
shenyang,elephant_flow_error_total,,39,,39,,31febdddfcb6579592481b57bb783d5754c35787dbad1679af08a4506b0ce467,traffic_flow_metrics
shenyang,elephant_flow_requests_total,,39,17,22,,31febdddfcb6579592481b57bb783d5754c35787dbad1679af08a4506b0ce467,traffic_flow_metrics
shenyang,elephant_flow_retransmits_total,,39,,39,,31febdddfcb6579592481b57bb783d5754c35787dbad1679af08a4506b0ce467,traffic_flow_metrics
shenyang,elephant_flow_success_total,,39,17,22,,31febdddfcb6579592481b57bb783d5754c35787dbad1679af08a4506b0ce467,traffic_flow_metrics
shenyang,elephant_flow_active_seconds_total,,17,17,,,41103da753a937c46b56c662482d6780bbd03cf5426356f85cfff3c600b82ce6,traffic_flow_metrics
shenyang,elephant_flow_batches_completed_total,,17,,17,,41103da753a937c46b56c662482d6780bbd03cf5426356f85cfff3c600b82ce6,traffic_flow_metrics
shenyang,elephant_flow_batches_failed_total,,17,17,,,41103da753a937c46b56c662482d6780bbd03cf5426356f85cfff3c600b82ce6,traffic_flow_metrics
shenyang,elephant_flow_batches_started_total,,17,17,,,41103da753a937c46b56c662482d6780bbd03cf5426356f85cfff3c600b82ce6,traffic_flow_metrics
shenyang,elephant_flow_batches_timeout_total,,17,,17,,41103da753a937c46b56c662482d6780bbd03cf5426356f85cfff3c600b82ce6,traffic_flow_metrics
shenyang,elephant_flow_bytes_received_total,,17,,17,,41103da753a937c46b56c662482d6780bbd03cf5426356f85cfff3c600b82ce6,traffic_flow_metrics
shenyang,elephant_flow_bytes_sent_total,,17,,17,,41103da753a937c46b56c662482d6780bbd03cf5426356f85cfff3c600b82ce6,traffic_flow_metrics
shenyang,elephant_flow_duration_seconds_count,,17,17,,,41103da753a937c46b56c662482d6780bbd03cf5426356f85cfff3c600b82ce6,traffic_flow_metrics
shenyang,elephant_flow_duration_seconds_sum,,17,17,,,41103da753a937c46b56c662482d6780bbd03cf5426356f85cfff3c600b82ce6,traffic_flow_metrics
shenyang,elephant_flow_error_total,,17,,17,,41103da753a937c46b56c662482d6780bbd03cf5426356f85cfff3c600b82ce6,traffic_flow_metrics
shenyang,elephant_flow_requests_total,,17,,17,,41103da753a937c46b56c662482d6780bbd03cf5426356f85cfff3c600b82ce6,traffic_flow_metrics
shenyang,elephant_flow_retransmits_total,,17,,17,,41103da753a937c46b56c662482d6780bbd03cf5426356f85cfff3c600b82ce6,traffic_flow_metrics
shenyang,elephant_flow_success_total,,17,,17,,41103da753a937c46b56c662482d6780bbd03cf5426356f85cfff3c600b82ce6,traffic_flow_metrics
shenyang,elephant_flow_active_seconds_total,,52,52,,,4b6a74988c76dce7a3a5573a5b920bd0eaa09c06f295a83b86392e1f404f60a0,traffic_flow_metrics
shenyang,elephant_flow_batches_completed_total,,52,20,32,,4b6a74988c76dce7a3a5573a5b920bd0eaa09c06f295a83b86392e1f404f60a0,traffic_flow_metrics
shenyang,elephant_flow_batches_failed_total,,52,1,51,,4b6a74988c76dce7a3a5573a5b920bd0eaa09c06f295a83b86392e1f404f60a0,traffic_flow_metrics
shenyang,elephant_flow_batches_started_total,,52,20,32,,4b6a74988c76dce7a3a5573a5b920bd0eaa09c06f295a83b86392e1f404f60a0,traffic_flow_metrics
shenyang,elephant_flow_batches_timeout_total,,52,,52,,4b6a74988c76dce7a3a5573a5b920bd0eaa09c06f295a83b86392e1f404f60a0,traffic_flow_metrics
shenyang,elephant_flow_bytes_received_total,,52,20,32,,4b6a74988c76dce7a3a5573a5b920bd0eaa09c06f295a83b86392e1f404f60a0,traffic_flow_metrics
shenyang,elephant_flow_bytes_sent_total,,52,20,32,,4b6a74988c76dce7a3a5573a5b920bd0eaa09c06f295a83b86392e1f404f60a0,traffic_flow_metrics
shenyang,elephant_flow_duration_seconds_count,,52,21,31,,4b6a74988c76dce7a3a5573a5b920bd0eaa09c06f295a83b86392e1f404f60a0,traffic_flow_metrics
shenyang,elephant_flow_duration_seconds_sum,,52,21,31,,4b6a74988c76dce7a3a5573a5b920bd0eaa09c06f295a83b86392e1f404f60a0,traffic_flow_metrics
shenyang,elephant_flow_error_total,,52,,52,,4b6a74988c76dce7a3a5573a5b920bd0eaa09c06f295a83b86392e1f404f60a0,traffic_flow_metrics
shenyang,elephant_flow_requests_total,,52,20,32,,4b6a74988c76dce7a3a5573a5b920bd0eaa09c06f295a83b86392e1f404f60a0,traffic_flow_metrics
shenyang,elephant_flow_retransmits_total,,52,,52,,4b6a74988c76dce7a3a5573a5b920bd0eaa09c06f295a83b86392e1f404f60a0,traffic_flow_metrics
shenyang,elephant_flow_success_total,,52,20,32,,4b6a74988c76dce7a3a5573a5b920bd0eaa09c06f295a83b86392e1f404f60a0,traffic_flow_metrics
shenyang,elephant_flow_active_seconds_total,,58,57,1,,52214646ec0197e19201d5a9467a2c5958165fa92f519700e1670475f3121dc0,traffic_flow_metrics
shenyang,elephant_flow_batches_completed_total,,58,23,35,,52214646ec0197e19201d5a9467a2c5958165fa92f519700e1670475f3121dc0,traffic_flow_metrics
shenyang,elephant_flow_batches_failed_total,,58,,58,,52214646ec0197e19201d5a9467a2c5958165fa92f519700e1670475f3121dc0,traffic_flow_metrics
shenyang,elephant_flow_batches_started_total,,58,22,36,,52214646ec0197e19201d5a9467a2c5958165fa92f519700e1670475f3121dc0,traffic_flow_metrics
shenyang,elephant_flow_batches_timeout_total,,58,,58,,52214646ec0197e19201d5a9467a2c5958165fa92f519700e1670475f3121dc0,traffic_flow_metrics
shenyang,elephant_flow_bytes_received_total,,58,23,35,,52214646ec0197e19201d5a9467a2c5958165fa92f519700e1670475f3121dc0,traffic_flow_metrics
shenyang,elephant_flow_bytes_sent_total,,58,23,35,,52214646ec0197e19201d5a9467a2c5958165fa92f519700e1670475f3121dc0,traffic_flow_metrics
shenyang,elephant_flow_duration_seconds_count,,58,23,35,,52214646ec0197e19201d5a9467a2c5958165fa92f519700e1670475f3121dc0,traffic_flow_metrics
shenyang,elephant_flow_duration_seconds_sum,,58,23,35,,52214646ec0197e19201d5a9467a2c5958165fa92f519700e1670475f3121dc0,traffic_flow_metrics
shenyang,elephant_flow_error_total,,58,,58,,52214646ec0197e19201d5a9467a2c5958165fa92f519700e1670475f3121dc0,traffic_flow_metrics
shenyang,elephant_flow_requests_total,,58,23,35,,52214646ec0197e19201d5a9467a2c5958165fa92f519700e1670475f3121dc0,traffic_flow_metrics
shenyang,elephant_flow_retransmits_total,,58,,58,,52214646ec0197e19201d5a9467a2c5958165fa92f519700e1670475f3121dc0,traffic_flow_metrics
shenyang,elephant_flow_success_total,,58,23,35,,52214646ec0197e19201d5a9467a2c5958165fa92f519700e1670475f3121dc0,traffic_flow_metrics
shenyang,elephant_flow_active_seconds_total,,31,31,,,52becac783742cf85019a896f53502d20ac4f92d41db95560be92c1fa04f6876,traffic_flow_metrics
shenyang,elephant_flow_batches_completed_total,,31,12,19,,52becac783742cf85019a896f53502d20ac4f92d41db95560be92c1fa04f6876,traffic_flow_metrics
shenyang,elephant_flow_batches_failed_total,,31,1,30,,52becac783742cf85019a896f53502d20ac4f92d41db95560be92c1fa04f6876,traffic_flow_metrics
shenyang,elephant_flow_batches_started_total,,31,12,19,,52becac783742cf85019a896f53502d20ac4f92d41db95560be92c1fa04f6876,traffic_flow_metrics
shenyang,elephant_flow_batches_timeout_total,,31,,31,,52becac783742cf85019a896f53502d20ac4f92d41db95560be92c1fa04f6876,traffic_flow_metrics
shenyang,elephant_flow_bytes_received_total,,31,12,19,,52becac783742cf85019a896f53502d20ac4f92d41db95560be92c1fa04f6876,traffic_flow_metrics
shenyang,elephant_flow_bytes_sent_total,,31,12,19,,52becac783742cf85019a896f53502d20ac4f92d41db95560be92c1fa04f6876,traffic_flow_metrics
shenyang,elephant_flow_duration_seconds_count,,31,13,18,,52becac783742cf85019a896f53502d20ac4f92d41db95560be92c1fa04f6876,traffic_flow_metrics
shenyang,elephant_flow_duration_seconds_sum,,31,13,18,,52becac783742cf85019a896f53502d20ac4f92d41db95560be92c1fa04f6876,traffic_flow_metrics
shenyang,elephant_flow_error_total,,31,,31,,52becac783742cf85019a896f53502d20ac4f92d41db95560be92c1fa04f6876,traffic_flow_metrics
shenyang,elephant_flow_requests_total,,31,12,19,,52becac783742cf85019a896f53502d20ac4f92d41db95560be92c1fa04f6876,traffic_flow_metrics
shenyang,elephant_flow_retransmits_total,,31,,31,,52becac783742cf85019a896f53502d20ac4f92d41db95560be92c1fa04f6876,traffic_flow_metrics
shenyang,elephant_flow_success_total,,31,12,19,,52becac783742cf85019a896f53502d20ac4f92d41db95560be92c1fa04f6876,traffic_flow_metrics
shenyang,elephant_flow_active_seconds_total,,53,53,,,52c28d34b1c6e9fd063df7675d9da88b505baaedb899b86baf2dfb21958cbcab,traffic_flow_metrics
shenyang,elephant_flow_batches_completed_total,,53,21,32,,52c28d34b1c6e9fd063df7675d9da88b505baaedb899b86baf2dfb21958cbcab,traffic_flow_metrics
shenyang,elephant_flow_batches_failed_total,,53,1,52,,52c28d34b1c6e9fd063df7675d9da88b505baaedb899b86baf2dfb21958cbcab,traffic_flow_metrics
shenyang,elephant_flow_batches_started_total,,53,21,32,,52c28d34b1c6e9fd063df7675d9da88b505baaedb899b86baf2dfb21958cbcab,traffic_flow_metrics
shenyang,elephant_flow_batches_timeout_total,,53,,53,,52c28d34b1c6e9fd063df7675d9da88b505baaedb899b86baf2dfb21958cbcab,traffic_flow_metrics
shenyang,elephant_flow_bytes_received_total,,53,21,32,,52c28d34b1c6e9fd063df7675d9da88b505baaedb899b86baf2dfb21958cbcab,traffic_flow_metrics
shenyang,elephant_flow_bytes_sent_total,,53,21,32,,52c28d34b1c6e9fd063df7675d9da88b505baaedb899b86baf2dfb21958cbcab,traffic_flow_metrics
shenyang,elephant_flow_duration_seconds_count,,53,22,31,,52c28d34b1c6e9fd063df7675d9da88b505baaedb899b86baf2dfb21958cbcab,traffic_flow_metrics
shenyang,elephant_flow_duration_seconds_sum,,53,22,31,,52c28d34b1c6e9fd063df7675d9da88b505baaedb899b86baf2dfb21958cbcab,traffic_flow_metrics
shenyang,elephant_flow_error_total,,53,,53,,52c28d34b1c6e9fd063df7675d9da88b505baaedb899b86baf2dfb21958cbcab,traffic_flow_metrics
shenyang,elephant_flow_requests_total,,53,21,32,,52c28d34b1c6e9fd063df7675d9da88b505baaedb899b86baf2dfb21958cbcab,traffic_flow_metrics
shenyang,elephant_flow_retransmits_total,,53,,53,,52c28d34b1c6e9fd063df7675d9da88b505baaedb899b86baf2dfb21958cbcab,traffic_flow_metrics
shenyang,elephant_flow_success_total,,53,21,32,,52c28d34b1c6e9fd063df7675d9da88b505baaedb899b86baf2dfb21958cbcab,traffic_flow_metrics
shenyang,elephant_flow_active_seconds_total,,28,28,,,536fa05ad4b6ca188cc9900a3c98eb845736759f359d067a7ee35db2744f7fd2,traffic_flow_metrics
shenyang,elephant_flow_batches_completed_total,,28,11,17,,536fa05ad4b6ca188cc9900a3c98eb845736759f359d067a7ee35db2744f7fd2,traffic_flow_metrics
shenyang,elephant_flow_batches_failed_total,,28,,28,,536fa05ad4b6ca188cc9900a3c98eb845736759f359d067a7ee35db2744f7fd2,traffic_flow_metrics
shenyang,elephant_flow_batches_started_total,,28,10,18,,536fa05ad4b6ca188cc9900a3c98eb845736759f359d067a7ee35db2744f7fd2,traffic_flow_metrics
shenyang,elephant_flow_batches_timeout_total,,28,,28,,536fa05ad4b6ca188cc9900a3c98eb845736759f359d067a7ee35db2744f7fd2,traffic_flow_metrics
shenyang,elephant_flow_bytes_received_total,,28,11,17,,536fa05ad4b6ca188cc9900a3c98eb845736759f359d067a7ee35db2744f7fd2,traffic_flow_metrics
shenyang,elephant_flow_bytes_sent_total,,28,11,17,,536fa05ad4b6ca188cc9900a3c98eb845736759f359d067a7ee35db2744f7fd2,traffic_flow_metrics
shenyang,elephant_flow_duration_seconds_count,,28,11,17,,536fa05ad4b6ca188cc9900a3c98eb845736759f359d067a7ee35db2744f7fd2,traffic_flow_metrics
shenyang,elephant_flow_duration_seconds_sum,,28,11,17,,536fa05ad4b6ca188cc9900a3c98eb845736759f359d067a7ee35db2744f7fd2,traffic_flow_metrics
shenyang,elephant_flow_error_total,,28,,28,,536fa05ad4b6ca188cc9900a3c98eb845736759f359d067a7ee35db2744f7fd2,traffic_flow_metrics
shenyang,elephant_flow_requests_total,,28,11,17,,536fa05ad4b6ca188cc9900a3c98eb845736759f359d067a7ee35db2744f7fd2,traffic_flow_metrics
shenyang,elephant_flow_retransmits_total,,28,,28,,536fa05ad4b6ca188cc9900a3c98eb845736759f359d067a7ee35db2744f7fd2,traffic_flow_metrics
shenyang,elephant_flow_success_total,,28,11,17,,536fa05ad4b6ca188cc9900a3c98eb845736759f359d067a7ee35db2744f7fd2,traffic_flow_metrics
shenyang,web_flow_active_seconds_total,,18804,18754,50,,5819af0740b35da6c95da1ff0c3ec9208a7034a4c734987f31861aca67d5bef9,traffic_flow_metrics
shenyang,web_flow_batches_completed_total,,18804,14355,4449,,5819af0740b35da6c95da1ff0c3ec9208a7034a4c734987f31861aca67d5bef9,traffic_flow_metrics
shenyang,web_flow_batches_failed_total,,18804,415,18389,,5819af0740b35da6c95da1ff0c3ec9208a7034a4c734987f31861aca67d5bef9,traffic_flow_metrics
shenyang,web_flow_batches_started_total,,18804,14699,4105,,5819af0740b35da6c95da1ff0c3ec9208a7034a4c734987f31861aca67d5bef9,traffic_flow_metrics
shenyang,web_flow_batches_timeout_total,,18804,169,18635,,5819af0740b35da6c95da1ff0c3ec9208a7034a4c734987f31861aca67d5bef9,traffic_flow_metrics
shenyang,web_flow_bytes_received_total,,18804,18301,503,,5819af0740b35da6c95da1ff0c3ec9208a7034a4c734987f31861aca67d5bef9,traffic_flow_metrics
shenyang,web_flow_bytes_sent_total,,18804,18301,503,,5819af0740b35da6c95da1ff0c3ec9208a7034a4c734987f31861aca67d5bef9,traffic_flow_metrics
shenyang,web_flow_duration_seconds_count,,18804,14752,4052,,5819af0740b35da6c95da1ff0c3ec9208a7034a4c734987f31861aca67d5bef9,traffic_flow_metrics
shenyang,web_flow_duration_seconds_sum,,18804,14752,4052,,5819af0740b35da6c95da1ff0c3ec9208a7034a4c734987f31861aca67d5bef9,traffic_flow_metrics
shenyang,web_flow_error_total,,18804,309,18495,,5819af0740b35da6c95da1ff0c3ec9208a7034a4c734987f31861aca67d5bef9,traffic_flow_metrics
shenyang,web_flow_request_latency_seconds_count,,18804,18301,503,,5819af0740b35da6c95da1ff0c3ec9208a7034a4c734987f31861aca67d5bef9,traffic_flow_metrics
shenyang,web_flow_request_latency_seconds_sum,,18804,18301,503,,5819af0740b35da6c95da1ff0c3ec9208a7034a4c734987f31861aca67d5bef9,traffic_flow_metrics
shenyang,web_flow_requests_total,,18804,18490,314,,5819af0740b35da6c95da1ff0c3ec9208a7034a4c734987f31861aca67d5bef9,traffic_flow_metrics
shenyang,web_flow_success_total,,18804,18199,605,,5819af0740b35da6c95da1ff0c3ec9208a7034a4c734987f31861aca67d5bef9,traffic_flow_metrics
shenyang,elephant_flow_active_seconds_total,,13,13,,,66d44614b5793e381407acf562d209c1afbb8746d27ae49e321d50fa1d849fb2,traffic_flow_metrics
shenyang,elephant_flow_batches_completed_total,,13,,13,,66d44614b5793e381407acf562d209c1afbb8746d27ae49e321d50fa1d849fb2,traffic_flow_metrics
shenyang,elephant_flow_batches_failed_total,,13,13,,,66d44614b5793e381407acf562d209c1afbb8746d27ae49e321d50fa1d849fb2,traffic_flow_metrics
shenyang,elephant_flow_batches_started_total,,13,13,,,66d44614b5793e381407acf562d209c1afbb8746d27ae49e321d50fa1d849fb2,traffic_flow_metrics
shenyang,elephant_flow_batches_timeout_total,,13,,13,,66d44614b5793e381407acf562d209c1afbb8746d27ae49e321d50fa1d849fb2,traffic_flow_metrics
shenyang,elephant_flow_bytes_received_total,,13,,13,,66d44614b5793e381407acf562d209c1afbb8746d27ae49e321d50fa1d849fb2,traffic_flow_metrics
shenyang,elephant_flow_bytes_sent_total,,13,,13,,66d44614b5793e381407acf562d209c1afbb8746d27ae49e321d50fa1d849fb2,traffic_flow_metrics
shenyang,elephant_flow_duration_seconds_count,,13,13,,,66d44614b5793e381407acf562d209c1afbb8746d27ae49e321d50fa1d849fb2,traffic_flow_metrics
shenyang,elephant_flow_duration_seconds_sum,,13,13,,,66d44614b5793e381407acf562d209c1afbb8746d27ae49e321d50fa1d849fb2,traffic_flow_metrics
shenyang,elephant_flow_error_total,,13,,13,,66d44614b5793e381407acf562d209c1afbb8746d27ae49e321d50fa1d849fb2,traffic_flow_metrics
shenyang,elephant_flow_requests_total,,13,,13,,66d44614b5793e381407acf562d209c1afbb8746d27ae49e321d50fa1d849fb2,traffic_flow_metrics
shenyang,elephant_flow_retransmits_total,,13,,13,,66d44614b5793e381407acf562d209c1afbb8746d27ae49e321d50fa1d849fb2,traffic_flow_metrics
shenyang,elephant_flow_success_total,,13,,13,,66d44614b5793e381407acf562d209c1afbb8746d27ae49e321d50fa1d849fb2,traffic_flow_metrics
shenyang,elephant_flow_active_seconds_total,,42,42,,,695d53e3ea6f28ef5c68b7e695a7c009700b25c2ed41df206644bd1408fc57e0,traffic_flow_metrics
shenyang,elephant_flow_batches_completed_total,,42,17,25,,695d53e3ea6f28ef5c68b7e695a7c009700b25c2ed41df206644bd1408fc57e0,traffic_flow_metrics
shenyang,elephant_flow_batches_failed_total,,42,1,41,,695d53e3ea6f28ef5c68b7e695a7c009700b25c2ed41df206644bd1408fc57e0,traffic_flow_metrics
shenyang,elephant_flow_batches_started_total,,42,17,25,,695d53e3ea6f28ef5c68b7e695a7c009700b25c2ed41df206644bd1408fc57e0,traffic_flow_metrics
shenyang,elephant_flow_batches_timeout_total,,42,,42,,695d53e3ea6f28ef5c68b7e695a7c009700b25c2ed41df206644bd1408fc57e0,traffic_flow_metrics
shenyang,elephant_flow_bytes_received_total,,42,17,25,,695d53e3ea6f28ef5c68b7e695a7c009700b25c2ed41df206644bd1408fc57e0,traffic_flow_metrics
shenyang,elephant_flow_bytes_sent_total,,42,17,25,,695d53e3ea6f28ef5c68b7e695a7c009700b25c2ed41df206644bd1408fc57e0,traffic_flow_metrics
shenyang,elephant_flow_duration_seconds_count,,42,18,24,,695d53e3ea6f28ef5c68b7e695a7c009700b25c2ed41df206644bd1408fc57e0,traffic_flow_metrics
shenyang,elephant_flow_duration_seconds_sum,,42,18,24,,695d53e3ea6f28ef5c68b7e695a7c009700b25c2ed41df206644bd1408fc57e0,traffic_flow_metrics
shenyang,elephant_flow_error_total,,42,,42,,695d53e3ea6f28ef5c68b7e695a7c009700b25c2ed41df206644bd1408fc57e0,traffic_flow_metrics
shenyang,elephant_flow_requests_total,,42,17,25,,695d53e3ea6f28ef5c68b7e695a7c009700b25c2ed41df206644bd1408fc57e0,traffic_flow_metrics
shenyang,elephant_flow_retransmits_total,,42,,42,,695d53e3ea6f28ef5c68b7e695a7c009700b25c2ed41df206644bd1408fc57e0,traffic_flow_metrics
shenyang,elephant_flow_success_total,,42,17,25,,695d53e3ea6f28ef5c68b7e695a7c009700b25c2ed41df206644bd1408fc57e0,traffic_flow_metrics
shenyang,dns_flow_active_seconds_total,,19955,19917,38,,7dd7f60e387bad39e2b58078362c74a08a992d40e257324cf21089e87dcc0964,traffic_flow_metrics
shenyang,dns_flow_batches_completed_total,,19955,18622,1333,,7dd7f60e387bad39e2b58078362c74a08a992d40e257324cf21089e87dcc0964,traffic_flow_metrics
shenyang,dns_flow_batches_failed_total,,19955,179,19776,,7dd7f60e387bad39e2b58078362c74a08a992d40e257324cf21089e87dcc0964,traffic_flow_metrics
shenyang,dns_flow_batches_started_total,,19955,18751,1204,,7dd7f60e387bad39e2b58078362c74a08a992d40e257324cf21089e87dcc0964,traffic_flow_metrics
shenyang,dns_flow_batches_timeout_total,,19955,179,19776,,7dd7f60e387bad39e2b58078362c74a08a992d40e257324cf21089e87dcc0964,traffic_flow_metrics
shenyang,dns_flow_bytes_received_total,,19955,19725,230,,7dd7f60e387bad39e2b58078362c74a08a992d40e257324cf21089e87dcc0964,traffic_flow_metrics
shenyang,dns_flow_bytes_sent_total,,19955,19725,230,,7dd7f60e387bad39e2b58078362c74a08a992d40e257324cf21089e87dcc0964,traffic_flow_metrics
shenyang,dns_flow_duration_seconds_count,,19955,18783,1172,,7dd7f60e387bad39e2b58078362c74a08a992d40e257324cf21089e87dcc0964,traffic_flow_metrics
shenyang,dns_flow_duration_seconds_sum,,19955,18783,1172,,7dd7f60e387bad39e2b58078362c74a08a992d40e257324cf21089e87dcc0964,traffic_flow_metrics
shenyang,dns_flow_error_total,,19955,281,19674,,7dd7f60e387bad39e2b58078362c74a08a992d40e257324cf21089e87dcc0964,traffic_flow_metrics
shenyang,dns_flow_request_latency_seconds_count,,19955,19725,230,,7dd7f60e387bad39e2b58078362c74a08a992d40e257324cf21089e87dcc0964,traffic_flow_metrics
shenyang,dns_flow_request_latency_seconds_sum,,19955,19725,230,,7dd7f60e387bad39e2b58078362c74a08a992d40e257324cf21089e87dcc0964,traffic_flow_metrics
shenyang,dns_flow_requests_total,,19955,19896,59,,7dd7f60e387bad39e2b58078362c74a08a992d40e257324cf21089e87dcc0964,traffic_flow_metrics
shenyang,dns_flow_success_total,,19955,19725,230,,7dd7f60e387bad39e2b58078362c74a08a992d40e257324cf21089e87dcc0964,traffic_flow_metrics
shenyang,elephant_flow_active_seconds_total,,37,36,1,,859edb02a3374163bbaf73bece137782890a342ce166b31b6673782cf9c188d1,traffic_flow_metrics
shenyang,elephant_flow_batches_completed_total,,37,16,21,,859edb02a3374163bbaf73bece137782890a342ce166b31b6673782cf9c188d1,traffic_flow_metrics
shenyang,elephant_flow_batches_failed_total,,37,1,36,,859edb02a3374163bbaf73bece137782890a342ce166b31b6673782cf9c188d1,traffic_flow_metrics
shenyang,elephant_flow_batches_started_total,,37,16,21,,859edb02a3374163bbaf73bece137782890a342ce166b31b6673782cf9c188d1,traffic_flow_metrics
shenyang,elephant_flow_batches_timeout_total,,37,,37,,859edb02a3374163bbaf73bece137782890a342ce166b31b6673782cf9c188d1,traffic_flow_metrics
shenyang,elephant_flow_bytes_received_total,,37,16,21,,859edb02a3374163bbaf73bece137782890a342ce166b31b6673782cf9c188d1,traffic_flow_metrics
shenyang,elephant_flow_bytes_sent_total,,37,16,21,,859edb02a3374163bbaf73bece137782890a342ce166b31b6673782cf9c188d1,traffic_flow_metrics
shenyang,elephant_flow_duration_seconds_count,,37,17,20,,859edb02a3374163bbaf73bece137782890a342ce166b31b6673782cf9c188d1,traffic_flow_metrics
shenyang,elephant_flow_duration_seconds_sum,,37,17,20,,859edb02a3374163bbaf73bece137782890a342ce166b31b6673782cf9c188d1,traffic_flow_metrics
shenyang,elephant_flow_error_total,,37,,37,,859edb02a3374163bbaf73bece137782890a342ce166b31b6673782cf9c188d1,traffic_flow_metrics
shenyang,elephant_flow_requests_total,,37,16,21,,859edb02a3374163bbaf73bece137782890a342ce166b31b6673782cf9c188d1,traffic_flow_metrics
shenyang,elephant_flow_retransmits_total,,37,,37,,859edb02a3374163bbaf73bece137782890a342ce166b31b6673782cf9c188d1,traffic_flow_metrics
shenyang,elephant_flow_success_total,,37,16,21,,859edb02a3374163bbaf73bece137782890a342ce166b31b6673782cf9c188d1,traffic_flow_metrics
shenyang,elephant_flow_active_seconds_total,,35,35,,,9f8a62ee0100e098fb8ed9475bb7be32adf1e350888fba364cf4509b4de9869f,traffic_flow_metrics
shenyang,elephant_flow_batches_completed_total,,35,15,20,,9f8a62ee0100e098fb8ed9475bb7be32adf1e350888fba364cf4509b4de9869f,traffic_flow_metrics
shenyang,elephant_flow_batches_failed_total,,35,,35,,9f8a62ee0100e098fb8ed9475bb7be32adf1e350888fba364cf4509b4de9869f,traffic_flow_metrics
shenyang,elephant_flow_batches_started_total,,35,14,21,,9f8a62ee0100e098fb8ed9475bb7be32adf1e350888fba364cf4509b4de9869f,traffic_flow_metrics
shenyang,elephant_flow_batches_timeout_total,,35,,35,,9f8a62ee0100e098fb8ed9475bb7be32adf1e350888fba364cf4509b4de9869f,traffic_flow_metrics
shenyang,elephant_flow_bytes_received_total,,35,15,20,,9f8a62ee0100e098fb8ed9475bb7be32adf1e350888fba364cf4509b4de9869f,traffic_flow_metrics
shenyang,elephant_flow_bytes_sent_total,,35,15,20,,9f8a62ee0100e098fb8ed9475bb7be32adf1e350888fba364cf4509b4de9869f,traffic_flow_metrics
shenyang,elephant_flow_duration_seconds_count,,35,15,20,,9f8a62ee0100e098fb8ed9475bb7be32adf1e350888fba364cf4509b4de9869f,traffic_flow_metrics
shenyang,elephant_flow_duration_seconds_sum,,35,15,20,,9f8a62ee0100e098fb8ed9475bb7be32adf1e350888fba364cf4509b4de9869f,traffic_flow_metrics
shenyang,elephant_flow_error_total,,35,,35,,9f8a62ee0100e098fb8ed9475bb7be32adf1e350888fba364cf4509b4de9869f,traffic_flow_metrics
shenyang,elephant_flow_requests_total,,35,15,20,,9f8a62ee0100e098fb8ed9475bb7be32adf1e350888fba364cf4509b4de9869f,traffic_flow_metrics
shenyang,elephant_flow_retransmits_total,,35,,35,,9f8a62ee0100e098fb8ed9475bb7be32adf1e350888fba364cf4509b4de9869f,traffic_flow_metrics
shenyang,elephant_flow_success_total,,35,15,20,,9f8a62ee0100e098fb8ed9475bb7be32adf1e350888fba364cf4509b4de9869f,traffic_flow_metrics
shenyang,elephant_flow_active_seconds_total,,57,56,1,,a49c90a9ea8380d034f17934d750723720b7b58d8515edb2906b84d2b9eea89a,traffic_flow_metrics
shenyang,elephant_flow_batches_completed_total,,57,23,34,,a49c90a9ea8380d034f17934d750723720b7b58d8515edb2906b84d2b9eea89a,traffic_flow_metrics
shenyang,elephant_flow_batches_failed_total,,57,,57,,a49c90a9ea8380d034f17934d750723720b7b58d8515edb2906b84d2b9eea89a,traffic_flow_metrics
shenyang,elephant_flow_batches_started_total,,57,22,35,,a49c90a9ea8380d034f17934d750723720b7b58d8515edb2906b84d2b9eea89a,traffic_flow_metrics
shenyang,elephant_flow_batches_timeout_total,,57,,57,,a49c90a9ea8380d034f17934d750723720b7b58d8515edb2906b84d2b9eea89a,traffic_flow_metrics
shenyang,elephant_flow_bytes_received_total,,57,23,34,,a49c90a9ea8380d034f17934d750723720b7b58d8515edb2906b84d2b9eea89a,traffic_flow_metrics
shenyang,elephant_flow_bytes_sent_total,,57,23,34,,a49c90a9ea8380d034f17934d750723720b7b58d8515edb2906b84d2b9eea89a,traffic_flow_metrics
shenyang,elephant_flow_duration_seconds_count,,57,23,34,,a49c90a9ea8380d034f17934d750723720b7b58d8515edb2906b84d2b9eea89a,traffic_flow_metrics
shenyang,elephant_flow_duration_seconds_sum,,57,23,34,,a49c90a9ea8380d034f17934d750723720b7b58d8515edb2906b84d2b9eea89a,traffic_flow_metrics
shenyang,elephant_flow_error_total,,57,,57,,a49c90a9ea8380d034f17934d750723720b7b58d8515edb2906b84d2b9eea89a,traffic_flow_metrics
shenyang,elephant_flow_requests_total,,57,23,34,,a49c90a9ea8380d034f17934d750723720b7b58d8515edb2906b84d2b9eea89a,traffic_flow_metrics
shenyang,elephant_flow_retransmits_total,,57,,57,,a49c90a9ea8380d034f17934d750723720b7b58d8515edb2906b84d2b9eea89a,traffic_flow_metrics
shenyang,elephant_flow_success_total,,57,23,34,,a49c90a9ea8380d034f17934d750723720b7b58d8515edb2906b84d2b9eea89a,traffic_flow_metrics
shenyang,elephant_flow_active_seconds_total,,16,16,,,a79b36673157aabf7cb9e5fa676ae62f8c2c4db153b3e37f0121f2b7cf9671ef,traffic_flow_metrics
shenyang,elephant_flow_batches_completed_total,,16,,16,,a79b36673157aabf7cb9e5fa676ae62f8c2c4db153b3e37f0121f2b7cf9671ef,traffic_flow_metrics
shenyang,elephant_flow_batches_failed_total,,16,16,,,a79b36673157aabf7cb9e5fa676ae62f8c2c4db153b3e37f0121f2b7cf9671ef,traffic_flow_metrics
shenyang,elephant_flow_batches_started_total,,16,16,,,a79b36673157aabf7cb9e5fa676ae62f8c2c4db153b3e37f0121f2b7cf9671ef,traffic_flow_metrics
shenyang,elephant_flow_batches_timeout_total,,16,,16,,a79b36673157aabf7cb9e5fa676ae62f8c2c4db153b3e37f0121f2b7cf9671ef,traffic_flow_metrics
shenyang,elephant_flow_bytes_received_total,,16,,16,,a79b36673157aabf7cb9e5fa676ae62f8c2c4db153b3e37f0121f2b7cf9671ef,traffic_flow_metrics
shenyang,elephant_flow_bytes_sent_total,,16,,16,,a79b36673157aabf7cb9e5fa676ae62f8c2c4db153b3e37f0121f2b7cf9671ef,traffic_flow_metrics
shenyang,elephant_flow_duration_seconds_count,,16,16,,,a79b36673157aabf7cb9e5fa676ae62f8c2c4db153b3e37f0121f2b7cf9671ef,traffic_flow_metrics
shenyang,elephant_flow_duration_seconds_sum,,16,16,,,a79b36673157aabf7cb9e5fa676ae62f8c2c4db153b3e37f0121f2b7cf9671ef,traffic_flow_metrics
shenyang,elephant_flow_error_total,,16,,16,,a79b36673157aabf7cb9e5fa676ae62f8c2c4db153b3e37f0121f2b7cf9671ef,traffic_flow_metrics
shenyang,elephant_flow_requests_total,,16,,16,,a79b36673157aabf7cb9e5fa676ae62f8c2c4db153b3e37f0121f2b7cf9671ef,traffic_flow_metrics
shenyang,elephant_flow_retransmits_total,,16,,16,,a79b36673157aabf7cb9e5fa676ae62f8c2c4db153b3e37f0121f2b7cf9671ef,traffic_flow_metrics
shenyang,elephant_flow_success_total,,16,,16,,a79b36673157aabf7cb9e5fa676ae62f8c2c4db153b3e37f0121f2b7cf9671ef,traffic_flow_metrics
shenyang,elephant_flow_active_seconds_total,,23,23,,,d0524e5ab090ab99f16c0d247f69243094300033b949f7a869b722f917d6925f,traffic_flow_metrics
shenyang,elephant_flow_batches_completed_total,,23,,23,,d0524e5ab090ab99f16c0d247f69243094300033b949f7a869b722f917d6925f,traffic_flow_metrics
shenyang,elephant_flow_batches_failed_total,,23,23,,,d0524e5ab090ab99f16c0d247f69243094300033b949f7a869b722f917d6925f,traffic_flow_metrics
shenyang,elephant_flow_batches_started_total,,23,23,,,d0524e5ab090ab99f16c0d247f69243094300033b949f7a869b722f917d6925f,traffic_flow_metrics
shenyang,elephant_flow_batches_timeout_total,,23,,23,,d0524e5ab090ab99f16c0d247f69243094300033b949f7a869b722f917d6925f,traffic_flow_metrics
shenyang,elephant_flow_bytes_received_total,,23,,23,,d0524e5ab090ab99f16c0d247f69243094300033b949f7a869b722f917d6925f,traffic_flow_metrics
shenyang,elephant_flow_bytes_sent_total,,23,,23,,d0524e5ab090ab99f16c0d247f69243094300033b949f7a869b722f917d6925f,traffic_flow_metrics
shenyang,elephant_flow_duration_seconds_count,,23,23,,,d0524e5ab090ab99f16c0d247f69243094300033b949f7a869b722f917d6925f,traffic_flow_metrics
shenyang,elephant_flow_duration_seconds_sum,,23,23,,,d0524e5ab090ab99f16c0d247f69243094300033b949f7a869b722f917d6925f,traffic_flow_metrics
shenyang,elephant_flow_error_total,,23,,23,,d0524e5ab090ab99f16c0d247f69243094300033b949f7a869b722f917d6925f,traffic_flow_metrics
shenyang,elephant_flow_requests_total,,23,,23,,d0524e5ab090ab99f16c0d247f69243094300033b949f7a869b722f917d6925f,traffic_flow_metrics
shenyang,elephant_flow_retransmits_total,,23,,23,,d0524e5ab090ab99f16c0d247f69243094300033b949f7a869b722f917d6925f,traffic_flow_metrics
shenyang,elephant_flow_success_total,,23,,23,,d0524e5ab090ab99f16c0d247f69243094300033b949f7a869b722f917d6925f,traffic_flow_metrics
shenyang,auth_flow_active_seconds_total,,13101,12994,107,,d3183735083153994ac0075fe8f0f933cbce3825ad64135901c74bc5891e865d,traffic_flow_metrics
shenyang,auth_flow_batches_completed_total,,13101,10467,2634,,d3183735083153994ac0075fe8f0f933cbce3825ad64135901c74bc5891e865d,traffic_flow_metrics
shenyang,auth_flow_batches_failed_total,,13101,340,12761,,d3183735083153994ac0075fe8f0f933cbce3825ad64135901c74bc5891e865d,traffic_flow_metrics
shenyang,auth_flow_batches_started_total,,13101,10795,2306,,d3183735083153994ac0075fe8f0f933cbce3825ad64135901c74bc5891e865d,traffic_flow_metrics
shenyang,auth_flow_batches_timeout_total,,13101,116,12985,,d3183735083153994ac0075fe8f0f933cbce3825ad64135901c74bc5891e865d,traffic_flow_metrics
shenyang,auth_flow_bytes_received_total,,13101,12580,521,,d3183735083153994ac0075fe8f0f933cbce3825ad64135901c74bc5891e865d,traffic_flow_metrics
shenyang,auth_flow_bytes_sent_total,,13101,12580,521,,d3183735083153994ac0075fe8f0f933cbce3825ad64135901c74bc5891e865d,traffic_flow_metrics
shenyang,auth_flow_duration_seconds_count,,13101,10805,2296,,d3183735083153994ac0075fe8f0f933cbce3825ad64135901c74bc5891e865d,traffic_flow_metrics
shenyang,auth_flow_duration_seconds_sum,,13101,10805,2296,,d3183735083153994ac0075fe8f0f933cbce3825ad64135901c74bc5891e865d,traffic_flow_metrics
shenyang,auth_flow_error_total,,13101,241,12860,,d3183735083153994ac0075fe8f0f933cbce3825ad64135901c74bc5891e865d,traffic_flow_metrics
shenyang,auth_flow_request_latency_seconds_count,,13101,12580,521,,d3183735083153994ac0075fe8f0f933cbce3825ad64135901c74bc5891e865d,traffic_flow_metrics
shenyang,auth_flow_request_latency_seconds_sum,,13101,12580,521,,d3183735083153994ac0075fe8f0f933cbce3825ad64135901c74bc5891e865d,traffic_flow_metrics
shenyang,auth_flow_requests_total,,13101,12704,397,,d3183735083153994ac0075fe8f0f933cbce3825ad64135901c74bc5891e865d,traffic_flow_metrics
shenyang,auth_flow_success_total,,13101,12472,629,,d3183735083153994ac0075fe8f0f933cbce3825ad64135901c74bc5891e865d,traffic_flow_metrics
shenyang,elephant_flow_active_seconds_total,,62,62,,,de1ccfe18ed1fecc611f23525e6790716247f459cef9349c3bef8575ea96aea8,traffic_flow_metrics
shenyang,elephant_flow_batches_completed_total,,62,23,39,,de1ccfe18ed1fecc611f23525e6790716247f459cef9349c3bef8575ea96aea8,traffic_flow_metrics
shenyang,elephant_flow_batches_failed_total,,62,1,61,,de1ccfe18ed1fecc611f23525e6790716247f459cef9349c3bef8575ea96aea8,traffic_flow_metrics
shenyang,elephant_flow_batches_started_total,,62,23,39,,de1ccfe18ed1fecc611f23525e6790716247f459cef9349c3bef8575ea96aea8,traffic_flow_metrics
shenyang,elephant_flow_batches_timeout_total,,62,,62,,de1ccfe18ed1fecc611f23525e6790716247f459cef9349c3bef8575ea96aea8,traffic_flow_metrics
shenyang,elephant_flow_bytes_received_total,,62,23,39,,de1ccfe18ed1fecc611f23525e6790716247f459cef9349c3bef8575ea96aea8,traffic_flow_metrics
shenyang,elephant_flow_bytes_sent_total,,62,23,39,,de1ccfe18ed1fecc611f23525e6790716247f459cef9349c3bef8575ea96aea8,traffic_flow_metrics
shenyang,elephant_flow_duration_seconds_count,,62,24,38,,de1ccfe18ed1fecc611f23525e6790716247f459cef9349c3bef8575ea96aea8,traffic_flow_metrics
shenyang,elephant_flow_duration_seconds_sum,,62,24,38,,de1ccfe18ed1fecc611f23525e6790716247f459cef9349c3bef8575ea96aea8,traffic_flow_metrics
shenyang,elephant_flow_error_total,,62,,62,,de1ccfe18ed1fecc611f23525e6790716247f459cef9349c3bef8575ea96aea8,traffic_flow_metrics
shenyang,elephant_flow_requests_total,,62,23,39,,de1ccfe18ed1fecc611f23525e6790716247f459cef9349c3bef8575ea96aea8,traffic_flow_metrics
shenyang,elephant_flow_retransmits_total,,62,,62,,de1ccfe18ed1fecc611f23525e6790716247f459cef9349c3bef8575ea96aea8,traffic_flow_metrics
shenyang,elephant_flow_success_total,,62,23,39,,de1ccfe18ed1fecc611f23525e6790716247f459cef9349c3bef8575ea96aea8,traffic_flow_metrics
shenyang,elephant_flow_active_seconds_total,,64,64,,,f2dc3c74178bb663c4905f95449ac55741b51b650f53ecaf9eb414da7e6c82a7,traffic_flow_metrics
shenyang,elephant_flow_batches_completed_total,,64,24,40,,f2dc3c74178bb663c4905f95449ac55741b51b650f53ecaf9eb414da7e6c82a7,traffic_flow_metrics
shenyang,elephant_flow_batches_failed_total,,64,1,63,,f2dc3c74178bb663c4905f95449ac55741b51b650f53ecaf9eb414da7e6c82a7,traffic_flow_metrics
shenyang,elephant_flow_batches_started_total,,64,24,40,,f2dc3c74178bb663c4905f95449ac55741b51b650f53ecaf9eb414da7e6c82a7,traffic_flow_metrics
shenyang,elephant_flow_batches_timeout_total,,64,,64,,f2dc3c74178bb663c4905f95449ac55741b51b650f53ecaf9eb414da7e6c82a7,traffic_flow_metrics
shenyang,elephant_flow_bytes_received_total,,64,24,40,,f2dc3c74178bb663c4905f95449ac55741b51b650f53ecaf9eb414da7e6c82a7,traffic_flow_metrics
shenyang,elephant_flow_bytes_sent_total,,64,24,40,,f2dc3c74178bb663c4905f95449ac55741b51b650f53ecaf9eb414da7e6c82a7,traffic_flow_metrics
shenyang,elephant_flow_duration_seconds_count,,64,25,39,,f2dc3c74178bb663c4905f95449ac55741b51b650f53ecaf9eb414da7e6c82a7,traffic_flow_metrics
shenyang,elephant_flow_duration_seconds_sum,,64,25,39,,f2dc3c74178bb663c4905f95449ac55741b51b650f53ecaf9eb414da7e6c82a7,traffic_flow_metrics
shenyang,elephant_flow_error_total,,64,,64,,f2dc3c74178bb663c4905f95449ac55741b51b650f53ecaf9eb414da7e6c82a7,traffic_flow_metrics
shenyang,elephant_flow_requests_total,,64,24,40,,f2dc3c74178bb663c4905f95449ac55741b51b650f53ecaf9eb414da7e6c82a7,traffic_flow_metrics
shenyang,elephant_flow_retransmits_total,,64,,64,,f2dc3c74178bb663c4905f95449ac55741b51b650f53ecaf9eb414da7e6c82a7,traffic_flow_metrics
shenyang,elephant_flow_success_total,,64,24,40,,f2dc3c74178bb663c4905f95449ac55741b51b650f53ecaf9eb414da7e6c82a7,traffic_flow_metrics
shenyang,elephant_flow_active_seconds_total,,60,60,,,f33559eea52cb5d972837a52c74a5e82b1d11c4fe3e1d5337a12962fd891ad31,traffic_flow_metrics
shenyang,elephant_flow_batches_completed_total,,60,25,35,,f33559eea52cb5d972837a52c74a5e82b1d11c4fe3e1d5337a12962fd891ad31,traffic_flow_metrics
shenyang,elephant_flow_batches_failed_total,,60,,60,,f33559eea52cb5d972837a52c74a5e82b1d11c4fe3e1d5337a12962fd891ad31,traffic_flow_metrics
shenyang,elephant_flow_batches_started_total,,60,24,36,,f33559eea52cb5d972837a52c74a5e82b1d11c4fe3e1d5337a12962fd891ad31,traffic_flow_metrics
shenyang,elephant_flow_batches_timeout_total,,60,,60,,f33559eea52cb5d972837a52c74a5e82b1d11c4fe3e1d5337a12962fd891ad31,traffic_flow_metrics
shenyang,elephant_flow_bytes_received_total,,60,25,35,,f33559eea52cb5d972837a52c74a5e82b1d11c4fe3e1d5337a12962fd891ad31,traffic_flow_metrics
shenyang,elephant_flow_bytes_sent_total,,60,25,35,,f33559eea52cb5d972837a52c74a5e82b1d11c4fe3e1d5337a12962fd891ad31,traffic_flow_metrics
shenyang,elephant_flow_duration_seconds_count,,60,25,35,,f33559eea52cb5d972837a52c74a5e82b1d11c4fe3e1d5337a12962fd891ad31,traffic_flow_metrics
shenyang,elephant_flow_duration_seconds_sum,,60,25,35,,f33559eea52cb5d972837a52c74a5e82b1d11c4fe3e1d5337a12962fd891ad31,traffic_flow_metrics
shenyang,elephant_flow_error_total,,60,,60,,f33559eea52cb5d972837a52c74a5e82b1d11c4fe3e1d5337a12962fd891ad31,traffic_flow_metrics
shenyang,elephant_flow_requests_total,,60,25,35,,f33559eea52cb5d972837a52c74a5e82b1d11c4fe3e1d5337a12962fd891ad31,traffic_flow_metrics
shenyang,elephant_flow_retransmits_total,,60,,60,,f33559eea52cb5d972837a52c74a5e82b1d11c4fe3e1d5337a12962fd891ad31,traffic_flow_metrics
shenyang,elephant_flow_success_total,,60,25,35,,f33559eea52cb5d972837a52c74a5e82b1d11c4fe3e1d5337a12962fd891ad31,traffic_flow_metrics
shenyang,elephant_flow_active_seconds_total,,19,19,,,f4b32c68613df9c195c58c4b1c2f55d653b5cc709f47e2ae904f29abaa35813e,traffic_flow_metrics
shenyang,elephant_flow_batches_completed_total,,19,,19,,f4b32c68613df9c195c58c4b1c2f55d653b5cc709f47e2ae904f29abaa35813e,traffic_flow_metrics
shenyang,elephant_flow_batches_failed_total,,19,19,,,f4b32c68613df9c195c58c4b1c2f55d653b5cc709f47e2ae904f29abaa35813e,traffic_flow_metrics
shenyang,elephant_flow_batches_started_total,,19,19,,,f4b32c68613df9c195c58c4b1c2f55d653b5cc709f47e2ae904f29abaa35813e,traffic_flow_metrics
shenyang,elephant_flow_batches_timeout_total,,19,,19,,f4b32c68613df9c195c58c4b1c2f55d653b5cc709f47e2ae904f29abaa35813e,traffic_flow_metrics
shenyang,elephant_flow_bytes_received_total,,19,,19,,f4b32c68613df9c195c58c4b1c2f55d653b5cc709f47e2ae904f29abaa35813e,traffic_flow_metrics
shenyang,elephant_flow_bytes_sent_total,,19,,19,,f4b32c68613df9c195c58c4b1c2f55d653b5cc709f47e2ae904f29abaa35813e,traffic_flow_metrics
shenyang,elephant_flow_duration_seconds_count,,19,19,,,f4b32c68613df9c195c58c4b1c2f55d653b5cc709f47e2ae904f29abaa35813e,traffic_flow_metrics
shenyang,elephant_flow_duration_seconds_sum,,19,19,,,f4b32c68613df9c195c58c4b1c2f55d653b5cc709f47e2ae904f29abaa35813e,traffic_flow_metrics
shenyang,elephant_flow_error_total,,19,,19,,f4b32c68613df9c195c58c4b1c2f55d653b5cc709f47e2ae904f29abaa35813e,traffic_flow_metrics
shenyang,elephant_flow_requests_total,,19,,19,,f4b32c68613df9c195c58c4b1c2f55d653b5cc709f47e2ae904f29abaa35813e,traffic_flow_metrics
shenyang,elephant_flow_retransmits_total,,19,,19,,f4b32c68613df9c195c58c4b1c2f55d653b5cc709f47e2ae904f29abaa35813e,traffic_flow_metrics
shenyang,elephant_flow_success_total,,19,,19,,f4b32c68613df9c195c58c4b1c2f55d653b5cc709f47e2ae904f29abaa35813e,traffic_flow_metrics
wuhan,value,,20121,,20121,,wuhan-br-1|bgp_peer_count|,routing_metrics
wuhan,value,,20121,,20121,,wuhan-br-1|ipv6_default_route_changed_total|,routing_metrics
wuhan,value,,20121,,20121,,"wuhan-br-1|ipv6_route_change_total|prefix=""::/0",routing_metrics
wuhan,value,,20121,,20121,,"wuhan-br-1|ipv6_route_change_total|prefix=""fd00:1:40::/64",routing_metrics
wuhan,value,,20121,,20121,,"wuhan-br-1|ipv6_route_change_total|prefix=""fd00:2:40::/64",routing_metrics
wuhan,value,,20121,,20121,,"wuhan-br-1|ipv6_route_change_total|prefix=""fd00:3:40::/64",routing_metrics
wuhan,value,,20121,,20121,,"wuhan-br-1|ipv6_route_change_total|prefix=""fd00:4:40::/64",routing_metrics
wuhan,value,,20121,,20121,,"wuhan-br-1|ipv6_route_change_total|prefix=""fd00:5:40::/64",routing_metrics
wuhan,value,,20121,,20121,,"wuhan-br-1|ipv6_route_change_total|prefix=""fd00:6:40::/64",routing_metrics
wuhan,value,,20121,4,20117,,"wuhan-br-1|ipv6_route_change_total|prefix=""fd00:7:40::/64",routing_metrics
wuhan,value,,20121,8,20113,,"wuhan-br-1|ipv6_route_change_total|prefix=""fd00:8:40::/64",routing_metrics
wuhan,value,1,20121,1,20119,1,"wuhan-br-1|ipv6_route_count|protocol=""all",routing_metrics
wuhan,value,,20121,,20121,,"wuhan-br-1|ipv6_route_count|protocol=""bgp",routing_metrics
wuhan,value,,20121,,20121,,"wuhan-br-1|ipv6_route_count|protocol=""kernel",routing_metrics
wuhan,value,,20121,,20121,,"wuhan-br-1|ipv6_route_count|protocol=""ospf",routing_metrics
wuhan,value,1,20121,1,20119,1,"wuhan-br-1|ipv6_route_count|protocol=""unknown",routing_metrics
wuhan,value,,20121,,20121,,wuhan-br-2|bgp_peer_count|,routing_metrics
wuhan,value,,20121,,20121,,wuhan-br-2|ipv6_default_route_changed_total|,routing_metrics
wuhan,value,,20121,,20121,,"wuhan-br-2|ipv6_route_change_total|prefix=""::/0",routing_metrics
wuhan,value,,20121,,20121,,"wuhan-br-2|ipv6_route_change_total|prefix=""fd00:1:40::/64",routing_metrics
wuhan,value,,20121,,20121,,"wuhan-br-2|ipv6_route_change_total|prefix=""fd00:2:40::/64",routing_metrics
wuhan,value,,20121,,20121,,"wuhan-br-2|ipv6_route_change_total|prefix=""fd00:3:40::/64",routing_metrics
wuhan,value,,20121,,20121,,"wuhan-br-2|ipv6_route_change_total|prefix=""fd00:4:40::/64",routing_metrics
wuhan,value,,20121,,20121,,"wuhan-br-2|ipv6_route_change_total|prefix=""fd00:5:40::/64",routing_metrics
wuhan,value,,20121,,20121,,"wuhan-br-2|ipv6_route_change_total|prefix=""fd00:6:40::/64",routing_metrics
wuhan,value,,20121,18,20103,,"wuhan-br-2|ipv6_route_change_total|prefix=""fd00:7:40::/64",routing_metrics
wuhan,value,,20121,4,20117,,"wuhan-br-2|ipv6_route_change_total|prefix=""fd00:8:40::/64",routing_metrics
wuhan,value,,20121,,20121,,"wuhan-br-2|ipv6_route_count|protocol=""all",routing_metrics
wuhan,value,,20121,,20121,,"wuhan-br-2|ipv6_route_count|protocol=""bgp",routing_metrics
wuhan,value,,20121,,20121,,"wuhan-br-2|ipv6_route_count|protocol=""kernel",routing_metrics
wuhan,value,,20121,,20121,,"wuhan-br-2|ipv6_route_count|protocol=""ospf",routing_metrics
wuhan,value,,20121,,20121,,"wuhan-br-2|ipv6_route_count|protocol=""unknown",routing_metrics
wuhan,value,,20159,,20159,,wuhan-cr-1|ipv6_default_route_changed_total|,routing_metrics
wuhan,value,,20159,,20159,,"wuhan-cr-1|ipv6_route_change_total|prefix=""::/0",routing_metrics
wuhan,value,,20159,,20159,,"wuhan-cr-1|ipv6_route_change_total|prefix=""fd00:1:40::/64",routing_metrics
wuhan,value,,20159,,20159,,"wuhan-cr-1|ipv6_route_change_total|prefix=""fd00:2:40::/64",routing_metrics
wuhan,value,,20159,,20159,,"wuhan-cr-1|ipv6_route_change_total|prefix=""fd00:3:40::/64",routing_metrics
wuhan,value,,20159,,20159,,"wuhan-cr-1|ipv6_route_change_total|prefix=""fd00:4:40::/64",routing_metrics
wuhan,value,,20159,,20159,,"wuhan-cr-1|ipv6_route_change_total|prefix=""fd00:5:40::/64",routing_metrics
wuhan,value,,20159,,20159,,"wuhan-cr-1|ipv6_route_change_total|prefix=""fd00:6:40::/64",routing_metrics
wuhan,value,,20159,,20159,,"wuhan-cr-1|ipv6_route_change_total|prefix=""fd00:7:40::/64",routing_metrics
wuhan,value,,20159,,20159,,"wuhan-cr-1|ipv6_route_change_total|prefix=""fd00:8:40::/64",routing_metrics
wuhan,value,,20159,,20159,,"wuhan-cr-1|ipv6_route_count|protocol=""196",routing_metrics
wuhan,value,1,20159,1,20157,1,"wuhan-cr-1|ipv6_route_count|protocol=""all",routing_metrics
wuhan,value,,20159,,20159,,"wuhan-cr-1|ipv6_route_count|protocol=""kernel",routing_metrics
wuhan,value,,20159,,20159,,"wuhan-cr-1|ipv6_route_count|protocol=""ospf",routing_metrics
wuhan,value,,5,,5,,"wuhan-cr-1|ipv6_route_count|protocol=""unknown",routing_metrics
wuhan,value,,20159,,20159,,wuhan-cr-2|ipv6_default_route_changed_total|,routing_metrics
wuhan,value,,20159,,20159,,"wuhan-cr-2|ipv6_route_change_total|prefix=""::/0",routing_metrics
wuhan,value,,20159,,20159,,"wuhan-cr-2|ipv6_route_change_total|prefix=""fd00:1:40::/64",routing_metrics
wuhan,value,,20159,,20159,,"wuhan-cr-2|ipv6_route_change_total|prefix=""fd00:2:40::/64",routing_metrics
wuhan,value,,20159,,20159,,"wuhan-cr-2|ipv6_route_change_total|prefix=""fd00:3:40::/64",routing_metrics
wuhan,value,,20159,,20159,,"wuhan-cr-2|ipv6_route_change_total|prefix=""fd00:4:40::/64",routing_metrics
wuhan,value,,20159,,20159,,"wuhan-cr-2|ipv6_route_change_total|prefix=""fd00:5:40::/64",routing_metrics
wuhan,value,,20159,,20159,,"wuhan-cr-2|ipv6_route_change_total|prefix=""fd00:6:40::/64",routing_metrics
wuhan,value,,20159,,20159,,"wuhan-cr-2|ipv6_route_change_total|prefix=""fd00:7:40::/64",routing_metrics
wuhan,value,,20159,,20159,,"wuhan-cr-2|ipv6_route_change_total|prefix=""fd00:8:40::/64",routing_metrics
wuhan,value,,20159,,20159,,"wuhan-cr-2|ipv6_route_count|protocol=""196",routing_metrics
wuhan,value,,20159,,20159,,"wuhan-cr-2|ipv6_route_count|protocol=""all",routing_metrics
wuhan,value,,20159,,20159,,"wuhan-cr-2|ipv6_route_count|protocol=""kernel",routing_metrics
wuhan,value,,20159,,20159,,"wuhan-cr-2|ipv6_route_count|protocol=""ospf",routing_metrics
wuhan,elephant_flow_active_seconds_total,,20,20,,,15a9cb377ab760aab794c75ca0f9878a3333470b4171fdda773d33596f973967,traffic_flow_metrics
wuhan,elephant_flow_batches_completed_total,,20,,20,,15a9cb377ab760aab794c75ca0f9878a3333470b4171fdda773d33596f973967,traffic_flow_metrics
wuhan,elephant_flow_batches_failed_total,,20,20,,,15a9cb377ab760aab794c75ca0f9878a3333470b4171fdda773d33596f973967,traffic_flow_metrics
wuhan,elephant_flow_batches_started_total,,20,20,,,15a9cb377ab760aab794c75ca0f9878a3333470b4171fdda773d33596f973967,traffic_flow_metrics
wuhan,elephant_flow_batches_timeout_total,,20,,20,,15a9cb377ab760aab794c75ca0f9878a3333470b4171fdda773d33596f973967,traffic_flow_metrics
wuhan,elephant_flow_bytes_received_total,,20,,20,,15a9cb377ab760aab794c75ca0f9878a3333470b4171fdda773d33596f973967,traffic_flow_metrics
wuhan,elephant_flow_bytes_sent_total,,20,,20,,15a9cb377ab760aab794c75ca0f9878a3333470b4171fdda773d33596f973967,traffic_flow_metrics
wuhan,elephant_flow_duration_seconds_count,,20,20,,,15a9cb377ab760aab794c75ca0f9878a3333470b4171fdda773d33596f973967,traffic_flow_metrics
wuhan,elephant_flow_duration_seconds_sum,,20,20,,,15a9cb377ab760aab794c75ca0f9878a3333470b4171fdda773d33596f973967,traffic_flow_metrics
wuhan,elephant_flow_error_total,,20,,20,,15a9cb377ab760aab794c75ca0f9878a3333470b4171fdda773d33596f973967,traffic_flow_metrics
wuhan,elephant_flow_requests_total,,20,,20,,15a9cb377ab760aab794c75ca0f9878a3333470b4171fdda773d33596f973967,traffic_flow_metrics
wuhan,elephant_flow_retransmits_total,,20,,20,,15a9cb377ab760aab794c75ca0f9878a3333470b4171fdda773d33596f973967,traffic_flow_metrics
wuhan,elephant_flow_success_total,,20,,20,,15a9cb377ab760aab794c75ca0f9878a3333470b4171fdda773d33596f973967,traffic_flow_metrics
wuhan,dns_flow_active_seconds_total,,19968,19937,31,,55dcb21fe91a52bb73aec0b53eaf883b282e0b47746e654e2e5908a591c6baf4,traffic_flow_metrics
wuhan,dns_flow_batches_completed_total,,19968,18572,1396,,55dcb21fe91a52bb73aec0b53eaf883b282e0b47746e654e2e5908a591c6baf4,traffic_flow_metrics
wuhan,dns_flow_batches_failed_total,,19968,181,19787,,55dcb21fe91a52bb73aec0b53eaf883b282e0b47746e654e2e5908a591c6baf4,traffic_flow_metrics
wuhan,dns_flow_batches_started_total,,19968,18732,1236,,55dcb21fe91a52bb73aec0b53eaf883b282e0b47746e654e2e5908a591c6baf4,traffic_flow_metrics
wuhan,dns_flow_batches_timeout_total,,19968,181,19787,,55dcb21fe91a52bb73aec0b53eaf883b282e0b47746e654e2e5908a591c6baf4,traffic_flow_metrics
wuhan,dns_flow_bytes_received_total,,19968,19712,256,,55dcb21fe91a52bb73aec0b53eaf883b282e0b47746e654e2e5908a591c6baf4,traffic_flow_metrics
wuhan,dns_flow_bytes_sent_total,,19968,19712,256,,55dcb21fe91a52bb73aec0b53eaf883b282e0b47746e654e2e5908a591c6baf4,traffic_flow_metrics
wuhan,dns_flow_duration_seconds_count,,19968,18738,1230,,55dcb21fe91a52bb73aec0b53eaf883b282e0b47746e654e2e5908a591c6baf4,traffic_flow_metrics
wuhan,dns_flow_duration_seconds_sum,,19968,18738,1230,,55dcb21fe91a52bb73aec0b53eaf883b282e0b47746e654e2e5908a591c6baf4,traffic_flow_metrics
wuhan,dns_flow_error_total,,19968,304,19664,,55dcb21fe91a52bb73aec0b53eaf883b282e0b47746e654e2e5908a591c6baf4,traffic_flow_metrics
wuhan,dns_flow_request_latency_seconds_count,,19968,19712,256,,55dcb21fe91a52bb73aec0b53eaf883b282e0b47746e654e2e5908a591c6baf4,traffic_flow_metrics
wuhan,dns_flow_request_latency_seconds_sum,,19968,19712,256,,55dcb21fe91a52bb73aec0b53eaf883b282e0b47746e654e2e5908a591c6baf4,traffic_flow_metrics
wuhan,dns_flow_requests_total,,19968,19894,74,,55dcb21fe91a52bb73aec0b53eaf883b282e0b47746e654e2e5908a591c6baf4,traffic_flow_metrics
wuhan,dns_flow_success_total,,19968,19712,256,,55dcb21fe91a52bb73aec0b53eaf883b282e0b47746e654e2e5908a591c6baf4,traffic_flow_metrics
wuhan,elephant_flow_active_seconds_total,,61,59,2,,5d1de9f9894ba139dffbb27c2ce8395a137d9fcb6440eecd6101ab167ca21bbb,traffic_flow_metrics
wuhan,elephant_flow_batches_completed_total,,61,25,36,,5d1de9f9894ba139dffbb27c2ce8395a137d9fcb6440eecd6101ab167ca21bbb,traffic_flow_metrics
wuhan,elephant_flow_batches_failed_total,,61,,61,,5d1de9f9894ba139dffbb27c2ce8395a137d9fcb6440eecd6101ab167ca21bbb,traffic_flow_metrics
wuhan,elephant_flow_batches_started_total,,61,24,37,,5d1de9f9894ba139dffbb27c2ce8395a137d9fcb6440eecd6101ab167ca21bbb,traffic_flow_metrics
wuhan,elephant_flow_batches_timeout_total,,61,,61,,5d1de9f9894ba139dffbb27c2ce8395a137d9fcb6440eecd6101ab167ca21bbb,traffic_flow_metrics
wuhan,elephant_flow_bytes_received_total,,61,25,36,,5d1de9f9894ba139dffbb27c2ce8395a137d9fcb6440eecd6101ab167ca21bbb,traffic_flow_metrics
wuhan,elephant_flow_bytes_sent_total,,61,25,36,,5d1de9f9894ba139dffbb27c2ce8395a137d9fcb6440eecd6101ab167ca21bbb,traffic_flow_metrics
wuhan,elephant_flow_duration_seconds_count,,61,25,36,,5d1de9f9894ba139dffbb27c2ce8395a137d9fcb6440eecd6101ab167ca21bbb,traffic_flow_metrics
wuhan,elephant_flow_duration_seconds_sum,,61,25,36,,5d1de9f9894ba139dffbb27c2ce8395a137d9fcb6440eecd6101ab167ca21bbb,traffic_flow_metrics
wuhan,elephant_flow_error_total,,61,,61,,5d1de9f9894ba139dffbb27c2ce8395a137d9fcb6440eecd6101ab167ca21bbb,traffic_flow_metrics
wuhan,elephant_flow_requests_total,,61,25,36,,5d1de9f9894ba139dffbb27c2ce8395a137d9fcb6440eecd6101ab167ca21bbb,traffic_flow_metrics
wuhan,elephant_flow_retransmits_total,,61,,61,,5d1de9f9894ba139dffbb27c2ce8395a137d9fcb6440eecd6101ab167ca21bbb,traffic_flow_metrics
wuhan,elephant_flow_success_total,,61,25,36,,5d1de9f9894ba139dffbb27c2ce8395a137d9fcb6440eecd6101ab167ca21bbb,traffic_flow_metrics
wuhan,elephant_flow_active_seconds_total,,23,23,,,5f475ab009888dafd021817d795e22aae51c53d040bfe12a3b8484610b3b2ebc,traffic_flow_metrics
wuhan,elephant_flow_batches_completed_total,,23,,23,,5f475ab009888dafd021817d795e22aae51c53d040bfe12a3b8484610b3b2ebc,traffic_flow_metrics
wuhan,elephant_flow_batches_failed_total,,23,23,,,5f475ab009888dafd021817d795e22aae51c53d040bfe12a3b8484610b3b2ebc,traffic_flow_metrics
wuhan,elephant_flow_batches_started_total,,23,23,,,5f475ab009888dafd021817d795e22aae51c53d040bfe12a3b8484610b3b2ebc,traffic_flow_metrics
wuhan,elephant_flow_batches_timeout_total,,23,,23,,5f475ab009888dafd021817d795e22aae51c53d040bfe12a3b8484610b3b2ebc,traffic_flow_metrics
wuhan,elephant_flow_bytes_received_total,,23,,23,,5f475ab009888dafd021817d795e22aae51c53d040bfe12a3b8484610b3b2ebc,traffic_flow_metrics
wuhan,elephant_flow_bytes_sent_total,,23,,23,,5f475ab009888dafd021817d795e22aae51c53d040bfe12a3b8484610b3b2ebc,traffic_flow_metrics
wuhan,elephant_flow_duration_seconds_count,,23,23,,,5f475ab009888dafd021817d795e22aae51c53d040bfe12a3b8484610b3b2ebc,traffic_flow_metrics
wuhan,elephant_flow_duration_seconds_sum,,23,23,,,5f475ab009888dafd021817d795e22aae51c53d040bfe12a3b8484610b3b2ebc,traffic_flow_metrics
wuhan,elephant_flow_error_total,,23,,23,,5f475ab009888dafd021817d795e22aae51c53d040bfe12a3b8484610b3b2ebc,traffic_flow_metrics
wuhan,elephant_flow_requests_total,,23,,23,,5f475ab009888dafd021817d795e22aae51c53d040bfe12a3b8484610b3b2ebc,traffic_flow_metrics
wuhan,elephant_flow_retransmits_total,,23,,23,,5f475ab009888dafd021817d795e22aae51c53d040bfe12a3b8484610b3b2ebc,traffic_flow_metrics
wuhan,elephant_flow_success_total,,23,,23,,5f475ab009888dafd021817d795e22aae51c53d040bfe12a3b8484610b3b2ebc,traffic_flow_metrics
wuhan,elephant_flow_active_seconds_total,,31,31,,,6130609c0a2d4e259590e5f5bd60acd6c5c81bde886d6ed5cdddffa2a3bdfde4,traffic_flow_metrics
wuhan,elephant_flow_batches_completed_total,,31,12,19,,6130609c0a2d4e259590e5f5bd60acd6c5c81bde886d6ed5cdddffa2a3bdfde4,traffic_flow_metrics
wuhan,elephant_flow_batches_failed_total,,31,,31,,6130609c0a2d4e259590e5f5bd60acd6c5c81bde886d6ed5cdddffa2a3bdfde4,traffic_flow_metrics
wuhan,elephant_flow_batches_started_total,,31,11,20,,6130609c0a2d4e259590e5f5bd60acd6c5c81bde886d6ed5cdddffa2a3bdfde4,traffic_flow_metrics
wuhan,elephant_flow_batches_timeout_total,,31,,31,,6130609c0a2d4e259590e5f5bd60acd6c5c81bde886d6ed5cdddffa2a3bdfde4,traffic_flow_metrics
wuhan,elephant_flow_bytes_received_total,,31,12,19,,6130609c0a2d4e259590e5f5bd60acd6c5c81bde886d6ed5cdddffa2a3bdfde4,traffic_flow_metrics
wuhan,elephant_flow_bytes_sent_total,,31,12,19,,6130609c0a2d4e259590e5f5bd60acd6c5c81bde886d6ed5cdddffa2a3bdfde4,traffic_flow_metrics
wuhan,elephant_flow_duration_seconds_count,,31,12,19,,6130609c0a2d4e259590e5f5bd60acd6c5c81bde886d6ed5cdddffa2a3bdfde4,traffic_flow_metrics
wuhan,elephant_flow_duration_seconds_sum,,31,12,19,,6130609c0a2d4e259590e5f5bd60acd6c5c81bde886d6ed5cdddffa2a3bdfde4,traffic_flow_metrics
wuhan,elephant_flow_error_total,,31,,31,,6130609c0a2d4e259590e5f5bd60acd6c5c81bde886d6ed5cdddffa2a3bdfde4,traffic_flow_metrics
wuhan,elephant_flow_requests_total,,31,12,19,,6130609c0a2d4e259590e5f5bd60acd6c5c81bde886d6ed5cdddffa2a3bdfde4,traffic_flow_metrics
wuhan,elephant_flow_retransmits_total,,31,,31,,6130609c0a2d4e259590e5f5bd60acd6c5c81bde886d6ed5cdddffa2a3bdfde4,traffic_flow_metrics
wuhan,elephant_flow_success_total,,31,12,19,,6130609c0a2d4e259590e5f5bd60acd6c5c81bde886d6ed5cdddffa2a3bdfde4,traffic_flow_metrics
wuhan,elephant_flow_active_seconds_total,,57,57,,,67f3f0ab908a1a784cc65a0ac5f7ac23f86d4f19d4c649729551c221a4697627,traffic_flow_metrics
wuhan,elephant_flow_batches_completed_total,,57,22,35,,67f3f0ab908a1a784cc65a0ac5f7ac23f86d4f19d4c649729551c221a4697627,traffic_flow_metrics
wuhan,elephant_flow_batches_failed_total,,57,,57,,67f3f0ab908a1a784cc65a0ac5f7ac23f86d4f19d4c649729551c221a4697627,traffic_flow_metrics
wuhan,elephant_flow_batches_started_total,,57,21,36,,67f3f0ab908a1a784cc65a0ac5f7ac23f86d4f19d4c649729551c221a4697627,traffic_flow_metrics
wuhan,elephant_flow_batches_timeout_total,,57,,57,,67f3f0ab908a1a784cc65a0ac5f7ac23f86d4f19d4c649729551c221a4697627,traffic_flow_metrics
wuhan,elephant_flow_bytes_received_total,,57,22,35,,67f3f0ab908a1a784cc65a0ac5f7ac23f86d4f19d4c649729551c221a4697627,traffic_flow_metrics
wuhan,elephant_flow_bytes_sent_total,,57,22,35,,67f3f0ab908a1a784cc65a0ac5f7ac23f86d4f19d4c649729551c221a4697627,traffic_flow_metrics
wuhan,elephant_flow_duration_seconds_count,,57,22,35,,67f3f0ab908a1a784cc65a0ac5f7ac23f86d4f19d4c649729551c221a4697627,traffic_flow_metrics
wuhan,elephant_flow_duration_seconds_sum,,57,22,35,,67f3f0ab908a1a784cc65a0ac5f7ac23f86d4f19d4c649729551c221a4697627,traffic_flow_metrics
wuhan,elephant_flow_error_total,,57,,57,,67f3f0ab908a1a784cc65a0ac5f7ac23f86d4f19d4c649729551c221a4697627,traffic_flow_metrics
wuhan,elephant_flow_requests_total,,57,22,35,,67f3f0ab908a1a784cc65a0ac5f7ac23f86d4f19d4c649729551c221a4697627,traffic_flow_metrics
wuhan,elephant_flow_retransmits_total,,57,,57,,67f3f0ab908a1a784cc65a0ac5f7ac23f86d4f19d4c649729551c221a4697627,traffic_flow_metrics
wuhan,elephant_flow_success_total,,57,22,35,,67f3f0ab908a1a784cc65a0ac5f7ac23f86d4f19d4c649729551c221a4697627,traffic_flow_metrics
wuhan,elephant_flow_active_seconds_total,,60,57,3,,714e7c50d50813ff2ed18e4aab423fdad649502eb7c36c47b2819904a78b7962,traffic_flow_metrics
wuhan,elephant_flow_batches_completed_total,,60,24,36,,714e7c50d50813ff2ed18e4aab423fdad649502eb7c36c47b2819904a78b7962,traffic_flow_metrics
wuhan,elephant_flow_batches_failed_total,,60,,60,,714e7c50d50813ff2ed18e4aab423fdad649502eb7c36c47b2819904a78b7962,traffic_flow_metrics
wuhan,elephant_flow_batches_started_total,,60,23,37,,714e7c50d50813ff2ed18e4aab423fdad649502eb7c36c47b2819904a78b7962,traffic_flow_metrics
wuhan,elephant_flow_batches_timeout_total,,60,,60,,714e7c50d50813ff2ed18e4aab423fdad649502eb7c36c47b2819904a78b7962,traffic_flow_metrics
wuhan,elephant_flow_bytes_received_total,,60,24,36,,714e7c50d50813ff2ed18e4aab423fdad649502eb7c36c47b2819904a78b7962,traffic_flow_metrics
wuhan,elephant_flow_bytes_sent_total,,60,24,36,,714e7c50d50813ff2ed18e4aab423fdad649502eb7c36c47b2819904a78b7962,traffic_flow_metrics
wuhan,elephant_flow_duration_seconds_count,,60,24,36,,714e7c50d50813ff2ed18e4aab423fdad649502eb7c36c47b2819904a78b7962,traffic_flow_metrics
wuhan,elephant_flow_duration_seconds_sum,,60,24,36,,714e7c50d50813ff2ed18e4aab423fdad649502eb7c36c47b2819904a78b7962,traffic_flow_metrics
wuhan,elephant_flow_error_total,,60,,60,,714e7c50d50813ff2ed18e4aab423fdad649502eb7c36c47b2819904a78b7962,traffic_flow_metrics
wuhan,elephant_flow_requests_total,,60,24,36,,714e7c50d50813ff2ed18e4aab423fdad649502eb7c36c47b2819904a78b7962,traffic_flow_metrics
wuhan,elephant_flow_retransmits_total,,60,,60,,714e7c50d50813ff2ed18e4aab423fdad649502eb7c36c47b2819904a78b7962,traffic_flow_metrics
wuhan,elephant_flow_success_total,,60,24,36,,714e7c50d50813ff2ed18e4aab423fdad649502eb7c36c47b2819904a78b7962,traffic_flow_metrics
wuhan,elephant_flow_active_seconds_total,,45,45,,,72adfe5be002206fc2eaa0d9cf7d891084dcd3da4713bc6edeae5b8999a4c19a,traffic_flow_metrics
wuhan,elephant_flow_batches_completed_total,,45,18,27,,72adfe5be002206fc2eaa0d9cf7d891084dcd3da4713bc6edeae5b8999a4c19a,traffic_flow_metrics
wuhan,elephant_flow_batches_failed_total,,45,1,44,,72adfe5be002206fc2eaa0d9cf7d891084dcd3da4713bc6edeae5b8999a4c19a,traffic_flow_metrics
wuhan,elephant_flow_batches_started_total,,45,18,27,,72adfe5be002206fc2eaa0d9cf7d891084dcd3da4713bc6edeae5b8999a4c19a,traffic_flow_metrics
wuhan,elephant_flow_batches_timeout_total,,45,,45,,72adfe5be002206fc2eaa0d9cf7d891084dcd3da4713bc6edeae5b8999a4c19a,traffic_flow_metrics
wuhan,elephant_flow_bytes_received_total,,45,18,27,,72adfe5be002206fc2eaa0d9cf7d891084dcd3da4713bc6edeae5b8999a4c19a,traffic_flow_metrics
wuhan,elephant_flow_bytes_sent_total,,45,18,27,,72adfe5be002206fc2eaa0d9cf7d891084dcd3da4713bc6edeae5b8999a4c19a,traffic_flow_metrics
wuhan,elephant_flow_duration_seconds_count,,45,19,26,,72adfe5be002206fc2eaa0d9cf7d891084dcd3da4713bc6edeae5b8999a4c19a,traffic_flow_metrics
wuhan,elephant_flow_duration_seconds_sum,,45,19,26,,72adfe5be002206fc2eaa0d9cf7d891084dcd3da4713bc6edeae5b8999a4c19a,traffic_flow_metrics
wuhan,elephant_flow_error_total,,45,,45,,72adfe5be002206fc2eaa0d9cf7d891084dcd3da4713bc6edeae5b8999a4c19a,traffic_flow_metrics
wuhan,elephant_flow_requests_total,,45,18,27,,72adfe5be002206fc2eaa0d9cf7d891084dcd3da4713bc6edeae5b8999a4c19a,traffic_flow_metrics
wuhan,elephant_flow_retransmits_total,,45,,45,,72adfe5be002206fc2eaa0d9cf7d891084dcd3da4713bc6edeae5b8999a4c19a,traffic_flow_metrics
wuhan,elephant_flow_success_total,,45,18,27,,72adfe5be002206fc2eaa0d9cf7d891084dcd3da4713bc6edeae5b8999a4c19a,traffic_flow_metrics
wuhan,elephant_flow_active_seconds_total,,52,52,,,757e4332a68ec5f098f6c325f34bfbb0b27a27944c1dfeb300e157ef8b4ab0c3,traffic_flow_metrics
wuhan,elephant_flow_batches_completed_total,,52,21,31,,757e4332a68ec5f098f6c325f34bfbb0b27a27944c1dfeb300e157ef8b4ab0c3,traffic_flow_metrics
wuhan,elephant_flow_batches_failed_total,,52,,52,,757e4332a68ec5f098f6c325f34bfbb0b27a27944c1dfeb300e157ef8b4ab0c3,traffic_flow_metrics
wuhan,elephant_flow_batches_started_total,,52,20,32,,757e4332a68ec5f098f6c325f34bfbb0b27a27944c1dfeb300e157ef8b4ab0c3,traffic_flow_metrics
wuhan,elephant_flow_batches_timeout_total,,52,,52,,757e4332a68ec5f098f6c325f34bfbb0b27a27944c1dfeb300e157ef8b4ab0c3,traffic_flow_metrics
wuhan,elephant_flow_bytes_received_total,,52,21,31,,757e4332a68ec5f098f6c325f34bfbb0b27a27944c1dfeb300e157ef8b4ab0c3,traffic_flow_metrics
wuhan,elephant_flow_bytes_sent_total,,52,21,31,,757e4332a68ec5f098f6c325f34bfbb0b27a27944c1dfeb300e157ef8b4ab0c3,traffic_flow_metrics
wuhan,elephant_flow_duration_seconds_count,,52,21,31,,757e4332a68ec5f098f6c325f34bfbb0b27a27944c1dfeb300e157ef8b4ab0c3,traffic_flow_metrics
wuhan,elephant_flow_duration_seconds_sum,,52,21,31,,757e4332a68ec5f098f6c325f34bfbb0b27a27944c1dfeb300e157ef8b4ab0c3,traffic_flow_metrics
wuhan,elephant_flow_error_total,,52,,52,,757e4332a68ec5f098f6c325f34bfbb0b27a27944c1dfeb300e157ef8b4ab0c3,traffic_flow_metrics
wuhan,elephant_flow_requests_total,,52,21,31,,757e4332a68ec5f098f6c325f34bfbb0b27a27944c1dfeb300e157ef8b4ab0c3,traffic_flow_metrics
wuhan,elephant_flow_retransmits_total,,52,,52,,757e4332a68ec5f098f6c325f34bfbb0b27a27944c1dfeb300e157ef8b4ab0c3,traffic_flow_metrics
wuhan,elephant_flow_success_total,,52,21,31,,757e4332a68ec5f098f6c325f34bfbb0b27a27944c1dfeb300e157ef8b4ab0c3,traffic_flow_metrics
wuhan,elephant_flow_active_seconds_total,,12,11,1,,78b9d5068372925bcc2c07d4c7cf56b959a426588a19aee862c68a40c0698170,traffic_flow_metrics
wuhan,elephant_flow_batches_completed_total,,12,,12,,78b9d5068372925bcc2c07d4c7cf56b959a426588a19aee862c68a40c0698170,traffic_flow_metrics
wuhan,elephant_flow_batches_failed_total,,12,11,1,,78b9d5068372925bcc2c07d4c7cf56b959a426588a19aee862c68a40c0698170,traffic_flow_metrics
wuhan,elephant_flow_batches_started_total,,12,11,1,,78b9d5068372925bcc2c07d4c7cf56b959a426588a19aee862c68a40c0698170,traffic_flow_metrics
wuhan,elephant_flow_batches_timeout_total,,12,,12,,78b9d5068372925bcc2c07d4c7cf56b959a426588a19aee862c68a40c0698170,traffic_flow_metrics
wuhan,elephant_flow_bytes_received_total,,12,,12,,78b9d5068372925bcc2c07d4c7cf56b959a426588a19aee862c68a40c0698170,traffic_flow_metrics
wuhan,elephant_flow_bytes_sent_total,,12,,12,,78b9d5068372925bcc2c07d4c7cf56b959a426588a19aee862c68a40c0698170,traffic_flow_metrics
wuhan,elephant_flow_duration_seconds_count,,12,11,1,,78b9d5068372925bcc2c07d4c7cf56b959a426588a19aee862c68a40c0698170,traffic_flow_metrics
wuhan,elephant_flow_duration_seconds_sum,,12,11,1,,78b9d5068372925bcc2c07d4c7cf56b959a426588a19aee862c68a40c0698170,traffic_flow_metrics
wuhan,elephant_flow_error_total,,12,,12,,78b9d5068372925bcc2c07d4c7cf56b959a426588a19aee862c68a40c0698170,traffic_flow_metrics
wuhan,elephant_flow_requests_total,,12,,12,,78b9d5068372925bcc2c07d4c7cf56b959a426588a19aee862c68a40c0698170,traffic_flow_metrics
wuhan,elephant_flow_retransmits_total,,12,,12,,78b9d5068372925bcc2c07d4c7cf56b959a426588a19aee862c68a40c0698170,traffic_flow_metrics
wuhan,elephant_flow_success_total,,12,,12,,78b9d5068372925bcc2c07d4c7cf56b959a426588a19aee862c68a40c0698170,traffic_flow_metrics
wuhan,auth_flow_active_seconds_total,,13121,13018,103,,82387ccbd3a90714b0714837d4ca6d8212d29fe25a7c0bd91af830bebc20227e,traffic_flow_metrics
wuhan,auth_flow_batches_completed_total,,13121,10547,2574,,82387ccbd3a90714b0714837d4ca6d8212d29fe25a7c0bd91af830bebc20227e,traffic_flow_metrics
wuhan,auth_flow_batches_failed_total,,13121,306,12815,,82387ccbd3a90714b0714837d4ca6d8212d29fe25a7c0bd91af830bebc20227e,traffic_flow_metrics
wuhan,auth_flow_batches_started_total,,13121,10825,2296,,82387ccbd3a90714b0714837d4ca6d8212d29fe25a7c0bd91af830bebc20227e,traffic_flow_metrics
wuhan,auth_flow_batches_timeout_total,,13121,86,13035,,82387ccbd3a90714b0714837d4ca6d8212d29fe25a7c0bd91af830bebc20227e,traffic_flow_metrics
wuhan,auth_flow_bytes_received_total,,13121,12630,491,,82387ccbd3a90714b0714837d4ca6d8212d29fe25a7c0bd91af830bebc20227e,traffic_flow_metrics
wuhan,auth_flow_bytes_sent_total,,13121,12630,491,,82387ccbd3a90714b0714837d4ca6d8212d29fe25a7c0bd91af830bebc20227e,traffic_flow_metrics
wuhan,auth_flow_duration_seconds_count,,13121,10849,2272,,82387ccbd3a90714b0714837d4ca6d8212d29fe25a7c0bd91af830bebc20227e,traffic_flow_metrics
wuhan,auth_flow_duration_seconds_sum,,13121,10849,2272,,82387ccbd3a90714b0714837d4ca6d8212d29fe25a7c0bd91af830bebc20227e,traffic_flow_metrics
wuhan,auth_flow_error_total,,13121,216,12905,,82387ccbd3a90714b0714837d4ca6d8212d29fe25a7c0bd91af830bebc20227e,traffic_flow_metrics
wuhan,auth_flow_request_latency_seconds_count,,13121,12630,491,,82387ccbd3a90714b0714837d4ca6d8212d29fe25a7c0bd91af830bebc20227e,traffic_flow_metrics
wuhan,auth_flow_request_latency_seconds_sum,,13121,12630,491,,82387ccbd3a90714b0714837d4ca6d8212d29fe25a7c0bd91af830bebc20227e,traffic_flow_metrics
wuhan,auth_flow_requests_total,,13121,12730,391,,82387ccbd3a90714b0714837d4ca6d8212d29fe25a7c0bd91af830bebc20227e,traffic_flow_metrics
wuhan,auth_flow_success_total,,13121,12522,599,,82387ccbd3a90714b0714837d4ca6d8212d29fe25a7c0bd91af830bebc20227e,traffic_flow_metrics
wuhan,elephant_flow_active_seconds_total,,21,21,,,85260da301259160310b548426c9e6292b24222169b1ad5c282ddd02907c65d0,traffic_flow_metrics
wuhan,elephant_flow_batches_completed_total,,21,,21,,85260da301259160310b548426c9e6292b24222169b1ad5c282ddd02907c65d0,traffic_flow_metrics
wuhan,elephant_flow_batches_failed_total,,21,21,,,85260da301259160310b548426c9e6292b24222169b1ad5c282ddd02907c65d0,traffic_flow_metrics
wuhan,elephant_flow_batches_started_total,,21,21,,,85260da301259160310b548426c9e6292b24222169b1ad5c282ddd02907c65d0,traffic_flow_metrics
wuhan,elephant_flow_batches_timeout_total,,21,,21,,85260da301259160310b548426c9e6292b24222169b1ad5c282ddd02907c65d0,traffic_flow_metrics
wuhan,elephant_flow_bytes_received_total,,21,,21,,85260da301259160310b548426c9e6292b24222169b1ad5c282ddd02907c65d0,traffic_flow_metrics
wuhan,elephant_flow_bytes_sent_total,,21,,21,,85260da301259160310b548426c9e6292b24222169b1ad5c282ddd02907c65d0,traffic_flow_metrics
wuhan,elephant_flow_duration_seconds_count,,21,21,,,85260da301259160310b548426c9e6292b24222169b1ad5c282ddd02907c65d0,traffic_flow_metrics
wuhan,elephant_flow_duration_seconds_sum,,21,21,,,85260da301259160310b548426c9e6292b24222169b1ad5c282ddd02907c65d0,traffic_flow_metrics
wuhan,elephant_flow_error_total,,21,,21,,85260da301259160310b548426c9e6292b24222169b1ad5c282ddd02907c65d0,traffic_flow_metrics
wuhan,elephant_flow_requests_total,,21,,21,,85260da301259160310b548426c9e6292b24222169b1ad5c282ddd02907c65d0,traffic_flow_metrics
wuhan,elephant_flow_retransmits_total,,21,,21,,85260da301259160310b548426c9e6292b24222169b1ad5c282ddd02907c65d0,traffic_flow_metrics
wuhan,elephant_flow_success_total,,21,,21,,85260da301259160310b548426c9e6292b24222169b1ad5c282ddd02907c65d0,traffic_flow_metrics
wuhan,elephant_flow_active_seconds_total,,49,49,,,87bbd5ee23f9f1cbf32662b6ac1a56b226bbe1e30aeee31f2032033875a4a5b1,traffic_flow_metrics
wuhan,elephant_flow_batches_completed_total,,49,21,28,,87bbd5ee23f9f1cbf32662b6ac1a56b226bbe1e30aeee31f2032033875a4a5b1,traffic_flow_metrics
wuhan,elephant_flow_batches_failed_total,,49,,49,,87bbd5ee23f9f1cbf32662b6ac1a56b226bbe1e30aeee31f2032033875a4a5b1,traffic_flow_metrics
wuhan,elephant_flow_batches_started_total,,49,20,29,,87bbd5ee23f9f1cbf32662b6ac1a56b226bbe1e30aeee31f2032033875a4a5b1,traffic_flow_metrics
wuhan,elephant_flow_batches_timeout_total,,49,,49,,87bbd5ee23f9f1cbf32662b6ac1a56b226bbe1e30aeee31f2032033875a4a5b1,traffic_flow_metrics
wuhan,elephant_flow_bytes_received_total,,49,21,28,,87bbd5ee23f9f1cbf32662b6ac1a56b226bbe1e30aeee31f2032033875a4a5b1,traffic_flow_metrics
wuhan,elephant_flow_bytes_sent_total,,49,21,28,,87bbd5ee23f9f1cbf32662b6ac1a56b226bbe1e30aeee31f2032033875a4a5b1,traffic_flow_metrics
wuhan,elephant_flow_duration_seconds_count,,49,21,28,,87bbd5ee23f9f1cbf32662b6ac1a56b226bbe1e30aeee31f2032033875a4a5b1,traffic_flow_metrics
wuhan,elephant_flow_duration_seconds_sum,,49,21,28,,87bbd5ee23f9f1cbf32662b6ac1a56b226bbe1e30aeee31f2032033875a4a5b1,traffic_flow_metrics
wuhan,elephant_flow_error_total,,49,,49,,87bbd5ee23f9f1cbf32662b6ac1a56b226bbe1e30aeee31f2032033875a4a5b1,traffic_flow_metrics
wuhan,elephant_flow_requests_total,,49,21,28,,87bbd5ee23f9f1cbf32662b6ac1a56b226bbe1e30aeee31f2032033875a4a5b1,traffic_flow_metrics
wuhan,elephant_flow_retransmits_total,,49,,49,,87bbd5ee23f9f1cbf32662b6ac1a56b226bbe1e30aeee31f2032033875a4a5b1,traffic_flow_metrics
wuhan,elephant_flow_success_total,,49,21,28,,87bbd5ee23f9f1cbf32662b6ac1a56b226bbe1e30aeee31f2032033875a4a5b1,traffic_flow_metrics
wuhan,elephant_flow_active_seconds_total,,57,57,,,9856bd9b06753cb0e4c1d0b22b1d6e1ef85ef7fd492a40b75d9dc5a9a6aca031,traffic_flow_metrics
wuhan,elephant_flow_batches_completed_total,,57,23,34,,9856bd9b06753cb0e4c1d0b22b1d6e1ef85ef7fd492a40b75d9dc5a9a6aca031,traffic_flow_metrics
wuhan,elephant_flow_batches_failed_total,,57,1,56,,9856bd9b06753cb0e4c1d0b22b1d6e1ef85ef7fd492a40b75d9dc5a9a6aca031,traffic_flow_metrics
wuhan,elephant_flow_batches_started_total,,57,23,34,,9856bd9b06753cb0e4c1d0b22b1d6e1ef85ef7fd492a40b75d9dc5a9a6aca031,traffic_flow_metrics
wuhan,elephant_flow_batches_timeout_total,,57,,57,,9856bd9b06753cb0e4c1d0b22b1d6e1ef85ef7fd492a40b75d9dc5a9a6aca031,traffic_flow_metrics
wuhan,elephant_flow_bytes_received_total,,57,23,34,,9856bd9b06753cb0e4c1d0b22b1d6e1ef85ef7fd492a40b75d9dc5a9a6aca031,traffic_flow_metrics
wuhan,elephant_flow_bytes_sent_total,,57,23,34,,9856bd9b06753cb0e4c1d0b22b1d6e1ef85ef7fd492a40b75d9dc5a9a6aca031,traffic_flow_metrics
wuhan,elephant_flow_duration_seconds_count,,57,24,33,,9856bd9b06753cb0e4c1d0b22b1d6e1ef85ef7fd492a40b75d9dc5a9a6aca031,traffic_flow_metrics
wuhan,elephant_flow_duration_seconds_sum,,57,24,33,,9856bd9b06753cb0e4c1d0b22b1d6e1ef85ef7fd492a40b75d9dc5a9a6aca031,traffic_flow_metrics
wuhan,elephant_flow_error_total,,57,,57,,9856bd9b06753cb0e4c1d0b22b1d6e1ef85ef7fd492a40b75d9dc5a9a6aca031,traffic_flow_metrics
wuhan,elephant_flow_requests_total,,57,23,34,,9856bd9b06753cb0e4c1d0b22b1d6e1ef85ef7fd492a40b75d9dc5a9a6aca031,traffic_flow_metrics
wuhan,elephant_flow_retransmits_total,,57,,57,,9856bd9b06753cb0e4c1d0b22b1d6e1ef85ef7fd492a40b75d9dc5a9a6aca031,traffic_flow_metrics
wuhan,elephant_flow_success_total,,57,23,34,,9856bd9b06753cb0e4c1d0b22b1d6e1ef85ef7fd492a40b75d9dc5a9a6aca031,traffic_flow_metrics
wuhan,web_flow_active_seconds_total,,18801,18752,49,,99209e5b1125550aa3101da5222463a7c360364c5f6ab9ec76a4719b450c9cff,traffic_flow_metrics
wuhan,web_flow_batches_completed_total,,18801,14253,4548,,99209e5b1125550aa3101da5222463a7c360364c5f6ab9ec76a4719b450c9cff,traffic_flow_metrics
wuhan,web_flow_batches_failed_total,,18801,440,18361,,99209e5b1125550aa3101da5222463a7c360364c5f6ab9ec76a4719b450c9cff,traffic_flow_metrics
wuhan,web_flow_batches_started_total,,18801,14651,4150,,99209e5b1125550aa3101da5222463a7c360364c5f6ab9ec76a4719b450c9cff,traffic_flow_metrics
wuhan,web_flow_batches_timeout_total,,18801,182,18619,,99209e5b1125550aa3101da5222463a7c360364c5f6ab9ec76a4719b450c9cff,traffic_flow_metrics
wuhan,web_flow_bytes_received_total,,18801,18258,543,,99209e5b1125550aa3101da5222463a7c360364c5f6ab9ec76a4719b450c9cff,traffic_flow_metrics
wuhan,web_flow_bytes_sent_total,,18801,18258,543,,99209e5b1125550aa3101da5222463a7c360364c5f6ab9ec76a4719b450c9cff,traffic_flow_metrics
wuhan,web_flow_duration_seconds_count,,18801,14675,4126,,99209e5b1125550aa3101da5222463a7c360364c5f6ab9ec76a4719b450c9cff,traffic_flow_metrics
wuhan,web_flow_duration_seconds_sum,,18801,14675,4126,,99209e5b1125550aa3101da5222463a7c360364c5f6ab9ec76a4719b450c9cff,traffic_flow_metrics
wuhan,web_flow_error_total,,18801,297,18504,,99209e5b1125550aa3101da5222463a7c360364c5f6ab9ec76a4719b450c9cff,traffic_flow_metrics
wuhan,web_flow_request_latency_seconds_count,,18801,18258,543,,99209e5b1125550aa3101da5222463a7c360364c5f6ab9ec76a4719b450c9cff,traffic_flow_metrics
wuhan,web_flow_request_latency_seconds_sum,,18801,18258,543,,99209e5b1125550aa3101da5222463a7c360364c5f6ab9ec76a4719b450c9cff,traffic_flow_metrics
wuhan,web_flow_requests_total,,18801,18466,335,,99209e5b1125550aa3101da5222463a7c360364c5f6ab9ec76a4719b450c9cff,traffic_flow_metrics
wuhan,web_flow_success_total,,18801,18159,642,,99209e5b1125550aa3101da5222463a7c360364c5f6ab9ec76a4719b450c9cff,traffic_flow_metrics
wuhan,elephant_flow_active_seconds_total,,36,35,1,,99ce5cf9c97aa81f46d12e17667b929d0cd048b78a72a22e5240850db5b1febd,traffic_flow_metrics
wuhan,elephant_flow_batches_completed_total,,36,13,23,,99ce5cf9c97aa81f46d12e17667b929d0cd048b78a72a22e5240850db5b1febd,traffic_flow_metrics
wuhan,elephant_flow_batches_failed_total,,36,1,35,,99ce5cf9c97aa81f46d12e17667b929d0cd048b78a72a22e5240850db5b1febd,traffic_flow_metrics
wuhan,elephant_flow_batches_started_total,,36,13,23,,99ce5cf9c97aa81f46d12e17667b929d0cd048b78a72a22e5240850db5b1febd,traffic_flow_metrics
wuhan,elephant_flow_batches_timeout_total,,36,,36,,99ce5cf9c97aa81f46d12e17667b929d0cd048b78a72a22e5240850db5b1febd,traffic_flow_metrics
wuhan,elephant_flow_bytes_received_total,,36,13,23,,99ce5cf9c97aa81f46d12e17667b929d0cd048b78a72a22e5240850db5b1febd,traffic_flow_metrics
wuhan,elephant_flow_bytes_sent_total,,36,13,23,,99ce5cf9c97aa81f46d12e17667b929d0cd048b78a72a22e5240850db5b1febd,traffic_flow_metrics
wuhan,elephant_flow_duration_seconds_count,,36,14,22,,99ce5cf9c97aa81f46d12e17667b929d0cd048b78a72a22e5240850db5b1febd,traffic_flow_metrics
wuhan,elephant_flow_duration_seconds_sum,,36,14,22,,99ce5cf9c97aa81f46d12e17667b929d0cd048b78a72a22e5240850db5b1febd,traffic_flow_metrics
wuhan,elephant_flow_error_total,,36,,36,,99ce5cf9c97aa81f46d12e17667b929d0cd048b78a72a22e5240850db5b1febd,traffic_flow_metrics
wuhan,elephant_flow_requests_total,,36,13,23,,99ce5cf9c97aa81f46d12e17667b929d0cd048b78a72a22e5240850db5b1febd,traffic_flow_metrics
wuhan,elephant_flow_retransmits_total,,36,,36,,99ce5cf9c97aa81f46d12e17667b929d0cd048b78a72a22e5240850db5b1febd,traffic_flow_metrics
wuhan,elephant_flow_success_total,,36,13,23,,99ce5cf9c97aa81f46d12e17667b929d0cd048b78a72a22e5240850db5b1febd,traffic_flow_metrics
wuhan,elephant_flow_active_seconds_total,,19,19,,,a0017f83a32764055f9b730d62dbbcc71b1a9ebc529d0e7d2d49378d2343c2f3,traffic_flow_metrics
wuhan,elephant_flow_batches_completed_total,,19,,19,,a0017f83a32764055f9b730d62dbbcc71b1a9ebc529d0e7d2d49378d2343c2f3,traffic_flow_metrics
wuhan,elephant_flow_batches_failed_total,,19,19,,,a0017f83a32764055f9b730d62dbbcc71b1a9ebc529d0e7d2d49378d2343c2f3,traffic_flow_metrics
wuhan,elephant_flow_batches_started_total,,19,19,,,a0017f83a32764055f9b730d62dbbcc71b1a9ebc529d0e7d2d49378d2343c2f3,traffic_flow_metrics
wuhan,elephant_flow_batches_timeout_total,,19,,19,,a0017f83a32764055f9b730d62dbbcc71b1a9ebc529d0e7d2d49378d2343c2f3,traffic_flow_metrics
wuhan,elephant_flow_bytes_received_total,,19,,19,,a0017f83a32764055f9b730d62dbbcc71b1a9ebc529d0e7d2d49378d2343c2f3,traffic_flow_metrics
wuhan,elephant_flow_bytes_sent_total,,19,,19,,a0017f83a32764055f9b730d62dbbcc71b1a9ebc529d0e7d2d49378d2343c2f3,traffic_flow_metrics
wuhan,elephant_flow_duration_seconds_count,,19,19,,,a0017f83a32764055f9b730d62dbbcc71b1a9ebc529d0e7d2d49378d2343c2f3,traffic_flow_metrics
wuhan,elephant_flow_duration_seconds_sum,,19,19,,,a0017f83a32764055f9b730d62dbbcc71b1a9ebc529d0e7d2d49378d2343c2f3,traffic_flow_metrics
wuhan,elephant_flow_error_total,,19,,19,,a0017f83a32764055f9b730d62dbbcc71b1a9ebc529d0e7d2d49378d2343c2f3,traffic_flow_metrics
wuhan,elephant_flow_requests_total,,19,,19,,a0017f83a32764055f9b730d62dbbcc71b1a9ebc529d0e7d2d49378d2343c2f3,traffic_flow_metrics
wuhan,elephant_flow_retransmits_total,,19,,19,,a0017f83a32764055f9b730d62dbbcc71b1a9ebc529d0e7d2d49378d2343c2f3,traffic_flow_metrics
wuhan,elephant_flow_success_total,,19,,19,,a0017f83a32764055f9b730d62dbbcc71b1a9ebc529d0e7d2d49378d2343c2f3,traffic_flow_metrics
wuhan,elephant_flow_active_seconds_total,,39,38,1,,a945650077211bd8a53ef36bf6bc05219fe32964fc579a200545e509e119292e,traffic_flow_metrics
wuhan,elephant_flow_batches_completed_total,,39,17,22,,a945650077211bd8a53ef36bf6bc05219fe32964fc579a200545e509e119292e,traffic_flow_metrics
wuhan,elephant_flow_batches_failed_total,,39,1,38,,a945650077211bd8a53ef36bf6bc05219fe32964fc579a200545e509e119292e,traffic_flow_metrics
wuhan,elephant_flow_batches_started_total,,39,17,22,,a945650077211bd8a53ef36bf6bc05219fe32964fc579a200545e509e119292e,traffic_flow_metrics
wuhan,elephant_flow_batches_timeout_total,,39,,39,,a945650077211bd8a53ef36bf6bc05219fe32964fc579a200545e509e119292e,traffic_flow_metrics
wuhan,elephant_flow_bytes_received_total,,39,17,22,,a945650077211bd8a53ef36bf6bc05219fe32964fc579a200545e509e119292e,traffic_flow_metrics
wuhan,elephant_flow_bytes_sent_total,,39,17,22,,a945650077211bd8a53ef36bf6bc05219fe32964fc579a200545e509e119292e,traffic_flow_metrics
wuhan,elephant_flow_duration_seconds_count,,39,18,21,,a945650077211bd8a53ef36bf6bc05219fe32964fc579a200545e509e119292e,traffic_flow_metrics
wuhan,elephant_flow_duration_seconds_sum,,39,18,21,,a945650077211bd8a53ef36bf6bc05219fe32964fc579a200545e509e119292e,traffic_flow_metrics
wuhan,elephant_flow_error_total,,39,,39,,a945650077211bd8a53ef36bf6bc05219fe32964fc579a200545e509e119292e,traffic_flow_metrics
wuhan,elephant_flow_requests_total,,39,17,22,,a945650077211bd8a53ef36bf6bc05219fe32964fc579a200545e509e119292e,traffic_flow_metrics
wuhan,elephant_flow_retransmits_total,,39,,39,,a945650077211bd8a53ef36bf6bc05219fe32964fc579a200545e509e119292e,traffic_flow_metrics
wuhan,elephant_flow_success_total,,39,17,22,,a945650077211bd8a53ef36bf6bc05219fe32964fc579a200545e509e119292e,traffic_flow_metrics
wuhan,elephant_flow_active_seconds_total,,39,38,1,,b1684f1b7b57e2cd9b9ed76c66b8293993d916e2dcd81030292df6bae8860d23,traffic_flow_metrics
wuhan,elephant_flow_batches_completed_total,,39,15,24,,b1684f1b7b57e2cd9b9ed76c66b8293993d916e2dcd81030292df6bae8860d23,traffic_flow_metrics
wuhan,elephant_flow_batches_failed_total,,39,2,37,,b1684f1b7b57e2cd9b9ed76c66b8293993d916e2dcd81030292df6bae8860d23,traffic_flow_metrics
wuhan,elephant_flow_batches_started_total,,39,16,23,,b1684f1b7b57e2cd9b9ed76c66b8293993d916e2dcd81030292df6bae8860d23,traffic_flow_metrics
wuhan,elephant_flow_batches_timeout_total,,39,,39,,b1684f1b7b57e2cd9b9ed76c66b8293993d916e2dcd81030292df6bae8860d23,traffic_flow_metrics
wuhan,elephant_flow_bytes_received_total,,39,15,24,,b1684f1b7b57e2cd9b9ed76c66b8293993d916e2dcd81030292df6bae8860d23,traffic_flow_metrics
wuhan,elephant_flow_bytes_sent_total,,39,15,24,,b1684f1b7b57e2cd9b9ed76c66b8293993d916e2dcd81030292df6bae8860d23,traffic_flow_metrics
wuhan,elephant_flow_duration_seconds_count,,39,17,22,,b1684f1b7b57e2cd9b9ed76c66b8293993d916e2dcd81030292df6bae8860d23,traffic_flow_metrics
wuhan,elephant_flow_duration_seconds_sum,,39,17,22,,b1684f1b7b57e2cd9b9ed76c66b8293993d916e2dcd81030292df6bae8860d23,traffic_flow_metrics
wuhan,elephant_flow_error_total,,39,,39,,b1684f1b7b57e2cd9b9ed76c66b8293993d916e2dcd81030292df6bae8860d23,traffic_flow_metrics
wuhan,elephant_flow_requests_total,,39,15,24,,b1684f1b7b57e2cd9b9ed76c66b8293993d916e2dcd81030292df6bae8860d23,traffic_flow_metrics
wuhan,elephant_flow_retransmits_total,,39,,39,,b1684f1b7b57e2cd9b9ed76c66b8293993d916e2dcd81030292df6bae8860d23,traffic_flow_metrics
wuhan,elephant_flow_success_total,,39,15,24,,b1684f1b7b57e2cd9b9ed76c66b8293993d916e2dcd81030292df6bae8860d23,traffic_flow_metrics
wuhan,elephant_flow_active_seconds_total,,37,37,,,b9862c6fadf8feb4651f074b715904ac255dafba48d465e6e42cb9bcc560929c,traffic_flow_metrics
wuhan,elephant_flow_batches_completed_total,,37,16,21,,b9862c6fadf8feb4651f074b715904ac255dafba48d465e6e42cb9bcc560929c,traffic_flow_metrics
wuhan,elephant_flow_batches_failed_total,,37,1,36,,b9862c6fadf8feb4651f074b715904ac255dafba48d465e6e42cb9bcc560929c,traffic_flow_metrics
wuhan,elephant_flow_batches_started_total,,37,16,21,,b9862c6fadf8feb4651f074b715904ac255dafba48d465e6e42cb9bcc560929c,traffic_flow_metrics
wuhan,elephant_flow_batches_timeout_total,,37,,37,,b9862c6fadf8feb4651f074b715904ac255dafba48d465e6e42cb9bcc560929c,traffic_flow_metrics
wuhan,elephant_flow_bytes_received_total,,37,16,21,,b9862c6fadf8feb4651f074b715904ac255dafba48d465e6e42cb9bcc560929c,traffic_flow_metrics
wuhan,elephant_flow_bytes_sent_total,,37,16,21,,b9862c6fadf8feb4651f074b715904ac255dafba48d465e6e42cb9bcc560929c,traffic_flow_metrics
wuhan,elephant_flow_duration_seconds_count,,37,17,20,,b9862c6fadf8feb4651f074b715904ac255dafba48d465e6e42cb9bcc560929c,traffic_flow_metrics
wuhan,elephant_flow_duration_seconds_sum,,37,17,20,,b9862c6fadf8feb4651f074b715904ac255dafba48d465e6e42cb9bcc560929c,traffic_flow_metrics
wuhan,elephant_flow_error_total,,37,,37,,b9862c6fadf8feb4651f074b715904ac255dafba48d465e6e42cb9bcc560929c,traffic_flow_metrics
wuhan,elephant_flow_requests_total,,37,16,21,,b9862c6fadf8feb4651f074b715904ac255dafba48d465e6e42cb9bcc560929c,traffic_flow_metrics
wuhan,elephant_flow_retransmits_total,,37,,37,,b9862c6fadf8feb4651f074b715904ac255dafba48d465e6e42cb9bcc560929c,traffic_flow_metrics
wuhan,elephant_flow_success_total,,37,16,21,,b9862c6fadf8feb4651f074b715904ac255dafba48d465e6e42cb9bcc560929c,traffic_flow_metrics
wuhan,elephant_flow_active_seconds_total,,48,48,,,c8aef17539f33e5ee8c868555c6ffe5602a0893d88587ae35e67b994dcb5fa6e,traffic_flow_metrics
wuhan,elephant_flow_batches_completed_total,,48,20,28,,c8aef17539f33e5ee8c868555c6ffe5602a0893d88587ae35e67b994dcb5fa6e,traffic_flow_metrics
wuhan,elephant_flow_batches_failed_total,,48,,48,,c8aef17539f33e5ee8c868555c6ffe5602a0893d88587ae35e67b994dcb5fa6e,traffic_flow_metrics
wuhan,elephant_flow_batches_started_total,,48,19,29,,c8aef17539f33e5ee8c868555c6ffe5602a0893d88587ae35e67b994dcb5fa6e,traffic_flow_metrics
wuhan,elephant_flow_batches_timeout_total,,48,,48,,c8aef17539f33e5ee8c868555c6ffe5602a0893d88587ae35e67b994dcb5fa6e,traffic_flow_metrics
wuhan,elephant_flow_bytes_received_total,,48,20,28,,c8aef17539f33e5ee8c868555c6ffe5602a0893d88587ae35e67b994dcb5fa6e,traffic_flow_metrics
wuhan,elephant_flow_bytes_sent_total,,48,20,28,,c8aef17539f33e5ee8c868555c6ffe5602a0893d88587ae35e67b994dcb5fa6e,traffic_flow_metrics
wuhan,elephant_flow_duration_seconds_count,,48,20,28,,c8aef17539f33e5ee8c868555c6ffe5602a0893d88587ae35e67b994dcb5fa6e,traffic_flow_metrics
wuhan,elephant_flow_duration_seconds_sum,,48,20,28,,c8aef17539f33e5ee8c868555c6ffe5602a0893d88587ae35e67b994dcb5fa6e,traffic_flow_metrics
wuhan,elephant_flow_error_total,,48,,48,,c8aef17539f33e5ee8c868555c6ffe5602a0893d88587ae35e67b994dcb5fa6e,traffic_flow_metrics
wuhan,elephant_flow_requests_total,,48,20,28,,c8aef17539f33e5ee8c868555c6ffe5602a0893d88587ae35e67b994dcb5fa6e,traffic_flow_metrics
wuhan,elephant_flow_retransmits_total,,48,,48,,c8aef17539f33e5ee8c868555c6ffe5602a0893d88587ae35e67b994dcb5fa6e,traffic_flow_metrics
wuhan,elephant_flow_success_total,,48,20,28,,c8aef17539f33e5ee8c868555c6ffe5602a0893d88587ae35e67b994dcb5fa6e,traffic_flow_metrics
wuhan,elephant_flow_active_seconds_total,,19,19,,,d4b9c994b9df054606ae688badface34b68e9f64875720cd2c9e6fb9254c6b93,traffic_flow_metrics
wuhan,elephant_flow_batches_completed_total,,19,,19,,d4b9c994b9df054606ae688badface34b68e9f64875720cd2c9e6fb9254c6b93,traffic_flow_metrics
wuhan,elephant_flow_batches_failed_total,,19,19,,,d4b9c994b9df054606ae688badface34b68e9f64875720cd2c9e6fb9254c6b93,traffic_flow_metrics
wuhan,elephant_flow_batches_started_total,,19,19,,,d4b9c994b9df054606ae688badface34b68e9f64875720cd2c9e6fb9254c6b93,traffic_flow_metrics
wuhan,elephant_flow_batches_timeout_total,,19,,19,,d4b9c994b9df054606ae688badface34b68e9f64875720cd2c9e6fb9254c6b93,traffic_flow_metrics
wuhan,elephant_flow_bytes_received_total,,19,,19,,d4b9c994b9df054606ae688badface34b68e9f64875720cd2c9e6fb9254c6b93,traffic_flow_metrics
wuhan,elephant_flow_bytes_sent_total,,19,,19,,d4b9c994b9df054606ae688badface34b68e9f64875720cd2c9e6fb9254c6b93,traffic_flow_metrics
wuhan,elephant_flow_duration_seconds_count,,19,19,,,d4b9c994b9df054606ae688badface34b68e9f64875720cd2c9e6fb9254c6b93,traffic_flow_metrics
wuhan,elephant_flow_duration_seconds_sum,,19,19,,,d4b9c994b9df054606ae688badface34b68e9f64875720cd2c9e6fb9254c6b93,traffic_flow_metrics
wuhan,elephant_flow_error_total,,19,,19,,d4b9c994b9df054606ae688badface34b68e9f64875720cd2c9e6fb9254c6b93,traffic_flow_metrics
wuhan,elephant_flow_requests_total,,19,,19,,d4b9c994b9df054606ae688badface34b68e9f64875720cd2c9e6fb9254c6b93,traffic_flow_metrics
wuhan,elephant_flow_retransmits_total,,19,,19,,d4b9c994b9df054606ae688badface34b68e9f64875720cd2c9e6fb9254c6b93,traffic_flow_metrics
wuhan,elephant_flow_success_total,,19,,19,,d4b9c994b9df054606ae688badface34b68e9f64875720cd2c9e6fb9254c6b93,traffic_flow_metrics
wuhan,elephant_flow_active_seconds_total,,34,34,,,e7d552c067e1e1392cee18f0c9947d02a798ca561577a4e3225839f2a38ab019,traffic_flow_metrics
wuhan,elephant_flow_batches_completed_total,,34,13,21,,e7d552c067e1e1392cee18f0c9947d02a798ca561577a4e3225839f2a38ab019,traffic_flow_metrics
wuhan,elephant_flow_batches_failed_total,,34,,34,,e7d552c067e1e1392cee18f0c9947d02a798ca561577a4e3225839f2a38ab019,traffic_flow_metrics
wuhan,elephant_flow_batches_started_total,,34,12,22,,e7d552c067e1e1392cee18f0c9947d02a798ca561577a4e3225839f2a38ab019,traffic_flow_metrics
wuhan,elephant_flow_batches_timeout_total,,34,,34,,e7d552c067e1e1392cee18f0c9947d02a798ca561577a4e3225839f2a38ab019,traffic_flow_metrics
wuhan,elephant_flow_bytes_received_total,,34,13,21,,e7d552c067e1e1392cee18f0c9947d02a798ca561577a4e3225839f2a38ab019,traffic_flow_metrics
wuhan,elephant_flow_bytes_sent_total,,34,13,21,,e7d552c067e1e1392cee18f0c9947d02a798ca561577a4e3225839f2a38ab019,traffic_flow_metrics
wuhan,elephant_flow_duration_seconds_count,,34,13,21,,e7d552c067e1e1392cee18f0c9947d02a798ca561577a4e3225839f2a38ab019,traffic_flow_metrics
wuhan,elephant_flow_duration_seconds_sum,,34,13,21,,e7d552c067e1e1392cee18f0c9947d02a798ca561577a4e3225839f2a38ab019,traffic_flow_metrics
wuhan,elephant_flow_error_total,,34,,34,,e7d552c067e1e1392cee18f0c9947d02a798ca561577a4e3225839f2a38ab019,traffic_flow_metrics
wuhan,elephant_flow_requests_total,,34,13,21,,e7d552c067e1e1392cee18f0c9947d02a798ca561577a4e3225839f2a38ab019,traffic_flow_metrics
wuhan,elephant_flow_retransmits_total,,34,,34,,e7d552c067e1e1392cee18f0c9947d02a798ca561577a4e3225839f2a38ab019,traffic_flow_metrics
wuhan,elephant_flow_success_total,,34,13,21,,e7d552c067e1e1392cee18f0c9947d02a798ca561577a4e3225839f2a38ab019,traffic_flow_metrics
wuhan,elephant_flow_active_seconds_total,,33,33,,,f99483a0c2a2f073b8171894bac57821b514058fc662fe100db7727cade6fa4a,traffic_flow_metrics
wuhan,elephant_flow_batches_completed_total,,33,13,20,,f99483a0c2a2f073b8171894bac57821b514058fc662fe100db7727cade6fa4a,traffic_flow_metrics
wuhan,elephant_flow_batches_failed_total,,33,,33,,f99483a0c2a2f073b8171894bac57821b514058fc662fe100db7727cade6fa4a,traffic_flow_metrics
wuhan,elephant_flow_batches_started_total,,33,12,21,,f99483a0c2a2f073b8171894bac57821b514058fc662fe100db7727cade6fa4a,traffic_flow_metrics
wuhan,elephant_flow_batches_timeout_total,,33,,33,,f99483a0c2a2f073b8171894bac57821b514058fc662fe100db7727cade6fa4a,traffic_flow_metrics
wuhan,elephant_flow_bytes_received_total,,33,13,20,,f99483a0c2a2f073b8171894bac57821b514058fc662fe100db7727cade6fa4a,traffic_flow_metrics
wuhan,elephant_flow_bytes_sent_total,,33,13,20,,f99483a0c2a2f073b8171894bac57821b514058fc662fe100db7727cade6fa4a,traffic_flow_metrics
wuhan,elephant_flow_duration_seconds_count,,33,13,20,,f99483a0c2a2f073b8171894bac57821b514058fc662fe100db7727cade6fa4a,traffic_flow_metrics
wuhan,elephant_flow_duration_seconds_sum,,33,13,20,,f99483a0c2a2f073b8171894bac57821b514058fc662fe100db7727cade6fa4a,traffic_flow_metrics
wuhan,elephant_flow_error_total,,33,,33,,f99483a0c2a2f073b8171894bac57821b514058fc662fe100db7727cade6fa4a,traffic_flow_metrics
wuhan,elephant_flow_requests_total,,33,13,20,,f99483a0c2a2f073b8171894bac57821b514058fc662fe100db7727cade6fa4a,traffic_flow_metrics
wuhan,elephant_flow_retransmits_total,,33,,33,,f99483a0c2a2f073b8171894bac57821b514058fc662fe100db7727cade6fa4a,traffic_flow_metrics
wuhan,elephant_flow_success_total,,33,13,20,,f99483a0c2a2f073b8171894bac57821b514058fc662fe100db7727cade6fa4a,traffic_flow_metrics
xian,value,,20114,,20114,,xian-br-1|bgp_peer_count|,routing_metrics
xian,value,,20114,,20114,,xian-br-1|ipv6_default_route_changed_total|,routing_metrics
xian,value,,20114,,20114,,"xian-br-1|ipv6_route_change_total|prefix=""::/0",routing_metrics
xian,value,,20114,6,20108,,"xian-br-1|ipv6_route_change_total|prefix=""fd00:1:40::/64",routing_metrics
xian,value,,20114,6,20108,,"xian-br-1|ipv6_route_change_total|prefix=""fd00:2:40::/64",routing_metrics
xian,value,,20114,,20114,,"xian-br-1|ipv6_route_change_total|prefix=""fd00:3:40::/64",routing_metrics
xian,value,,20114,14,20100,,"xian-br-1|ipv6_route_change_total|prefix=""fd00:4:40::/64",routing_metrics
xian,value,,20114,,20114,,"xian-br-1|ipv6_route_change_total|prefix=""fd00:5:40::/64",routing_metrics
xian,value,,20114,,20114,,"xian-br-1|ipv6_route_change_total|prefix=""fd00:6:40::/64",routing_metrics
xian,value,,20114,,20114,,"xian-br-1|ipv6_route_change_total|prefix=""fd00:7:40::/64",routing_metrics
xian,value,,20114,,20114,,"xian-br-1|ipv6_route_change_total|prefix=""fd00:8:40::/64",routing_metrics
xian,value,2,20114,2,20110,2,"xian-br-1|ipv6_route_count|protocol=""all",routing_metrics
xian,value,,20114,,20114,,"xian-br-1|ipv6_route_count|protocol=""bgp",routing_metrics
xian,value,,20114,,20114,,"xian-br-1|ipv6_route_count|protocol=""kernel",routing_metrics
xian,value,,20114,,20114,,"xian-br-1|ipv6_route_count|protocol=""ospf",routing_metrics
xian,value,2,20114,2,20110,2,"xian-br-1|ipv6_route_count|protocol=""unknown",routing_metrics
xian,value,,20114,,20114,,xian-br-2|bgp_peer_count|,routing_metrics
xian,value,,20114,,20114,,xian-br-2|ipv6_default_route_changed_total|,routing_metrics
xian,value,,20114,,20114,,"xian-br-2|ipv6_route_change_total|prefix=""::/0",routing_metrics
xian,value,,20114,8,20106,,"xian-br-2|ipv6_route_change_total|prefix=""fd00:1:40::/64",routing_metrics
xian,value,,20114,8,20106,,"xian-br-2|ipv6_route_change_total|prefix=""fd00:2:40::/64",routing_metrics
xian,value,,20114,,20114,,"xian-br-2|ipv6_route_change_total|prefix=""fd00:3:40::/64",routing_metrics
xian,value,,20114,8,20106,,"xian-br-2|ipv6_route_change_total|prefix=""fd00:4:40::/64",routing_metrics
xian,value,,20114,,20114,,"xian-br-2|ipv6_route_change_total|prefix=""fd00:5:40::/64",routing_metrics
xian,value,,20114,,20114,,"xian-br-2|ipv6_route_change_total|prefix=""fd00:6:40::/64",routing_metrics
xian,value,,20114,,20114,,"xian-br-2|ipv6_route_change_total|prefix=""fd00:7:40::/64",routing_metrics
xian,value,,20114,,20114,,"xian-br-2|ipv6_route_change_total|prefix=""fd00:8:40::/64",routing_metrics
xian,value,1,20114,1,20112,1,"xian-br-2|ipv6_route_count|protocol=""all",routing_metrics
xian,value,,20114,,20114,,"xian-br-2|ipv6_route_count|protocol=""bgp",routing_metrics
xian,value,,20114,,20114,,"xian-br-2|ipv6_route_count|protocol=""kernel",routing_metrics
xian,value,,20114,,20114,,"xian-br-2|ipv6_route_count|protocol=""ospf",routing_metrics
xian,value,1,20114,1,20112,1,"xian-br-2|ipv6_route_count|protocol=""unknown",routing_metrics
xian,value,,20159,,20159,,xian-cr-1|ipv6_default_route_changed_total|,routing_metrics
xian,value,,20159,,20159,,"xian-cr-1|ipv6_route_change_total|prefix=""::/0",routing_metrics
xian,value,,20159,,20159,,"xian-cr-1|ipv6_route_change_total|prefix=""fd00:1:40::/64",routing_metrics
xian,value,,20159,,20159,,"xian-cr-1|ipv6_route_change_total|prefix=""fd00:2:40::/64",routing_metrics
xian,value,,20159,,20159,,"xian-cr-1|ipv6_route_change_total|prefix=""fd00:3:40::/64",routing_metrics
xian,value,,20159,,20159,,"xian-cr-1|ipv6_route_change_total|prefix=""fd00:4:40::/64",routing_metrics
xian,value,,20159,,20159,,"xian-cr-1|ipv6_route_change_total|prefix=""fd00:5:40::/64",routing_metrics
xian,value,,20159,,20159,,"xian-cr-1|ipv6_route_change_total|prefix=""fd00:6:40::/64",routing_metrics
xian,value,,20159,,20159,,"xian-cr-1|ipv6_route_change_total|prefix=""fd00:7:40::/64",routing_metrics
xian,value,,20159,,20159,,"xian-cr-1|ipv6_route_change_total|prefix=""fd00:8:40::/64",routing_metrics
xian,value,,20159,,20159,,"xian-cr-1|ipv6_route_count|protocol=""196",routing_metrics
xian,value,1,20159,1,20157,1,"xian-cr-1|ipv6_route_count|protocol=""all",routing_metrics
xian,value,,20159,,20159,,"xian-cr-1|ipv6_route_count|protocol=""kernel",routing_metrics
xian,value,,20159,,20159,,"xian-cr-1|ipv6_route_count|protocol=""ospf",routing_metrics
xian,value,,19,,19,,"xian-cr-1|ipv6_route_count|protocol=""unknown",routing_metrics
xian,value,,20159,,20159,,xian-cr-2|ipv6_default_route_changed_total|,routing_metrics
xian,value,,20159,,20159,,"xian-cr-2|ipv6_route_change_total|prefix=""::/0",routing_metrics
xian,value,,20159,,20159,,"xian-cr-2|ipv6_route_change_total|prefix=""fd00:1:40::/64",routing_metrics
xian,value,,20159,,20159,,"xian-cr-2|ipv6_route_change_total|prefix=""fd00:2:40::/64",routing_metrics
xian,value,,20159,,20159,,"xian-cr-2|ipv6_route_change_total|prefix=""fd00:3:40::/64",routing_metrics
xian,value,,20159,,20159,,"xian-cr-2|ipv6_route_change_total|prefix=""fd00:4:40::/64",routing_metrics
xian,value,,20159,,20159,,"xian-cr-2|ipv6_route_change_total|prefix=""fd00:5:40::/64",routing_metrics
xian,value,,20159,,20159,,"xian-cr-2|ipv6_route_change_total|prefix=""fd00:6:40::/64",routing_metrics
xian,value,,20159,,20159,,"xian-cr-2|ipv6_route_change_total|prefix=""fd00:7:40::/64",routing_metrics
xian,value,,20159,,20159,,"xian-cr-2|ipv6_route_change_total|prefix=""fd00:8:40::/64",routing_metrics
xian,value,,20159,,20159,,"xian-cr-2|ipv6_route_count|protocol=""196",routing_metrics
xian,value,3,20159,3,20153,3,"xian-cr-2|ipv6_route_count|protocol=""all",routing_metrics
xian,value,,20159,,20159,,"xian-cr-2|ipv6_route_count|protocol=""kernel",routing_metrics
xian,value,,20159,,20159,,"xian-cr-2|ipv6_route_count|protocol=""ospf",routing_metrics
xian,value,3,20159,3,20153,3,"xian-cr-2|ipv6_route_count|protocol=""unknown",routing_metrics
xian,auth_flow_active_seconds_total,,13263,13151,112,,013d963713e8b7df5f2039eb9a367da8ad151fa2b42c4278cc543aa1c37f0dcb,traffic_flow_metrics
xian,auth_flow_batches_completed_total,,13263,10640,2623,,013d963713e8b7df5f2039eb9a367da8ad151fa2b42c4278cc543aa1c37f0dcb,traffic_flow_metrics
xian,auth_flow_batches_failed_total,,13263,342,12921,,013d963713e8b7df5f2039eb9a367da8ad151fa2b42c4278cc543aa1c37f0dcb,traffic_flow_metrics
xian,auth_flow_batches_started_total,,13263,10950,2313,,013d963713e8b7df5f2039eb9a367da8ad151fa2b42c4278cc543aa1c37f0dcb,traffic_flow_metrics
xian,auth_flow_batches_timeout_total,,13263,107,13156,,013d963713e8b7df5f2039eb9a367da8ad151fa2b42c4278cc543aa1c37f0dcb,traffic_flow_metrics
xian,auth_flow_bytes_received_total,,13263,12722,541,,013d963713e8b7df5f2039eb9a367da8ad151fa2b42c4278cc543aa1c37f0dcb,traffic_flow_metrics
xian,auth_flow_bytes_sent_total,,13263,12722,541,,013d963713e8b7df5f2039eb9a367da8ad151fa2b42c4278cc543aa1c37f0dcb,traffic_flow_metrics
xian,auth_flow_duration_seconds_count,,13263,10975,2288,,013d963713e8b7df5f2039eb9a367da8ad151fa2b42c4278cc543aa1c37f0dcb,traffic_flow_metrics
xian,auth_flow_duration_seconds_sum,,13263,10975,2288,,013d963713e8b7df5f2039eb9a367da8ad151fa2b42c4278cc543aa1c37f0dcb,traffic_flow_metrics
xian,auth_flow_error_total,,13263,233,13030,,013d963713e8b7df5f2039eb9a367da8ad151fa2b42c4278cc543aa1c37f0dcb,traffic_flow_metrics
xian,auth_flow_request_latency_seconds_count,,13263,12722,541,,013d963713e8b7df5f2039eb9a367da8ad151fa2b42c4278cc543aa1c37f0dcb,traffic_flow_metrics
xian,auth_flow_request_latency_seconds_sum,,13263,12722,541,,013d963713e8b7df5f2039eb9a367da8ad151fa2b42c4278cc543aa1c37f0dcb,traffic_flow_metrics
xian,auth_flow_requests_total,,13263,12830,433,,013d963713e8b7df5f2039eb9a367da8ad151fa2b42c4278cc543aa1c37f0dcb,traffic_flow_metrics
xian,auth_flow_success_total,,13263,12617,646,,013d963713e8b7df5f2039eb9a367da8ad151fa2b42c4278cc543aa1c37f0dcb,traffic_flow_metrics
xian,elephant_flow_active_seconds_total,,20,19,1,,0335fdf54e8278b00e44c49819ef9007dabbe90c0cb8c998f4d72b3096d94bcb,traffic_flow_metrics
xian,elephant_flow_batches_completed_total,,20,,20,,0335fdf54e8278b00e44c49819ef9007dabbe90c0cb8c998f4d72b3096d94bcb,traffic_flow_metrics
xian,elephant_flow_batches_failed_total,,20,19,1,,0335fdf54e8278b00e44c49819ef9007dabbe90c0cb8c998f4d72b3096d94bcb,traffic_flow_metrics
xian,elephant_flow_batches_started_total,,20,19,1,,0335fdf54e8278b00e44c49819ef9007dabbe90c0cb8c998f4d72b3096d94bcb,traffic_flow_metrics
xian,elephant_flow_batches_timeout_total,,20,,20,,0335fdf54e8278b00e44c49819ef9007dabbe90c0cb8c998f4d72b3096d94bcb,traffic_flow_metrics
xian,elephant_flow_bytes_received_total,,20,,20,,0335fdf54e8278b00e44c49819ef9007dabbe90c0cb8c998f4d72b3096d94bcb,traffic_flow_metrics
xian,elephant_flow_bytes_sent_total,,20,,20,,0335fdf54e8278b00e44c49819ef9007dabbe90c0cb8c998f4d72b3096d94bcb,traffic_flow_metrics
xian,elephant_flow_duration_seconds_count,,20,19,1,,0335fdf54e8278b00e44c49819ef9007dabbe90c0cb8c998f4d72b3096d94bcb,traffic_flow_metrics
xian,elephant_flow_duration_seconds_sum,,20,19,1,,0335fdf54e8278b00e44c49819ef9007dabbe90c0cb8c998f4d72b3096d94bcb,traffic_flow_metrics
xian,elephant_flow_error_total,,20,,20,,0335fdf54e8278b00e44c49819ef9007dabbe90c0cb8c998f4d72b3096d94bcb,traffic_flow_metrics
xian,elephant_flow_requests_total,,20,,20,,0335fdf54e8278b00e44c49819ef9007dabbe90c0cb8c998f4d72b3096d94bcb,traffic_flow_metrics
xian,elephant_flow_retransmits_total,,20,,20,,0335fdf54e8278b00e44c49819ef9007dabbe90c0cb8c998f4d72b3096d94bcb,traffic_flow_metrics
xian,elephant_flow_success_total,,20,,20,,0335fdf54e8278b00e44c49819ef9007dabbe90c0cb8c998f4d72b3096d94bcb,traffic_flow_metrics
xian,elephant_flow_active_seconds_total,,22,22,,,0401594b5b5ec8d097dda9d915a6c699640b6ab2f85478fd3827850f06eebf3f,traffic_flow_metrics
xian,elephant_flow_batches_completed_total,,22,9,13,,0401594b5b5ec8d097dda9d915a6c699640b6ab2f85478fd3827850f06eebf3f,traffic_flow_metrics
xian,elephant_flow_batches_failed_total,,22,,22,,0401594b5b5ec8d097dda9d915a6c699640b6ab2f85478fd3827850f06eebf3f,traffic_flow_metrics
xian,elephant_flow_batches_started_total,,22,8,14,,0401594b5b5ec8d097dda9d915a6c699640b6ab2f85478fd3827850f06eebf3f,traffic_flow_metrics
xian,elephant_flow_batches_timeout_total,,22,,22,,0401594b5b5ec8d097dda9d915a6c699640b6ab2f85478fd3827850f06eebf3f,traffic_flow_metrics
xian,elephant_flow_bytes_received_total,,22,9,13,,0401594b5b5ec8d097dda9d915a6c699640b6ab2f85478fd3827850f06eebf3f,traffic_flow_metrics
xian,elephant_flow_bytes_sent_total,,22,9,13,,0401594b5b5ec8d097dda9d915a6c699640b6ab2f85478fd3827850f06eebf3f,traffic_flow_metrics
xian,elephant_flow_duration_seconds_count,,22,9,13,,0401594b5b5ec8d097dda9d915a6c699640b6ab2f85478fd3827850f06eebf3f,traffic_flow_metrics
xian,elephant_flow_duration_seconds_sum,,22,9,13,,0401594b5b5ec8d097dda9d915a6c699640b6ab2f85478fd3827850f06eebf3f,traffic_flow_metrics
xian,elephant_flow_error_total,,22,,22,,0401594b5b5ec8d097dda9d915a6c699640b6ab2f85478fd3827850f06eebf3f,traffic_flow_metrics
xian,elephant_flow_requests_total,,22,9,13,,0401594b5b5ec8d097dda9d915a6c699640b6ab2f85478fd3827850f06eebf3f,traffic_flow_metrics
xian,elephant_flow_retransmits_total,,22,,22,,0401594b5b5ec8d097dda9d915a6c699640b6ab2f85478fd3827850f06eebf3f,traffic_flow_metrics
xian,elephant_flow_success_total,,22,9,13,,0401594b5b5ec8d097dda9d915a6c699640b6ab2f85478fd3827850f06eebf3f,traffic_flow_metrics
xian,elephant_flow_active_seconds_total,,49,49,,,0d6f978a5a1623f83047753ee91888d2d17dc70b8ad0d5aa64f771dfefd4246e,traffic_flow_metrics
xian,elephant_flow_batches_completed_total,,49,21,28,,0d6f978a5a1623f83047753ee91888d2d17dc70b8ad0d5aa64f771dfefd4246e,traffic_flow_metrics
xian,elephant_flow_batches_failed_total,,49,,49,,0d6f978a5a1623f83047753ee91888d2d17dc70b8ad0d5aa64f771dfefd4246e,traffic_flow_metrics
xian,elephant_flow_batches_started_total,,49,20,29,,0d6f978a5a1623f83047753ee91888d2d17dc70b8ad0d5aa64f771dfefd4246e,traffic_flow_metrics
xian,elephant_flow_batches_timeout_total,,49,,49,,0d6f978a5a1623f83047753ee91888d2d17dc70b8ad0d5aa64f771dfefd4246e,traffic_flow_metrics
xian,elephant_flow_bytes_received_total,,49,21,28,,0d6f978a5a1623f83047753ee91888d2d17dc70b8ad0d5aa64f771dfefd4246e,traffic_flow_metrics
xian,elephant_flow_bytes_sent_total,,49,21,28,,0d6f978a5a1623f83047753ee91888d2d17dc70b8ad0d5aa64f771dfefd4246e,traffic_flow_metrics
xian,elephant_flow_duration_seconds_count,,49,21,28,,0d6f978a5a1623f83047753ee91888d2d17dc70b8ad0d5aa64f771dfefd4246e,traffic_flow_metrics
xian,elephant_flow_duration_seconds_sum,,49,21,28,,0d6f978a5a1623f83047753ee91888d2d17dc70b8ad0d5aa64f771dfefd4246e,traffic_flow_metrics
xian,elephant_flow_error_total,,49,,49,,0d6f978a5a1623f83047753ee91888d2d17dc70b8ad0d5aa64f771dfefd4246e,traffic_flow_metrics
xian,elephant_flow_requests_total,,49,21,28,,0d6f978a5a1623f83047753ee91888d2d17dc70b8ad0d5aa64f771dfefd4246e,traffic_flow_metrics
xian,elephant_flow_retransmits_total,,49,,49,,0d6f978a5a1623f83047753ee91888d2d17dc70b8ad0d5aa64f771dfefd4246e,traffic_flow_metrics
xian,elephant_flow_success_total,,49,21,28,,0d6f978a5a1623f83047753ee91888d2d17dc70b8ad0d5aa64f771dfefd4246e,traffic_flow_metrics
xian,web_flow_active_seconds_total,,18705,18656,49,,1d4d84935def3c96b5787efe5fa835477b463eb6c24aaf1c2539132d82f45482,traffic_flow_metrics
xian,web_flow_batches_completed_total,,18705,14218,4487,,1d4d84935def3c96b5787efe5fa835477b463eb6c24aaf1c2539132d82f45482,traffic_flow_metrics
xian,web_flow_batches_failed_total,,18705,462,18243,,1d4d84935def3c96b5787efe5fa835477b463eb6c24aaf1c2539132d82f45482,traffic_flow_metrics
xian,web_flow_batches_started_total,,18705,14623,4082,,1d4d84935def3c96b5787efe5fa835477b463eb6c24aaf1c2539132d82f45482,traffic_flow_metrics
xian,web_flow_batches_timeout_total,,18705,178,18527,,1d4d84935def3c96b5787efe5fa835477b463eb6c24aaf1c2539132d82f45482,traffic_flow_metrics
xian,web_flow_bytes_received_total,,18705,18159,546,,1d4d84935def3c96b5787efe5fa835477b463eb6c24aaf1c2539132d82f45482,traffic_flow_metrics
xian,web_flow_bytes_sent_total,,18705,18159,546,,1d4d84935def3c96b5787efe5fa835477b463eb6c24aaf1c2539132d82f45482,traffic_flow_metrics
xian,web_flow_duration_seconds_count,,18705,14660,4045,,1d4d84935def3c96b5787efe5fa835477b463eb6c24aaf1c2539132d82f45482,traffic_flow_metrics
xian,web_flow_duration_seconds_sum,,18705,14660,4045,,1d4d84935def3c96b5787efe5fa835477b463eb6c24aaf1c2539132d82f45482,traffic_flow_metrics
xian,web_flow_error_total,,18705,282,18423,,1d4d84935def3c96b5787efe5fa835477b463eb6c24aaf1c2539132d82f45482,traffic_flow_metrics
xian,web_flow_request_latency_seconds_count,,18705,18159,546,,1d4d84935def3c96b5787efe5fa835477b463eb6c24aaf1c2539132d82f45482,traffic_flow_metrics
xian,web_flow_request_latency_seconds_sum,,18705,18159,546,,1d4d84935def3c96b5787efe5fa835477b463eb6c24aaf1c2539132d82f45482,traffic_flow_metrics
xian,web_flow_requests_total,,18705,18361,344,,1d4d84935def3c96b5787efe5fa835477b463eb6c24aaf1c2539132d82f45482,traffic_flow_metrics
xian,web_flow_success_total,,18705,18065,640,,1d4d84935def3c96b5787efe5fa835477b463eb6c24aaf1c2539132d82f45482,traffic_flow_metrics
xian,elephant_flow_active_seconds_total,,61,60,1,,1dbee0d45667dbfcffe95ba8d5d3a6696f8b5d00f8e911d177216f3b17219fa3,traffic_flow_metrics
xian,elephant_flow_batches_completed_total,,61,23,38,,1dbee0d45667dbfcffe95ba8d5d3a6696f8b5d00f8e911d177216f3b17219fa3,traffic_flow_metrics
xian,elephant_flow_batches_failed_total,,61,,61,,1dbee0d45667dbfcffe95ba8d5d3a6696f8b5d00f8e911d177216f3b17219fa3,traffic_flow_metrics
xian,elephant_flow_batches_started_total,,61,23,38,,1dbee0d45667dbfcffe95ba8d5d3a6696f8b5d00f8e911d177216f3b17219fa3,traffic_flow_metrics
xian,elephant_flow_batches_timeout_total,,61,,61,,1dbee0d45667dbfcffe95ba8d5d3a6696f8b5d00f8e911d177216f3b17219fa3,traffic_flow_metrics
xian,elephant_flow_bytes_received_total,,61,23,38,,1dbee0d45667dbfcffe95ba8d5d3a6696f8b5d00f8e911d177216f3b17219fa3,traffic_flow_metrics
xian,elephant_flow_bytes_sent_total,,61,23,38,,1dbee0d45667dbfcffe95ba8d5d3a6696f8b5d00f8e911d177216f3b17219fa3,traffic_flow_metrics
xian,elephant_flow_duration_seconds_count,,61,23,38,,1dbee0d45667dbfcffe95ba8d5d3a6696f8b5d00f8e911d177216f3b17219fa3,traffic_flow_metrics
xian,elephant_flow_duration_seconds_sum,,61,23,38,,1dbee0d45667dbfcffe95ba8d5d3a6696f8b5d00f8e911d177216f3b17219fa3,traffic_flow_metrics
xian,elephant_flow_error_total,,61,,61,,1dbee0d45667dbfcffe95ba8d5d3a6696f8b5d00f8e911d177216f3b17219fa3,traffic_flow_metrics
xian,elephant_flow_requests_total,,61,23,38,,1dbee0d45667dbfcffe95ba8d5d3a6696f8b5d00f8e911d177216f3b17219fa3,traffic_flow_metrics
xian,elephant_flow_retransmits_total,,61,,61,,1dbee0d45667dbfcffe95ba8d5d3a6696f8b5d00f8e911d177216f3b17219fa3,traffic_flow_metrics
xian,elephant_flow_success_total,,61,23,38,,1dbee0d45667dbfcffe95ba8d5d3a6696f8b5d00f8e911d177216f3b17219fa3,traffic_flow_metrics
xian,elephant_flow_active_seconds_total,,16,16,,,27dad4a452311ee69deca08d55ff1fdb6f47ee4c5953a1f76cea179e1403a923,traffic_flow_metrics
xian,elephant_flow_batches_completed_total,,16,,16,,27dad4a452311ee69deca08d55ff1fdb6f47ee4c5953a1f76cea179e1403a923,traffic_flow_metrics
xian,elephant_flow_batches_failed_total,,16,16,,,27dad4a452311ee69deca08d55ff1fdb6f47ee4c5953a1f76cea179e1403a923,traffic_flow_metrics
xian,elephant_flow_batches_started_total,,16,16,,,27dad4a452311ee69deca08d55ff1fdb6f47ee4c5953a1f76cea179e1403a923,traffic_flow_metrics
xian,elephant_flow_batches_timeout_total,,16,,16,,27dad4a452311ee69deca08d55ff1fdb6f47ee4c5953a1f76cea179e1403a923,traffic_flow_metrics
xian,elephant_flow_bytes_received_total,,16,,16,,27dad4a452311ee69deca08d55ff1fdb6f47ee4c5953a1f76cea179e1403a923,traffic_flow_metrics
xian,elephant_flow_bytes_sent_total,,16,,16,,27dad4a452311ee69deca08d55ff1fdb6f47ee4c5953a1f76cea179e1403a923,traffic_flow_metrics
xian,elephant_flow_duration_seconds_count,,16,16,,,27dad4a452311ee69deca08d55ff1fdb6f47ee4c5953a1f76cea179e1403a923,traffic_flow_metrics
xian,elephant_flow_duration_seconds_sum,,16,16,,,27dad4a452311ee69deca08d55ff1fdb6f47ee4c5953a1f76cea179e1403a923,traffic_flow_metrics
xian,elephant_flow_error_total,,16,,16,,27dad4a452311ee69deca08d55ff1fdb6f47ee4c5953a1f76cea179e1403a923,traffic_flow_metrics
xian,elephant_flow_requests_total,,16,,16,,27dad4a452311ee69deca08d55ff1fdb6f47ee4c5953a1f76cea179e1403a923,traffic_flow_metrics
xian,elephant_flow_retransmits_total,,16,,16,,27dad4a452311ee69deca08d55ff1fdb6f47ee4c5953a1f76cea179e1403a923,traffic_flow_metrics
xian,elephant_flow_success_total,,16,,16,,27dad4a452311ee69deca08d55ff1fdb6f47ee4c5953a1f76cea179e1403a923,traffic_flow_metrics
xian,elephant_flow_active_seconds_total,,14,14,,,2e0f1ec4b443bfaafedbbd8c1023cf7964dabe097942664aca1763238177c534,traffic_flow_metrics
xian,elephant_flow_batches_completed_total,,14,,14,,2e0f1ec4b443bfaafedbbd8c1023cf7964dabe097942664aca1763238177c534,traffic_flow_metrics
xian,elephant_flow_batches_failed_total,,14,14,,,2e0f1ec4b443bfaafedbbd8c1023cf7964dabe097942664aca1763238177c534,traffic_flow_metrics
xian,elephant_flow_batches_started_total,,14,14,,,2e0f1ec4b443bfaafedbbd8c1023cf7964dabe097942664aca1763238177c534,traffic_flow_metrics
xian,elephant_flow_batches_timeout_total,,14,,14,,2e0f1ec4b443bfaafedbbd8c1023cf7964dabe097942664aca1763238177c534,traffic_flow_metrics
xian,elephant_flow_bytes_received_total,,14,,14,,2e0f1ec4b443bfaafedbbd8c1023cf7964dabe097942664aca1763238177c534,traffic_flow_metrics
xian,elephant_flow_bytes_sent_total,,14,,14,,2e0f1ec4b443bfaafedbbd8c1023cf7964dabe097942664aca1763238177c534,traffic_flow_metrics
xian,elephant_flow_duration_seconds_count,,14,14,,,2e0f1ec4b443bfaafedbbd8c1023cf7964dabe097942664aca1763238177c534,traffic_flow_metrics
xian,elephant_flow_duration_seconds_sum,,14,14,,,2e0f1ec4b443bfaafedbbd8c1023cf7964dabe097942664aca1763238177c534,traffic_flow_metrics
xian,elephant_flow_error_total,,14,,14,,2e0f1ec4b443bfaafedbbd8c1023cf7964dabe097942664aca1763238177c534,traffic_flow_metrics
xian,elephant_flow_requests_total,,14,,14,,2e0f1ec4b443bfaafedbbd8c1023cf7964dabe097942664aca1763238177c534,traffic_flow_metrics
xian,elephant_flow_retransmits_total,,14,,14,,2e0f1ec4b443bfaafedbbd8c1023cf7964dabe097942664aca1763238177c534,traffic_flow_metrics
xian,elephant_flow_success_total,,14,,14,,2e0f1ec4b443bfaafedbbd8c1023cf7964dabe097942664aca1763238177c534,traffic_flow_metrics
xian,elephant_flow_active_seconds_total,,29,29,,,37af66d93b7f493f5a64662b34f4fd6b709acdd4bb2698f00e459e82146e8430,traffic_flow_metrics
xian,elephant_flow_batches_completed_total,,29,12,17,,37af66d93b7f493f5a64662b34f4fd6b709acdd4bb2698f00e459e82146e8430,traffic_flow_metrics
xian,elephant_flow_batches_failed_total,,29,,29,,37af66d93b7f493f5a64662b34f4fd6b709acdd4bb2698f00e459e82146e8430,traffic_flow_metrics
xian,elephant_flow_batches_started_total,,29,11,18,,37af66d93b7f493f5a64662b34f4fd6b709acdd4bb2698f00e459e82146e8430,traffic_flow_metrics
xian,elephant_flow_batches_timeout_total,,29,,29,,37af66d93b7f493f5a64662b34f4fd6b709acdd4bb2698f00e459e82146e8430,traffic_flow_metrics
xian,elephant_flow_bytes_received_total,,29,12,17,,37af66d93b7f493f5a64662b34f4fd6b709acdd4bb2698f00e459e82146e8430,traffic_flow_metrics
xian,elephant_flow_bytes_sent_total,,29,12,17,,37af66d93b7f493f5a64662b34f4fd6b709acdd4bb2698f00e459e82146e8430,traffic_flow_metrics
xian,elephant_flow_duration_seconds_count,,29,12,17,,37af66d93b7f493f5a64662b34f4fd6b709acdd4bb2698f00e459e82146e8430,traffic_flow_metrics
xian,elephant_flow_duration_seconds_sum,,29,12,17,,37af66d93b7f493f5a64662b34f4fd6b709acdd4bb2698f00e459e82146e8430,traffic_flow_metrics
xian,elephant_flow_error_total,,29,,29,,37af66d93b7f493f5a64662b34f4fd6b709acdd4bb2698f00e459e82146e8430,traffic_flow_metrics
xian,elephant_flow_requests_total,,29,12,17,,37af66d93b7f493f5a64662b34f4fd6b709acdd4bb2698f00e459e82146e8430,traffic_flow_metrics
xian,elephant_flow_retransmits_total,,29,,29,,37af66d93b7f493f5a64662b34f4fd6b709acdd4bb2698f00e459e82146e8430,traffic_flow_metrics
xian,elephant_flow_success_total,,29,12,17,,37af66d93b7f493f5a64662b34f4fd6b709acdd4bb2698f00e459e82146e8430,traffic_flow_metrics
xian,elephant_flow_active_seconds_total,,35,35,,,5e4c185045620b2173fbe11c569913782a438bdd606b93ef57afccfe2fa13925,traffic_flow_metrics
xian,elephant_flow_batches_completed_total,,35,15,20,,5e4c185045620b2173fbe11c569913782a438bdd606b93ef57afccfe2fa13925,traffic_flow_metrics
xian,elephant_flow_batches_failed_total,,35,1,34,,5e4c185045620b2173fbe11c569913782a438bdd606b93ef57afccfe2fa13925,traffic_flow_metrics
xian,elephant_flow_batches_started_total,,35,15,20,,5e4c185045620b2173fbe11c569913782a438bdd606b93ef57afccfe2fa13925,traffic_flow_metrics
xian,elephant_flow_batches_timeout_total,,35,,35,,5e4c185045620b2173fbe11c569913782a438bdd606b93ef57afccfe2fa13925,traffic_flow_metrics
xian,elephant_flow_bytes_received_total,,35,15,20,,5e4c185045620b2173fbe11c569913782a438bdd606b93ef57afccfe2fa13925,traffic_flow_metrics
xian,elephant_flow_bytes_sent_total,,35,15,20,,5e4c185045620b2173fbe11c569913782a438bdd606b93ef57afccfe2fa13925,traffic_flow_metrics
xian,elephant_flow_duration_seconds_count,,35,16,19,,5e4c185045620b2173fbe11c569913782a438bdd606b93ef57afccfe2fa13925,traffic_flow_metrics
xian,elephant_flow_duration_seconds_sum,,35,16,19,,5e4c185045620b2173fbe11c569913782a438bdd606b93ef57afccfe2fa13925,traffic_flow_metrics
xian,elephant_flow_error_total,,35,,35,,5e4c185045620b2173fbe11c569913782a438bdd606b93ef57afccfe2fa13925,traffic_flow_metrics
xian,elephant_flow_requests_total,,35,15,20,,5e4c185045620b2173fbe11c569913782a438bdd606b93ef57afccfe2fa13925,traffic_flow_metrics
xian,elephant_flow_retransmits_total,,35,,35,,5e4c185045620b2173fbe11c569913782a438bdd606b93ef57afccfe2fa13925,traffic_flow_metrics
xian,elephant_flow_success_total,,35,15,20,,5e4c185045620b2173fbe11c569913782a438bdd606b93ef57afccfe2fa13925,traffic_flow_metrics
xian,dns_flow_active_seconds_total,,19959,19922,37,,62bd43a4f9b977d605ef263c405a584a22e9339d9cdf485b8e45a2231171034c,traffic_flow_metrics
xian,dns_flow_batches_completed_total,,19959,18605,1354,,62bd43a4f9b977d605ef263c405a584a22e9339d9cdf485b8e45a2231171034c,traffic_flow_metrics
xian,dns_flow_batches_failed_total,,19959,226,19733,,62bd43a4f9b977d605ef263c405a584a22e9339d9cdf485b8e45a2231171034c,traffic_flow_metrics
xian,dns_flow_batches_started_total,,19959,18826,1133,,62bd43a4f9b977d605ef263c405a584a22e9339d9cdf485b8e45a2231171034c,traffic_flow_metrics
xian,dns_flow_batches_timeout_total,,19959,226,19733,,62bd43a4f9b977d605ef263c405a584a22e9339d9cdf485b8e45a2231171034c,traffic_flow_metrics
xian,dns_flow_bytes_received_total,,19959,19660,299,,62bd43a4f9b977d605ef263c405a584a22e9339d9cdf485b8e45a2231171034c,traffic_flow_metrics
xian,dns_flow_bytes_sent_total,,19959,19660,299,,62bd43a4f9b977d605ef263c405a584a22e9339d9cdf485b8e45a2231171034c,traffic_flow_metrics
xian,dns_flow_duration_seconds_count,,19959,18809,1150,,62bd43a4f9b977d605ef263c405a584a22e9339d9cdf485b8e45a2231171034c,traffic_flow_metrics
xian,dns_flow_duration_seconds_sum,,19959,18809,1150,,62bd43a4f9b977d605ef263c405a584a22e9339d9cdf485b8e45a2231171034c,traffic_flow_metrics
xian,dns_flow_error_total,,19959,336,19623,,62bd43a4f9b977d605ef263c405a584a22e9339d9cdf485b8e45a2231171034c,traffic_flow_metrics
xian,dns_flow_request_latency_seconds_count,,19959,19660,299,,62bd43a4f9b977d605ef263c405a584a22e9339d9cdf485b8e45a2231171034c,traffic_flow_metrics
xian,dns_flow_request_latency_seconds_sum,,19959,19660,299,,62bd43a4f9b977d605ef263c405a584a22e9339d9cdf485b8e45a2231171034c,traffic_flow_metrics
xian,dns_flow_requests_total,,19959,19877,82,,62bd43a4f9b977d605ef263c405a584a22e9339d9cdf485b8e45a2231171034c,traffic_flow_metrics
xian,dns_flow_success_total,,19959,19660,299,,62bd43a4f9b977d605ef263c405a584a22e9339d9cdf485b8e45a2231171034c,traffic_flow_metrics
xian,elephant_flow_active_seconds_total,,31,31,,,67408c235cd8e13551cf46f1d436221240dbafb3021b65f1bf484df8f2efd40a,traffic_flow_metrics
xian,elephant_flow_batches_completed_total,,31,12,19,,67408c235cd8e13551cf46f1d436221240dbafb3021b65f1bf484df8f2efd40a,traffic_flow_metrics
xian,elephant_flow_batches_failed_total,,31,1,30,,67408c235cd8e13551cf46f1d436221240dbafb3021b65f1bf484df8f2efd40a,traffic_flow_metrics
xian,elephant_flow_batches_started_total,,31,12,19,,67408c235cd8e13551cf46f1d436221240dbafb3021b65f1bf484df8f2efd40a,traffic_flow_metrics
xian,elephant_flow_batches_timeout_total,,31,,31,,67408c235cd8e13551cf46f1d436221240dbafb3021b65f1bf484df8f2efd40a,traffic_flow_metrics
xian,elephant_flow_bytes_received_total,,31,12,19,,67408c235cd8e13551cf46f1d436221240dbafb3021b65f1bf484df8f2efd40a,traffic_flow_metrics
xian,elephant_flow_bytes_sent_total,,31,12,19,,67408c235cd8e13551cf46f1d436221240dbafb3021b65f1bf484df8f2efd40a,traffic_flow_metrics
xian,elephant_flow_duration_seconds_count,,31,13,18,,67408c235cd8e13551cf46f1d436221240dbafb3021b65f1bf484df8f2efd40a,traffic_flow_metrics
xian,elephant_flow_duration_seconds_sum,,31,13,18,,67408c235cd8e13551cf46f1d436221240dbafb3021b65f1bf484df8f2efd40a,traffic_flow_metrics
xian,elephant_flow_error_total,,31,,31,,67408c235cd8e13551cf46f1d436221240dbafb3021b65f1bf484df8f2efd40a,traffic_flow_metrics
xian,elephant_flow_requests_total,,31,12,19,,67408c235cd8e13551cf46f1d436221240dbafb3021b65f1bf484df8f2efd40a,traffic_flow_metrics
xian,elephant_flow_retransmits_total,,31,,31,,67408c235cd8e13551cf46f1d436221240dbafb3021b65f1bf484df8f2efd40a,traffic_flow_metrics
xian,elephant_flow_success_total,,31,12,19,,67408c235cd8e13551cf46f1d436221240dbafb3021b65f1bf484df8f2efd40a,traffic_flow_metrics
xian,elephant_flow_active_seconds_total,,47,47,,,6c3e3267da727b5c9e165848c846380a775b6b2325854aa15b5495b7d2323095,traffic_flow_metrics
xian,elephant_flow_batches_completed_total,,47,20,27,,6c3e3267da727b5c9e165848c846380a775b6b2325854aa15b5495b7d2323095,traffic_flow_metrics
xian,elephant_flow_batches_failed_total,,47,,47,,6c3e3267da727b5c9e165848c846380a775b6b2325854aa15b5495b7d2323095,traffic_flow_metrics
xian,elephant_flow_batches_started_total,,47,19,28,,6c3e3267da727b5c9e165848c846380a775b6b2325854aa15b5495b7d2323095,traffic_flow_metrics
xian,elephant_flow_batches_timeout_total,,47,,47,,6c3e3267da727b5c9e165848c846380a775b6b2325854aa15b5495b7d2323095,traffic_flow_metrics
xian,elephant_flow_bytes_received_total,,47,20,27,,6c3e3267da727b5c9e165848c846380a775b6b2325854aa15b5495b7d2323095,traffic_flow_metrics
xian,elephant_flow_bytes_sent_total,,47,20,27,,6c3e3267da727b5c9e165848c846380a775b6b2325854aa15b5495b7d2323095,traffic_flow_metrics
xian,elephant_flow_duration_seconds_count,,47,20,27,,6c3e3267da727b5c9e165848c846380a775b6b2325854aa15b5495b7d2323095,traffic_flow_metrics
xian,elephant_flow_duration_seconds_sum,,47,20,27,,6c3e3267da727b5c9e165848c846380a775b6b2325854aa15b5495b7d2323095,traffic_flow_metrics
xian,elephant_flow_error_total,,47,,47,,6c3e3267da727b5c9e165848c846380a775b6b2325854aa15b5495b7d2323095,traffic_flow_metrics
xian,elephant_flow_requests_total,,47,20,27,,6c3e3267da727b5c9e165848c846380a775b6b2325854aa15b5495b7d2323095,traffic_flow_metrics
xian,elephant_flow_retransmits_total,,47,,47,,6c3e3267da727b5c9e165848c846380a775b6b2325854aa15b5495b7d2323095,traffic_flow_metrics
xian,elephant_flow_success_total,,47,20,27,,6c3e3267da727b5c9e165848c846380a775b6b2325854aa15b5495b7d2323095,traffic_flow_metrics
xian,elephant_flow_active_seconds_total,,13,12,1,,6d1be201a58788b14b1201f4c09901784ad436b45ea36ecd6f0951c53297f446,traffic_flow_metrics
xian,elephant_flow_batches_completed_total,,13,,13,,6d1be201a58788b14b1201f4c09901784ad436b45ea36ecd6f0951c53297f446,traffic_flow_metrics
xian,elephant_flow_batches_failed_total,,13,12,1,,6d1be201a58788b14b1201f4c09901784ad436b45ea36ecd6f0951c53297f446,traffic_flow_metrics
xian,elephant_flow_batches_started_total,,13,12,1,,6d1be201a58788b14b1201f4c09901784ad436b45ea36ecd6f0951c53297f446,traffic_flow_metrics
xian,elephant_flow_batches_timeout_total,,13,,13,,6d1be201a58788b14b1201f4c09901784ad436b45ea36ecd6f0951c53297f446,traffic_flow_metrics
xian,elephant_flow_bytes_received_total,,13,,13,,6d1be201a58788b14b1201f4c09901784ad436b45ea36ecd6f0951c53297f446,traffic_flow_metrics
xian,elephant_flow_bytes_sent_total,,13,,13,,6d1be201a58788b14b1201f4c09901784ad436b45ea36ecd6f0951c53297f446,traffic_flow_metrics
xian,elephant_flow_duration_seconds_count,,13,12,1,,6d1be201a58788b14b1201f4c09901784ad436b45ea36ecd6f0951c53297f446,traffic_flow_metrics
xian,elephant_flow_duration_seconds_sum,,13,12,1,,6d1be201a58788b14b1201f4c09901784ad436b45ea36ecd6f0951c53297f446,traffic_flow_metrics
xian,elephant_flow_error_total,,13,,13,,6d1be201a58788b14b1201f4c09901784ad436b45ea36ecd6f0951c53297f446,traffic_flow_metrics
xian,elephant_flow_requests_total,,13,,13,,6d1be201a58788b14b1201f4c09901784ad436b45ea36ecd6f0951c53297f446,traffic_flow_metrics
xian,elephant_flow_retransmits_total,,13,,13,,6d1be201a58788b14b1201f4c09901784ad436b45ea36ecd6f0951c53297f446,traffic_flow_metrics
xian,elephant_flow_success_total,,13,,13,,6d1be201a58788b14b1201f4c09901784ad436b45ea36ecd6f0951c53297f446,traffic_flow_metrics
xian,elephant_flow_active_seconds_total,,41,41,,,8c75d006d496f06c14bbf34d222e5499194e9b22f7667afc407663f17a0465f2,traffic_flow_metrics
xian,elephant_flow_batches_completed_total,,41,16,25,,8c75d006d496f06c14bbf34d222e5499194e9b22f7667afc407663f17a0465f2,traffic_flow_metrics
xian,elephant_flow_batches_failed_total,,41,,41,,8c75d006d496f06c14bbf34d222e5499194e9b22f7667afc407663f17a0465f2,traffic_flow_metrics
xian,elephant_flow_batches_started_total,,41,15,26,,8c75d006d496f06c14bbf34d222e5499194e9b22f7667afc407663f17a0465f2,traffic_flow_metrics
xian,elephant_flow_batches_timeout_total,,41,,41,,8c75d006d496f06c14bbf34d222e5499194e9b22f7667afc407663f17a0465f2,traffic_flow_metrics
xian,elephant_flow_bytes_received_total,,41,16,25,,8c75d006d496f06c14bbf34d222e5499194e9b22f7667afc407663f17a0465f2,traffic_flow_metrics
xian,elephant_flow_bytes_sent_total,,41,16,25,,8c75d006d496f06c14bbf34d222e5499194e9b22f7667afc407663f17a0465f2,traffic_flow_metrics
xian,elephant_flow_duration_seconds_count,,41,16,25,,8c75d006d496f06c14bbf34d222e5499194e9b22f7667afc407663f17a0465f2,traffic_flow_metrics
xian,elephant_flow_duration_seconds_sum,,41,16,25,,8c75d006d496f06c14bbf34d222e5499194e9b22f7667afc407663f17a0465f2,traffic_flow_metrics
xian,elephant_flow_error_total,,41,,41,,8c75d006d496f06c14bbf34d222e5499194e9b22f7667afc407663f17a0465f2,traffic_flow_metrics
xian,elephant_flow_requests_total,,41,16,25,,8c75d006d496f06c14bbf34d222e5499194e9b22f7667afc407663f17a0465f2,traffic_flow_metrics
xian,elephant_flow_retransmits_total,,41,,41,,8c75d006d496f06c14bbf34d222e5499194e9b22f7667afc407663f17a0465f2,traffic_flow_metrics
xian,elephant_flow_success_total,,41,16,25,,8c75d006d496f06c14bbf34d222e5499194e9b22f7667afc407663f17a0465f2,traffic_flow_metrics
xian,elephant_flow_active_seconds_total,,46,46,,,8d90cf6b2eb0d1b0a7ababd572a6e4a756c576f8bf5d575340a1a8d4a031201c,traffic_flow_metrics
xian,elephant_flow_batches_completed_total,,46,19,27,,8d90cf6b2eb0d1b0a7ababd572a6e4a756c576f8bf5d575340a1a8d4a031201c,traffic_flow_metrics
xian,elephant_flow_batches_failed_total,,46,,46,,8d90cf6b2eb0d1b0a7ababd572a6e4a756c576f8bf5d575340a1a8d4a031201c,traffic_flow_metrics
xian,elephant_flow_batches_started_total,,46,18,28,,8d90cf6b2eb0d1b0a7ababd572a6e4a756c576f8bf5d575340a1a8d4a031201c,traffic_flow_metrics
xian,elephant_flow_batches_timeout_total,,46,,46,,8d90cf6b2eb0d1b0a7ababd572a6e4a756c576f8bf5d575340a1a8d4a031201c,traffic_flow_metrics
xian,elephant_flow_bytes_received_total,,46,19,27,,8d90cf6b2eb0d1b0a7ababd572a6e4a756c576f8bf5d575340a1a8d4a031201c,traffic_flow_metrics
xian,elephant_flow_bytes_sent_total,,46,19,27,,8d90cf6b2eb0d1b0a7ababd572a6e4a756c576f8bf5d575340a1a8d4a031201c,traffic_flow_metrics
xian,elephant_flow_duration_seconds_count,,46,19,27,,8d90cf6b2eb0d1b0a7ababd572a6e4a756c576f8bf5d575340a1a8d4a031201c,traffic_flow_metrics
xian,elephant_flow_duration_seconds_sum,,46,19,27,,8d90cf6b2eb0d1b0a7ababd572a6e4a756c576f8bf5d575340a1a8d4a031201c,traffic_flow_metrics
xian,elephant_flow_error_total,,46,,46,,8d90cf6b2eb0d1b0a7ababd572a6e4a756c576f8bf5d575340a1a8d4a031201c,traffic_flow_metrics
xian,elephant_flow_requests_total,,46,19,27,,8d90cf6b2eb0d1b0a7ababd572a6e4a756c576f8bf5d575340a1a8d4a031201c,traffic_flow_metrics
xian,elephant_flow_retransmits_total,,46,,46,,8d90cf6b2eb0d1b0a7ababd572a6e4a756c576f8bf5d575340a1a8d4a031201c,traffic_flow_metrics
xian,elephant_flow_success_total,,46,19,27,,8d90cf6b2eb0d1b0a7ababd572a6e4a756c576f8bf5d575340a1a8d4a031201c,traffic_flow_metrics
xian,elephant_flow_active_seconds_total,,37,37,,,9800add0599ab5f0247690f4232753c632110bb09ca20696434fe935bc52dd35,traffic_flow_metrics
xian,elephant_flow_batches_completed_total,,37,16,21,,9800add0599ab5f0247690f4232753c632110bb09ca20696434fe935bc52dd35,traffic_flow_metrics
xian,elephant_flow_batches_failed_total,,37,,37,,9800add0599ab5f0247690f4232753c632110bb09ca20696434fe935bc52dd35,traffic_flow_metrics
xian,elephant_flow_batches_started_total,,37,15,22,,9800add0599ab5f0247690f4232753c632110bb09ca20696434fe935bc52dd35,traffic_flow_metrics
xian,elephant_flow_batches_timeout_total,,37,,37,,9800add0599ab5f0247690f4232753c632110bb09ca20696434fe935bc52dd35,traffic_flow_metrics
xian,elephant_flow_bytes_received_total,,37,16,21,,9800add0599ab5f0247690f4232753c632110bb09ca20696434fe935bc52dd35,traffic_flow_metrics
xian,elephant_flow_bytes_sent_total,,37,16,21,,9800add0599ab5f0247690f4232753c632110bb09ca20696434fe935bc52dd35,traffic_flow_metrics
xian,elephant_flow_duration_seconds_count,,37,16,21,,9800add0599ab5f0247690f4232753c632110bb09ca20696434fe935bc52dd35,traffic_flow_metrics
xian,elephant_flow_duration_seconds_sum,,37,16,21,,9800add0599ab5f0247690f4232753c632110bb09ca20696434fe935bc52dd35,traffic_flow_metrics
xian,elephant_flow_error_total,,37,,37,,9800add0599ab5f0247690f4232753c632110bb09ca20696434fe935bc52dd35,traffic_flow_metrics
xian,elephant_flow_requests_total,,37,16,21,,9800add0599ab5f0247690f4232753c632110bb09ca20696434fe935bc52dd35,traffic_flow_metrics
xian,elephant_flow_retransmits_total,,37,,37,,9800add0599ab5f0247690f4232753c632110bb09ca20696434fe935bc52dd35,traffic_flow_metrics
xian,elephant_flow_success_total,,37,16,21,,9800add0599ab5f0247690f4232753c632110bb09ca20696434fe935bc52dd35,traffic_flow_metrics
xian,elephant_flow_active_seconds_total,,40,39,1,,9bd2f566a7fcdfa3cc97762addfc825a53c0b4b71846610d238005da96dc7a8d,traffic_flow_metrics
xian,elephant_flow_batches_completed_total,,40,15,25,,9bd2f566a7fcdfa3cc97762addfc825a53c0b4b71846610d238005da96dc7a8d,traffic_flow_metrics
xian,elephant_flow_batches_failed_total,,40,,40,,9bd2f566a7fcdfa3cc97762addfc825a53c0b4b71846610d238005da96dc7a8d,traffic_flow_metrics
xian,elephant_flow_batches_started_total,,40,14,26,,9bd2f566a7fcdfa3cc97762addfc825a53c0b4b71846610d238005da96dc7a8d,traffic_flow_metrics
xian,elephant_flow_batches_timeout_total,,40,,40,,9bd2f566a7fcdfa3cc97762addfc825a53c0b4b71846610d238005da96dc7a8d,traffic_flow_metrics
xian,elephant_flow_bytes_received_total,,40,15,25,,9bd2f566a7fcdfa3cc97762addfc825a53c0b4b71846610d238005da96dc7a8d,traffic_flow_metrics
xian,elephant_flow_bytes_sent_total,,40,15,25,,9bd2f566a7fcdfa3cc97762addfc825a53c0b4b71846610d238005da96dc7a8d,traffic_flow_metrics
xian,elephant_flow_duration_seconds_count,,40,15,25,,9bd2f566a7fcdfa3cc97762addfc825a53c0b4b71846610d238005da96dc7a8d,traffic_flow_metrics
xian,elephant_flow_duration_seconds_sum,,40,15,25,,9bd2f566a7fcdfa3cc97762addfc825a53c0b4b71846610d238005da96dc7a8d,traffic_flow_metrics
xian,elephant_flow_error_total,,40,,40,,9bd2f566a7fcdfa3cc97762addfc825a53c0b4b71846610d238005da96dc7a8d,traffic_flow_metrics
xian,elephant_flow_requests_total,,40,15,25,,9bd2f566a7fcdfa3cc97762addfc825a53c0b4b71846610d238005da96dc7a8d,traffic_flow_metrics
xian,elephant_flow_retransmits_total,,40,,40,,9bd2f566a7fcdfa3cc97762addfc825a53c0b4b71846610d238005da96dc7a8d,traffic_flow_metrics
xian,elephant_flow_success_total,,40,15,25,,9bd2f566a7fcdfa3cc97762addfc825a53c0b4b71846610d238005da96dc7a8d,traffic_flow_metrics
xian,elephant_flow_active_seconds_total,,38,38,,,b40dc2b257e311883e2be7a64813ac9ff6e4ecf4e87d3c81a6a7c90c1645903b,traffic_flow_metrics
xian,elephant_flow_batches_completed_total,,38,15,23,,b40dc2b257e311883e2be7a64813ac9ff6e4ecf4e87d3c81a6a7c90c1645903b,traffic_flow_metrics
xian,elephant_flow_batches_failed_total,,38,,38,,b40dc2b257e311883e2be7a64813ac9ff6e4ecf4e87d3c81a6a7c90c1645903b,traffic_flow_metrics
xian,elephant_flow_batches_started_total,,38,14,24,,b40dc2b257e311883e2be7a64813ac9ff6e4ecf4e87d3c81a6a7c90c1645903b,traffic_flow_metrics
xian,elephant_flow_batches_timeout_total,,38,,38,,b40dc2b257e311883e2be7a64813ac9ff6e4ecf4e87d3c81a6a7c90c1645903b,traffic_flow_metrics
xian,elephant_flow_bytes_received_total,,38,15,23,,b40dc2b257e311883e2be7a64813ac9ff6e4ecf4e87d3c81a6a7c90c1645903b,traffic_flow_metrics
xian,elephant_flow_bytes_sent_total,,38,15,23,,b40dc2b257e311883e2be7a64813ac9ff6e4ecf4e87d3c81a6a7c90c1645903b,traffic_flow_metrics
xian,elephant_flow_duration_seconds_count,,38,15,23,,b40dc2b257e311883e2be7a64813ac9ff6e4ecf4e87d3c81a6a7c90c1645903b,traffic_flow_metrics
xian,elephant_flow_duration_seconds_sum,,38,15,23,,b40dc2b257e311883e2be7a64813ac9ff6e4ecf4e87d3c81a6a7c90c1645903b,traffic_flow_metrics
xian,elephant_flow_error_total,,38,,38,,b40dc2b257e311883e2be7a64813ac9ff6e4ecf4e87d3c81a6a7c90c1645903b,traffic_flow_metrics
xian,elephant_flow_requests_total,,38,15,23,,b40dc2b257e311883e2be7a64813ac9ff6e4ecf4e87d3c81a6a7c90c1645903b,traffic_flow_metrics
xian,elephant_flow_retransmits_total,,38,,38,,b40dc2b257e311883e2be7a64813ac9ff6e4ecf4e87d3c81a6a7c90c1645903b,traffic_flow_metrics
xian,elephant_flow_success_total,,38,15,23,,b40dc2b257e311883e2be7a64813ac9ff6e4ecf4e87d3c81a6a7c90c1645903b,traffic_flow_metrics
xian,elephant_flow_active_seconds_total,,43,42,1,,bbd35d81a2555e6b43f8d2ab7e0cb20ea6cf99712f7c5f991d49cc7d157cd3f7,traffic_flow_metrics
xian,elephant_flow_batches_completed_total,,43,18,25,,bbd35d81a2555e6b43f8d2ab7e0cb20ea6cf99712f7c5f991d49cc7d157cd3f7,traffic_flow_metrics
xian,elephant_flow_batches_failed_total,,43,1,42,,bbd35d81a2555e6b43f8d2ab7e0cb20ea6cf99712f7c5f991d49cc7d157cd3f7,traffic_flow_metrics
xian,elephant_flow_batches_started_total,,43,18,25,,bbd35d81a2555e6b43f8d2ab7e0cb20ea6cf99712f7c5f991d49cc7d157cd3f7,traffic_flow_metrics
xian,elephant_flow_batches_timeout_total,,43,,43,,bbd35d81a2555e6b43f8d2ab7e0cb20ea6cf99712f7c5f991d49cc7d157cd3f7,traffic_flow_metrics
xian,elephant_flow_bytes_received_total,,43,18,25,,bbd35d81a2555e6b43f8d2ab7e0cb20ea6cf99712f7c5f991d49cc7d157cd3f7,traffic_flow_metrics
xian,elephant_flow_bytes_sent_total,,43,18,25,,bbd35d81a2555e6b43f8d2ab7e0cb20ea6cf99712f7c5f991d49cc7d157cd3f7,traffic_flow_metrics
xian,elephant_flow_duration_seconds_count,,43,19,24,,bbd35d81a2555e6b43f8d2ab7e0cb20ea6cf99712f7c5f991d49cc7d157cd3f7,traffic_flow_metrics
xian,elephant_flow_duration_seconds_sum,,43,19,24,,bbd35d81a2555e6b43f8d2ab7e0cb20ea6cf99712f7c5f991d49cc7d157cd3f7,traffic_flow_metrics
xian,elephant_flow_error_total,,43,,43,,bbd35d81a2555e6b43f8d2ab7e0cb20ea6cf99712f7c5f991d49cc7d157cd3f7,traffic_flow_metrics
xian,elephant_flow_requests_total,,43,18,25,,bbd35d81a2555e6b43f8d2ab7e0cb20ea6cf99712f7c5f991d49cc7d157cd3f7,traffic_flow_metrics
xian,elephant_flow_retransmits_total,,43,,43,,bbd35d81a2555e6b43f8d2ab7e0cb20ea6cf99712f7c5f991d49cc7d157cd3f7,traffic_flow_metrics
xian,elephant_flow_success_total,,43,18,25,,bbd35d81a2555e6b43f8d2ab7e0cb20ea6cf99712f7c5f991d49cc7d157cd3f7,traffic_flow_metrics
xian,elephant_flow_active_seconds_total,,40,40,,,bbf54ad251f50a670656a21ddf3e9f01ed3884990515c920b81bd52f78550383,traffic_flow_metrics
xian,elephant_flow_batches_completed_total,,40,17,23,,bbf54ad251f50a670656a21ddf3e9f01ed3884990515c920b81bd52f78550383,traffic_flow_metrics
xian,elephant_flow_batches_failed_total,,40,,40,,bbf54ad251f50a670656a21ddf3e9f01ed3884990515c920b81bd52f78550383,traffic_flow_metrics
xian,elephant_flow_batches_started_total,,40,16,24,,bbf54ad251f50a670656a21ddf3e9f01ed3884990515c920b81bd52f78550383,traffic_flow_metrics
xian,elephant_flow_batches_timeout_total,,40,,40,,bbf54ad251f50a670656a21ddf3e9f01ed3884990515c920b81bd52f78550383,traffic_flow_metrics
xian,elephant_flow_bytes_received_total,,40,17,23,,bbf54ad251f50a670656a21ddf3e9f01ed3884990515c920b81bd52f78550383,traffic_flow_metrics
xian,elephant_flow_bytes_sent_total,,40,17,23,,bbf54ad251f50a670656a21ddf3e9f01ed3884990515c920b81bd52f78550383,traffic_flow_metrics
xian,elephant_flow_duration_seconds_count,,40,17,23,,bbf54ad251f50a670656a21ddf3e9f01ed3884990515c920b81bd52f78550383,traffic_flow_metrics
xian,elephant_flow_duration_seconds_sum,,40,17,23,,bbf54ad251f50a670656a21ddf3e9f01ed3884990515c920b81bd52f78550383,traffic_flow_metrics
xian,elephant_flow_error_total,,40,,40,,bbf54ad251f50a670656a21ddf3e9f01ed3884990515c920b81bd52f78550383,traffic_flow_metrics
xian,elephant_flow_requests_total,,40,17,23,,bbf54ad251f50a670656a21ddf3e9f01ed3884990515c920b81bd52f78550383,traffic_flow_metrics
xian,elephant_flow_retransmits_total,,40,,40,,bbf54ad251f50a670656a21ddf3e9f01ed3884990515c920b81bd52f78550383,traffic_flow_metrics
xian,elephant_flow_success_total,,40,17,23,,bbf54ad251f50a670656a21ddf3e9f01ed3884990515c920b81bd52f78550383,traffic_flow_metrics
xian,elephant_flow_active_seconds_total,,24,24,,,cc98f9d9b35dd141a056a4446c1702830de1157af66baf36d451651a6a7d3a53,traffic_flow_metrics
xian,elephant_flow_batches_completed_total,,24,,24,,cc98f9d9b35dd141a056a4446c1702830de1157af66baf36d451651a6a7d3a53,traffic_flow_metrics
xian,elephant_flow_batches_failed_total,,24,24,,,cc98f9d9b35dd141a056a4446c1702830de1157af66baf36d451651a6a7d3a53,traffic_flow_metrics
xian,elephant_flow_batches_started_total,,24,24,,,cc98f9d9b35dd141a056a4446c1702830de1157af66baf36d451651a6a7d3a53,traffic_flow_metrics
xian,elephant_flow_batches_timeout_total,,24,,24,,cc98f9d9b35dd141a056a4446c1702830de1157af66baf36d451651a6a7d3a53,traffic_flow_metrics
xian,elephant_flow_bytes_received_total,,24,,24,,cc98f9d9b35dd141a056a4446c1702830de1157af66baf36d451651a6a7d3a53,traffic_flow_metrics
xian,elephant_flow_bytes_sent_total,,24,,24,,cc98f9d9b35dd141a056a4446c1702830de1157af66baf36d451651a6a7d3a53,traffic_flow_metrics
xian,elephant_flow_duration_seconds_count,,24,24,,,cc98f9d9b35dd141a056a4446c1702830de1157af66baf36d451651a6a7d3a53,traffic_flow_metrics
xian,elephant_flow_duration_seconds_sum,,24,24,,,cc98f9d9b35dd141a056a4446c1702830de1157af66baf36d451651a6a7d3a53,traffic_flow_metrics
xian,elephant_flow_error_total,,24,,24,,cc98f9d9b35dd141a056a4446c1702830de1157af66baf36d451651a6a7d3a53,traffic_flow_metrics
xian,elephant_flow_requests_total,,24,,24,,cc98f9d9b35dd141a056a4446c1702830de1157af66baf36d451651a6a7d3a53,traffic_flow_metrics
xian,elephant_flow_retransmits_total,,24,,24,,cc98f9d9b35dd141a056a4446c1702830de1157af66baf36d451651a6a7d3a53,traffic_flow_metrics
xian,elephant_flow_success_total,,24,,24,,cc98f9d9b35dd141a056a4446c1702830de1157af66baf36d451651a6a7d3a53,traffic_flow_metrics
xian,elephant_flow_active_seconds_total,,57,57,,,d1a637639ddf0c713cd74c7c22bbcfe0ca7706d3a2f90043ea556902d716fc5e,traffic_flow_metrics
xian,elephant_flow_batches_completed_total,,57,21,36,,d1a637639ddf0c713cd74c7c22bbcfe0ca7706d3a2f90043ea556902d716fc5e,traffic_flow_metrics
xian,elephant_flow_batches_failed_total,,57,2,55,,d1a637639ddf0c713cd74c7c22bbcfe0ca7706d3a2f90043ea556902d716fc5e,traffic_flow_metrics
xian,elephant_flow_batches_started_total,,57,22,35,,d1a637639ddf0c713cd74c7c22bbcfe0ca7706d3a2f90043ea556902d716fc5e,traffic_flow_metrics
xian,elephant_flow_batches_timeout_total,,57,,57,,d1a637639ddf0c713cd74c7c22bbcfe0ca7706d3a2f90043ea556902d716fc5e,traffic_flow_metrics
xian,elephant_flow_bytes_received_total,,57,21,36,,d1a637639ddf0c713cd74c7c22bbcfe0ca7706d3a2f90043ea556902d716fc5e,traffic_flow_metrics
xian,elephant_flow_bytes_sent_total,,57,21,36,,d1a637639ddf0c713cd74c7c22bbcfe0ca7706d3a2f90043ea556902d716fc5e,traffic_flow_metrics
xian,elephant_flow_duration_seconds_count,,57,23,34,,d1a637639ddf0c713cd74c7c22bbcfe0ca7706d3a2f90043ea556902d716fc5e,traffic_flow_metrics
xian,elephant_flow_duration_seconds_sum,,57,23,34,,d1a637639ddf0c713cd74c7c22bbcfe0ca7706d3a2f90043ea556902d716fc5e,traffic_flow_metrics
xian,elephant_flow_error_total,,57,,57,,d1a637639ddf0c713cd74c7c22bbcfe0ca7706d3a2f90043ea556902d716fc5e,traffic_flow_metrics
xian,elephant_flow_requests_total,,57,21,36,,d1a637639ddf0c713cd74c7c22bbcfe0ca7706d3a2f90043ea556902d716fc5e,traffic_flow_metrics
xian,elephant_flow_retransmits_total,,57,,57,,d1a637639ddf0c713cd74c7c22bbcfe0ca7706d3a2f90043ea556902d716fc5e,traffic_flow_metrics
xian,elephant_flow_success_total,,57,21,36,,d1a637639ddf0c713cd74c7c22bbcfe0ca7706d3a2f90043ea556902d716fc5e,traffic_flow_metrics
xian,elephant_flow_active_seconds_total,,20,20,,,e9884e48aff5f7f3fc28832434de8ad5b15ed9efc21efad7117f24d694bc311c,traffic_flow_metrics
xian,elephant_flow_batches_completed_total,,20,,20,,e9884e48aff5f7f3fc28832434de8ad5b15ed9efc21efad7117f24d694bc311c,traffic_flow_metrics
xian,elephant_flow_batches_failed_total,,20,20,,,e9884e48aff5f7f3fc28832434de8ad5b15ed9efc21efad7117f24d694bc311c,traffic_flow_metrics
xian,elephant_flow_batches_started_total,,20,20,,,e9884e48aff5f7f3fc28832434de8ad5b15ed9efc21efad7117f24d694bc311c,traffic_flow_metrics
xian,elephant_flow_batches_timeout_total,,20,,20,,e9884e48aff5f7f3fc28832434de8ad5b15ed9efc21efad7117f24d694bc311c,traffic_flow_metrics
xian,elephant_flow_bytes_received_total,,20,,20,,e9884e48aff5f7f3fc28832434de8ad5b15ed9efc21efad7117f24d694bc311c,traffic_flow_metrics
xian,elephant_flow_bytes_sent_total,,20,,20,,e9884e48aff5f7f3fc28832434de8ad5b15ed9efc21efad7117f24d694bc311c,traffic_flow_metrics
xian,elephant_flow_duration_seconds_count,,20,20,,,e9884e48aff5f7f3fc28832434de8ad5b15ed9efc21efad7117f24d694bc311c,traffic_flow_metrics
xian,elephant_flow_duration_seconds_sum,,20,20,,,e9884e48aff5f7f3fc28832434de8ad5b15ed9efc21efad7117f24d694bc311c,traffic_flow_metrics
xian,elephant_flow_error_total,,20,,20,,e9884e48aff5f7f3fc28832434de8ad5b15ed9efc21efad7117f24d694bc311c,traffic_flow_metrics
xian,elephant_flow_requests_total,,20,,20,,e9884e48aff5f7f3fc28832434de8ad5b15ed9efc21efad7117f24d694bc311c,traffic_flow_metrics
xian,elephant_flow_retransmits_total,,20,,20,,e9884e48aff5f7f3fc28832434de8ad5b15ed9efc21efad7117f24d694bc311c,traffic_flow_metrics
xian,elephant_flow_success_total,,20,,20,,e9884e48aff5f7f3fc28832434de8ad5b15ed9efc21efad7117f24d694bc311c,traffic_flow_metrics
