city,source,field,rows,missing,missing_ratio,numeric,zero,zero_ratio_nonmissing_numeric,invalid_numeric,minimum,maximum,numeric_field_expected
beida,frr_syslog_events,id,310,0,0.0,310,0,0.0,0,487.0,796.0,True
beida,frr_syslog_events,received_at,310,0,0.0,0,0,,0,,,False
beida,frr_syslog_events,event_time,310,0,0.0,0,0,,0,,,False
beida,frr_syslog_events,received_at_raw,310,0,0.0,0,0,,0,,,False
beida,frr_syslog_events,event_time_raw,310,0,0.0,0,0,,0,,,False
beida,frr_syslog_events,source_ip,310,0,0.0,0,0,,0,,,False
beida,frr_syslog_events,hostname,310,0,0.0,0,0,,0,,,False
beida,frr_syslog_events,region,310,0,0.0,0,0,,0,,,False
beida,frr_syslog_events,facility,310,0,0.0,0,0,,0,,,False
beida,frr_syslog_events,severity,310,0,0.0,0,0,,0,,,False
beida,frr_syslog_events,severity_code,310,0,0.0,310,0,0.0,0,3.0,6.0,True
beida,frr_syslog_events,program,310,0,0.0,0,0,,0,,,False
beida,frr_syslog_events,pid,310,0,0.0,310,0,0.0,0,1848.0,35757.0,True
beida,frr_syslog_events,message,310,0,0.0,0,0,,0,,,False
beida,frr_syslog_events,inserted_at,310,0,0.0,0,0,,0,,,False
beida,interface_metrics,timestamp,1209400,0,0.0,0,0,,0,,,False
beida,interface_metrics,region,1209400,0,0.0,0,0,,0,,,False
beida,interface_metrics,node,1209400,0,0.0,0,0,,0,,,False
beida,interface_metrics,node_type,1209400,0,0.0,0,0,,0,,,False
beida,interface_metrics,interface_id,1209400,0,0.0,0,0,,0,,,False
beida,interface_metrics,if_role,1209400,927202,0.76666281,0,0,,0,,,False
beida,interface_metrics,rx_bytes_rate,1209400,0,0.0,1209400,745788,0.6166595,0,0.0,46592283.08888888,True
beida,interface_metrics,tx_bytes_rate,1209400,0,0.0,1209400,820040,0.67805523,0,0.0,46600899.57777777,True
beida,interface_metrics,rx_packets_rate,1209400,0,0.0,1209400,745788,0.6166595,0,0.0,146528.9111111111,True
beida,interface_metrics,tx_packets_rate,1209400,0,0.0,1209400,820040,0.67805523,0,0.0,146528.13333333333,True
beida,interface_metrics,rx_drop_rate,1209400,0,0.0,1209400,1209400,1.0,0,0.0,0.0,True
beida,interface_metrics,tx_drop_rate,1209400,0,0.0,1209400,1209400,1.0,0,0.0,0.0,True
beida,interface_metrics,rx_error_rate,1209400,0,0.0,1209400,1209400,1.0,0,0.0,0.0,True
beida,interface_metrics,tx_error_rate,1209400,0,0.0,1209400,1209400,1.0,0,0.0,0.0,True
beida,interface_metrics,carrier_changes,1209400,0,0.0,1209400,1209400,1.0,0,0.0,0.0,True
beida,node_metrics,timestamp,181417,0,0.0,0,0,,0,,,False
beida,node_metrics,region,181417,0,0.0,0,0,,0,,,False
beida,node_metrics,node,181417,0,0.0,0,0,,0,,,False
beida,node_metrics,node_type,181417,0,0.0,0,0,,0,,,False
beida,node_metrics,cpu_usage,181417,0,0.0,181417,0,0.0,0,0.13888888863019133,100.0,True
beida,node_metrics,load1,181417,0,0.0,181417,67143,0.37010313,0,0.0,15.62,True
beida,node_metrics,load5,181417,0,0.0,181417,51817,0.28562373,0,0.0,9.02,True
beida,node_metrics,memory_available_ratio,181417,0,0.0,181417,0,0.0,0,0.8103086470717745,0.9360517746550305,True
beida,node_metrics,swap_used_ratio,181417,0,0.0,181417,80622,0.44440157,0,0.0,0.009673127816322152,True
beida,node_metrics,disk_read_rate,181417,0,0.0,181417,180858,0.9969187,0,0.0,27482521.599999998,True
beida,node_metrics,disk_write_rate,181417,0,0.0,181417,5777,0.03184376,0,0.0,44533896.53333333,True
beida,node_metrics,disk_io_util,181417,0,0.0,181417,5777,0.03184376,0,0.0,213.59111111106662,True
beida,node_metrics,filesystem_used_ratio,181417,0,0.0,181417,0,0.0,0,0.1886906841076168,0.7190453136237895,True
beida,node_metrics,inode_used_ratio,181417,0,0.0,181417,0,0.0,0,0.01158045494650628,0.024209781568877542,True
beida,node_metrics,open_fd_ratio,181417,0,0.0,181417,0,0.0,0,1.0061396160665481e-16,0.00677385252842062,True
beida,node_metrics,process_count,181417,0,0.0,181417,0,0.0,0,98.0,202.0,True
beida,routing_metrics,timestamp,5442058,0,0.0,0,0,,0,,,False
beida,routing_metrics,region,5442058,0,0.0,0,0,,0,,,False
beida,routing_metrics,node,5442058,0,0.0,0,0,,0,,,False
beida,routing_metrics,node_type,5442058,0,0.0,0,0,,0,,,False
beida,routing_metrics,metric_name,5442058,0,0.0,0,0,,0,,,False
beida,routing_metrics,label,5442058,362848,0.06667478,0,0,,0,,,False
beida,routing_metrics,value,5442058,241920,0.04445377,5200138,782741,0.15052312,0,0.0,5492320.0,True
beida,scrape_health,timestamp,262067,0,0.0,0,0,,0,,,False
beida,scrape_health,region,262067,0,0.0,0,0,,0,,,False
beida,scrape_health,target_id,262067,0,0.0,0,0,,0,,,False
beida,scrape_health,node,262067,0,0.0,0,0,,0,,,False
beida,scrape_health,exporter_type,262067,0,0.0,0,0,,0,,,False
beida,scrape_health,scrape_up,262067,0,0.0,262067,30,0.00011447,0,0.0,1.0,True
beida,scrape_health,scrape_duration_seconds,262067,0,0.0,262067,0,0.0,0,0.002119847,6.464914066,True
beida,scrape_health,scrape_samples,262067,0,0.0,262067,30,0.00011447,0,0.0,1601.0,True
beida,scrape_health,scrape_error,262067,262037,0.99988553,0,0,,0,,,False
beida,traffic_flow_metrics,id,52631,0,0.0,52631,0,0.0,0,86310.0,138940.0,True
beida,traffic_flow_metrics,timestamp_utc,52631,0,0.0,0,0,,0,,,False
beida,traffic_flow_metrics,prometheus_sample_time_utc,52631,0,0.0,0,0,,0,,,False
beida,traffic_flow_metrics,series_key,52631,0,0.0,0,0,,0,,,False
beida,traffic_flow_metrics,flow_type,52631,0,0.0,0,0,,0,,,False
beida,traffic_flow_metrics,source_region,52631,0,0.0,0,0,,0,,,False
beida,traffic_flow_metrics,source_ip,52631,0,0.0,0,0,,0,,,False
beida,traffic_flow_metrics,target_region,52631,0,0.0,0,0,,0,,,False
beida,traffic_flow_metrics,target_domain,52631,0,0.0,0,0,,0,,,False
beida,traffic_flow_metrics,protocol,52631,0,0.0,0,0,,0,,,False
beida,traffic_flow_metrics,dns_flow_active,52631,32658,0.62050883,19973,10301,0.51574626,0,0.0,1.0,True
beida,traffic_flow_metrics,dns_flow_batch_concurrency,52631,32658,0.62050883,19973,10301,0.51574626,0,0.0,5.0,True
beida,traffic_flow_metrics,dns_flow_batches_started_total,52631,32658,0.62050883,19973,0,0.0,0,47287.0,76214.0,True
beida,traffic_flow_metrics,dns_flow_batches_completed_total,52631,32658,0.62050883,19973,0,0.0,0,46873.0,75590.0,True
beida,traffic_flow_metrics,dns_flow_batches_failed_total,52631,32658,0.62050883,19973,0,0.0,0,414.0,623.0,True
beida,traffic_flow_metrics,dns_flow_batches_timeout_total,52631,32658,0.62050883,19973,0,0.0,0,414.0,622.0,True
beida,traffic_flow_metrics,dns_flow_requests_total,52631,32658,0.62050883,19973,0,0.0,0,2494823.0,4039199.0,True
beida,traffic_flow_metrics,dns_flow_success_total,52631,32658,0.62050883,19973,0,0.0,0,2485756.0,4025695.0,True
beida,traffic_flow_metrics,dns_flow_error_total,52631,32658,0.62050883,19973,0,0.0,0,9057.0,13490.0,True
beida,traffic_flow_metrics,dns_flow_bytes_sent_total,52631,32658,0.62050883,19973,0,0.0,0,117587165.0,190429186.0,True
beida,traffic_flow_metrics,dns_flow_bytes_received_total,52631,32658,0.62050883,19973,0,0.0,0,187188333.0,303148646.0,True
beida,traffic_flow_metrics,dns_flow_duration_seconds_sum,52631,32658,0.62050883,19973,0,0.0,0,948215.9397300407,1529938.7991275596,True
beida,traffic_flow_metrics,dns_flow_active_seconds_total,52631,32658,0.62050883,19973,0,0.0,0,948187.6389463139,1529887.5784976827,True
beida,traffic_flow_metrics,dns_flow_duration_seconds_count,52631,32658,0.62050883,19973,0,0.0,0,47287.0,76213.0,True
beida,traffic_flow_metrics,dns_flow_batch_duration_seconds,52631,32658,0.62050883,19973,0,0.0,0,10.050332022830844,47.83834831696004,True
beida,traffic_flow_metrics,dns_flow_last_batch_timestamp_seconds,52631,32658,0.62050883,19973,0,0.0,0,1787111997.1291542,1788321542.9816508,True
beida,traffic_flow_metrics,dns_flow_observed_qps,52631,32658,0.62050883,19973,0,0.0,0,0.3333333333333333,9.343191194571258,True
beida,traffic_flow_metrics,dns_flow_latency_mean_seconds,52631,32658,0.62050883,19973,0,0.0,0,0.00019852006807923316,1.5134785058908165,True
beida,traffic_flow_metrics,dns_flow_latency_p95_seconds,52631,32658,0.62050883,19973,0,0.0,0,0.00022582074161618947,2.8161503184819594,True
beida,traffic_flow_metrics,dns_flow_request_latency_seconds_bucket_le_0_01,52631,32658,0.62050883,19973,0,0.0,0,2482641.0,4022190.0,True
beida,traffic_flow_metrics,dns_flow_request_latency_seconds_bucket_le_0_025,52631,32658,0.62050883,19973,0,0.0,0,2482862.0,4022495.0,True
beida,traffic_flow_metrics,dns_flow_request_latency_seconds_bucket_le_0_05,52631,32658,0.62050883,19973,0,0.0,0,2482888.0,4022524.0,True
beida,traffic_flow_metrics,dns_flow_request_latency_seconds_bucket_le_0_1,52631,32658,0.62050883,19973,0,0.0,0,2483788.0,4023439.0,True
beida,traffic_flow_metrics,dns_flow_request_latency_seconds_bucket_le_0_25,52631,32658,0.62050883,19973,0,0.0,0,2484902.0,4024584.0,True
beida,traffic_flow_metrics,dns_flow_request_latency_seconds_bucket_le_0_5,52631,32658,0.62050883,19973,0,0.0,0,2485395.0,4025128.0,True
beida,traffic_flow_metrics,dns_flow_request_latency_seconds_bucket_le_1,52631,32658,0.62050883,19973,0,0.0,0,2485525.0,4025300.0,True
beida,traffic_flow_metrics,dns_flow_request_latency_seconds_bucket_le_2_5,52631,32658,0.62050883,19973,0,0.0,0,2485695.0,4025605.0,True
beida,traffic_flow_metrics,dns_flow_request_latency_seconds_bucket_le_5,52631,32658,0.62050883,19973,0,0.0,0,2485756.0,4025695.0,True
beida,traffic_flow_metrics,dns_flow_request_latency_seconds_bucket_le_plus_inf,52631,32658,0.62050883,19973,0,0.0,0,2485756.0,4025695.0,True
beida,traffic_flow_metrics,dns_flow_request_latency_seconds_sum,52631,32658,0.62050883,19973,0,0.0,0,2112.902778109943,3208.30579824507,True
beida,traffic_flow_metrics,dns_flow_request_latency_seconds_count,52631,32658,0.62050883,19973,0,0.0,0,2485756.0,4025695.0,True
beida,traffic_flow_metrics,web_flow_active,52631,33914,0.64437309,18717,8784,0.46930598,0,0.0,1.0,True
beida,traffic_flow_metrics,web_flow_batch_concurrency,52631,33914,0.64437309,18717,8784,0.46930598,0,0.0,4.0,True
beida,traffic_flow_metrics,web_flow_batches_started_total,52631,33914,0.64437309,18717,0,0.0,0,28156.0,45361.0,True
beida,traffic_flow_metrics,web_flow_batches_completed_total,52631,33914,0.64437309,18717,0,0.0,0,27283.0,43974.0,True
beida,traffic_flow_metrics,web_flow_batches_failed_total,52631,33914,0.64437309,18717,0,0.0,0,872.0,1386.0,True
beida,traffic_flow_metrics,web_flow_batches_timeout_total,52631,33914,0.64437309,18717,0,0.0,0,221.0,418.0,True
beida,traffic_flow_metrics,web_flow_requests_total,52631,33914,0.64437309,18717,0,0.0,0,2248428.0,3603233.0,True
beida,traffic_flow_metrics,web_flow_success_total,52631,33914,0.64437309,18717,0,0.0,0,2230536.0,3575297.0,True
beida,traffic_flow_metrics,web_flow_error_total,52631,33914,0.64437309,18717,0,0.0,0,17726.0,27666.0,True
beida,traffic_flow_metrics,web_flow_bytes_sent_total,52631,33914,0.64437309,18717,0,0.0,0,233475198.0,374220891.0,True
beida,traffic_flow_metrics,web_flow_bytes_received_total,52631,33914,0.64437309,18717,0,0.0,0,620589068.0,994743869.0,True
beida,traffic_flow_metrics,web_flow_duration_seconds_sum,52631,33914,0.64437309,18717,0,0.0,0,983519.7616203185,1580528.5992188775,True
beida,traffic_flow_metrics,web_flow_active_seconds_total,52631,33914,0.64437309,18717,0,0.0,0,983516.9140970788,1580500.2750526436,True
beida,traffic_flow_metrics,web_flow_duration_seconds_count,52631,33914,0.64437309,18717,0,0.0,0,28155.0,45360.0,True
beida,traffic_flow_metrics,web_flow_batch_duration_seconds,52631,33914,0.64437309,18717,0,0.0,0,6.0043264660052955,75.12566798599437,True
beida,traffic_flow_metrics,web_flow_last_batch_timestamp_seconds,52631,33914,0.64437309,18717,0,0.0,0,1787111973.2573242,1788321530.798622,True
beida,traffic_flow_metrics,web_flow_observed_qps,52631,33914,0.64437309,18717,0,0.0,0,0.03333333333333333,7.992060765941016,True
beida,traffic_flow_metrics,web_flow_latency_mean_seconds,52631,33914,0.64437309,18717,0,0.0,0,0.052205929066985846,34.29995980905369,True
beida,traffic_flow_metrics,web_flow_latency_p95_seconds,52631,33914,0.64437309,18717,0,0.0,0,0.052205929066985846,34.31786764406133,True
beida,traffic_flow_metrics,web_flow_request_latency_seconds_bucket_le_0_01,52631,33914,0.64437309,18717,18717,1.0,0,0.0,0.0,True
beida,traffic_flow_metrics,web_flow_request_latency_seconds_bucket_le_0_025,52631,33914,0.64437309,18717,18717,1.0,0,0.0,0.0,True
beida,traffic_flow_metrics,web_flow_request_latency_seconds_bucket_le_0_05,52631,33914,0.64437309,18717,18717,1.0,0,0.0,0.0,True
beida,traffic_flow_metrics,web_flow_request_latency_seconds_bucket_le_0_1,52631,33914,0.64437309,18717,0,0.0,0,2025805.0,3244847.0,True
beida,traffic_flow_metrics,web_flow_request_latency_seconds_bucket_le_0_25,52631,33914,0.64437309,18717,0,0.0,0,2027321.0,3249950.0,True
beida,traffic_flow_metrics,web_flow_request_latency_seconds_bucket_le_0_5,52631,33914,0.64437309,18717,0,0.0,0,2241442.0,3592466.0,True
beida,traffic_flow_metrics,web_flow_request_latency_seconds_bucket_le_1,52631,33914,0.64437309,18717,0,0.0,0,2241823.0,3592852.0,True
beida,traffic_flow_metrics,web_flow_request_latency_seconds_bucket_le_2_5,52631,33914,0.64437309,18717,0,0.0,0,2241838.0,3592946.0,True
beida,traffic_flow_metrics,web_flow_request_latency_seconds_bucket_le_5,52631,33914,0.64437309,18717,0,0.0,0,2241843.0,3592953.0,True
beida,traffic_flow_metrics,web_flow_request_latency_seconds_bucket_le_plus_inf,52631,33914,0.64437309,18717,0,0.0,0,2242596.0,3594641.0,True
beida,traffic_flow_metrics,web_flow_request_latency_seconds_sum,52631,33914,0.64437309,18717,0,0.0,0,180332.0550751472,293642.06077589374,True
beida,traffic_flow_metrics,web_flow_request_latency_seconds_count,52631,33914,0.64437309,18717,0,0.0,0,2242596.0,3594641.0,True
beida,traffic_flow_metrics,auth_flow_active,52631,39533,0.75113526,13098,9267,0.7075126,0,0.0,1.0,True
beida,traffic_flow_metrics,auth_flow_batch_concurrency,52631,39533,0.75113526,13098,9267,0.7075126,0,0.0,4.0,True
beida,traffic_flow_metrics,auth_flow_batches_started_total,52631,39533,0.75113526,13098,0,0.0,0,18987.0,30502.0,True
beida,traffic_flow_metrics,auth_flow_batches_completed_total,52631,39533,0.75113526,13098,0,0.0,0,18429.0,29607.0,True
beida,traffic_flow_metrics,auth_flow_batches_failed_total,52631,39533,0.75113526,13098,0,0.0,0,557.0,895.0,True
beida,traffic_flow_metrics,auth_flow_batches_timeout_total,52631,39533,0.75113526,13098,0,0.0,0,168.0,291.0,True
beida,traffic_flow_metrics,auth_flow_requests_total,52631,39533,0.75113526,13098,0,0.0,0,436335.0,699125.0,True
beida,traffic_flow_metrics,auth_flow_success_total,52631,39533,0.75113526,13098,0,0.0,0,430506.0,689428.0,True
beida,traffic_flow_metrics,auth_flow_error_total,52631,39533,0.75113526,13098,0,0.0,0,5828.0,9693.0,True
beida,traffic_flow_metrics,auth_flow_bytes_sent_total,52631,39533,0.75113526,13098,0,0.0,0,85871526.0,137613683.0,True
beida,traffic_flow_metrics,auth_flow_bytes_received_total,52631,39533,0.75113526,13098,0,0.0,0,91034248.0,145891032.0,True
beida,traffic_flow_metrics,auth_flow_duration_seconds_sum,52631,39533,0.75113526,13098,0,0.0,0,377372.954574306,607934.585759568,True
beida,traffic_flow_metrics,auth_flow_active_seconds_total,52631,39533,0.75113526,13098,0,0.0,0,377359.45869022596,607898.3891867924,True
beida,traffic_flow_metrics,auth_flow_duration_seconds_count,52631,39533,0.75113526,13098,0,0.0,0,18986.0,30502.0,True
beida,traffic_flow_metrics,auth_flow_batch_duration_seconds,52631,39533,0.75113526,13098,0,0.0,0,6.004031211137772,63.900122332852334,True
beida,traffic_flow_metrics,auth_flow_last_batch_timestamp_seconds,52631,39533,0.75113526,13098,0,0.0,0,1787111959.1022322,1788321543.032778,True
beida,traffic_flow_metrics,auth_flow_observed_qps,52631,39533,0.75113526,13098,0,0.0,0,0.2,4.206237613674388,True
beida,traffic_flow_metrics,auth_flow_latency_mean_seconds,52631,39533,0.75113526,13098,0,0.0,0,0.03962404024787247,0.7566048896696884,True
beida,traffic_flow_metrics,auth_flow_latency_p95_seconds,52631,39533,0.75113526,13098,0,0.0,0,0.04031939348205924,4.890182191785425,True
beida,traffic_flow_metrics,auth_flow_request_latency_seconds_bucket_le_0_01,52631,39533,0.75113526,13098,13098,1.0,0,0.0,0.0,True
beida,traffic_flow_metrics,auth_flow_request_latency_seconds_bucket_le_0_025,52631,39533,0.75113526,13098,13098,1.0,0,0.0,0.0,True
beida,traffic_flow_metrics,auth_flow_request_latency_seconds_bucket_le_0_05,52631,39533,0.75113526,13098,0,0.0,0,3243.0,5571.0,True
beida,traffic_flow_metrics,auth_flow_request_latency_seconds_bucket_le_0_1,52631,39533,0.75113526,13098,0,0.0,0,394735.0,633305.0,True
beida,traffic_flow_metrics,auth_flow_request_latency_seconds_bucket_le_0_25,52631,39533,0.75113526,13098,0,0.0,0,395578.0,634188.0,True
beida,traffic_flow_metrics,auth_flow_request_latency_seconds_bucket_le_0_5,52631,39533,0.75113526,13098,0,0.0,0,433962.0,695426.0,True
beida,traffic_flow_metrics,auth_flow_request_latency_seconds_bucket_le_1,52631,39533,0.75113526,13098,0,0.0,0,434034.0,695499.0,True
beida,traffic_flow_metrics,auth_flow_request_latency_seconds_bucket_le_2_5,52631,39533,0.75113526,13098,0,0.0,0,434078.0,695558.0,True
beida,traffic_flow_metrics,auth_flow_request_latency_seconds_bucket_le_5,52631,39533,0.75113526,13098,0,0.0,0,434087.0,695575.0,True
beida,traffic_flow_metrics,auth_flow_request_latency_seconds_bucket_le_plus_inf,52631,39533,0.75113526,13098,0,0.0,0,434087.0,695575.0,True
beida,traffic_flow_metrics,auth_flow_request_latency_seconds_sum,52631,39533,0.75113526,13098,0,0.0,0,35009.86601159943,55934.73304644029,True
beida,traffic_flow_metrics,auth_flow_request_latency_seconds_count,52631,39533,0.75113526,13098,0,0.0,0,434087.0,695575.0,True
beida,traffic_flow_metrics,elephant_flow_active,52631,51788,0.98398282,843,395,0.46856465,0,0.0,1.0,True
beida,traffic_flow_metrics,elephant_flow_batch_concurrency,52631,51788,0.98398282,843,395,0.46856465,0,0.0,4.0,True
beida,traffic_flow_metrics,elephant_flow_batches_started_total,52631,51788,0.98398282,843,0,0.0,0,22.0,64.0,True
beida,traffic_flow_metrics,elephant_flow_batches_completed_total,52631,51788,0.98398282,843,108,0.12811388,0,0.0,63.0,True
beida,traffic_flow_metrics,elephant_flow_batches_failed_total,52631,51788,0.98398282,843,441,0.52313167,0,0.0,56.0,True
beida,traffic_flow_metrics,elephant_flow_batches_timeout_total,52631,51788,0.98398282,843,843,1.0,0,0.0,0.0,True
beida,traffic_flow_metrics,elephant_flow_requests_total,52631,51788,0.98398282,843,108,0.12811388,0,0.0,158.0,True
beida,traffic_flow_metrics,elephant_flow_success_total,52631,51788,0.98398282,843,108,0.12811388,0,0.0,158.0,True
beida,traffic_flow_metrics,elephant_flow_error_total,52631,51788,0.98398282,843,843,1.0,0,0.0,0.0,True
beida,traffic_flow_metrics,elephant_flow_bytes_sent_total,52631,51788,0.98398282,843,108,0.12811388,0,0.0,41999737668.0,True
beida,traffic_flow_metrics,elephant_flow_bytes_received_total,52631,51788,0.98398282,843,108,0.12811388,0,0.0,41999737668.0,True
beida,traffic_flow_metrics,elephant_flow_duration_seconds_sum,52631,51788,0.98398282,843,0,0.0,0,0.5442781500751153,6207.237537557608,True
beida,traffic_flow_metrics,elephant_flow_active_seconds_total,52631,51788,0.98398282,843,0,0.0,0,0.5396454040892422,6207.229055025149,True
beida,traffic_flow_metrics,elephant_flow_duration_seconds_count,52631,51788,0.98398282,843,0,0.0,0,21.0,64.0,True
beida,traffic_flow_metrics,elephant_flow_batch_duration_seconds,52631,51788,0.98398282,843,0,0.0,0,0.003745590802282095,123.53881008177996,True
beida,traffic_flow_metrics,elephant_flow_last_batch_timestamp_seconds,52631,51788,0.98398282,843,0,0.0,0,1786809090.631,1788320570.0497224,True
beida,traffic_flow_metrics,elephant_flow_observed_qps,52631,52631,1.0,0,0,,0,,,True
beida,traffic_flow_metrics,elephant_flow_latency_mean_seconds,52631,52631,1.0,0,0,,0,,,True
beida,traffic_flow_metrics,elephant_flow_latency_p95_seconds,52631,52631,1.0,0,0,,0,,,True
beida,traffic_flow_metrics,elephant_flow_throughput_bps,52631,51896,0.98603485,735,0,0.0,0,19999777.733651914,99999546.5335903,True
beida,traffic_flow_metrics,elephant_flow_retransmits_total,52631,51788,0.98398282,843,843,1.0,0,0.0,0.0,True
beida,traffic_flow_metrics,elephant_flow_loss_rate,52631,51896,0.98603485,735,706,0.96054422,0,0.0,0.029769158124019434,True
beida,traffic_flow_metrics,elephant_flow_jitter_seconds,52631,51896,0.98603485,735,0,0.0,0,1.3310655472271742e-05,0.00714221108750857,True
chengdu,frr_syslog_events,id,432,0,0.0,432,0,0.0,0,150.0,581.0,True
chengdu,frr_syslog_events,received_at,432,0,0.0,0,0,,0,,,False
chengdu,frr_syslog_events,event_time,432,0,0.0,0,0,,0,,,False
chengdu,frr_syslog_events,received_at_raw,432,0,0.0,0,0,,0,,,False
chengdu,frr_syslog_events,event_time_raw,432,0,0.0,0,0,,0,,,False
chengdu,frr_syslog_events,source_ip,432,0,0.0,0,0,,0,,,False
chengdu,frr_syslog_events,hostname,432,0,0.0,0,0,,0,,,False
chengdu,frr_syslog_events,region,432,0,0.0,0,0,,0,,,False
chengdu,frr_syslog_events,facility,432,0,0.0,0,0,,0,,,False
chengdu,frr_syslog_events,severity,432,0,0.0,0,0,,0,,,False
chengdu,frr_syslog_events,severity_code,432,0,0.0,432,0,0.0,0,3.0,6.0,True
chengdu,frr_syslog_events,program,432,0,0.0,0,0,,0,,,False
chengdu,frr_syslog_events,pid,432,0,0.0,432,0,0.0,0,1881.0,17637.0,True
chengdu,frr_syslog_events,message,432,0,0.0,0,0,,0,,,False
chengdu,frr_syslog_events,inserted_at,432,0,0.0,0,0,,0,,,False
chengdu,interface_metrics,timestamp,1208480,0,0.0,0,0,,0,,,False
chengdu,interface_metrics,region,1208480,0,0.0,0,0,,0,,,False
chengdu,interface_metrics,node,1208480,0,0.0,0,0,,0,,,False
chengdu,interface_metrics,node_type,1208480,0,0.0,0,0,,0,,,False
chengdu,interface_metrics,interface_id,1208480,0,0.0,0,0,,0,,,False
chengdu,interface_metrics,if_role,1208480,926490,0.76665729,0,0,,0,,,False
chengdu,interface_metrics,rx_bytes_rate,1208480,0,0.0,1208480,757223,0.62659126,0,0.0,61158600.37777778,True
chengdu,interface_metrics,tx_bytes_rate,1208480,0,0.0,1208480,827070,0.68438865,0,0.0,61433914.244444445,True
chengdu,interface_metrics,rx_packets_rate,1208480,0,0.0,1208480,757223,0.62659126,0,0.0,192327.68888888886,True
chengdu,interface_metrics,tx_packets_rate,1208480,0,0.0,1208480,827070,0.68438865,0,0.0,193144.88888888888,True
chengdu,interface_metrics,rx_drop_rate,1208480,0,0.0,1208480,1208480,1.0,0,0.0,0.0,True
chengdu,interface_metrics,tx_drop_rate,1208480,0,0.0,1208480,1208480,1.0,0,0.0,0.0,True
chengdu,interface_metrics,rx_error_rate,1208480,0,0.0,1208480,1208480,1.0,0,0.0,0.0,True
chengdu,interface_metrics,tx_error_rate,1208480,0,0.0,1208480,1208480,1.0,0,0.0,0.0,True
chengdu,interface_metrics,carrier_changes,1208480,0,0.0,1208480,1208480,1.0,0,0.0,0.0,True
chengdu,node_metrics,timestamp,181291,0,0.0,0,0,,0,,,False
chengdu,node_metrics,region,181291,0,0.0,0,0,,0,,,False
chengdu,node_metrics,node,181291,0,0.0,0,0,,0,,,False
chengdu,node_metrics,node_type,181291,0,0.0,0,0,,0,,,False
chengdu,node_metrics,cpu_usage,181291,2,1.103e-05,181289,0,0.0,0,0.11666666664598324,100.0,True
chengdu,node_metrics,load1,181291,3,1.655e-05,181288,85151,0.46970015,0,0.0,30.31,True
chengdu,node_metrics,load5,181291,3,1.655e-05,181288,70043,0.38636313,0,0.0,14.0,True
chengdu,node_metrics,memory_available_ratio,181291,3,1.655e-05,181288,0,0.0,0,0.7708898494999057,0.9304128727118324,True
chengdu,node_metrics,swap_used_ratio,181291,3,1.655e-05,181288,80553,0.44433719,0,0.0,0.0003843311160384331,True
chengdu,node_metrics,disk_read_rate,181291,2,1.103e-05,181289,181057,0.99872028,0,0.0,9871086.933333334,True
chengdu,node_metrics,disk_write_rate,181291,2,1.103e-05,181289,14591,0.08048475,0,0.0,116185770.66666666,True
chengdu,node_metrics,disk_io_util,181291,2,1.103e-05,181289,14590,0.08047923,0,0.0,297.49333333334005,True
chengdu,node_metrics,filesystem_used_ratio,181291,3,1.655e-05,181288,0,0.0,0,0.18868064672841667,0.8220352564728985,True
chengdu,node_metrics,inode_used_ratio,181291,3,1.655e-05,181288,0,0.0,0,0.011579631245560718,0.024231424137037605,True
chengdu,node_metrics,open_fd_ratio,181291,3,1.655e-05,181288,0,0.0,0,1.0061396160665481e-16,0.006773920406435224,True
chengdu,node_metrics,process_count,181291,3,1.655e-05,181288,0,0.0,0,115.0,203.0,True
chengdu,routing_metrics,timestamp,5116507,0,0.0,0,0,,0,,,False
chengdu,routing_metrics,region,5116507,0,0.0,0,0,,0,,,False
chengdu,routing_metrics,node,5116507,0,0.0,0,0,,0,,,False
chengdu,routing_metrics,node_type,5116507,0,0.0,0,0,,0,,,False
chengdu,routing_metrics,metric_name,5116507,0,0.0,0,0,,0,,,False
chengdu,routing_metrics,label,5116507,362668,0.07088195,0,0,,0,,,False
chengdu,routing_metrics,value,5116507,241824,0.04726349,4874683,785709,0.16118156,0,0.0,5492306.0,True
chengdu,scrape_health,timestamp,261911,0,0.0,0,0,,0,,,False
chengdu,scrape_health,region,261911,0,0.0,0,0,,0,,,False
chengdu,scrape_health,target_id,261911,0,0.0,0,0,,0,,,False
chengdu,scrape_health,node,261911,0,0.0,0,0,,0,,,False
chengdu,scrape_health,exporter_type,261911,0,0.0,0,0,,0,,,False
chengdu,scrape_health,scrape_up,261911,0,0.0,261911,69,0.00026345,0,0.0,1.0,True
chengdu,scrape_health,scrape_duration_seconds,261911,0,0.0,261911,0,0.0,0,0.000353467,10.0020351,True
chengdu,scrape_health,scrape_samples,261911,0,0.0,261911,69,0.00026345,0,0.0,1593.0,True
chengdu,scrape_health,scrape_error,261911,261842,0.99973655,0,0,,0,,,False
chengdu,traffic_flow_metrics,id,52488,0,0.0,52488,0,0.0,0,84959.0,137455.0,True
chengdu,traffic_flow_metrics,timestamp_utc,52488,0,0.0,0,0,,0,,,False
chengdu,traffic_flow_metrics,prometheus_sample_time_utc,52488,0,0.0,0,0,,0,,,False
chengdu,traffic_flow_metrics,series_key,52488,0,0.0,0,0,,0,,,False
chengdu,traffic_flow_metrics,flow_type,52488,0,0.0,0,0,,0,,,False
chengdu,traffic_flow_metrics,source_region,52488,0,0.0,0,0,,0,,,False
chengdu,traffic_flow_metrics,source_ip,52488,0,0.0,0,0,,0,,,False
chengdu,traffic_flow_metrics,target_region,52488,0,0.0,0,0,,0,,,False
chengdu,traffic_flow_metrics,target_domain,52488,0,0.0,0,0,,0,,,False
chengdu,traffic_flow_metrics,protocol,52488,0,0.0,0,0,,0,,,False
chengdu,traffic_flow_metrics,dns_flow_active,52488,32565,0.62042753,19923,10244,0.51417959,0,0.0,1.0,True
chengdu,traffic_flow_metrics,dns_flow_batch_concurrency,52488,32565,0.62042753,19923,10244,0.51417959,0,0.0,5.0,True
chengdu,traffic_flow_metrics,dns_flow_batches_started_total,52488,32565,0.62042753,19923,0,0.0,0,45166.0,74030.0,True
chengdu,traffic_flow_metrics,dns_flow_batches_completed_total,52488,32565,0.62042753,19923,0,0.0,0,44354.0,72953.0,True
chengdu,traffic_flow_metrics,dns_flow_batches_failed_total,52488,32565,0.62042753,19923,0,0.0,0,811.0,1077.0,True
chengdu,traffic_flow_metrics,dns_flow_batches_timeout_total,52488,32565,0.62042753,19923,0,0.0,0,788.0,1052.0,True
chengdu,traffic_flow_metrics,dns_flow_requests_total,52488,32565,0.62042753,19923,0,0.0,0,2377030.0,3913725.0,True
chengdu,traffic_flow_metrics,dns_flow_success_total,52488,32565,0.62042753,19923,0,0.0,0,2364165.0,3895182.0,True
chengdu,traffic_flow_metrics,dns_flow_error_total,52488,32565,0.62042753,19923,0,0.0,0,12853.0,18531.0,True
chengdu,traffic_flow_metrics,dns_flow_bytes_sent_total,52488,32565,0.62042753,19923,0,0.0,0,111841896.0,184261907.0,True
chengdu,traffic_flow_metrics,dns_flow_bytes_received_total,52488,32565,0.62042753,19923,0,0.0,0,178038516.0,293327003.0,True
chengdu,traffic_flow_metrics,dns_flow_duration_seconds_sum,52488,32565,0.62042753,19923,0,0.0,0,958818.7555015911,1539052.8873989903,True
chengdu,traffic_flow_metrics,dns_flow_active_seconds_total,52488,32565,0.62042753,19923,0,0.0,0,949889.9107883498,1529850.3465527613,True
chengdu,traffic_flow_metrics,dns_flow_duration_seconds_count,52488,32565,0.62042753,19923,0,0.0,0,45165.0,74030.0,True
chengdu,traffic_flow_metrics,dns_flow_batch_duration_seconds,52488,32565,0.62042753,19923,0,0.0,0,10.050414530560374,486.5394549332559,True
chengdu,traffic_flow_metrics,dns_flow_last_batch_timestamp_seconds,52488,32565,0.62042753,19923,0,0.0,0,1787111975.5633225,1788321546.6212997,True
chengdu,traffic_flow_metrics,dns_flow_observed_qps,52488,32565,0.62042753,19923,0,0.0,0,0.06678382879156314,9.646221401847505,True
chengdu,traffic_flow_metrics,dns_flow_latency_mean_seconds,52488,32565,0.62042753,19923,0,0.0,0,0.04270120933651924,1.6375492447987199,True
chengdu,traffic_flow_metrics,dns_flow_latency_p95_seconds,52488,32565,0.62042753,19923,0,0.0,0,0.042842525430023676,1.9341866101603955,True
chengdu,traffic_flow_metrics,dns_flow_request_latency_seconds_bucket_le_0_01,52488,32565,0.62042753,19923,19923,1.0,0,0.0,0.0,True
chengdu,traffic_flow_metrics,dns_flow_request_latency_seconds_bucket_le_0_025,52488,32565,0.62042753,19923,19923,1.0,0,0.0,0.0,True
chengdu,traffic_flow_metrics,dns_flow_request_latency_seconds_bucket_le_0_05,52488,32565,0.62042753,19923,0,0.0,0,2357324.0,3882215.0,True
chengdu,traffic_flow_metrics,dns_flow_request_latency_seconds_bucket_le_0_1,52488,32565,0.62042753,19923,0,0.0,0,2361871.0,3887446.0,True
chengdu,traffic_flow_metrics,dns_flow_request_latency_seconds_bucket_le_0_25,52488,32565,0.62042753,19923,0,0.0,0,2362134.0,3888594.0,True
chengdu,traffic_flow_metrics,dns_flow_request_latency_seconds_bucket_le_0_5,52488,32565,0.62042753,19923,0,0.0,0,2363787.0,3894484.0,True
chengdu,traffic_flow_metrics,dns_flow_request_latency_seconds_bucket_le_1,52488,32565,0.62042753,19923,0,0.0,0,2363950.0,3894802.0,True
chengdu,traffic_flow_metrics,dns_flow_request_latency_seconds_bucket_le_2_5,52488,32565,0.62042753,19923,0,0.0,0,2364112.0,3895105.0,True
chengdu,traffic_flow_metrics,dns_flow_request_latency_seconds_bucket_le_5,52488,32565,0.62042753,19923,0,0.0,0,2364165.0,3895182.0,True
chengdu,traffic_flow_metrics,dns_flow_request_latency_seconds_bucket_le_plus_inf,52488,32565,0.62042753,19923,0,0.0,0,2364165.0,3895182.0,True
chengdu,traffic_flow_metrics,dns_flow_request_latency_seconds_sum,52488,32565,0.62042753,19923,0,0.0,0,104266.31545363832,172803.788179175,True
chengdu,traffic_flow_metrics,dns_flow_request_latency_seconds_count,52488,32565,0.62042753,19923,0,0.0,0,2364165.0,3895182.0,True
chengdu,traffic_flow_metrics,web_flow_active,52488,33761,0.64321369,18727,8803,0.47006995,0,0.0,1.0,True
chengdu,traffic_flow_metrics,web_flow_batch_concurrency,52488,33761,0.64321369,18727,8803,0.47006995,0,0.0,4.0,True
chengdu,traffic_flow_metrics,web_flow_batches_started_total,52488,33761,0.64321369,18727,0,0.0,0,26983.0,44175.0,True
chengdu,traffic_flow_metrics,web_flow_batches_completed_total,52488,33761,0.64321369,18727,0,0.0,0,25842.0,42464.0,True
chengdu,traffic_flow_metrics,web_flow_batches_failed_total,52488,33761,0.64321369,18727,0,0.0,0,1140.0,1711.0,True
chengdu,traffic_flow_metrics,web_flow_batches_timeout_total,52488,33761,0.64321369,18727,0,0.0,0,320.0,532.0,True
chengdu,traffic_flow_metrics,web_flow_requests_total,52488,33761,0.64321369,18727,0,0.0,0,2141475.0,3504258.0,True
chengdu,traffic_flow_metrics,web_flow_success_total,52488,33761,0.64321369,18727,0,0.0,0,2128863.0,3481374.0,True
chengdu,traffic_flow_metrics,web_flow_error_total,52488,33761,0.64321369,18727,0,0.0,0,12436.0,22610.0,True
chengdu,traffic_flow_metrics,web_flow_bytes_sent_total,52488,33761,0.64321369,18727,0,0.0,0,222849051.0,364422807.0,True
chengdu,traffic_flow_metrics,web_flow_bytes_received_total,52488,33761,0.64321369,18727,0,0.0,0,592082281.0,968375245.0,True
chengdu,traffic_flow_metrics,web_flow_duration_seconds_sum,52488,33761,0.64321369,18727,0,0.0,0,988211.7617918267,1589687.6992224785,True
chengdu,traffic_flow_metrics,web_flow_active_seconds_total,52488,33761,0.64321369,18727,0,0.0,0,982199.1304357941,1583599.294828501,True
chengdu,traffic_flow_metrics,web_flow_duration_seconds_count,52488,33761,0.64321369,18727,0,0.0,0,26982.0,44175.0,True
chengdu,traffic_flow_metrics,web_flow_batch_duration_seconds,52488,33761,0.64321369,18727,0,0.0,0,6.002412714064121,397.3230668865144,True
chengdu,traffic_flow_metrics,web_flow_last_batch_timestamp_seconds,52488,33761,0.64321369,18727,0,0.0,0,1787111986.1343708,1788321472.7074037,True
chengdu,traffic_flow_metrics,web_flow_observed_qps,52488,33761,0.64321369,18727,1,5.34e-05,0,0.0,5.996200041584395,True
chengdu,traffic_flow_metrics,web_flow_latency_mean_seconds,52488,33761,0.64321369,18727,0,0.0,0,0.07925831687947114,34.2259636442177,True
chengdu,traffic_flow_metrics,web_flow_latency_p95_seconds,52488,33761,0.64321369,18727,0,0.0,0,0.07957243360579014,34.34759622169659,True
chengdu,traffic_flow_metrics,web_flow_request_latency_seconds_bucket_le_0_01,52488,33761,0.64321369,18727,18727,1.0,0,0.0,0.0,True
chengdu,traffic_flow_metrics,web_flow_request_latency_seconds_bucket_le_0_025,52488,33761,0.64321369,18727,18727,1.0,0,0.0,0.0,True
chengdu,traffic_flow_metrics,web_flow_request_latency_seconds_bucket_le_0_05,52488,33761,0.64321369,18727,18727,1.0,0,0.0,0.0,True
chengdu,traffic_flow_metrics,web_flow_request_latency_seconds_bucket_le_0_1,52488,33761,0.64321369,18727,0,0.0,0,1907393.0,3110792.0,True
chengdu,traffic_flow_metrics,web_flow_request_latency_seconds_bucket_le_0_25,52488,33761,0.64321369,18727,0,0.0,0,1912959.0,3121910.0,True
chengdu,traffic_flow_metrics,web_flow_request_latency_seconds_bucket_le_0_5,52488,33761,0.64321369,18727,0,0.0,0,2136533.0,3491603.0,True
chengdu,traffic_flow_metrics,web_flow_request_latency_seconds_bucket_le_1,52488,33761,0.64321369,18727,0,0.0,0,2138396.0,3497345.0,True
chengdu,traffic_flow_metrics,web_flow_request_latency_seconds_bucket_le_2_5,52488,33761,0.64321369,18727,0,0.0,0,2138482.0,3497460.0,True
chengdu,traffic_flow_metrics,web_flow_request_latency_seconds_bucket_le_5,52488,33761,0.64321369,18727,0,0.0,0,2138490.0,3497470.0,True
chengdu,traffic_flow_metrics,web_flow_request_latency_seconds_bucket_le_plus_inf,52488,33761,0.64321369,18727,0,0.0,0,2139224.0,3499060.0,True
chengdu,traffic_flow_metrics,web_flow_request_latency_seconds_sum,52488,33761,0.64321369,18727,0,0.0,0,239309.3654518216,399555.364877366,True
chengdu,traffic_flow_metrics,web_flow_request_latency_seconds_count,52488,33761,0.64321369,18727,0,0.0,0,2139224.0,3499060.0,True
chengdu,traffic_flow_metrics,auth_flow_active,52488,39390,0.75045725,13098,9210,0.70316079,0,0.0,1.0,True
chengdu,traffic_flow_metrics,auth_flow_batch_concurrency,52488,39390,0.75045725,13098,9210,0.70316079,0,0.0,4.0,True
chengdu,traffic_flow_metrics,auth_flow_batches_started_total,52488,39390,0.75045725,13098,0,0.0,0,18172.0,29673.0,True
chengdu,traffic_flow_metrics,auth_flow_batches_completed_total,52488,39390,0.75045725,13098,0,0.0,0,17475.0,28618.0,True
chengdu,traffic_flow_metrics,auth_flow_batches_failed_total,52488,39390,0.75045725,13098,0,0.0,0,697.0,1055.0,True
chengdu,traffic_flow_metrics,auth_flow_batches_timeout_total,52488,39390,0.75045725,13098,0,0.0,0,237.0,362.0,True
chengdu,traffic_flow_metrics,auth_flow_requests_total,52488,39390,0.75045725,13098,0,0.0,0,413191.0,680901.0,True
chengdu,traffic_flow_metrics,auth_flow_success_total,52488,39390,0.75045725,13098,0,0.0,0,408761.0,672851.0,True
chengdu,traffic_flow_metrics,auth_flow_error_total,52488,39390,0.75045725,13098,0,0.0,0,4424.0,8044.0,True
chengdu,traffic_flow_metrics,auth_flow_bytes_sent_total,52488,39390,0.75045725,13098,0,0.0,0,81501424.0,134172938.0,True
chengdu,traffic_flow_metrics,auth_flow_bytes_received_total,52488,39390,0.75045725,13098,0,0.0,0,86444017.0,142324866.0,True
chengdu,traffic_flow_metrics,auth_flow_duration_seconds_sum,52488,39390,0.75045725,13098,0,0.0,0,406417.4683108595,638406.7361945291,True
chengdu,traffic_flow_metrics,auth_flow_active_seconds_total,52488,39390,0.75045725,13098,0,0.0,0,400535.9309338033,632240.0803623544,True
chengdu,traffic_flow_metrics,auth_flow_duration_seconds_count,52488,39390,0.75045725,13098,0,0.0,0,18172.0,29673.0,True
chengdu,traffic_flow_metrics,auth_flow_batch_duration_seconds,52488,39390,0.75045725,13098,0,0.0,0,6.004227275960147,456.86701177898794,True
chengdu,traffic_flow_metrics,auth_flow_last_batch_timestamp_seconds,52488,39390,0.75045725,13098,0,0.0,0,1787111951.4825666,1788321473.2434998,True
chengdu,traffic_flow_metrics,auth_flow_observed_qps,52488,39390,0.75045725,13098,5,0.00038174,0,0.0,4.209296956712558,True
chengdu,traffic_flow_metrics,auth_flow_latency_mean_seconds,52488,39390,0.75045725,13098,0,0.0,0,0.04983346117660403,1.0218548017553986,True
chengdu,traffic_flow_metrics,auth_flow_latency_p95_seconds,52488,39390,0.75045725,13098,0,0.0,0,0.049982406804338096,3.8008297795895487,True
chengdu,traffic_flow_metrics,auth_flow_request_latency_seconds_bucket_le_0_01,52488,39390,0.75045725,13098,13098,1.0,0,0.0,0.0,True
chengdu,traffic_flow_metrics,auth_flow_request_latency_seconds_bucket_le_0_025,52488,39390,0.75045725,13098,13098,1.0,0,0.0,0.0,True
chengdu,traffic_flow_metrics,auth_flow_request_latency_seconds_bucket_le_0_05,52488,39390,0.75045725,13098,0,0.0,0,489.0,763.0,True
chengdu,traffic_flow_metrics,auth_flow_request_latency_seconds_bucket_le_0_1,52488,39390,0.75045725,13098,0,0.0,0,379782.0,625011.0,True
chengdu,traffic_flow_metrics,auth_flow_request_latency_seconds_bucket_le_0_25,52488,39390,0.75045725,13098,0,0.0,0,379845.0,625104.0,True
chengdu,traffic_flow_metrics,auth_flow_request_latency_seconds_bucket_le_0_5,52488,39390,0.75045725,13098,0,0.0,0,411591.0,677270.0,True
chengdu,traffic_flow_metrics,auth_flow_request_latency_seconds_bucket_le_1,52488,39390,0.75045725,13098,0,0.0,0,411808.0,677927.0,True
chengdu,traffic_flow_metrics,auth_flow_request_latency_seconds_bucket_le_2_5,52488,39390,0.75045725,13098,0,0.0,0,411963.0,678453.0,True
chengdu,traffic_flow_metrics,auth_flow_request_latency_seconds_bucket_le_5,52488,39390,0.75045725,13098,0,0.0,0,411968.0,678462.0,True
chengdu,traffic_flow_metrics,auth_flow_request_latency_seconds_bucket_le_plus_inf,52488,39390,0.75045725,13098,0,0.0,0,411968.0,678462.0,True
chengdu,traffic_flow_metrics,auth_flow_request_latency_seconds_sum,52488,39390,0.75045725,13098,0,0.0,0,38615.7473616763,64087.34826614102,True
chengdu,traffic_flow_metrics,auth_flow_request_latency_seconds_count,52488,39390,0.75045725,13098,0,0.0,0,411968.0,678462.0,True
chengdu,traffic_flow_metrics,elephant_flow_active,52488,51748,0.98590154,740,385,0.52027027,0,0.0,1.0,True
chengdu,traffic_flow_metrics,elephant_flow_batch_concurrency,52488,51748,0.98590154,740,385,0.52027027,0,0.0,4.0,True
chengdu,traffic_flow_metrics,elephant_flow_batches_started_total,52488,51748,0.98590154,740,0,0.0,0,18.0,69.0,True
chengdu,traffic_flow_metrics,elephant_flow_batches_completed_total,52488,51748,0.98590154,740,134,0.18108108,0,0.0,58.0,True
chengdu,traffic_flow_metrics,elephant_flow_batches_failed_total,52488,51748,0.98590154,740,0,0.0,0,1.0,69.0,True
chengdu,traffic_flow_metrics,elephant_flow_batches_timeout_total,52488,51748,0.98590154,740,268,0.36216216,0,0.0,3.0,True
chengdu,traffic_flow_metrics,elephant_flow_requests_total,52488,51748,0.98590154,740,134,0.18108108,0,0.0,128.0,True
chengdu,traffic_flow_metrics,elephant_flow_success_total,52488,51748,0.98590154,740,134,0.18108108,0,0.0,128.0,True
chengdu,traffic_flow_metrics,elephant_flow_error_total,52488,51748,0.98590154,740,740,1.0,0,0.0,0.0,True
chengdu,traffic_flow_metrics,elephant_flow_bytes_sent_total,52488,51748,0.98590154,740,134,0.18108108,0,0.0,38849735316.0,True
chengdu,traffic_flow_metrics,elephant_flow_bytes_received_total,52488,51748,0.98590154,740,134,0.18108108,0,0.0,38849735316.0,True
chengdu,traffic_flow_metrics,elephant_flow_duration_seconds_sum,52488,51748,0.98590154,740,0,0.0,0,3.116074991412461,7365.560789437033,True
chengdu,traffic_flow_metrics,elephant_flow_active_seconds_total,52488,51748,0.98590154,740,0,0.0,0,3.110154068097472,7079.579610384535,True
chengdu,traffic_flow_metrics,elephant_flow_duration_seconds_count,52488,51748,0.98590154,740,0,0.0,0,17.0,69.0,True
chengdu,traffic_flow_metrics,elephant_flow_batch_duration_seconds,52488,51748,0.98590154,740,0,0.0,0,0.04827732499688864,160.02648274879903,True
chengdu,traffic_flow_metrics,elephant_flow_last_batch_timestamp_seconds,52488,51748,0.98590154,740,0,0.0,0,1786924734.815013,1788319157.7542522,True
chengdu,traffic_flow_metrics,elephant_flow_observed_qps,52488,52488,1.0,0,0,,0,,,True
chengdu,traffic_flow_metrics,elephant_flow_latency_mean_seconds,52488,52488,1.0,0,0,,0,,,True
chengdu,traffic_flow_metrics,elephant_flow_latency_p95_seconds,52488,52488,1.0,0,0,,0,,,True
chengdu,traffic_flow_metrics,elephant_flow_throughput_bps,52488,51882,0.9884545,606,0,0.0,0,19999769.733755488,99999544.86693217,True
chengdu,traffic_flow_metrics,elephant_flow_retransmits_total,52488,51748,0.98590154,740,740,1.0,0,0.0,0.0,True
chengdu,traffic_flow_metrics,elephant_flow_loss_rate,52488,51882,0.9884545,606,603,0.9950495,0,0.0,0.0019744614737250967,True
chengdu,traffic_flow_metrics,elephant_flow_jitter_seconds,52488,51882,0.9884545,606,0,0.0,0,2.5591556251383182e-06,0.0003366035796991479,True
guangzhou,frr_syslog_events,id,444,0,0.0,444,0,0.0,0,1560.0,2003.0,True
guangzhou,frr_syslog_events,received_at,444,0,0.0,0,0,,0,,,False
guangzhou,frr_syslog_events,event_time,444,0,0.0,0,0,,0,,,False
guangzhou,frr_syslog_events,received_at_raw,444,0,0.0,0,0,,0,,,False
guangzhou,frr_syslog_events,event_time_raw,444,0,0.0,0,0,,0,,,False
guangzhou,frr_syslog_events,source_ip,444,0,0.0,0,0,,0,,,False
guangzhou,frr_syslog_events,hostname,444,0,0.0,0,0,,0,,,False
guangzhou,frr_syslog_events,region,444,0,0.0,0,0,,0,,,False
guangzhou,frr_syslog_events,facility,444,0,0.0,0,0,,0,,,False
guangzhou,frr_syslog_events,severity,444,0,0.0,0,0,,0,,,False
guangzhou,frr_syslog_events,severity_code,444,0,0.0,444,0,0.0,0,3.0,6.0,True
guangzhou,frr_syslog_events,program,444,0,0.0,0,0,,0,,,False
guangzhou,frr_syslog_events,pid,444,0,0.0,444,0,0.0,0,946.0,289317.0,True
guangzhou,frr_syslog_events,message,444,0,0.0,0,0,,0,,,False
guangzhou,frr_syslog_events,inserted_at,444,0,0.0,0,0,,0,,,False
guangzhou,interface_metrics,timestamp,1209320,0,0.0,0,0,,0,,,False
guangzhou,interface_metrics,region,1209320,0,0.0,0,0,,0,,,False
guangzhou,interface_metrics,node,1209320,0,0.0,0,0,,0,,,False
guangzhou,interface_metrics,node_type,1209320,0,0.0,0,0,,0,,,False
guangzhou,interface_metrics,interface_id,1209320,0,0.0,0,0,,0,,,False
guangzhou,interface_metrics,if_role,1209320,927136,0.76665895,0,0,,0,,,False
guangzhou,interface_metrics,rx_bytes_rate,1209320,0,0.0,1209320,745724,0.61664737,0,0.0,36289466.97777777,True
guangzhou,interface_metrics,tx_bytes_rate,1209320,0,0.0,1209320,802580,0.66366222,0,0.0,36325135.88888888,True
guangzhou,interface_metrics,rx_packets_rate,1209320,0,0.0,1209320,745724,0.61664737,0,0.0,214405.84444444443,True
guangzhou,interface_metrics,tx_packets_rate,1209320,0,0.0,1209320,802580,0.66366222,0,0.0,214715.37777777776,True
guangzhou,interface_metrics,rx_drop_rate,1209320,0,0.0,1209320,1209320,1.0,0,0.0,0.0,True
guangzhou,interface_metrics,tx_drop_rate,1209320,0,0.0,1209320,1209320,1.0,0,0.0,0.0,True
guangzhou,interface_metrics,rx_error_rate,1209320,0,0.0,1209320,1209320,1.0,0,0.0,0.0,True
guangzhou,interface_metrics,tx_error_rate,1209320,0,0.0,1209320,1209320,1.0,0,0.0,0.0,True
guangzhou,interface_metrics,carrier_changes,1209320,0,0.0,1209320,1209320,1.0,0,0.0,0.0,True
guangzhou,node_metrics,timestamp,181414,0,0.0,0,0,,0,,,False
guangzhou,node_metrics,region,181414,0,0.0,0,0,,0,,,False
guangzhou,node_metrics,node,181414,0,0.0,0,0,,0,,,False
guangzhou,node_metrics,node_type,181414,0,0.0,0,0,,0,,,False
guangzhou,node_metrics,cpu_usage,181414,2,1.102e-05,181412,0,0.0,0,0.12222222207735456,100.0,True
guangzhou,node_metrics,load1,181414,2,1.102e-05,181412,85598,0.4718431,0,0.0,64.32,True
guangzhou,node_metrics,load5,181414,2,1.102e-05,181412,69062,0.38069146,0,0.0,63.89,True
guangzhou,node_metrics,memory_available_ratio,181414,2,1.102e-05,181412,0,0.0,0,0.8300437991311136,0.930972137038435,True
guangzhou,node_metrics,swap_used_ratio,181414,2,1.102e-05,181412,80612,0.4443587,0,0.0,0.000379562739908924,True
guangzhou,node_metrics,disk_read_rate,181414,2,1.102e-05,181412,181132,0.99845655,0,0.0,6011164.444444446,True
guangzhou,node_metrics,disk_write_rate,181414,2,1.102e-05,181412,12641,0.06968117,0,0.0,62930761.95555556,True
guangzhou,node_metrics,disk_io_util,181414,2,1.102e-05,181412,12642,0.06968668,0,0.0,70.33777777778191,True
guangzhou,node_metrics,filesystem_used_ratio,181414,2,1.102e-05,181412,0,0.0,0,0.18769296861512275,0.8920351626599413,True
guangzhou,node_metrics,inode_used_ratio,181414,2,1.102e-05,181412,0,0.0,0,0.0115801081250555,0.026078671825175426,True
guangzhou,node_metrics,open_fd_ratio,181414,2,1.102e-05,181412,0,0.0,0,1.0061396160665481e-16,0.006974332252779462,True
guangzhou,node_metrics,process_count,181414,2,1.102e-05,181412,0,0.0,0,115.0,244.0,True
guangzhou,routing_metrics,timestamp,5014277,0,0.0,0,0,,0,,,False
guangzhou,routing_metrics,region,5014277,0,0.0,0,0,,0,,,False
guangzhou,routing_metrics,node,5014277,0,0.0,0,0,,0,,,False
guangzhou,routing_metrics,node_type,5014277,0,0.0,0,0,,0,,,False
guangzhou,routing_metrics,metric_name,5014277,0,0.0,0,0,,0,,,False
guangzhou,routing_metrics,label,5014277,362820,0.07235739,0,0,,0,,,False
guangzhou,routing_metrics,value,5014277,241920,0.04824624,4772357,474150,0.09935342,0,0.0,5285881.0,True
guangzhou,scrape_health,timestamp,262080,0,0.0,0,0,,0,,,False
guangzhou,scrape_health,region,262080,0,0.0,0,0,,0,,,False
guangzhou,scrape_health,target_id,262080,0,0.0,0,0,,0,,,False
guangzhou,scrape_health,node,262080,0,0.0,0,0,,0,,,False
guangzhou,scrape_health,exporter_type,262080,0,0.0,0,0,,0,,,False
guangzhou,scrape_health,scrape_up,262080,0,0.0,262080,58,0.00022131,0,0.0,1.0,True
guangzhou,scrape_health,scrape_duration_seconds,262080,0,0.0,262080,0,0.0,0,0.000523042,3.076943537,True
guangzhou,scrape_health,scrape_samples,262080,0,0.0,262080,58,0.00022131,0,0.0,1601.0,True
guangzhou,scrape_health,scrape_error,262080,262022,0.99977869,0,0,,0,,,False
guangzhou,traffic_flow_metrics,id,52723,0,0.0,52723,0,0.0,0,89597.0,142319.0,True
guangzhou,traffic_flow_metrics,timestamp_utc,52723,0,0.0,0,0,,0,,,False
guangzhou,traffic_flow_metrics,prometheus_sample_time_utc,52723,0,0.0,0,0,,0,,,False
guangzhou,traffic_flow_metrics,series_key,52723,0,0.0,0,0,,0,,,False
guangzhou,traffic_flow_metrics,flow_type,52723,0,0.0,0,0,,0,,,False
guangzhou,traffic_flow_metrics,source_region,52723,0,0.0,0,0,,0,,,False
guangzhou,traffic_flow_metrics,source_ip,52723,0,0.0,0,0,,0,,,False
guangzhou,traffic_flow_metrics,target_region,52723,0,0.0,0,0,,0,,,False
guangzhou,traffic_flow_metrics,target_domain,52723,0,0.0,0,0,,0,,,False
guangzhou,traffic_flow_metrics,protocol,52723,0,0.0,0,0,,0,,,False
guangzhou,traffic_flow_metrics,dns_flow_active,52723,32770,0.62155037,19953,10323,0.51736581,0,0.0,1.0,True
guangzhou,traffic_flow_metrics,dns_flow_batch_concurrency,52723,32770,0.62155037,19953,10323,0.51736581,0,0.0,5.0,True
guangzhou,traffic_flow_metrics,dns_flow_batches_started_total,52723,32770,0.62155037,19953,0,0.0,0,48970.0,77764.0,True
guangzhou,traffic_flow_metrics,dns_flow_batches_completed_total,52723,32770,0.62155037,19953,0,0.0,0,48341.0,76909.0,True
guangzhou,traffic_flow_metrics,dns_flow_batches_failed_total,52723,32770,0.62155037,19953,0,0.0,0,628.0,855.0,True
guangzhou,traffic_flow_metrics,dns_flow_batches_timeout_total,52723,32770,0.62155037,19953,0,0.0,0,627.0,854.0,True
guangzhou,traffic_flow_metrics,dns_flow_requests_total,52723,32770,0.62155037,19953,0,0.0,0,2603078.0,4125788.0,True
guangzhou,traffic_flow_metrics,dns_flow_success_total,52723,32770,0.62155037,19953,0,0.0,0,2589731.0,4107753.0,True
guangzhou,traffic_flow_metrics,dns_flow_error_total,52723,32770,0.62155037,19953,0,0.0,0,13342.0,18030.0,True
guangzhou,traffic_flow_metrics,dns_flow_bytes_sent_total,52723,32770,0.62155037,19953,0,0.0,0,122503238.0,194314190.0,True
guangzhou,traffic_flow_metrics,dns_flow_bytes_received_total,52723,32770,0.62155037,19953,0,0.0,0,195015706.0,309331274.0,True
guangzhou,traffic_flow_metrics,dns_flow_duration_seconds_sum,52723,32770,0.62155037,19953,0,0.0,0,985328.2947568218,1564941.1321051992,True
guangzhou,traffic_flow_metrics,dns_flow_active_seconds_total,52723,32770,0.62155037,19953,0,0.0,0,985325.3335496262,1564922.657249365,True
guangzhou,traffic_flow_metrics,dns_flow_duration_seconds_count,52723,32770,0.62155037,19953,0,0.0,0,48969.0,77764.0,True
guangzhou,traffic_flow_metrics,dns_flow_batch_duration_seconds,52723,32770,0.62155037,19953,0,0.0,0,10.050320826470852,39.32236857898533,True
guangzhou,traffic_flow_metrics,dns_flow_last_batch_timestamp_seconds,52723,32770,0.62155037,19953,0,0.0,0,1787111986.4112546,1788321534.2945564,True
guangzhou,traffic_flow_metrics,dns_flow_observed_qps,52723,32770,0.62155037,19953,0,0.0,0,0.1,7.395624045049778,True
guangzhou,traffic_flow_metrics,dns_flow_latency_mean_seconds,52723,32770,0.62155037,19953,0,0.0,0,0.03467188309878111,1.2238946482539177,True
guangzhou,traffic_flow_metrics,dns_flow_latency_p95_seconds,52723,32770,0.62155037,19953,0,0.0,0,0.03469516634941101,2.6841585274320097,True
guangzhou,traffic_flow_metrics,dns_flow_request_latency_seconds_bucket_le_0_01,52723,32770,0.62155037,19953,19953,1.0,0,0.0,0.0,True
guangzhou,traffic_flow_metrics,dns_flow_request_latency_seconds_bucket_le_0_025,52723,32770,0.62155037,19953,19953,1.0,0,0.0,0.0,True
guangzhou,traffic_flow_metrics,dns_flow_request_latency_seconds_bucket_le_0_05,52723,32770,0.62155037,19953,0,0.0,0,2286262.0,3024282.0,True
guangzhou,traffic_flow_metrics,dns_flow_request_latency_seconds_bucket_le_0_1,52723,32770,0.62155037,19953,0,0.0,0,2588188.0,4104581.0,True
guangzhou,traffic_flow_metrics,dns_flow_request_latency_seconds_bucket_le_0_25,52723,32770,0.62155037,19953,0,0.0,0,2589138.0,4106909.0,True
guangzhou,traffic_flow_metrics,dns_flow_request_latency_seconds_bucket_le_0_5,52723,32770,0.62155037,19953,0,0.0,0,2589430.0,4107244.0,True
guangzhou,traffic_flow_metrics,dns_flow_request_latency_seconds_bucket_le_1,52723,32770,0.62155037,19953,0,0.0,0,2589542.0,4107417.0,True
guangzhou,traffic_flow_metrics,dns_flow_request_latency_seconds_bucket_le_2_5,52723,32770,0.62155037,19953,0,0.0,0,2589701.0,4107690.0,True
guangzhou,traffic_flow_metrics,dns_flow_request_latency_seconds_bucket_le_5,52723,32770,0.62155037,19953,0,0.0,0,2589731.0,4107753.0,True
guangzhou,traffic_flow_metrics,dns_flow_request_latency_seconds_bucket_le_plus_inf,52723,32770,0.62155037,19953,0,0.0,0,2589731.0,4107753.0,True
guangzhou,traffic_flow_metrics,dns_flow_request_latency_seconds_sum,52723,32770,0.62155037,19953,0,0.0,0,101958.38259647973,179882.5302047059,True
guangzhou,traffic_flow_metrics,dns_flow_request_latency_seconds_count,52723,32770,0.62155037,19953,0,0.0,0,2589731.0,4107753.0,True
guangzhou,traffic_flow_metrics,web_flow_active,52723,33882,0.64264173,18841,8815,0.46786264,0,0.0,1.0,True
guangzhou,traffic_flow_metrics,web_flow_batch_concurrency,52723,33882,0.64264173,18841,8815,0.46786264,0,0.0,4.0,True
guangzhou,traffic_flow_metrics,web_flow_batches_started_total,52723,33882,0.64264173,18841,0,0.0,0,29289.0,46584.0,True
guangzhou,traffic_flow_metrics,web_flow_batches_completed_total,52723,33882,0.64264173,18841,0,0.0,0,28184.0,44841.0,True
guangzhou,traffic_flow_metrics,web_flow_batches_failed_total,52723,33882,0.64264173,18841,0,0.0,0,1105.0,1742.0,True
guangzhou,traffic_flow_metrics,web_flow_batches_timeout_total,52723,33882,0.64264173,18841,0,0.0,0,301.0,564.0,True
guangzhou,traffic_flow_metrics,web_flow_requests_total,52723,33882,0.64264173,18841,0,0.0,0,2320974.0,3680363.0,True
guangzhou,traffic_flow_metrics,web_flow_success_total,52723,33882,0.64264173,18841,0,0.0,0,2302067.0,3649850.0,True
guangzhou,traffic_flow_metrics,web_flow_error_total,52723,33882,0.64264173,18841,0,0.0,0,18761.0,30264.0,True
guangzhou,traffic_flow_metrics,web_flow_bytes_sent_total,52723,33882,0.64264173,18841,0,0.0,0,241100278.0,382260039.0,True
guangzhou,traffic_flow_metrics,web_flow_bytes_received_total,52723,33882,0.64264173,18841,0,0.0,0,640773918.0,1015860511.0,True
guangzhou,traffic_flow_metrics,web_flow_duration_seconds_sum,52723,33882,0.64264173,18841,0,0.0,0,1016327.0611673892,1619470.1510966225,True
guangzhou,traffic_flow_metrics,web_flow_active_seconds_total,52723,33882,0.64264173,18841,0,0.0,0,1016318.3385306979,1619466.7702482147,True
guangzhou,traffic_flow_metrics,web_flow_duration_seconds_count,52723,33882,0.64264173,18841,0,0.0,0,29289.0,46583.0,True
guangzhou,traffic_flow_metrics,web_flow_batch_duration_seconds,52723,33882,0.64264173,18841,0,0.0,0,6.004132512025535,75.33172152098268,True
guangzhou,traffic_flow_metrics,web_flow_last_batch_timestamp_seconds,52723,33882,0.64264173,18841,0,0.0,0,1787111966.927429,1788321522.2003312,True
guangzhou,traffic_flow_metrics,web_flow_observed_qps,52723,33882,0.64264173,18841,0,0.0,0,0.03333333333333333,7.9150562521295775,True
guangzhou,traffic_flow_metrics,web_flow_latency_mean_seconds,52723,33882,0.64264173,18841,0,0.0,0,0.06249552220106125,34.31577933905646,True
guangzhou,traffic_flow_metrics,web_flow_latency_p95_seconds,52723,33882,0.64264173,18841,0,0.0,0,0.06249552220106125,34.321365861175586,True
guangzhou,traffic_flow_metrics,web_flow_request_latency_seconds_bucket_le_0_01,52723,33882,0.64264173,18841,18841,1.0,0,0.0,0.0,True
guangzhou,traffic_flow_metrics,web_flow_request_latency_seconds_bucket_le_0_025,52723,33882,0.64264173,18841,18841,1.0,0,0.0,0.0,True
guangzhou,traffic_flow_metrics,web_flow_request_latency_seconds_bucket_le_0_05,52723,33882,0.64264173,18841,18841,1.0,0,0.0,0.0,True
guangzhou,traffic_flow_metrics,web_flow_request_latency_seconds_bucket_le_0_1,52723,33882,0.64264173,18841,0,0.0,0,2286019.0,3520235.0,True
guangzhou,traffic_flow_metrics,web_flow_request_latency_seconds_bucket_le_0_25,52723,33882,0.64264173,18841,0,0.0,0,2290701.0,3526721.0,True
guangzhou,traffic_flow_metrics,web_flow_request_latency_seconds_bucket_le_0_5,52723,33882,0.64264173,18841,0,0.0,0,2314637.0,3669167.0,True
guangzhou,traffic_flow_metrics,web_flow_request_latency_seconds_bucket_le_1,52723,33882,0.64264173,18841,0,0.0,0,2315145.0,3669711.0,True
guangzhou,traffic_flow_metrics,web_flow_request_latency_seconds_bucket_le_2_5,52723,33882,0.64264173,18841,0,0.0,0,2315216.0,3669806.0,True
guangzhou,traffic_flow_metrics,web_flow_request_latency_seconds_bucket_le_5,52723,33882,0.64264173,18841,0,0.0,0,2315234.0,3669825.0,True
guangzhou,traffic_flow_metrics,web_flow_request_latency_seconds_bucket_le_plus_inf,52723,33882,0.64264173,18841,0,0.0,0,2316021.0,3671544.0,True
guangzhou,traffic_flow_metrics,web_flow_request_latency_seconds_sum,52723,33882,0.64264173,18841,0,0.0,0,165851.41276473692,291928.1441419092,True
guangzhou,traffic_flow_metrics,web_flow_request_latency_seconds_count,52723,33882,0.64264173,18841,0,0.0,0,2316021.0,3671544.0,True
guangzhou,traffic_flow_metrics,auth_flow_active,52723,39602,0.75113328,13121,9272,0.70665346,0,0.0,1.0,True
guangzhou,traffic_flow_metrics,auth_flow_batch_concurrency,52723,39602,0.75113328,13121,9272,0.70665346,0,0.0,4.0,True
guangzhou,traffic_flow_metrics,auth_flow_batches_started_total,52723,39602,0.75113328,13121,0,0.0,0,19776.0,31314.0,True
guangzhou,traffic_flow_metrics,auth_flow_batches_completed_total,52723,39602,0.75113328,13121,0,0.0,0,19145.0,30360.0,True
guangzhou,traffic_flow_metrics,auth_flow_batches_failed_total,52723,39602,0.75113328,13121,0,0.0,0,631.0,954.0,True
guangzhou,traffic_flow_metrics,auth_flow_batches_timeout_total,52723,39602,0.75113328,13121,0,0.0,0,165.0,285.0,True
guangzhou,traffic_flow_metrics,auth_flow_requests_total,52723,39602,0.75113328,13121,0,0.0,0,451675.0,715181.0,True
guangzhou,traffic_flow_metrics,auth_flow_success_total,52723,39602,0.75113328,13121,0,0.0,0,446841.0,706611.0,True
guangzhou,traffic_flow_metrics,auth_flow_error_total,52723,39602,0.75113328,13121,0,0.0,0,4834.0,8570.0,True
guangzhou,traffic_flow_metrics,auth_flow_bytes_sent_total,52723,39602,0.75113328,13121,0,0.0,0,89012575.0,140888813.0,True
guangzhou,traffic_flow_metrics,auth_flow_bytes_received_total,52723,39602,0.75113328,13121,0,0.0,0,94423262.0,149464202.0,True
guangzhou,traffic_flow_metrics,auth_flow_duration_seconds_sum,52723,39602,0.75113328,13121,0,0.0,0,392819.0895962105,622451.4858614593,True
guangzhou,traffic_flow_metrics,auth_flow_active_seconds_total,52723,39602,0.75113328,13121,0,0.0,0,392812.83978432557,622441.7485785871,True
guangzhou,traffic_flow_metrics,auth_flow_duration_seconds_count,52723,39602,0.75113328,13121,0,0.0,0,19776.0,31314.0,True
guangzhou,traffic_flow_metrics,auth_flow_batch_duration_seconds,52723,39602,0.75113328,13121,0,0.0,0,6.004853334277868,52.74106988683343,True
guangzhou,traffic_flow_metrics,auth_flow_last_batch_timestamp_seconds,52723,39602,0.75113328,13121,0,0.0,0,1787111985.6289902,1788321455.1638317,True
guangzhou,traffic_flow_metrics,auth_flow_observed_qps,52723,39602,0.75113328,13121,0,0.0,0,0.2,4.209478900120866,True
guangzhou,traffic_flow_metrics,auth_flow_latency_mean_seconds,52723,39602,0.75113328,13121,0,0.0,0,0.033123305253684523,0.699431872261422,True
guangzhou,traffic_flow_metrics,auth_flow_latency_p95_seconds,52723,39602,0.75113328,13121,0,0.0,0,0.033419190905988216,3.239236727263775,True
guangzhou,traffic_flow_metrics,auth_flow_request_latency_seconds_bucket_le_0_01,52723,39602,0.75113328,13121,13121,1.0,0,0.0,0.0,True
guangzhou,traffic_flow_metrics,auth_flow_request_latency_seconds_bucket_le_0_025,52723,39602,0.75113328,13121,13121,1.0,0,0.0,0.0,True
guangzhou,traffic_flow_metrics,auth_flow_request_latency_seconds_bucket_le_0_05,52723,39602,0.75113328,13121,0,0.0,0,167564.0,241353.0,True
guangzhou,traffic_flow_metrics,auth_flow_request_latency_seconds_bucket_le_0_1,52723,39602,0.75113328,13121,0,0.0,0,431941.0,689893.0,True
guangzhou,traffic_flow_metrics,auth_flow_request_latency_seconds_bucket_le_0_25,52723,39602,0.75113328,13121,0,0.0,0,432239.0,690364.0,True
guangzhou,traffic_flow_metrics,auth_flow_request_latency_seconds_bucket_le_0_5,52723,39602,0.75113328,13121,0,0.0,0,449947.0,712226.0,True
guangzhou,traffic_flow_metrics,auth_flow_request_latency_seconds_bucket_le_1,52723,39602,0.75113328,13121,0,0.0,0,450031.0,712312.0,True
guangzhou,traffic_flow_metrics,auth_flow_request_latency_seconds_bucket_le_2_5,52723,39602,0.75113328,13121,0,0.0,0,450079.0,712364.0,True
guangzhou,traffic_flow_metrics,auth_flow_request_latency_seconds_bucket_le_5,52723,39602,0.75113328,13121,0,0.0,0,450081.0,712367.0,True
guangzhou,traffic_flow_metrics,auth_flow_request_latency_seconds_bucket_le_plus_inf,52723,39602,0.75113328,13121,0,0.0,0,450081.0,712367.0,True
guangzhou,traffic_flow_metrics,auth_flow_request_latency_seconds_sum,52723,39602,0.75113328,13121,0,0.0,0,26710.648411454167,40932.20507541904,True
guangzhou,traffic_flow_metrics,auth_flow_request_latency_seconds_count,52723,39602,0.75113328,13121,0,0.0,0,450081.0,712367.0,True
guangzhou,traffic_flow_metrics,elephant_flow_active,52723,51915,0.98467462,808,397,0.49133663,0,0.0,1.0,True
guangzhou,traffic_flow_metrics,elephant_flow_batch_concurrency,52723,51915,0.98467462,808,397,0.49133663,0,0.0,4.0,True
guangzhou,traffic_flow_metrics,elephant_flow_batches_started_total,52723,51915,0.98467462,808,0,0.0,0,23.0,67.0,True
guangzhou,traffic_flow_metrics,elephant_flow_batches_completed_total,52723,51915,0.98467462,808,113,0.13985149,0,0.0,67.0,True
guangzhou,traffic_flow_metrics,elephant_flow_batches_failed_total,52723,51915,0.98467462,808,454,0.56188119,0,0.0,62.0,True
guangzhou,traffic_flow_metrics,elephant_flow_batches_timeout_total,52723,51915,0.98467462,808,771,0.95420792,0,0.0,1.0,True
guangzhou,traffic_flow_metrics,elephant_flow_requests_total,52723,51915,0.98467462,808,113,0.13985149,0,0.0,140.0,True
guangzhou,traffic_flow_metrics,elephant_flow_success_total,52723,51915,0.98467462,808,113,0.13985149,0,0.0,140.0,True
guangzhou,traffic_flow_metrics,elephant_flow_error_total,52723,51915,0.98467462,808,808,1.0,0,0.0,0.0,True
guangzhou,traffic_flow_metrics,elephant_flow_bytes_sent_total,52723,51915,0.98467462,808,113,0.13985149,0,0.0,40949750688.0,True
guangzhou,traffic_flow_metrics,elephant_flow_bytes_received_total,52723,51915,0.98467462,808,113,0.13985149,0,0.0,40949750688.0,True
guangzhou,traffic_flow_metrics,elephant_flow_duration_seconds_sum,52723,51915,0.98467462,808,0,0.0,0,1.9424103829078376,6054.470759105403,True
guangzhou,traffic_flow_metrics,elephant_flow_active_seconds_total,52723,51915,0.98467462,808,0,0.0,0,1.9388687429018319,6054.460759324022,True
guangzhou,traffic_flow_metrics,elephant_flow_duration_seconds_count,52723,51915,0.98467462,808,0,0.0,0,23.0,67.0,True
guangzhou,traffic_flow_metrics,elephant_flow_batch_duration_seconds,52723,51915,0.98467462,808,0,0.0,0,0.038699252530932426,130.0495757041499,True
guangzhou,traffic_flow_metrics,elephant_flow_last_batch_timestamp_seconds,52723,51915,0.98467462,808,0,0.0,0,1787001761.7851362,1788321413.9194393,True
guangzhou,traffic_flow_metrics,elephant_flow_observed_qps,52723,52723,1.0,0,0,,0,,,True
guangzhou,traffic_flow_metrics,elephant_flow_latency_mean_seconds,52723,52723,1.0,0,0,,0,,,True
guangzhou,traffic_flow_metrics,elephant_flow_latency_p95_seconds,52723,52723,1.0,0,0,,0,,,True
guangzhou,traffic_flow_metrics,elephant_flow_throughput_bps,52723,52028,0.9868179,695,0,0.0,0,19999769.733755488,99999548.2002485,True
guangzhou,traffic_flow_metrics,elephant_flow_retransmits_total,52723,51915,0.98467462,808,808,1.0,0,0.0,0.0,True
guangzhou,traffic_flow_metrics,elephant_flow_loss_rate,52723,52028,0.9868179,695,690,0.99280576,0,0.0,0.00045125107933736535,True
guangzhou,traffic_flow_metrics,elephant_flow_jitter_seconds,52723,52028,0.9868179,695,0,0.0,0,2.64656255534192e-06,0.0007327484121140505,True
nanjing,frr_syslog_events,id,487,0,0.0,487,0,0.0,0,1184.0,1670.0,True
nanjing,frr_syslog_events,received_at,487,0,0.0,0,0,,0,,,False
nanjing,frr_syslog_events,event_time,487,0,0.0,0,0,,0,,,False
nanjing,frr_syslog_events,received_at_raw,487,0,0.0,0,0,,0,,,False
nanjing,frr_syslog_events,event_time_raw,487,0,0.0,0,0,,0,,,False
nanjing,frr_syslog_events,source_ip,487,0,0.0,0,0,,0,,,False
nanjing,frr_syslog_events,hostname,487,0,0.0,0,0,,0,,,False
nanjing,frr_syslog_events,region,487,0,0.0,0,0,,0,,,False
nanjing,frr_syslog_events,facility,487,0,0.0,0,0,,0,,,False
nanjing,frr_syslog_events,severity,487,0,0.0,0,0,,0,,,False
nanjing,frr_syslog_events,severity_code,487,0,0.0,487,0,0.0,0,3.0,6.0,True
nanjing,frr_syslog_events,program,487,0,0.0,0,0,,0,,,False
nanjing,frr_syslog_events,pid,487,0,0.0,487,0,0.0,0,2669.0,18709.0,True
nanjing,frr_syslog_events,message,487,0,0.0,0,0,,0,,,False
nanjing,frr_syslog_events,inserted_at,487,0,0.0,0,0,,0,,,False
nanjing,interface_metrics,timestamp,1249740,0,0.0,0,0,,0,,,False
nanjing,interface_metrics,region,1249740,0,0.0,0,0,,0,,,False
nanjing,interface_metrics,node,1249740,0,0.0,0,0,,0,,,False
nanjing,interface_metrics,node_type,1249740,0,0.0,0,0,,0,,,False
nanjing,interface_metrics,interface_id,1249740,0,0.0,0,0,,0,,,False
nanjing,interface_metrics,if_role,1249740,967536,0.77418983,0,0,,0,,,False
nanjing,interface_metrics,rx_bytes_rate,1249740,0,0.0,1249740,795666,0.63666523,0,0.0,66119317.11111111,True
nanjing,interface_metrics,tx_bytes_rate,1249740,0,0.0,1249740,850606,0.68062637,0,0.0,66122065.37777778,True
nanjing,interface_metrics,rx_packets_rate,1249740,0,0.0,1249740,795666,0.63666523,0,0.0,208155.06666666668,True
nanjing,interface_metrics,tx_packets_rate,1249740,0,0.0,1249740,850606,0.68062637,0,0.0,208154.6222222222,True
nanjing,interface_metrics,rx_drop_rate,1249740,0,0.0,1249740,1249740,1.0,0,0.0,0.0,True
nanjing,interface_metrics,tx_drop_rate,1249740,0,0.0,1249740,1249740,1.0,0,0.0,0.0,True
nanjing,interface_metrics,rx_error_rate,1249740,0,0.0,1249740,1249740,1.0,0,0.0,0.0,True
nanjing,interface_metrics,tx_error_rate,1249740,0,0.0,1249740,1249740,1.0,0,0.0,0.0,True
nanjing,interface_metrics,carrier_changes,1249740,0,0.0,1249740,1249740,1.0,0,0.0,0.0,True
nanjing,node_metrics,timestamp,181424,0,0.0,0,0,,0,,,False
nanjing,node_metrics,region,181424,0,0.0,0,0,,0,,,False
nanjing,node_metrics,node,181424,0,0.0,0,0,,0,,,False
nanjing,node_metrics,node_type,181424,0,0.0,0,0,,0,,,False
nanjing,node_metrics,cpu_usage,181424,2,1.102e-05,181422,0,0.0,0,0.11666666612856602,100.0,True
nanjing,node_metrics,load1,181424,2,1.102e-05,181422,83228,0.45875362,0,0.0,32.31,True
nanjing,node_metrics,load5,181424,2,1.102e-05,181422,66890,0.36869839,0,0.0,31.55,True
nanjing,node_metrics,memory_available_ratio,181424,2,1.102e-05,181422,0,0.0,0,0.8347861610704587,0.9300477978865923,True
nanjing,node_metrics,swap_used_ratio,181424,2,1.102e-05,181422,83649,0.46107418,0,0.0,0.0003728870133276113,True
nanjing,node_metrics,disk_read_rate,181424,2,1.102e-05,181422,181231,0.99894721,0,0.0,5423889.066666666,True
nanjing,node_metrics,disk_write_rate,181424,2,1.102e-05,181422,12683,0.06990883,0,0.0,49741824.0,True
nanjing,node_metrics,disk_io_util,181424,2,1.102e-05,181422,12682,0.06990332,0,0.0,68.82666666665398,True
nanjing,node_metrics,filesystem_used_ratio,181424,2,1.102e-05,181422,0,0.0,0,0.18769296861512275,0.7820351704776878,True
nanjing,node_metrics,inode_used_ratio,181424,2,1.102e-05,181422,0,0.0,0,0.01158080176795706,0.025337842045998094,True
nanjing,node_metrics,open_fd_ratio,181424,2,1.102e-05,181422,0,0.0,0,1.0061396160665481e-16,0.006854016463668201,True
nanjing,node_metrics,process_count,181424,2,1.102e-05,181422,0,0.0,0,114.0,380.0,True
nanjing,routing_metrics,timestamp,5139599,0,0.0,0,0,,0,,,False
nanjing,routing_metrics,region,5139599,0,0.0,0,0,,0,,,False
nanjing,routing_metrics,node,5139599,0,0.0,0,0,,0,,,False
nanjing,routing_metrics,node_type,5139599,0,0.0,0,0,,0,,,False
nanjing,routing_metrics,metric_name,5139599,0,0.0,0,0,,0,,,False
nanjing,routing_metrics,label,5139599,362844,0.07059773,0,0,,0,,,False
nanjing,routing_metrics,value,5139599,241920,0.04706982,4897679,345773,0.07059936,0,0.0,4977291.0,True
nanjing,scrape_health,timestamp,262080,0,0.0,0,0,,0,,,False
nanjing,scrape_health,region,262080,0,0.0,0,0,,0,,,False
nanjing,scrape_health,target_id,262080,0,0.0,0,0,,0,,,False
nanjing,scrape_health,node,262080,0,0.0,0,0,,0,,,False
nanjing,scrape_health,exporter_type,262080,0,0.0,0,0,,0,,,False
nanjing,scrape_health,scrape_up,262080,0,0.0,262080,36,0.00013736,0,0.0,1.0,True
nanjing,scrape_health,scrape_duration_seconds,262080,0,0.0,262080,0,0.0,0,0.001864124,3.071296654,True
nanjing,scrape_health,scrape_samples,262080,0,0.0,262080,36,0.00013736,0,0.0,1624.0,True
nanjing,scrape_health,scrape_error,262080,262044,0.99986264,0,0,,0,,,False
nanjing,traffic_flow_metrics,id,52565,0,0.0,52565,0,0.0,0,86076.0,138640.0,True
nanjing,traffic_flow_metrics,timestamp_utc,52565,0,0.0,0,0,,0,,,False
nanjing,traffic_flow_metrics,prometheus_sample_time_utc,52565,0,0.0,0,0,,0,,,False
nanjing,traffic_flow_metrics,series_key,52565,0,0.0,0,0,,0,,,False
nanjing,traffic_flow_metrics,flow_type,52565,0,0.0,0,0,,0,,,False
nanjing,traffic_flow_metrics,source_region,52565,0,0.0,0,0,,0,,,False
nanjing,traffic_flow_metrics,source_ip,52565,0,0.0,0,0,,0,,,False
nanjing,traffic_flow_metrics,target_region,52565,0,0.0,0,0,,0,,,False
nanjing,traffic_flow_metrics,target_domain,52565,0,0.0,0,0,,0,,,False
nanjing,traffic_flow_metrics,protocol,52565,0,0.0,0,0,,0,,,False
nanjing,traffic_flow_metrics,dns_flow_active,52565,32602,0.62022258,19963,10276,0.51475229,0,0.0,1.0,True
nanjing,traffic_flow_metrics,dns_flow_batch_concurrency,52565,32602,0.62022258,19963,10276,0.51475229,0,0.0,5.0,True
nanjing,traffic_flow_metrics,dns_flow_batches_started_total,52565,32602,0.62022258,19963,0,0.0,0,47240.0,76181.0,True
nanjing,traffic_flow_metrics,dns_flow_batches_completed_total,52565,32602,0.62022258,19963,0,0.0,0,46566.0,75284.0,True
nanjing,traffic_flow_metrics,dns_flow_batches_failed_total,52565,32602,0.62022258,19963,0,0.0,0,674.0,897.0,True
nanjing,traffic_flow_metrics,dns_flow_batches_timeout_total,52565,32602,0.62022258,19963,0,0.0,0,674.0,897.0,True
nanjing,traffic_flow_metrics,dns_flow_requests_total,52565,32602,0.62022258,19963,0,0.0,0,2489813.0,4024123.0,True
nanjing,traffic_flow_metrics,dns_flow_success_total,52565,32602,0.62022258,19963,0,0.0,0,2476137.0,4005596.0,True
nanjing,traffic_flow_metrics,dns_flow_error_total,52565,32602,0.62022258,19963,0,0.0,0,13669.0,18511.0,True
nanjing,traffic_flow_metrics,dns_flow_bytes_sent_total,52565,32602,0.62022258,19963,0,0.0,0,117135336.0,189483399.0,True
nanjing,traffic_flow_metrics,dns_flow_bytes_received_total,52565,32602,0.62022258,19963,0,0.0,0,186467172.0,301640087.0,True
nanjing,traffic_flow_metrics,dns_flow_duration_seconds_sum,52565,32602,0.62022258,19963,0,0.0,0,949901.4396901955,1528122.6306865453,True
nanjing,traffic_flow_metrics,dns_flow_active_seconds_total,52565,32602,0.62022258,19963,0,0.0,0,949886.382856023,1528099.475406651,True
nanjing,traffic_flow_metrics,dns_flow_duration_seconds_count,52565,32602,0.62022258,19963,0,0.0,0,47240.0,76181.0,True
nanjing,traffic_flow_metrics,dns_flow_batch_duration_seconds,52565,32602,0.62022258,19963,0,0.0,0,10.050408239476383,45.00229080859572,True
nanjing,traffic_flow_metrics,dns_flow_last_batch_timestamp_seconds,52565,32602,0.62022258,19963,0,0.0,0,1787112001.1455271,1788321520.2863958,True
nanjing,traffic_flow_metrics,dns_flow_observed_qps,52565,32602,0.62022258,19963,0,0.0,0,0.03333333333333333,9.727118454843472,True
nanjing,traffic_flow_metrics,dns_flow_latency_mean_seconds,52565,32602,0.62022258,19963,0,0.0,0,0.02936932723969221,0.33033571382984517,True
nanjing,traffic_flow_metrics,dns_flow_latency_p95_seconds,52565,32602,0.62022258,19963,0,0.0,0,0.02940815221518278,2.47276941081509,True
nanjing,traffic_flow_metrics,dns_flow_request_latency_seconds_bucket_le_0_01,52565,32602,0.62022258,19963,19963,1.0,0,0.0,0.0,True
nanjing,traffic_flow_metrics,dns_flow_request_latency_seconds_bucket_le_0_025,52565,32602,0.62022258,19963,19963,1.0,0,0.0,0.0,True
nanjing,traffic_flow_metrics,dns_flow_request_latency_seconds_bucket_le_0_05,52565,32602,0.62022258,19963,0,0.0,0,2469648.0,3993978.0,True
nanjing,traffic_flow_metrics,dns_flow_request_latency_seconds_bucket_le_0_1,52565,32602,0.62022258,19963,0,0.0,0,2470238.0,3998582.0,True
nanjing,traffic_flow_metrics,dns_flow_request_latency_seconds_bucket_le_0_25,52565,32602,0.62022258,19963,0,0.0,0,2472479.0,4001678.0,True
nanjing,traffic_flow_metrics,dns_flow_request_latency_seconds_bucket_le_0_5,52565,32602,0.62022258,19963,0,0.0,0,2475721.0,4004962.0,True
nanjing,traffic_flow_metrics,dns_flow_request_latency_seconds_bucket_le_1,52565,32602,0.62022258,19963,0,0.0,0,2475870.0,4005162.0,True
nanjing,traffic_flow_metrics,dns_flow_request_latency_seconds_bucket_le_2_5,52565,32602,0.62022258,19963,0,0.0,0,2476083.0,4005515.0,True
nanjing,traffic_flow_metrics,dns_flow_request_latency_seconds_bucket_le_5,52565,32602,0.62022258,19963,0,0.0,0,2476137.0,4005596.0,True
nanjing,traffic_flow_metrics,dns_flow_request_latency_seconds_bucket_le_plus_inf,52565,32602,0.62022258,19963,0,0.0,0,2476137.0,4005596.0,True
nanjing,traffic_flow_metrics,dns_flow_request_latency_seconds_sum,52565,32602,0.62022258,19963,0,0.0,0,82060.68993247673,132138.02470502723,True
nanjing,traffic_flow_metrics,dns_flow_request_latency_seconds_count,52565,32602,0.62022258,19963,0,0.0,0,2476137.0,4005596.0,True
nanjing,traffic_flow_metrics,web_flow_active,52565,33832,0.64362218,18733,8721,0.46554209,0,0.0,1.0,True
nanjing,traffic_flow_metrics,web_flow_batch_concurrency,52565,33832,0.64362218,18733,8721,0.46554209,0,0.0,4.0,True
nanjing,traffic_flow_metrics,web_flow_batches_started_total,52565,33832,0.64362218,18733,0,0.0,0,28154.0,45348.0,True
nanjing,traffic_flow_metrics,web_flow_batches_completed_total,52565,33832,0.64362218,18733,0,0.0,0,27075.0,43741.0,True
nanjing,traffic_flow_metrics,web_flow_batches_failed_total,52565,33832,0.64362218,18733,0,0.0,0,1079.0,1607.0,True
nanjing,traffic_flow_metrics,web_flow_batches_timeout_total,52565,33832,0.64362218,18733,0,0.0,0,252.0,449.0,True
nanjing,traffic_flow_metrics,web_flow_requests_total,52565,33832,0.64362218,18733,0,0.0,0,2219609.0,3589617.0,True
nanjing,traffic_flow_metrics,web_flow_success_total,52565,33832,0.64362218,18733,0,0.0,0,2203863.0,3563229.0,True
nanjing,traffic_flow_metrics,web_flow_error_total,52565,33832,0.64362218,18733,0,0.0,0,15582.0,26103.0,True
nanjing,traffic_flow_metrics,web_flow_bytes_sent_total,52565,33832,0.64362218,18733,0,0.0,0,230896257.0,373236178.0,True
nanjing,traffic_flow_metrics,web_flow_bytes_received_total,52565,33832,0.64362218,18733,0,0.0,0,613288157.0,991637804.0,True
nanjing,traffic_flow_metrics,web_flow_duration_seconds_sum,52565,33832,0.64362218,18733,0,0.0,0,972126.5338755166,1572741.0310257329,True
nanjing,traffic_flow_metrics,web_flow_active_seconds_total,52565,33832,0.64362218,18733,0,0.0,0,972117.3391675483,1572727.109800513,True
nanjing,traffic_flow_metrics,web_flow_duration_seconds_count,52565,33832,0.64362218,18733,0,0.0,0,28154.0,45348.0,True
nanjing,traffic_flow_metrics,web_flow_batch_duration_seconds,52565,33832,0.64362218,18733,0,0.0,0,6.00439178571105,75.09684536419809,True
nanjing,traffic_flow_metrics,web_flow_last_batch_timestamp_seconds,52565,33832,0.64362218,18733,0,0.0,0,1787111977.6601171,1788321535.3711264,True
nanjing,traffic_flow_metrics,web_flow_observed_qps,52565,33832,0.64362218,18733,0,0.0,0,0.03333333333333333,7.985480519569885,True
nanjing,traffic_flow_metrics,web_flow_latency_mean_seconds,52565,33832,0.64362218,18733,0,0.0,0,0.013695440353139451,34.14016498764977,True
nanjing,traffic_flow_metrics,web_flow_latency_p95_seconds,52565,33832,0.64362218,18733,0,0.0,0,0.013695523142814636,34.2325264556799,True
nanjing,traffic_flow_metrics,web_flow_request_latency_seconds_bucket_le_0_01,52565,33832,0.64362218,18733,18733,1.0,0,0.0,0.0,True
nanjing,traffic_flow_metrics,web_flow_request_latency_seconds_bucket_le_0_025,52565,33832,0.64362218,18733,0,0.0,0,2053465.0,3320877.0,True
nanjing,traffic_flow_metrics,web_flow_request_latency_seconds_bucket_le_0_05,52565,33832,0.64362218,18733,0,0.0,0,2056260.0,3325253.0,True
nanjing,traffic_flow_metrics,web_flow_request_latency_seconds_bucket_le_0_1,52565,33832,0.64362218,18733,0,0.0,0,2056427.0,3325469.0,True
nanjing,traffic_flow_metrics,web_flow_request_latency_seconds_bucket_le_0_25,52565,33832,0.64362218,18733,0,0.0,0,2212205.0,3578367.0,True
nanjing,traffic_flow_metrics,web_flow_request_latency_seconds_bucket_le_0_5,52565,33832,0.64362218,18733,0,0.0,0,2212857.0,3579184.0,True
nanjing,traffic_flow_metrics,web_flow_request_latency_seconds_bucket_le_1,52565,33832,0.64362218,18733,0,0.0,0,2215460.0,3581788.0,True
nanjing,traffic_flow_metrics,web_flow_request_latency_seconds_bucket_le_2_5,52565,33832,0.64362218,18733,0,0.0,0,2215472.0,3581853.0,True
nanjing,traffic_flow_metrics,web_flow_request_latency_seconds_bucket_le_5,52565,33832,0.64362218,18733,0,0.0,0,2215477.0,3581862.0,True
nanjing,traffic_flow_metrics,web_flow_request_latency_seconds_bucket_le_plus_inf,52565,33832,0.64362218,18733,0,0.0,0,2216257.0,3583598.0,True
nanjing,traffic_flow_metrics,web_flow_request_latency_seconds_sum,52565,33832,0.64362218,18733,0,0.0,0,78083.11705607176,130098.13920258079,True
nanjing,traffic_flow_metrics,web_flow_request_latency_seconds_count,52565,33832,0.64362218,18733,0,0.0,0,2216257.0,3583598.0,True
nanjing,traffic_flow_metrics,auth_flow_active,52565,39465,0.75078474,13100,9281,0.70847328,0,0.0,1.0,True
nanjing,traffic_flow_metrics,auth_flow_batch_concurrency,52565,39465,0.75078474,13100,9281,0.70847328,0,0.0,4.0,True
nanjing,traffic_flow_metrics,auth_flow_batches_started_total,52565,39465,0.75078474,13100,0,0.0,0,18999.0,30489.0,True
nanjing,traffic_flow_metrics,auth_flow_batches_completed_total,52565,39465,0.75078474,13100,0,0.0,0,18391.0,29510.0,True
nanjing,traffic_flow_metrics,auth_flow_batches_failed_total,52565,39465,0.75078474,13100,0,0.0,0,607.0,978.0,True
nanjing,traffic_flow_metrics,auth_flow_batches_timeout_total,52565,39465,0.75078474,13100,0,0.0,0,127.0,261.0,True
nanjing,traffic_flow_metrics,auth_flow_requests_total,52565,39465,0.75078474,13100,0,0.0,0,431020.0,692995.0,True
nanjing,traffic_flow_metrics,auth_flow_success_total,52565,39465,0.75078474,13100,0,0.0,0,425930.0,683992.0,True
nanjing,traffic_flow_metrics,auth_flow_error_total,52565,39465,0.75078474,13100,0,0.0,0,5090.0,8999.0,True
nanjing,traffic_flow_metrics,auth_flow_bytes_sent_total,52565,39465,0.75078474,13100,0,0.0,0,84944712.0,136471116.0,True
nanjing,traffic_flow_metrics,auth_flow_bytes_received_total,52565,39465,0.75078474,13100,0,0.0,0,90092195.0,144719818.0,True
nanjing,traffic_flow_metrics,auth_flow_duration_seconds_sum,52565,39465,0.75078474,13100,0,0.0,0,374868.2904970669,602445.8818159732,True
nanjing,traffic_flow_metrics,auth_flow_active_seconds_total,52565,39465,0.75078474,13100,0,0.0,0,374880.5585061889,602448.5331668528,True
nanjing,traffic_flow_metrics,auth_flow_duration_seconds_count,52565,39465,0.75078474,13100,0,0.0,0,18998.0,30488.0,True
nanjing,traffic_flow_metrics,auth_flow_batch_duration_seconds,52565,39465,0.75078474,13100,0,0.0,0,6.004337347112596,60.0011469097808,True
nanjing,traffic_flow_metrics,auth_flow_last_batch_timestamp_seconds,52565,39465,0.75078474,13100,0,0.0,0,1787111918.9664054,1788321434.7442796,True
nanjing,traffic_flow_metrics,auth_flow_observed_qps,52565,39465,0.75078474,13100,0,0.0,0,0.2,4.209058430957634,True
nanjing,traffic_flow_metrics,auth_flow_latency_mean_seconds,52565,39465,0.75078474,13100,0,0.0,0,0.022068941593170167,1.8576176201924681,True
nanjing,traffic_flow_metrics,auth_flow_latency_p95_seconds,52565,39465,0.75078474,13100,0,0.0,0,0.022382846288383006,4.7991493349894885,True
nanjing,traffic_flow_metrics,auth_flow_request_latency_seconds_bucket_le_0_01,52565,39465,0.75078474,13100,13100,1.0,0,0.0,0.0,True
nanjing,traffic_flow_metrics,auth_flow_request_latency_seconds_bucket_le_0_025,52565,39465,0.75078474,13100,0,0.0,0,3210.0,5568.0,True
nanjing,traffic_flow_metrics,auth_flow_request_latency_seconds_bucket_le_0_05,52565,39465,0.75078474,13100,0,0.0,0,403026.0,647040.0,True
nanjing,traffic_flow_metrics,auth_flow_request_latency_seconds_bucket_le_0_1,52565,39465,0.75078474,13100,0,0.0,0,403293.0,647693.0,True
nanjing,traffic_flow_metrics,auth_flow_request_latency_seconds_bucket_le_0_25,52565,39465,0.75078474,13100,0,0.0,0,423848.0,682846.0,True
nanjing,traffic_flow_metrics,auth_flow_request_latency_seconds_bucket_le_0_5,52565,39465,0.75078474,13100,0,0.0,0,428700.0,689110.0,True
nanjing,traffic_flow_metrics,auth_flow_request_latency_seconds_bucket_le_1,52565,39465,0.75078474,13100,0,0.0,0,429260.0,689693.0,True
nanjing,traffic_flow_metrics,auth_flow_request_latency_seconds_bucket_le_2_5,52565,39465,0.75078474,13100,0,0.0,0,429547.0,690078.0,True
nanjing,traffic_flow_metrics,auth_flow_request_latency_seconds_bucket_le_5,52565,39465,0.75078474,13100,0,0.0,0,429561.0,690161.0,True
nanjing,traffic_flow_metrics,auth_flow_request_latency_seconds_bucket_le_plus_inf,52565,39465,0.75078474,13100,0,0.0,0,429561.0,690161.0,True
nanjing,traffic_flow_metrics,auth_flow_request_latency_seconds_sum,52565,39465,0.75078474,13100,0,0.0,0,21179.81550674187,33811.86828641454,True
nanjing,traffic_flow_metrics,auth_flow_request_latency_seconds_count,52565,39465,0.75078474,13100,0,0.0,0,429561.0,690161.0,True
nanjing,traffic_flow_metrics,elephant_flow_active,52565,51796,0.98537049,769,378,0.49154746,0,0.0,1.0,True
nanjing,traffic_flow_metrics,elephant_flow_batch_concurrency,52565,51796,0.98537049,769,378,0.49154746,0,0.0,4.0,True
nanjing,traffic_flow_metrics,elephant_flow_batches_started_total,52565,51796,0.98537049,769,0,0.0,0,24.0,61.0,True
nanjing,traffic_flow_metrics,elephant_flow_batches_completed_total,52565,51796,0.98537049,769,106,0.13784135,0,0.0,60.0,True
nanjing,traffic_flow_metrics,elephant_flow_batches_failed_total,52565,51796,0.98537049,769,186,0.24187256,0,0.0,58.0,True
nanjing,traffic_flow_metrics,elephant_flow_batches_timeout_total,52565,51796,0.98537049,769,769,1.0,0,0.0,0.0,True
nanjing,traffic_flow_metrics,elephant_flow_requests_total,52565,51796,0.98537049,769,106,0.13784135,0,0.0,144.0,True
nanjing,traffic_flow_metrics,elephant_flow_success_total,52565,51796,0.98537049,769,106,0.13784135,0,0.0,144.0,True
nanjing,traffic_flow_metrics,elephant_flow_error_total,52565,51796,0.98537049,769,769,1.0,0,0.0,0.0,True
nanjing,traffic_flow_metrics,elephant_flow_bytes_sent_total,52565,51796,0.98537049,769,106,0.13784135,0,0.0,38399763948.0,True
nanjing,traffic_flow_metrics,elephant_flow_bytes_received_total,52565,51796,0.98537049,769,106,0.13784135,0,0.0,38399763948.0,True
nanjing,traffic_flow_metrics,elephant_flow_duration_seconds_sum,52565,51796,0.98537049,769,0,0.0,0,1.7698635845445096,5297.575817172416,True
nanjing,traffic_flow_metrics,elephant_flow_active_seconds_total,52565,51796,0.98537049,769,0,0.0,0,1.7655666950158775,5297.532226650976,True
nanjing,traffic_flow_metrics,elephant_flow_duration_seconds_count,52565,51796,0.98537049,769,0,0.0,0,23.0,61.0,True
nanjing,traffic_flow_metrics,elephant_flow_batch_duration_seconds,52565,51796,0.98537049,769,0,0.0,0,0.03422979172319174,130.42366440966725,True
nanjing,traffic_flow_metrics,elephant_flow_last_batch_timestamp_seconds,52565,51796,0.98537049,769,0,0.0,0,1786998555.7022977,1788316247.3917603,True
nanjing,traffic_flow_metrics,elephant_flow_observed_qps,52565,52565,1.0,0,0,,0,,,True
nanjing,traffic_flow_metrics,elephant_flow_latency_mean_seconds,52565,52565,1.0,0,0,,0,,,True
nanjing,traffic_flow_metrics,elephant_flow_latency_p95_seconds,52565,52565,1.0,0,0,,0,,,True
nanjing,traffic_flow_metrics,elephant_flow_throughput_bps,52565,51902,0.98738704,663,0,0.0,0,19999772.7337159,99999544.86693217,True
nanjing,traffic_flow_metrics,elephant_flow_retransmits_total,52565,51796,0.98537049,769,769,1.0,0,0.0,0.0,True
nanjing,traffic_flow_metrics,elephant_flow_loss_rate,52565,51902,0.98738704,663,654,0.98642534,0,0.0,0.0007768409989261316,True
nanjing,traffic_flow_metrics,elephant_flow_jitter_seconds,52565,51902,0.98738704,663,0,0.0,0,3.77811209778289e-06,0.015327786199377018,True
shanghai,frr_syslog_events,id,566,0,0.0,566,0,0.0,0,1381.0,1946.0,True
shanghai,frr_syslog_events,received_at,566,0,0.0,0,0,,0,,,False
shanghai,frr_syslog_events,event_time,566,0,0.0,0,0,,0,,,False
shanghai,frr_syslog_events,received_at_raw,566,0,0.0,0,0,,0,,,False
shanghai,frr_syslog_events,event_time_raw,566,0,0.0,0,0,,0,,,False
shanghai,frr_syslog_events,source_ip,566,0,0.0,0,0,,0,,,False
shanghai,frr_syslog_events,hostname,566,0,0.0,0,0,,0,,,False
shanghai,frr_syslog_events,region,566,0,0.0,0,0,,0,,,False
shanghai,frr_syslog_events,facility,566,0,0.0,0,0,,0,,,False
shanghai,frr_syslog_events,severity,566,0,0.0,0,0,,0,,,False
shanghai,frr_syslog_events,severity_code,566,0,0.0,566,0,0.0,0,3.0,6.0,True
shanghai,frr_syslog_events,program,566,0,0.0,0,0,,0,,,False
shanghai,frr_syslog_events,pid,566,0,0.0,566,0,0.0,0,942.0,35275.0,True
shanghai,frr_syslog_events,message,566,0,0.0,0,0,,0,,,False
shanghai,frr_syslog_events,inserted_at,566,0,0.0,0,0,,0,,,False
shanghai,interface_metrics,timestamp,1208510,0,0.0,0,0,,0,,,False
shanghai,interface_metrics,region,1208510,0,0.0,0,0,,0,,,False
shanghai,interface_metrics,node,1208510,0,0.0,0,0,,0,,,False
shanghai,interface_metrics,node_type,1208510,0,0.0,0,0,,0,,,False
shanghai,interface_metrics,interface_id,1208510,0,0.0,0,0,,0,,,False
shanghai,interface_metrics,if_role,1208510,926488,0.7666366,0,0,,0,,,False
shanghai,interface_metrics,rx_bytes_rate,1208510,0,0.0,1208510,748335,0.61922119,0,0.0,66244332.06666667,True
shanghai,interface_metrics,tx_bytes_rate,1208510,0,0.0,1208510,827140,0.68442959,0,0.0,66532401.51111111,True
shanghai,interface_metrics,rx_packets_rate,1208510,0,0.0,1208510,748335,0.61922119,0,0.0,211941.48888888888,True
shanghai,interface_metrics,tx_packets_rate,1208510,0,0.0,1208510,827140,0.68442959,0,0.0,211942.5111111111,True
shanghai,interface_metrics,rx_drop_rate,1208510,0,0.0,1208510,1208510,1.0,0,0.0,0.0,True
shanghai,interface_metrics,tx_drop_rate,1208510,0,0.0,1208510,1208510,1.0,0,0.0,0.0,True
shanghai,interface_metrics,rx_error_rate,1208510,0,0.0,1208510,1208510,1.0,0,0.0,0.0,True
shanghai,interface_metrics,tx_error_rate,1208510,0,0.0,1208510,1208510,1.0,0,0.0,0.0,True
shanghai,interface_metrics,carrier_changes,1208510,0,0.0,1208510,1208510,1.0,0,0.0,0.0,True
shanghai,node_metrics,timestamp,181336,0,0.0,0,0,,0,,,False
shanghai,node_metrics,region,181336,0,0.0,0,0,,0,,,False
shanghai,node_metrics,node,181336,0,0.0,0,0,,0,,,False
shanghai,node_metrics,node_type,181336,0,0.0,0,0,,0,,,False
shanghai,node_metrics,cpu_usage,181336,5,2.757e-05,181331,0,0.0,0,0.12222222155995155,100.0,True
shanghai,node_metrics,load1,181336,0,0.0,181336,69203,0.38162858,0,0.0,30.55,True
shanghai,node_metrics,load5,181336,0,0.0,181336,48550,0.26773503,0,0.0,14.61,True
shanghai,node_metrics,memory_available_ratio,181336,0,0.0,181336,0,0.0,0,0.8342629811907082,0.9305274476636239,True
shanghai,node_metrics,swap_used_ratio,181336,0,0.0,181336,80536,0.44412582,0,0.0,0.00044155162959254226,True
shanghai,node_metrics,disk_read_rate,181336,5,2.757e-05,181331,181015,0.99825733,0,0.0,9066962.48888889,True
shanghai,node_metrics,disk_write_rate,181336,5,2.757e-05,181331,7148,0.03941962,0,0.0,148725122.84444445,True
shanghai,node_metrics,disk_io_util,181336,5,2.757e-05,181331,7148,0.03941962,0,0.0,196.651111111112,True
shanghai,node_metrics,filesystem_used_ratio,181336,0,0.0,181336,0,0.0,0,0.1877371330836033,0.7209702454465907,True
shanghai,node_metrics,inode_used_ratio,181336,0,0.0,181336,0,0.0,0,0.011579717950923385,0.025688794194435594,True
shanghai,node_metrics,open_fd_ratio,181336,0,0.0,181336,0,0.0,0,1.0061396160665481e-16,0.006733635612114532,True
shanghai,node_metrics,process_count,181336,0,0.0,181336,0,0.0,0,114.0,199.0,True
shanghai,routing_metrics,timestamp,5435086,0,0.0,0,0,,0,,,False
shanghai,routing_metrics,region,5435086,0,0.0,0,0,,0,,,False
shanghai,routing_metrics,node,5435086,0,0.0,0,0,,0,,,False
shanghai,routing_metrics,node_type,5435086,0,0.0,0,0,,0,,,False
shanghai,routing_metrics,metric_name,5435086,0,0.0,0,0,,0,,,False
shanghai,routing_metrics,label,5435086,362662,0.06672608,0,0,,0,,,False
shanghai,routing_metrics,value,5435086,241920,0.0445108,5193166,606352,0.1167596,0,0.0,5492234.0,True
shanghai,scrape_health,timestamp,262080,0,0.0,0,0,,0,,,False
shanghai,scrape_health,region,262080,0,0.0,0,0,,0,,,False
shanghai,scrape_health,target_id,262080,0,0.0,0,0,,0,,,False
shanghai,scrape_health,node,262080,0,0.0,0,0,,0,,,False
shanghai,scrape_health,exporter_type,262080,0,0.0,0,0,,0,,,False
shanghai,scrape_health,scrape_up,262080,0,0.0,262080,213,0.00081273,0,0.0,1.0,True
shanghai,scrape_health,scrape_duration_seconds,262080,0,0.0,262080,0,0.0,0,0.000362742,3.799671143,True
shanghai,scrape_health,scrape_samples,262080,0,0.0,262080,213,0.00081273,0,0.0,1594.0,True
shanghai,scrape_health,scrape_error,262080,261867,0.99918727,0,0,,0,,,False
shanghai,traffic_flow_metrics,id,52754,0,0.0,52754,0,0.0,0,86063.0,138816.0,True
shanghai,traffic_flow_metrics,timestamp_utc,52754,0,0.0,0,0,,0,,,False
shanghai,traffic_flow_metrics,prometheus_sample_time_utc,52754,0,0.0,0,0,,0,,,False
shanghai,traffic_flow_metrics,series_key,52754,0,0.0,0,0,,0,,,False
shanghai,traffic_flow_metrics,flow_type,52754,0,0.0,0,0,,0,,,False
shanghai,traffic_flow_metrics,source_region,52754,0,0.0,0,0,,0,,,False
shanghai,traffic_flow_metrics,source_ip,52754,0,0.0,0,0,,0,,,False
shanghai,traffic_flow_metrics,target_region,52754,0,0.0,0,0,,0,,,False
shanghai,traffic_flow_metrics,target_domain,52754,0,0.0,0,0,,0,,,False
shanghai,traffic_flow_metrics,protocol,52754,0,0.0,0,0,,0,,,False
shanghai,traffic_flow_metrics,dns_flow_active,52754,32809,0.6219244,19945,10256,0.51421409,0,0.0,1.0,True
shanghai,traffic_flow_metrics,dns_flow_batch_concurrency,52754,32809,0.6219244,19945,10256,0.51421409,0,0.0,5.0,True
shanghai,traffic_flow_metrics,dns_flow_batches_started_total,52754,32809,0.6219244,19945,0,0.0,0,47264.0,75989.0,True
shanghai,traffic_flow_metrics,dns_flow_batches_completed_total,52754,32809,0.6219244,19945,0,0.0,0,46683.0,75009.0,True
shanghai,traffic_flow_metrics,dns_flow_batches_failed_total,52754,32809,0.6219244,19945,0,0.0,0,580.0,980.0,True
shanghai,traffic_flow_metrics,dns_flow_batches_timeout_total,52754,32809,0.6219244,19945,0,0.0,0,580.0,980.0,True
shanghai,traffic_flow_metrics,dns_flow_requests_total,52754,32809,0.6219244,19945,0,0.0,0,2504406.0,4027561.0,True
shanghai,traffic_flow_metrics,dns_flow_success_total,52754,32809,0.6219244,19945,0,0.0,0,2492232.0,4007424.0,True
shanghai,traffic_flow_metrics,dns_flow_error_total,52754,32809,0.6219244,19945,0,0.0,0,12167.0,20125.0,True
shanghai,traffic_flow_metrics,dns_flow_bytes_sent_total,52754,32809,0.6219244,19945,0,0.0,0,117893587.0,189564350.0,True
shanghai,traffic_flow_metrics,dns_flow_bytes_received_total,52754,32809,0.6219244,19945,0,0.0,0,187676083.0,301772222.0,True
shanghai,traffic_flow_metrics,dns_flow_duration_seconds_sum,52754,32809,0.6219244,19945,0,0.0,0,950563.2700341674,1527669.679033345,True
shanghai,traffic_flow_metrics,dns_flow_active_seconds_total,52754,32809,0.6219244,19945,0,0.0,0,950538.8027172564,1527625.1020184616,True
shanghai,traffic_flow_metrics,dns_flow_duration_seconds_count,52754,32809,0.6219244,19945,0,0.0,0,47263.0,75989.0,True
shanghai,traffic_flow_metrics,dns_flow_batch_duration_seconds,52754,32809,0.6219244,19945,0,0.0,0,10.0503213070333,40.65971971862018,True
shanghai,traffic_flow_metrics,dns_flow_last_batch_timestamp_seconds,52754,32809,0.6219244,19945,0,0.0,0,1787111971.7306437,1788321445.1863847,True
shanghai,traffic_flow_metrics,dns_flow_observed_qps,52754,32809,0.6219244,19945,0,0.0,0,0.3,7.998291618942232,True
shanghai,traffic_flow_metrics,dns_flow_latency_mean_seconds,52754,32809,0.6219244,19945,0,0.0,0,0.02596148243173957,0.49457281331221264,True
shanghai,traffic_flow_metrics,dns_flow_latency_p95_seconds,52754,32809,0.6219244,19945,0,0.0,0,0.026011141948401928,2.6544006474781785,True
shanghai,traffic_flow_metrics,dns_flow_request_latency_seconds_bucket_le_0_01,52754,32809,0.6219244,19945,19945,1.0,0,0.0,0.0,True
shanghai,traffic_flow_metrics,dns_flow_request_latency_seconds_bucket_le_0_025,52754,32809,0.6219244,19945,19945,1.0,0,0.0,0.0,True
shanghai,traffic_flow_metrics,dns_flow_request_latency_seconds_bucket_le_0_05,52754,32809,0.6219244,19945,0,0.0,0,2491109.0,3998923.0,True
shanghai,traffic_flow_metrics,dns_flow_request_latency_seconds_bucket_le_0_1,52754,32809,0.6219244,19945,0,0.0,0,2491768.0,4004934.0,True
shanghai,traffic_flow_metrics,dns_flow_request_latency_seconds_bucket_le_0_25,52754,32809,0.6219244,19945,0,0.0,0,2491843.0,4005330.0,True
shanghai,traffic_flow_metrics,dns_flow_request_latency_seconds_bucket_le_0_5,52754,32809,0.6219244,19945,0,0.0,0,2491929.0,4006925.0,True
shanghai,traffic_flow_metrics,dns_flow_request_latency_seconds_bucket_le_1,52754,32809,0.6219244,19945,0,0.0,0,2492003.0,4007082.0,True
shanghai,traffic_flow_metrics,dns_flow_request_latency_seconds_bucket_le_2_5,52754,32809,0.6219244,19945,0,0.0,0,2492181.0,4007339.0,True
shanghai,traffic_flow_metrics,dns_flow_request_latency_seconds_bucket_le_5,52754,32809,0.6219244,19945,0,0.0,0,2492232.0,4007424.0,True
shanghai,traffic_flow_metrics,dns_flow_request_latency_seconds_bucket_le_plus_inf,52754,32809,0.6219244,19945,0,0.0,0,2492232.0,4007424.0,True
shanghai,traffic_flow_metrics,dns_flow_request_latency_seconds_sum,52754,32809,0.6219244,19945,0,0.0,0,67661.12374112569,109108.74809984025,True
shanghai,traffic_flow_metrics,dns_flow_request_latency_seconds_count,52754,32809,0.6219244,19945,0,0.0,0,2492232.0,4007424.0,True
shanghai,traffic_flow_metrics,web_flow_active,52754,33947,0.64349623,18807,8726,0.46397618,0,0.0,1.0,True
shanghai,traffic_flow_metrics,web_flow_batch_concurrency,52754,33947,0.64349623,18807,8726,0.46397618,0,0.0,4.0,True
shanghai,traffic_flow_metrics,web_flow_batches_started_total,52754,33947,0.64349623,18807,0,0.0,0,28297.0,45651.0,True
shanghai,traffic_flow_metrics,web_flow_batches_completed_total,52754,33947,0.64349623,18807,0,0.0,0,27321.0,44005.0,True
shanghai,traffic_flow_metrics,web_flow_batches_failed_total,52754,33947,0.64349623,18807,0,0.0,0,976.0,1645.0,True
shanghai,traffic_flow_metrics,web_flow_batches_timeout_total,52754,33947,0.64349623,18807,0,0.0,0,205.0,353.0,True
shanghai,traffic_flow_metrics,web_flow_requests_total,52754,33947,0.64349623,18807,0,0.0,0,2260525.0,3626047.0,True
shanghai,traffic_flow_metrics,web_flow_success_total,52754,33947,0.64349623,18807,0,0.0,0,2245167.0,3600584.0,True
shanghai,traffic_flow_metrics,web_flow_error_total,52754,33947,0.64349623,18807,0,0.0,0,15179.0,25182.0,True
shanghai,traffic_flow_metrics,web_flow_bytes_sent_total,52754,33947,0.64349623,18807,0,0.0,0,235025491.0,377014453.0,True
shanghai,traffic_flow_metrics,web_flow_bytes_received_total,52754,33947,0.64349623,18807,0,0.0,0,624794001.0,1002050340.0,True
shanghai,traffic_flow_metrics,web_flow_duration_seconds_sum,52754,33947,0.64349623,18807,0,0.0,0,980582.1826418964,1581532.8265935956,True
shanghai,traffic_flow_metrics,web_flow_active_seconds_total,52754,33947,0.64349623,18807,0,0.0,0,980560.7411552696,1581516.7817261415,True
shanghai,traffic_flow_metrics,web_flow_duration_seconds_count,52754,33947,0.64349623,18807,0,0.0,0,28297.0,45650.0,True
shanghai,traffic_flow_metrics,web_flow_batch_duration_seconds,52754,33947,0.64349623,18807,0,0.0,0,6.003891031257808,75.10300750937313,True
shanghai,traffic_flow_metrics,web_flow_last_batch_timestamp_seconds,52754,33947,0.64349623,18807,0,0.0,0,1787111978.6516082,1788321470.0462298,True
shanghai,traffic_flow_metrics,web_flow_observed_qps,52754,33947,0.64349623,18807,0,0.0,0,0.03333333333333333,7.993580928828588,True
shanghai,traffic_flow_metrics,web_flow_latency_mean_seconds,52754,33947,0.64349623,18807,0,0.0,0,0.0005364929636319478,34.058904216159135,True
shanghai,traffic_flow_metrics,web_flow_latency_p95_seconds,52754,33947,0.64349623,18807,0,0.0,0,0.0006390002556145191,34.066956258937715,True
shanghai,traffic_flow_metrics,web_flow_request_latency_seconds_bucket_le_0_01,52754,33947,0.64349623,18807,0,0.0,0,2256521.0,3617946.0,True
shanghai,traffic_flow_metrics,web_flow_request_latency_seconds_bucket_le_0_025,52754,33947,0.64349623,18807,0,0.0,0,2257041.0,3618466.0,True
shanghai,traffic_flow_metrics,web_flow_request_latency_seconds_bucket_le_0_05,52754,33947,0.64349623,18807,0,0.0,0,2257041.0,3618467.0,True
shanghai,traffic_flow_metrics,web_flow_request_latency_seconds_bucket_le_0_1,52754,33947,0.64349623,18807,0,0.0,0,2257041.0,3618467.0,True
shanghai,traffic_flow_metrics,web_flow_request_latency_seconds_bucket_le_0_25,52754,33947,0.64349623,18807,0,0.0,0,2257053.0,3618483.0,True
shanghai,traffic_flow_metrics,web_flow_request_latency_seconds_bucket_le_0_5,52754,33947,0.64349623,18807,0,0.0,0,2257053.0,3618715.0,True
shanghai,traffic_flow_metrics,web_flow_request_latency_seconds_bucket_le_1,52754,33947,0.64349623,18807,0,0.0,0,2257053.0,3619635.0,True
shanghai,traffic_flow_metrics,web_flow_request_latency_seconds_bucket_le_2_5,52754,33947,0.64349623,18807,0,0.0,0,2257066.0,3619652.0,True
shanghai,traffic_flow_metrics,web_flow_request_latency_seconds_bucket_le_5,52754,33947,0.64349623,18807,0,0.0,0,2257070.0,3619656.0,True
shanghai,traffic_flow_metrics,web_flow_request_latency_seconds_bucket_le_plus_inf,52754,33947,0.64349623,18807,0,0.0,0,2257943.0,3621533.0,True
shanghai,traffic_flow_metrics,web_flow_request_latency_seconds_sum,52754,33947,0.64349623,18807,0,0.0,0,13194.83308074344,27934.859036203474,True
shanghai,traffic_flow_metrics,web_flow_request_latency_seconds_count,52754,33947,0.64349623,18807,0,0.0,0,2257943.0,3621533.0,True
shanghai,traffic_flow_metrics,auth_flow_active,52754,39513,0.74900481,13241,9355,0.70651763,0,0.0,1.0,True
shanghai,traffic_flow_metrics,auth_flow_batch_concurrency,52754,39513,0.74900481,13241,9355,0.70651763,0,0.0,4.0,True
shanghai,traffic_flow_metrics,auth_flow_batches_started_total,52754,39513,0.74900481,13241,0,0.0,0,19050.0,30698.0,True
shanghai,traffic_flow_metrics,auth_flow_batches_completed_total,52754,39513,0.74900481,13241,0,0.0,0,18477.0,29694.0,True
shanghai,traffic_flow_metrics,auth_flow_batches_failed_total,52754,39513,0.74900481,13241,0,0.0,0,573.0,1004.0,True
shanghai,traffic_flow_metrics,auth_flow_batches_timeout_total,52754,39513,0.74900481,13241,0,0.0,0,150.0,278.0,True
shanghai,traffic_flow_metrics,auth_flow_requests_total,52754,39513,0.74900481,13241,0,0.0,0,436522.0,700602.0,True
shanghai,traffic_flow_metrics,auth_flow_success_total,52754,39513,0.74900481,13241,0,0.0,0,431513.0,692181.0,True
shanghai,traffic_flow_metrics,auth_flow_error_total,52754,39513,0.74900481,13241,0,0.0,0,5007.0,8419.0,True
shanghai,traffic_flow_metrics,auth_flow_bytes_sent_total,52754,39513,0.74900481,13241,0,0.0,0,86044479.0,138024946.0,True
shanghai,traffic_flow_metrics,auth_flow_bytes_received_total,52754,39513,0.74900481,13241,0,0.0,0,91208411.0,146308384.0,True
shanghai,traffic_flow_metrics,auth_flow_duration_seconds_sum,52754,39513,0.74900481,13241,0,0.0,0,377092.8725778074,608147.4657160104,True
shanghai,traffic_flow_metrics,auth_flow_active_seconds_total,52754,39513,0.74900481,13241,0,0.0,0,377075.1818219451,608117.8536563069,True
shanghai,traffic_flow_metrics,auth_flow_duration_seconds_count,52754,39513,0.74900481,13241,0,0.0,0,19050.0,30698.0,True
shanghai,traffic_flow_metrics,auth_flow_batch_duration_seconds,52754,39513,0.74900481,13241,0,0.0,0,6.004010680131614,39.2553321281448,True
shanghai,traffic_flow_metrics,auth_flow_last_batch_timestamp_seconds,52754,39513,0.74900481,13241,0,0.0,0,1787111985.993551,1788321544.7724771,True
shanghai,traffic_flow_metrics,auth_flow_observed_qps,52754,39513,0.74900481,13241,0,0.0,0,0.2,4.207255897586677,True
shanghai,traffic_flow_metrics,auth_flow_latency_mean_seconds,52754,39513,0.74900481,13241,0,0.0,0,0.03323889244347811,0.9649949707090855,True
shanghai,traffic_flow_metrics,auth_flow_latency_p95_seconds,52754,39513,0.74900481,13241,0,0.0,0,0.03338851695880294,3.0157909478526563,True
shanghai,traffic_flow_metrics,auth_flow_request_latency_seconds_bucket_le_0_01,52754,39513,0.74900481,13241,13241,1.0,0,0.0,0.0,True
shanghai,traffic_flow_metrics,auth_flow_request_latency_seconds_bucket_le_0_025,52754,39513,0.74900481,13241,13241,1.0,0,0.0,0.0,True
shanghai,traffic_flow_metrics,auth_flow_request_latency_seconds_bucket_le_0_05,52754,39513,0.74900481,13241,0,0.0,0,17093.0,68708.0,True
shanghai,traffic_flow_metrics,auth_flow_request_latency_seconds_bucket_le_0_1,52754,39513,0.74900481,13241,0,0.0,0,431527.0,693219.0,True
shanghai,traffic_flow_metrics,auth_flow_request_latency_seconds_bucket_le_0_25,52754,39513,0.74900481,13241,0,0.0,0,431786.0,694276.0,True
shanghai,traffic_flow_metrics,auth_flow_request_latency_seconds_bucket_le_0_5,52754,39513,0.74900481,13241,0,0.0,0,434947.0,697446.0,True
shanghai,traffic_flow_metrics,auth_flow_request_latency_seconds_bucket_le_1,52754,39513,0.74900481,13241,0,0.0,0,434951.0,697677.0,True
shanghai,traffic_flow_metrics,auth_flow_request_latency_seconds_bucket_le_2_5,52754,39513,0.74900481,13241,0,0.0,0,434962.0,697812.0,True
shanghai,traffic_flow_metrics,auth_flow_request_latency_seconds_bucket_le_5,52754,39513,0.74900481,13241,0,0.0,0,434966.0,697822.0,True
shanghai,traffic_flow_metrics,auth_flow_request_latency_seconds_bucket_le_plus_inf,52754,39513,0.74900481,13241,0,0.0,0,434966.0,697822.0,True
shanghai,traffic_flow_metrics,auth_flow_request_latency_seconds_sum,52754,39513,0.74900481,13241,0,0.0,0,23229.104693160858,36990.48368848534,True
shanghai,traffic_flow_metrics,auth_flow_request_latency_seconds_count,52754,39513,0.74900481,13241,0,0.0,0,434966.0,697822.0,True
shanghai,traffic_flow_metrics,elephant_flow_active,52754,51993,0.98557455,761,370,0.48620237,0,0.0,1.0,True
shanghai,traffic_flow_metrics,elephant_flow_batch_concurrency,52754,51993,0.98557455,761,370,0.48620237,0,0.0,4.0,True
shanghai,traffic_flow_metrics,elephant_flow_batches_started_total,52754,51993,0.98557455,761,0,0.0,0,21.0,61.0,True
shanghai,traffic_flow_metrics,elephant_flow_batches_completed_total,52754,51993,0.98557455,761,107,0.14060447,0,0.0,58.0,True
shanghai,traffic_flow_metrics,elephant_flow_batches_failed_total,52754,51993,0.98557455,761,329,0.43232589,0,0.0,61.0,True
shanghai,traffic_flow_metrics,elephant_flow_batches_timeout_total,52754,51993,0.98557455,761,761,1.0,0,0.0,0.0,True
shanghai,traffic_flow_metrics,elephant_flow_requests_total,52754,51993,0.98557455,761,107,0.14060447,0,0.0,146.0,True
shanghai,traffic_flow_metrics,elephant_flow_success_total,52754,51993,0.98557455,761,107,0.14060447,0,0.0,146.0,True
shanghai,traffic_flow_metrics,elephant_flow_error_total,52754,51993,0.98557455,761,761,1.0,0,0.0,0.0,True
shanghai,traffic_flow_metrics,elephant_flow_bytes_sent_total,52754,51993,0.98557455,761,107,0.14060447,0,0.0,35249775876.0,True
shanghai,traffic_flow_metrics,elephant_flow_bytes_received_total,52754,51993,0.98557455,761,107,0.14060447,0,0.0,35249775876.0,True
shanghai,traffic_flow_metrics,elephant_flow_duration_seconds_sum,52754,51993,0.98557455,761,0,0.0,0,0.8510885140858591,5327.311239499599,True
shanghai,traffic_flow_metrics,elephant_flow_active_seconds_total,52754,51993,0.98557455,761,0,0.0,0,0.8477331283502281,5327.303627350833,True
shanghai,traffic_flow_metrics,elephant_flow_duration_seconds_count,52754,51993,0.98557455,761,0,0.0,0,20.0,61.0,True
shanghai,traffic_flow_metrics,elephant_flow_batch_duration_seconds,52754,51993,0.98557455,761,0,0.0,0,0.028817126527428627,136.2338617676869,True
shanghai,traffic_flow_metrics,elephant_flow_last_batch_timestamp_seconds,52754,51993,0.98557455,761,0,0.0,0,1786858662.9404657,1788321354.5174384,True
shanghai,traffic_flow_metrics,elephant_flow_observed_qps,52754,52754,1.0,0,0,,0,,,True
shanghai,traffic_flow_metrics,elephant_flow_latency_mean_seconds,52754,52754,1.0,0,0,,0,,,True
shanghai,traffic_flow_metrics,elephant_flow_latency_p95_seconds,52754,52754,1.0,0,0,,0,,,True
shanghai,traffic_flow_metrics,elephant_flow_throughput_bps,52754,52100,0.98760284,654,0,0.0,0,19999780.066956244,99999549.86690675,True
shanghai,traffic_flow_metrics,elephant_flow_retransmits_total,52754,51993,0.98557455,761,761,1.0,0,0.0,0.0,True
shanghai,traffic_flow_metrics,elephant_flow_loss_rate,52754,52100,0.98760284,654,649,0.99235474,0,0.0,0.0007806490430385146,True
shanghai,traffic_flow_metrics,elephant_flow_jitter_seconds,52754,52100,0.98760284,654,0,0.0,0,1.661521495914944e-05,0.0683063938787719,True
shenyang,frr_syslog_events,id,334,0,0.0,334,0,0.0,0,411.0,744.0,True
shenyang,frr_syslog_events,received_at,334,0,0.0,0,0,,0,,,False
shenyang,frr_syslog_events,event_time,334,0,0.0,0,0,,0,,,False
shenyang,frr_syslog_events,received_at_raw,334,0,0.0,0,0,,0,,,False
shenyang,frr_syslog_events,event_time_raw,334,0,0.0,0,0,,0,,,False
shenyang,frr_syslog_events,source_ip,334,0,0.0,0,0,,0,,,False
shenyang,frr_syslog_events,hostname,334,0,0.0,0,0,,0,,,False
shenyang,frr_syslog_events,region,334,0,0.0,0,0,,0,,,False
shenyang,frr_syslog_events,facility,334,0,0.0,0,0,,0,,,False
shenyang,frr_syslog_events,severity,334,0,0.0,0,0,,0,,,False
shenyang,frr_syslog_events,severity_code,334,0,0.0,334,0,0.0,0,3.0,6.0,True
shenyang,frr_syslog_events,program,334,0,0.0,0,0,,0,,,False
shenyang,frr_syslog_events,pid,334,0,0.0,334,0,0.0,0,123791.0,125793.0,True
shenyang,frr_syslog_events,message,334,0,0.0,0,0,,0,,,False
shenyang,frr_syslog_events,inserted_at,334,0,0.0,0,0,,0,,,False
shenyang,interface_metrics,timestamp,1209076,0,0.0,0,0,,0,,,False
shenyang,interface_metrics,region,1209076,0,0.0,0,0,,0,,,False
shenyang,interface_metrics,node,1209076,0,0.0,0,0,,0,,,False
shenyang,interface_metrics,node_type,1209076,0,0.0,0,0,,0,,,False
shenyang,interface_metrics,interface_id,1209076,0,0.0,0,0,,0,,,False
shenyang,interface_metrics,if_role,1209076,926946,0.76665652,0,0,,0,,,False
shenyang,interface_metrics,rx_bytes_rate,1209076,0,0.0,1209076,753698,0.62336693,0,0.0,18561800.733333334,True
shenyang,interface_metrics,tx_bytes_rate,1209076,0,0.0,1209076,827384,0.68431099,0,0.0,18573099.288888887,True
shenyang,interface_metrics,rx_packets_rate,1209076,0,0.0,1209076,753698,0.62336693,0,0.0,97695.3111111111,True
shenyang,interface_metrics,tx_packets_rate,1209076,0,0.0,1209076,827384,0.68431099,0,0.0,97693.97777777776,True
shenyang,interface_metrics,rx_drop_rate,1209076,0,0.0,1209076,1209076,1.0,0,0.0,0.0,True
shenyang,interface_metrics,tx_drop_rate,1209076,0,0.0,1209076,1209076,1.0,0,0.0,0.0,True
shenyang,interface_metrics,rx_error_rate,1209076,0,0.0,1209076,1209076,1.0,0,0.0,0.0,True
shenyang,interface_metrics,tx_error_rate,1209076,0,0.0,1209076,1209076,1.0,0,0.0,0.0,True
shenyang,interface_metrics,carrier_changes,1209076,0,0.0,1209076,1209076,1.0,0,0.0,0.0,True
shenyang,node_metrics,timestamp,181372,0,0.0,0,0,,0,,,False
shenyang,node_metrics,region,181372,0,0.0,0,0,,0,,,False
shenyang,node_metrics,node,181372,0,0.0,0,0,,0,,,False
shenyang,node_metrics,node_type,181372,0,0.0,0,0,,0,,,False
shenyang,node_metrics,cpu_usage,181372,0,0.0,181372,0,0.0,0,0.09444444414435793,100.0,True
shenyang,node_metrics,load1,181372,2,1.103e-05,181370,85881,0.47351271,0,0.0,64.22,True
shenyang,node_metrics,load5,181372,2,1.103e-05,181370,71908,0.3964713,0,0.0,61.57,True
shenyang,node_metrics,memory_available_ratio,181372,2,1.103e-05,181370,0,0.0,0,0.8319340568472396,0.9324088201998326,True
shenyang,node_metrics,swap_used_ratio,181372,2,1.103e-05,181370,181370,1.0,0,0.0,0.0,True
shenyang,node_metrics,disk_read_rate,181372,0,0.0,181372,181307,0.99964162,0,0.0,1704447.9999999998,True
shenyang,node_metrics,disk_write_rate,181372,0,0.0,181372,14211,0.07835278,0,0.0,53963070.57777777,True
shenyang,node_metrics,disk_io_util,181372,0,0.0,181372,14209,0.07834175,0,0.0,75.59111111110218,True
shenyang,node_metrics,filesystem_used_ratio,181372,2,1.103e-05,181370,0,0.0,0,0.19362305224656617,0.8520352721083915,True
shenyang,node_metrics,inode_used_ratio,181372,2,1.103e-05,181370,0,0.0,0,0.011583663044925863,0.025996616908482095,True
shenyang,node_metrics,open_fd_ratio,181372,2,1.103e-05,181370,0,0.0,0,1.0061396160665481e-16,0.006854085144972919,True
shenyang,node_metrics,process_count,181372,2,1.103e-05,181370,0,0.0,0,114.0,387.0,True
shenyang,routing_metrics,timestamp,5158214,0,0.0,0,0,,0,,,False
shenyang,routing_metrics,region,5158214,0,0.0,0,0,,0,,,False
shenyang,routing_metrics,node,5158214,0,0.0,0,0,,0,,,False
shenyang,routing_metrics,node_type,5158214,0,0.0,0,0,,0,,,False
shenyang,routing_metrics,metric_name,5158214,0,0.0,0,0,,0,,,False
shenyang,routing_metrics,label,5158214,362792,0.07033287,0,0,,0,,,False
shenyang,routing_metrics,value,5158214,241920,0.04689995,4916294,765804,0.15576855,0,0.0,3592650.0,True
shenyang,scrape_health,timestamp,262080,0,0.0,0,0,,0,,,False
shenyang,scrape_health,region,262080,0,0.0,0,0,,0,,,False
shenyang,scrape_health,target_id,262080,0,0.0,0,0,,0,,,False
shenyang,scrape_health,node,262080,0,0.0,0,0,,0,,,False
shenyang,scrape_health,exporter_type,262080,0,0.0,0,0,,0,,,False
shenyang,scrape_health,scrape_up,262080,0,0.0,262080,114,0.00043498,0,0.0,1.0,True
shenyang,scrape_health,scrape_duration_seconds,262080,0,0.0,262080,0,0.0,0,0.000361758,3.080334792,True
shenyang,scrape_health,scrape_samples,262080,0,0.0,262080,114,0.00043498,0,0.0,1601.0,True
shenyang,scrape_health,scrape_error,262080,261966,0.99956502,0,0,,0,,,False
shenyang,traffic_flow_metrics,id,52686,0,0.0,52686,0,0.0,0,85884.0,138569.0,True
shenyang,traffic_flow_metrics,timestamp_utc,52686,0,0.0,0,0,,0,,,False
shenyang,traffic_flow_metrics,prometheus_sample_time_utc,52686,0,0.0,0,0,,0,,,False
shenyang,traffic_flow_metrics,series_key,52686,0,0.0,0,0,,0,,,False
shenyang,traffic_flow_metrics,flow_type,52686,0,0.0,0,0,,0,,,False
shenyang,traffic_flow_metrics,source_region,52686,0,0.0,0,0,,0,,,False
shenyang,traffic_flow_metrics,source_ip,52686,0,0.0,0,0,,0,,,False
shenyang,traffic_flow_metrics,target_region,52686,0,0.0,0,0,,0,,,False
shenyang,traffic_flow_metrics,target_domain,52686,0,0.0,0,0,,0,,,False
shenyang,traffic_flow_metrics,protocol,52686,0,0.0,0,0,,0,,,False
shenyang,traffic_flow_metrics,dns_flow_active,52686,32730,0.62122765,19956,10323,0.51728803,0,0.0,1.0,True
shenyang,traffic_flow_metrics,dns_flow_batch_concurrency,52686,32730,0.62122765,19956,10323,0.51728803,0,0.0,5.0,True
shenyang,traffic_flow_metrics,dns_flow_batches_started_total,52686,32730,0.62122765,19956,0,0.0,0,47385.0,76215.0,True
shenyang,traffic_flow_metrics,dns_flow_batches_completed_total,52686,32730,0.62122765,19956,0,0.0,0,46823.0,75357.0,True
shenyang,traffic_flow_metrics,dns_flow_batches_failed_total,52686,32730,0.62122765,19956,0,0.0,0,562.0,858.0,True
shenyang,traffic_flow_metrics,dns_flow_batches_timeout_total,52686,32730,0.62122765,19956,0,0.0,0,561.0,857.0,True
shenyang,traffic_flow_metrics,dns_flow_requests_total,52686,32730,0.62122765,19956,0,0.0,0,2498467.0,4018354.0,True
shenyang,traffic_flow_metrics,dns_flow_success_total,52686,32730,0.62122765,19956,0,0.0,0,2486889.0,4000522.0,True
shenyang,traffic_flow_metrics,dns_flow_error_total,52686,32730,0.62122765,19956,0,0.0,0,11578.0,17832.0,True
shenyang,traffic_flow_metrics,dns_flow_bytes_sent_total,52686,32730,0.62122765,19956,0,0.0,0,117643326.0,189243312.0,True
shenyang,traffic_flow_metrics,dns_flow_bytes_received_total,52686,32730,0.62122765,19956,0,0.0,0,187276218.0,301257928.0,True
shenyang,traffic_flow_metrics,dns_flow_duration_seconds_sum,52686,32730,0.62122765,19956,0,0.0,0,951374.9870568719,1528331.5647536423,True
shenyang,traffic_flow_metrics,dns_flow_active_seconds_total,52686,32730,0.62122765,19956,0,0.0,0,951354.4896497745,1528302.2266462762,True
shenyang,traffic_flow_metrics,dns_flow_duration_seconds_count,52686,32730,0.62122765,19956,0,0.0,0,47385.0,76215.0,True
shenyang,traffic_flow_metrics,dns_flow_batch_duration_seconds,52686,32730,0.62122765,19956,0,0.0,0,10.050354136154056,32.87839210079983,True
shenyang,traffic_flow_metrics,dns_flow_last_batch_timestamp_seconds,52686,32730,0.62122765,19956,0,0.0,0,1787111989.9113028,1788321566.4283042,True
shenyang,traffic_flow_metrics,dns_flow_observed_qps,52686,32730,0.62122765,19956,0,0.0,0,0.3333333333333333,9.78420590284074,True
shenyang,traffic_flow_metrics,dns_flow_latency_mean_seconds,52686,32730,0.62122765,19956,0,0.0,0,0.01182544098701328,0.367708323190787,True
shenyang,traffic_flow_metrics,dns_flow_latency_p95_seconds,52686,32730,0.62122765,19956,0,0.0,0,0.011965060140937567,2.7455393546260893,True
shenyang,traffic_flow_metrics,dns_flow_request_latency_seconds_bucket_le_0_01,52686,32730,0.62122765,19956,19956,1.0,0,0.0,0.0,True
shenyang,traffic_flow_metrics,dns_flow_request_latency_seconds_bucket_le_0_025,52686,32730,0.62122765,19956,0,0.0,0,2485255.0,3998493.0,True
shenyang,traffic_flow_metrics,dns_flow_request_latency_seconds_bucket_le_0_05,52686,32730,0.62122765,19956,0,0.0,0,2485376.0,3998691.0,True
shenyang,traffic_flow_metrics,dns_flow_request_latency_seconds_bucket_le_0_1,52686,32730,0.62122765,19956,0,0.0,0,2485512.0,3998837.0,True
shenyang,traffic_flow_metrics,dns_flow_request_latency_seconds_bucket_le_0_25,52686,32730,0.62122765,19956,0,0.0,0,2485991.0,3999362.0,True
shenyang,traffic_flow_metrics,dns_flow_request_latency_seconds_bucket_le_0_5,52686,32730,0.62122765,19956,0,0.0,0,2486621.0,4000032.0,True
shenyang,traffic_flow_metrics,dns_flow_request_latency_seconds_bucket_le_1,52686,32730,0.62122765,19956,0,0.0,0,2486703.0,4000164.0,True
shenyang,traffic_flow_metrics,dns_flow_request_latency_seconds_bucket_le_2_5,52686,32730,0.62122765,19956,0,0.0,0,2486841.0,4000436.0,True
shenyang,traffic_flow_metrics,dns_flow_request_latency_seconds_bucket_le_5,52686,32730,0.62122765,19956,0,0.0,0,2486889.0,4000522.0,True
shenyang,traffic_flow_metrics,dns_flow_request_latency_seconds_bucket_le_plus_inf,52686,32730,0.62122765,19956,0,0.0,0,2486889.0,4000522.0,True
shenyang,traffic_flow_metrics,dns_flow_request_latency_seconds_sum,52686,32730,0.62122765,19956,0,0.0,0,31794.880322289653,51079.453578315675,True
shenyang,traffic_flow_metrics,dns_flow_request_latency_seconds_count,52686,32730,0.62122765,19956,0,0.0,0,2486889.0,4000522.0,True
shenyang,traffic_flow_metrics,web_flow_active,52686,33881,0.64307406,18805,8794,0.46764158,0,0.0,1.0,True
shenyang,traffic_flow_metrics,web_flow_batch_concurrency,52686,33881,0.64307406,18805,8794,0.46764158,0,0.0,4.0,True
shenyang,traffic_flow_metrics,web_flow_batches_started_total,52686,33881,0.64307406,18805,0,0.0,0,28326.0,45683.0,True
shenyang,traffic_flow_metrics,web_flow_batches_completed_total,52686,33881,0.64307406,18805,0,0.0,0,27339.0,44110.0,True
shenyang,traffic_flow_metrics,web_flow_batches_failed_total,52686,33881,0.64307406,18805,0,0.0,0,986.0,1573.0,True
shenyang,traffic_flow_metrics,web_flow_batches_timeout_total,52686,33881,0.64307406,18805,0,0.0,0,247.0,433.0,True
shenyang,traffic_flow_metrics,web_flow_requests_total,52686,33881,0.64307406,18805,0,0.0,0,2218965.0,3596469.0,True
shenyang,traffic_flow_metrics,web_flow_success_total,52686,33881,0.64307406,18805,0,0.0,0,2203183.0,3568385.0,True
shenyang,traffic_flow_metrics,web_flow_error_total,52686,33881,0.64307406,18805,0,0.0,0,15631.0,27841.0,True
shenyang,traffic_flow_metrics,web_flow_bytes_sent_total,52686,33881,0.64307406,18805,0,0.0,0,230639330.0,373649677.0,True
shenyang,traffic_flow_metrics,web_flow_bytes_received_total,52686,33881,0.64307406,18805,0,0.0,0,613023090.0,993139903.0,True
shenyang,traffic_flow_metrics,web_flow_duration_seconds_sum,52686,33881,0.64307406,18805,0,0.0,0,978373.0658739987,1581166.7754698554,True
shenyang,traffic_flow_metrics,web_flow_active_seconds_total,52686,33881,0.64307406,18805,0,0.0,0,978383.0078323067,1581151.7912380125,True
shenyang,traffic_flow_metrics,web_flow_duration_seconds_count,52686,33881,0.64307406,18805,0,0.0,0,28325.0,45683.0,True
shenyang,traffic_flow_metrics,web_flow_batch_duration_seconds,52686,33881,0.64307406,18805,0,0.0,0,6.004794070031494,76.62544895336032,True
shenyang,traffic_flow_metrics,web_flow_last_batch_timestamp_seconds,52686,33881,0.64307406,18805,0,0.0,0,1787111979.3678663,1788321556.898715,True
shenyang,traffic_flow_metrics,web_flow_observed_qps,52686,33881,0.64307406,18805,0,0.0,0,0.03333333333333333,7.9681311065905085,True
shenyang,traffic_flow_metrics,web_flow_latency_mean_seconds,52686,33881,0.64307406,18805,0,0.0,0,0.07246724103266994,34.17857810668647,True
shenyang,traffic_flow_metrics,web_flow_latency_p95_seconds,52686,33881,0.64307406,18805,0,0.0,0,0.07259052926674485,34.30907639095094,True
shenyang,traffic_flow_metrics,web_flow_request_latency_seconds_bucket_le_0_01,52686,33881,0.64307406,18805,18805,1.0,0,0.0,0.0,True
shenyang,traffic_flow_metrics,web_flow_request_latency_seconds_bucket_le_0_025,52686,33881,0.64307406,18805,18805,1.0,0,0.0,0.0,True
shenyang,traffic_flow_metrics,web_flow_request_latency_seconds_bucket_le_0_05,52686,33881,0.64307406,18805,18805,1.0,0,0.0,0.0,True
shenyang,traffic_flow_metrics,web_flow_request_latency_seconds_bucket_le_0_1,52686,33881,0.64307406,18805,0,0.0,0,2016629.0,3256488.0,True
shenyang,traffic_flow_metrics,web_flow_request_latency_seconds_bucket_le_0_25,52686,33881,0.64307406,18805,0,0.0,0,2019346.0,3263550.0,True
shenyang,traffic_flow_metrics,web_flow_request_latency_seconds_bucket_le_0_5,52686,33881,0.64307406,18805,0,0.0,0,2212735.0,3585500.0,True
shenyang,traffic_flow_metrics,web_flow_request_latency_seconds_bucket_le_1,52686,33881,0.64307406,18805,0,0.0,0,2213527.0,3586364.0,True
shenyang,traffic_flow_metrics,web_flow_request_latency_seconds_bucket_le_2_5,52686,33881,0.64307406,18805,0,0.0,0,2214191.0,3587272.0,True
shenyang,traffic_flow_metrics,web_flow_request_latency_seconds_bucket_le_5,52686,33881,0.64307406,18805,0,0.0,0,2214501.0,3587691.0,True
shenyang,traffic_flow_metrics,web_flow_request_latency_seconds_bucket_le_plus_inf,52686,33881,0.64307406,18805,0,0.0,0,2215210.0,3589239.0,True
shenyang,traffic_flow_metrics,web_flow_request_latency_seconds_sum,52686,33881,0.64307406,18805,0,0.0,0,222612.9997678683,366603.281268761,True
shenyang,traffic_flow_metrics,web_flow_request_latency_seconds_count,52686,33881,0.64307406,18805,0,0.0,0,2215210.0,3589239.0,True
shenyang,traffic_flow_metrics,auth_flow_active,52686,39584,0.75131914,13102,9236,0.70493054,0,0.0,1.0,True
shenyang,traffic_flow_metrics,auth_flow_batch_concurrency,52686,39584,0.75131914,13102,9236,0.70493054,0,0.0,4.0,True
shenyang,traffic_flow_metrics,auth_flow_batches_started_total,52686,39584,0.75131914,13102,0,0.0,0,18733.0,30230.0,True
shenyang,traffic_flow_metrics,auth_flow_batches_completed_total,52686,39584,0.75131914,13102,0,0.0,0,18151.0,29264.0,True
shenyang,traffic_flow_metrics,auth_flow_batches_failed_total,52686,39584,0.75131914,13102,0,0.0,0,581.0,966.0,True
shenyang,traffic_flow_metrics,auth_flow_batches_timeout_total,52686,39584,0.75131914,13102,0,0.0,0,158.0,282.0,True
shenyang,traffic_flow_metrics,auth_flow_requests_total,52686,39584,0.75131914,13102,0,0.0,0,431796.0,693293.0,True
shenyang,traffic_flow_metrics,auth_flow_success_total,52686,39584,0.75131914,13102,0,0.0,0,427042.0,685004.0,True
shenyang,traffic_flow_metrics,auth_flow_error_total,52686,39584,0.75131914,13102,0,0.0,0,4754.0,8289.0,True
shenyang,traffic_flow_metrics,auth_flow_bytes_sent_total,52686,39584,0.75131914,13102,0,0.0,0,85107571.0,136590184.0,True
shenyang,traffic_flow_metrics,auth_flow_bytes_received_total,52686,39584,0.75131914,13102,0,0.0,0,90249965.0,144833274.0,True
shenyang,traffic_flow_metrics,auth_flow_duration_seconds_sum,52686,39584,0.75131914,13102,0,0.0,0,373733.32555131917,602714.1135308004,True
shenyang,traffic_flow_metrics,auth_flow_active_seconds_total,52686,39584,0.75131914,13102,0,0.0,0,373722.4131064741,602695.1685992419,True
shenyang,traffic_flow_metrics,auth_flow_duration_seconds_count,52686,39584,0.75131914,13102,0,0.0,0,18732.0,30230.0,True
shenyang,traffic_flow_metrics,auth_flow_batch_duration_seconds,52686,39584,0.75131914,13102,0,0.0,0,6.0043606730178,39.23745864117518,True
shenyang,traffic_flow_metrics,auth_flow_last_batch_timestamp_seconds,52686,39584,0.75131914,13102,0,0.0,0,1787111804.8194804,1788321535.8613079,True
shenyang,traffic_flow_metrics,auth_flow_observed_qps,52686,39584,0.75131914,13102,0,0.0,0,0.2,4.176084899793248,True
shenyang,traffic_flow_metrics,auth_flow_latency_mean_seconds,52686,39584,0.75131914,13102,0,0.0,0,0.061049730400554836,0.3294715646188706,True
shenyang,traffic_flow_metrics,auth_flow_latency_p95_seconds,52686,39584,0.75131914,13102,0,0.0,0,0.06110253604128957,0.34125763282645494,True
shenyang,traffic_flow_metrics,auth_flow_request_latency_seconds_bucket_le_0_01,52686,39584,0.75131914,13102,13102,1.0,0,0.0,0.0,True
shenyang,traffic_flow_metrics,auth_flow_request_latency_seconds_bucket_le_0_025,52686,39584,0.75131914,13102,13102,1.0,0,0.0,0.0,True
shenyang,traffic_flow_metrics,auth_flow_request_latency_seconds_bucket_le_0_05,52686,39584,0.75131914,13102,13102,1.0,0,0.0,0.0,True
shenyang,traffic_flow_metrics,auth_flow_request_latency_seconds_bucket_le_0_1,52686,39584,0.75131914,13102,0,0.0,0,387658.0,622163.0,True
shenyang,traffic_flow_metrics,auth_flow_request_latency_seconds_bucket_le_0_25,52686,39584,0.75131914,13102,0,0.0,0,388890.0,623552.0,True
shenyang,traffic_flow_metrics,auth_flow_request_latency_seconds_bucket_le_0_5,52686,39584,0.75131914,13102,0,0.0,0,429970.0,690300.0,True
shenyang,traffic_flow_metrics,auth_flow_request_latency_seconds_bucket_le_1,52686,39584,0.75131914,13102,0,0.0,0,430076.0,690406.0,True
shenyang,traffic_flow_metrics,auth_flow_request_latency_seconds_bucket_le_2_5,52686,39584,0.75131914,13102,0,0.0,0,430161.0,690491.0,True
shenyang,traffic_flow_metrics,auth_flow_request_latency_seconds_bucket_le_5,52686,39584,0.75131914,13102,0,0.0,0,430175.0,690505.0,True
shenyang,traffic_flow_metrics,auth_flow_request_latency_seconds_bucket_le_plus_inf,52686,39584,0.75131914,13102,0,0.0,0,430175.0,690505.0,True
shenyang,traffic_flow_metrics,auth_flow_request_latency_seconds_sum,52686,39584,0.75131914,13102,0,0.0,0,49573.53618892934,79546.1616952084,True
shenyang,traffic_flow_metrics,auth_flow_request_latency_seconds_count,52686,39584,0.75131914,13102,0,0.0,0,430175.0,690505.0,True
shenyang,traffic_flow_metrics,elephant_flow_active,52686,51863,0.98437915,823,396,0.48116646,0,0.0,1.0,True
shenyang,traffic_flow_metrics,elephant_flow_batch_concurrency,52686,51863,0.98437915,823,396,0.48116646,0,0.0,4.0,True
shenyang,traffic_flow_metrics,elephant_flow_batches_started_total,52686,51863,0.98437915,823,0,0.0,0,23.0,65.0,True
shenyang,traffic_flow_metrics,elephant_flow_batches_completed_total,52686,51863,0.98437915,823,111,0.13487242,0,0.0,63.0,True
shenyang,traffic_flow_metrics,elephant_flow_batches_failed_total,52686,51863,0.98437915,823,142,0.17253949,0,0.0,59.0,True
shenyang,traffic_flow_metrics,elephant_flow_batches_timeout_total,52686,51863,0.98437915,823,823,1.0,0,0.0,0.0,True
shenyang,traffic_flow_metrics,elephant_flow_requests_total,52686,51863,0.98437915,823,111,0.13487242,0,0.0,135.0,True
shenyang,traffic_flow_metrics,elephant_flow_success_total,52686,51863,0.98437915,823,111,0.13487242,0,0.0,135.0,True
shenyang,traffic_flow_metrics,elephant_flow_error_total,52686,51863,0.98437915,823,823,1.0,0,0.0,0.0,True
shenyang,traffic_flow_metrics,elephant_flow_bytes_sent_total,52686,51863,0.98437915,823,111,0.13487242,0,0.0,43799740236.0,True
shenyang,traffic_flow_metrics,elephant_flow_bytes_received_total,52686,51863,0.98437915,823,111,0.13487242,0,0.0,43799740236.0,True
shenyang,traffic_flow_metrics,elephant_flow_duration_seconds_sum,52686,51863,0.98437915,823,0,0.0,0,0.9143674178048968,6304.138782399008,True
shenyang,traffic_flow_metrics,elephant_flow_active_seconds_total,52686,51863,0.98437915,823,0,0.0,0,0.9102251583244652,6304.091133929091,True
shenyang,traffic_flow_metrics,elephant_flow_duration_seconds_count,52686,51863,0.98437915,823,0,0.0,0,22.0,65.0,True
shenyang,traffic_flow_metrics,elephant_flow_batch_duration_seconds,52686,51863,0.98437915,823,0,0.0,0,0.027177581563591957,130.3868947988376,True
shenyang,traffic_flow_metrics,elephant_flow_last_batch_timestamp_seconds,52686,51863,0.98437915,823,0,0.0,0,1786935490.8602657,1788318404.725315,True
shenyang,traffic_flow_metrics,elephant_flow_observed_qps,52686,52686,1.0,0,0,,0,,,True
shenyang,traffic_flow_metrics,elephant_flow_latency_mean_seconds,52686,52686,1.0,0,0,,0,,,True
shenyang,traffic_flow_metrics,elephant_flow_latency_p95_seconds,52686,52686,1.0,0,0,,0,,,True
shenyang,traffic_flow_metrics,elephant_flow_throughput_bps,52686,51974,0.98648597,712,0,0.0,0,19999775.73367721,99999549.86690675,True
shenyang,traffic_flow_metrics,elephant_flow_retransmits_total,52686,51863,0.98437915,823,823,1.0,0,0.0,0.0,True
shenyang,traffic_flow_metrics,elephant_flow_loss_rate,52686,51974,0.98648597,712,700,0.98314607,0,0.0,0.001351853085937872,True
shenyang,traffic_flow_metrics,elephant_flow_jitter_seconds,52686,51974,0.98648597,712,0,0.0,0,1.5145393469954419e-06,0.0002311500648065089,True
wuhan,frr_syslog_events,id,817,0,0.0,817,0,0.0,0,138.0,954.0,True
wuhan,frr_syslog_events,received_at,817,0,0.0,0,0,,0,,,False
wuhan,frr_syslog_events,event_time,817,0,0.0,0,0,,0,,,False
wuhan,frr_syslog_events,received_at_raw,817,0,0.0,0,0,,0,,,False
wuhan,frr_syslog_events,event_time_raw,817,0,0.0,0,0,,0,,,False
wuhan,frr_syslog_events,source_ip,817,0,0.0,0,0,,0,,,False
wuhan,frr_syslog_events,hostname,817,0,0.0,0,0,,0,,,False
wuhan,frr_syslog_events,region,817,0,0.0,0,0,,0,,,False
wuhan,frr_syslog_events,facility,817,0,0.0,0,0,,0,,,False
wuhan,frr_syslog_events,severity,817,0,0.0,0,0,,0,,,False
wuhan,frr_syslog_events,severity_code,817,0,0.0,817,0,0.0,0,3.0,6.0,True
wuhan,frr_syslog_events,program,817,0,0.0,0,0,,0,,,False
wuhan,frr_syslog_events,pid,817,0,0.0,817,0,0.0,0,1891.0,9222.0,True
wuhan,frr_syslog_events,message,817,0,0.0,0,0,,0,,,False
wuhan,frr_syslog_events,inserted_at,817,0,0.0,0,0,,0,,,False
wuhan,interface_metrics,timestamp,1208840,0,0.0,0,0,,0,,,False
wuhan,interface_metrics,region,1208840,0,0.0,0,0,,0,,,False
wuhan,interface_metrics,node,1208840,0,0.0,0,0,,0,,,False
wuhan,interface_metrics,node_type,1208840,0,0.0,0,0,,0,,,False
wuhan,interface_metrics,interface_id,1208840,0,0.0,0,0,,0,,,False
wuhan,interface_metrics,if_role,1208840,926752,0.76664571,0,0,,0,,,False
wuhan,interface_metrics,rx_bytes_rate,1208840,0,0.0,1208840,747831,0.61863522,0,0.0,37650483.22222222,True
wuhan,interface_metrics,tx_bytes_rate,1208840,0,0.0,1208840,827597,0.68462079,0,0.0,37651632.53333333,True
wuhan,interface_metrics,rx_packets_rate,1208840,0,0.0,1208840,747831,0.61863522,0,0.0,211002.13333333333,True
wuhan,interface_metrics,tx_packets_rate,1208840,0,0.0,1208840,827597,0.68462079,0,0.0,208559.6,True
wuhan,interface_metrics,rx_drop_rate,1208840,0,0.0,1208840,1208840,1.0,0,0.0,0.0,True
wuhan,interface_metrics,tx_drop_rate,1208840,0,0.0,1208840,1208840,1.0,0,0.0,0.0,True
wuhan,interface_metrics,rx_error_rate,1208840,0,0.0,1208840,1208840,1.0,0,0.0,0.0,True
wuhan,interface_metrics,tx_error_rate,1208840,0,0.0,1208840,1208840,1.0,0,0.0,0.0,True
wuhan,interface_metrics,carrier_changes,1208840,0,0.0,1208840,1208840,1.0,0,0.0,0.0,True
wuhan,node_metrics,timestamp,181364,0,0.0,0,0,,0,,,False
wuhan,node_metrics,region,181364,0,0.0,0,0,,0,,,False
wuhan,node_metrics,node,181364,0,0.0,0,0,,0,,,False
wuhan,node_metrics,node_type,181364,0,0.0,0,0,,0,,,False
wuhan,node_metrics,cpu_usage,181364,0,0.0,181364,0,0.0,0,0.1277777775087401,100.0,True
wuhan,node_metrics,load1,181364,0,0.0,181364,77342,0.42644626,0,0.0,16.47,True
wuhan,node_metrics,load5,181364,0,0.0,181364,59950,0.33055072,0,0.0,16.11,True
wuhan,node_metrics,memory_available_ratio,181364,0,0.0,181364,0,0.0,0,0.8069596396336184,0.9324126285495804,True
wuhan,node_metrics,swap_used_ratio,181364,0,0.0,181364,80564,0.44421164,0,0.0,0.006237989652623799,True
wuhan,node_metrics,disk_read_rate,181364,0,0.0,181364,181104,0.99856642,0,0.0,8000091.022222222,True
wuhan,node_metrics,disk_write_rate,181364,0,0.0,181364,8549,0.04713725,0,0.0,196119301.68888888,True
wuhan,node_metrics,disk_io_util,181364,0,0.0,181364,8549,0.04713725,0,0.0,100.96000000000156,True
wuhan,node_metrics,filesystem_used_ratio,181364,0,0.0,181364,0,0.0,0,0.18769698356680276,0.7520952392766593,True
wuhan,node_metrics,inode_used_ratio,181364,0,0.0,181364,0,0.0,0,0.01157932777679127,0.026188441685267905,True
wuhan,node_metrics,open_fd_ratio,181364,0,0.0,181364,0,0.0,0,1.0408340855860843e-16,0.00677385252842062,True
wuhan,node_metrics,process_count,181364,0,0.0,181364,0,0.0,0,115.0,201.0,True
wuhan,routing_metrics,timestamp,5759720,0,0.0,0,0,,0,,,False
wuhan,routing_metrics,region,5759720,0,0.0,0,0,,0,,,False
wuhan,routing_metrics,node,5759720,0,0.0,0,0,,0,,,False
wuhan,routing_metrics,node_type,5759720,0,0.0,0,0,,0,,,False
wuhan,routing_metrics,metric_name,5759720,0,0.0,0,0,,0,,,False
wuhan,routing_metrics,label,5759720,362728,0.06297667,0,0,,0,,,False
wuhan,routing_metrics,value,5759720,241920,0.04200204,5517800,762224,0.13813911,0,0.0,5492310.0,True
wuhan,scrape_health,timestamp,262080,0,0.0,0,0,,0,,,False
wuhan,scrape_health,region,262080,0,0.0,0,0,,0,,,False
wuhan,scrape_health,target_id,262080,0,0.0,0,0,,0,,,False
wuhan,scrape_health,node,262080,0,0.0,0,0,,0,,,False
wuhan,scrape_health,exporter_type,262080,0,0.0,0,0,,0,,,False
wuhan,scrape_health,scrape_up,262080,0,0.0,262080,152,0.00057998,0,0.0,1.0,True
wuhan,scrape_health,scrape_duration_seconds,262080,0,0.0,262080,0,0.0,0,0.000213038,3.062186401,True
wuhan,scrape_health,scrape_samples,262080,0,0.0,262080,152,0.00057998,0,0.0,1601.0,True
wuhan,scrape_health,scrape_error,262080,261928,0.99942002,0,0,,0,,,False
wuhan,traffic_flow_metrics,id,52706,0,0.0,52706,0,0.0,0,85898.0,138603.0,True
wuhan,traffic_flow_metrics,timestamp_utc,52706,0,0.0,0,0,,0,,,False
wuhan,traffic_flow_metrics,prometheus_sample_time_utc,52706,0,0.0,0,0,,0,,,False
wuhan,traffic_flow_metrics,series_key,52706,0,0.0,0,0,,0,,,False
wuhan,traffic_flow_metrics,flow_type,52706,0,0.0,0,0,,0,,,False
wuhan,traffic_flow_metrics,source_region,52706,0,0.0,0,0,,0,,,False
wuhan,traffic_flow_metrics,source_ip,52706,0,0.0,0,0,,0,,,False
wuhan,traffic_flow_metrics,target_region,52706,0,0.0,0,0,,0,,,False
wuhan,traffic_flow_metrics,target_domain,52706,0,0.0,0,0,,0,,,False
wuhan,traffic_flow_metrics,protocol,52706,0,0.0,0,0,,0,,,False
wuhan,traffic_flow_metrics,dns_flow_active,52706,32737,0.62112473,19969,10257,0.51364615,0,0.0,1.0,True
wuhan,traffic_flow_metrics,dns_flow_batch_concurrency,52706,32737,0.62112473,19969,10257,0.51364615,0,0.0,5.0,True
wuhan,traffic_flow_metrics,dns_flow_batches_started_total,52706,32737,0.62112473,19969,0,0.0,0,47141.0,75986.0,True
wuhan,traffic_flow_metrics,dns_flow_batches_completed_total,52706,32737,0.62112473,19969,0,0.0,0,46475.0,75058.0,True
wuhan,traffic_flow_metrics,dns_flow_batches_failed_total,52706,32737,0.62112473,19969,0,0.0,0,666.0,927.0,True
wuhan,traffic_flow_metrics,dns_flow_batches_timeout_total,52706,32737,0.62112473,19969,0,0.0,0,666.0,927.0,True
wuhan,traffic_flow_metrics,dns_flow_requests_total,52706,32737,0.62112473,19969,0,0.0,0,2495512.0,4016630.0,True
wuhan,traffic_flow_metrics,dns_flow_success_total,52706,32737,0.62112473,19969,0,0.0,0,2482331.0,3997713.0,True
wuhan,traffic_flow_metrics,dns_flow_error_total,52706,32737,0.62112473,19969,0,0.0,0,13181.0,18910.0,True
wuhan,traffic_flow_metrics,dns_flow_bytes_sent_total,52706,32737,0.62112473,19969,0,0.0,0,117428705.0,189115878.0,True
wuhan,traffic_flow_metrics,dns_flow_bytes_received_total,52706,32737,0.62112473,19969,0,0.0,0,186933973.0,301051842.0,True
wuhan,traffic_flow_metrics,dns_flow_duration_seconds_sum,52706,32737,0.62112473,19969,0,0.0,0,948500.5208585886,1526223.3637864385,True
wuhan,traffic_flow_metrics,dns_flow_active_seconds_total,52706,32737,0.62112473,19969,0,0.0,0,948484.2817704906,1526203.7653090232,True
wuhan,traffic_flow_metrics,dns_flow_duration_seconds_count,52706,32737,0.62112473,19969,0,0.0,0,47141.0,75985.0,True
wuhan,traffic_flow_metrics,dns_flow_batch_duration_seconds,52706,32737,0.62112473,19969,0,0.0,0,10.050304155796766,45.00146745797247,True
wuhan,traffic_flow_metrics,dns_flow_last_batch_timestamp_seconds,52706,32737,0.62112473,19969,0,0.0,0,1787111986.169565,1788321534.6281707,True
wuhan,traffic_flow_metrics,dns_flow_observed_qps,52706,32737,0.62112473,19969,0,0.0,0,0.1,7.458483353460509,True
wuhan,traffic_flow_metrics,dns_flow_latency_mean_seconds,52706,32737,0.62112473,19969,0,0.0,0,0.019294397439807653,0.5918924077103536,True
wuhan,traffic_flow_metrics,dns_flow_latency_p95_seconds,52706,32737,0.62112473,19969,0,0.0,0,0.019371990114450455,1.8918580012395978,True
wuhan,traffic_flow_metrics,dns_flow_request_latency_seconds_bucket_le_0_01,52706,32737,0.62112473,19969,19969,1.0,0,0.0,0.0,True
wuhan,traffic_flow_metrics,dns_flow_request_latency_seconds_bucket_le_0_025,52706,32737,0.62112473,19969,0,0.0,0,2472833.0,3987070.0,True
wuhan,traffic_flow_metrics,dns_flow_request_latency_seconds_bucket_le_0_05,52706,32737,0.62112473,19969,0,0.0,0,2479886.0,3994977.0,True
wuhan,traffic_flow_metrics,dns_flow_request_latency_seconds_bucket_le_0_1,52706,32737,0.62112473,19969,0,0.0,0,2480379.0,3995474.0,True
wuhan,traffic_flow_metrics,dns_flow_request_latency_seconds_bucket_le_0_25,52706,32737,0.62112473,19969,0,0.0,0,2480691.0,3995811.0,True
wuhan,traffic_flow_metrics,dns_flow_request_latency_seconds_bucket_le_0_5,52706,32737,0.62112473,19969,0,0.0,0,2481953.0,3997107.0,True
wuhan,traffic_flow_metrics,dns_flow_request_latency_seconds_bucket_le_1,52706,32737,0.62112473,19969,0,0.0,0,2482087.0,3997301.0,True
wuhan,traffic_flow_metrics,dns_flow_request_latency_seconds_bucket_le_2_5,52706,32737,0.62112473,19969,0,0.0,0,2482280.0,3997625.0,True
wuhan,traffic_flow_metrics,dns_flow_request_latency_seconds_bucket_le_5,52706,32737,0.62112473,19969,0,0.0,0,2482331.0,3997713.0,True
wuhan,traffic_flow_metrics,dns_flow_request_latency_seconds_bucket_le_plus_inf,52706,32737,0.62112473,19969,0,0.0,0,2482331.0,3997713.0,True
wuhan,traffic_flow_metrics,dns_flow_request_latency_seconds_sum,52706,32737,0.62112473,19969,0,0.0,0,50781.85969483759,81425.20007016789,True
wuhan,traffic_flow_metrics,dns_flow_request_latency_seconds_count,52706,32737,0.62112473,19969,0,0.0,0,2482331.0,3997713.0,True
wuhan,traffic_flow_metrics,web_flow_active,52706,33904,0.64326642,18802,8882,0.47239655,0,0.0,1.0,True
wuhan,traffic_flow_metrics,web_flow_batch_concurrency,52706,33904,0.64326642,18802,8882,0.47239655,0,0.0,4.0,True
wuhan,traffic_flow_metrics,web_flow_batches_started_total,52706,33904,0.64326642,18802,0,0.0,0,28368.0,45628.0,True
wuhan,traffic_flow_metrics,web_flow_batches_completed_total,52706,33904,0.64326642,18802,0,0.0,0,27281.0,43943.0,True
wuhan,traffic_flow_metrics,web_flow_batches_failed_total,52706,33904,0.64326642,18802,0,0.0,0,1087.0,1685.0,True
wuhan,traffic_flow_metrics,web_flow_batches_timeout_total,52706,33904,0.64326642,18802,0,0.0,0,237.0,440.0,True
wuhan,traffic_flow_metrics,web_flow_requests_total,52706,33904,0.64326642,18802,0,0.0,0,2231087.0,3586974.0,True
wuhan,traffic_flow_metrics,web_flow_success_total,52706,33904,0.64326642,18802,0,0.0,0,2214136.0,3559602.0,True
wuhan,traffic_flow_metrics,web_flow_error_total,52706,33904,0.64326642,18802,0,0.0,0,16791.0,27113.0,True
wuhan,traffic_flow_metrics,web_flow_bytes_sent_total,52706,33904,0.64326642,18802,0,0.0,0,231956284.0,372867399.0,True
wuhan,traffic_flow_metrics,web_flow_bytes_received_total,52706,33904,0.64326642,18802,0,0.0,0,616450014.0,990871956.0,True
wuhan,traffic_flow_metrics,web_flow_duration_seconds_sum,52706,33904,0.64326642,18802,0,0.0,0,978068.0577636231,1574227.1769587211,True
wuhan,traffic_flow_metrics,web_flow_active_seconds_total,52706,33904,0.64326642,18802,0,0.0,0,978060.0071179811,1574214.0638256557,True
wuhan,traffic_flow_metrics,web_flow_duration_seconds_count,52706,33904,0.64326642,18802,0,0.0,0,28368.0,45628.0,True
wuhan,traffic_flow_metrics,web_flow_batch_duration_seconds,52706,33904,0.64326642,18802,0,0.0,0,6.00409428216517,75.70578118879348,True
wuhan,traffic_flow_metrics,web_flow_last_batch_timestamp_seconds,52706,33904,0.64326642,18802,0,0.0,0,1787111999.8726952,1788321478.6415675,True
wuhan,traffic_flow_metrics,web_flow_observed_qps,52706,33904,0.64326642,18802,0,0.0,0,0.03333333333333333,7.989957497567183,True
wuhan,traffic_flow_metrics,web_flow_latency_mean_seconds,52706,33904,0.64326642,18802,0,0.0,0,0.03214384103193879,34.271113864611834,True
wuhan,traffic_flow_metrics,web_flow_latency_p95_seconds,52706,33904,0.64326642,18802,0,0.0,0,0.0323136227671057,34.27123253769241,True
wuhan,traffic_flow_metrics,web_flow_request_latency_seconds_bucket_le_0_01,52706,33904,0.64326642,18802,18802,1.0,0,0.0,0.0,True
wuhan,traffic_flow_metrics,web_flow_request_latency_seconds_bucket_le_0_025,52706,33904,0.64326642,18802,18802,1.0,0,0.0,0.0,True
wuhan,traffic_flow_metrics,web_flow_request_latency_seconds_bucket_le_0_05,52706,33904,0.64326642,18802,0,0.0,0,2006637.0,3223604.0,True
wuhan,traffic_flow_metrics,web_flow_request_latency_seconds_bucket_le_0_1,52706,33904,0.64326642,18802,0,0.0,0,2009937.0,3231144.0,True
wuhan,traffic_flow_metrics,web_flow_request_latency_seconds_bucket_le_0_25,52706,33904,0.64326642,18802,0,0.0,0,2013695.0,3242319.0,True
wuhan,traffic_flow_metrics,web_flow_request_latency_seconds_bucket_le_0_5,52706,33904,0.64326642,18802,0,0.0,0,2225897.0,3578073.0,True
wuhan,traffic_flow_metrics,web_flow_request_latency_seconds_bucket_le_1,52706,33904,0.64326642,18802,0,0.0,0,2227194.0,3579370.0,True
wuhan,traffic_flow_metrics,web_flow_request_latency_seconds_bucket_le_2_5,52706,33904,0.64326642,18802,0,0.0,0,2227244.0,3579449.0,True
wuhan,traffic_flow_metrics,web_flow_request_latency_seconds_bucket_le_5,52706,33904,0.64326642,18802,0,0.0,0,2227248.0,3579458.0,True
wuhan,traffic_flow_metrics,web_flow_request_latency_seconds_bucket_le_plus_inf,52706,33904,0.64326642,18802,0,0.0,0,2228030.0,3581196.0,True
wuhan,traffic_flow_metrics,web_flow_request_latency_seconds_sum,52706,33904,0.64326642,18802,0,0.0,0,133782.06414343463,220183.76199118374,True
wuhan,traffic_flow_metrics,web_flow_request_latency_seconds_count,52706,33904,0.64326642,18802,0,0.0,0,2228030.0,3581196.0,True
wuhan,traffic_flow_metrics,auth_flow_active,52706,39584,0.75103404,13122,9282,0.70736168,0,0.0,1.0,True
wuhan,traffic_flow_metrics,auth_flow_batch_concurrency,52706,39584,0.75103404,13122,9282,0.70736168,0,0.0,4.0,True
wuhan,traffic_flow_metrics,auth_flow_batches_started_total,52706,39584,0.75103404,13122,0,0.0,0,18914.0,30442.0,True
wuhan,traffic_flow_metrics,auth_flow_batches_completed_total,52706,39584,0.75103404,13122,0,0.0,0,18339.0,29533.0,True
wuhan,traffic_flow_metrics,auth_flow_batches_failed_total,52706,39584,0.75103404,13122,0,0.0,0,575.0,909.0,True
wuhan,traffic_flow_metrics,auth_flow_batches_timeout_total,52706,39584,0.75103404,13122,0,0.0,0,89.0,180.0,True
wuhan,traffic_flow_metrics,auth_flow_requests_total,52706,39584,0.75103404,13122,0,0.0,0,433128.0,697243.0,True
wuhan,traffic_flow_metrics,auth_flow_success_total,52706,39584,0.75103404,13122,0,0.0,0,428425.0,689089.0,True
wuhan,traffic_flow_metrics,auth_flow_error_total,52706,39584,0.75103404,13122,0,0.0,0,4703.0,8154.0,True
wuhan,traffic_flow_metrics,auth_flow_bytes_sent_total,52706,39584,0.75103404,13122,0,0.0,0,85476541.0,137545104.0,True
wuhan,traffic_flow_metrics,auth_flow_bytes_received_total,52706,39584,0.75103404,13122,0,0.0,0,90555720.0,145789342.0,True
wuhan,traffic_flow_metrics,auth_flow_duration_seconds_sum,52706,39584,0.75103404,13122,0,0.0,0,377042.43947225297,606095.342749828,True
wuhan,traffic_flow_metrics,auth_flow_active_seconds_total,52706,39584,0.75103404,13122,0,0.0,0,377032.6498079016,606078.3457363616,True
wuhan,traffic_flow_metrics,auth_flow_duration_seconds_count,52706,39584,0.75103404,13122,0,0.0,0,18914.0,30442.0,True
wuhan,traffic_flow_metrics,auth_flow_batch_duration_seconds,52706,39584,0.75103404,13122,0,0.0,0,6.004489586688578,36.45720770582557,True
wuhan,traffic_flow_metrics,auth_flow_last_batch_timestamp_seconds,52706,39584,0.75103404,13122,0,0.0,0,1787111945.945409,1788321434.9821594,True
wuhan,traffic_flow_metrics,auth_flow_observed_qps,52706,39584,0.75103404,13122,0,0.0,0,0.2,4.205200306416628,True
wuhan,traffic_flow_metrics,auth_flow_latency_mean_seconds,52706,39584,0.75103404,13122,0,0.0,0,0.0014233586378395557,0.38861960303038356,True
wuhan,traffic_flow_metrics,auth_flow_latency_p95_seconds,52706,39584,0.75103404,13122,0,0.0,0,0.001569147314876318,2.127728730905797,True
wuhan,traffic_flow_metrics,auth_flow_request_latency_seconds_bucket_le_0_01,52706,39584,0.75103404,13122,0,0.0,0,431630.0,694829.0,True
wuhan,traffic_flow_metrics,auth_flow_request_latency_seconds_bucket_le_0_025,52706,39584,0.75103404,13122,0,0.0,0,431947.0,695210.0,True
wuhan,traffic_flow_metrics,auth_flow_request_latency_seconds_bucket_le_0_05,52706,39584,0.75103404,13122,0,0.0,0,431956.0,695219.0,True
wuhan,traffic_flow_metrics,auth_flow_request_latency_seconds_bucket_le_0_1,52706,39584,0.75103404,13122,0,0.0,0,431956.0,695219.0,True
wuhan,traffic_flow_metrics,auth_flow_request_latency_seconds_bucket_le_0_25,52706,39584,0.75103404,13122,0,0.0,0,431965.0,695235.0,True
wuhan,traffic_flow_metrics,auth_flow_request_latency_seconds_bucket_le_0_5,52706,39584,0.75103404,13122,0,0.0,0,431970.0,695240.0,True
wuhan,traffic_flow_metrics,auth_flow_request_latency_seconds_bucket_le_1,52706,39584,0.75103404,13122,0,0.0,0,432151.0,695422.0,True
wuhan,traffic_flow_metrics,auth_flow_request_latency_seconds_bucket_le_2_5,52706,39584,0.75103404,13122,0,0.0,0,432209.0,695485.0,True
wuhan,traffic_flow_metrics,auth_flow_request_latency_seconds_bucket_le_5,52706,39584,0.75103404,13122,0,0.0,0,432213.0,695492.0,True
wuhan,traffic_flow_metrics,auth_flow_request_latency_seconds_bucket_le_plus_inf,52706,39584,0.75103404,13122,0,0.0,0,432213.0,695492.0,True
wuhan,traffic_flow_metrics,auth_flow_request_latency_seconds_sum,52706,39584,0.75103404,13122,0,0.0,0,1639.8072391808964,2525.340834959876,True
wuhan,traffic_flow_metrics,auth_flow_request_latency_seconds_count,52706,39584,0.75103404,13122,0,0.0,0,432213.0,695492.0,True
wuhan,traffic_flow_metrics,elephant_flow_active,52706,51893,0.98457481,813,399,0.49077491,0,0.0,1.0,True
wuhan,traffic_flow_metrics,elephant_flow_batch_concurrency,52706,51893,0.98457481,813,399,0.49077491,0,0.0,4.0,True
wuhan,traffic_flow_metrics,elephant_flow_batches_started_total,52706,51893,0.98457481,813,0,0.0,0,18.0,68.0,True
wuhan,traffic_flow_metrics,elephant_flow_batches_completed_total,52706,51893,0.98457481,813,120,0.14760148,0,0.0,54.0,True
wuhan,traffic_flow_metrics,elephant_flow_batches_failed_total,52706,51893,0.98457481,813,226,0.27798278,0,0.0,68.0,True
wuhan,traffic_flow_metrics,elephant_flow_batches_timeout_total,52706,51893,0.98457481,813,813,1.0,0,0.0,0.0,True
wuhan,traffic_flow_metrics,elephant_flow_requests_total,52706,51893,0.98457481,813,120,0.14760148,0,0.0,131.0,True
wuhan,traffic_flow_metrics,elephant_flow_success_total,52706,51893,0.98457481,813,120,0.14760148,0,0.0,131.0,True
wuhan,traffic_flow_metrics,elephant_flow_error_total,52706,51893,0.98457481,813,813,1.0,0,0.0,0.0,True
wuhan,traffic_flow_metrics,elephant_flow_bytes_sent_total,52706,51893,0.98457481,813,120,0.14760148,0,0.0,39224765244.0,True
wuhan,traffic_flow_metrics,elephant_flow_bytes_received_total,52706,51893,0.98457481,813,120,0.14760148,0,0.0,39224765244.0,True
wuhan,traffic_flow_metrics,elephant_flow_duration_seconds_sum,52706,51893,0.98457481,813,0,0.0,0,0.6399530731141567,5060.81091995351,True
wuhan,traffic_flow_metrics,elephant_flow_active_seconds_total,52706,51893,0.98457481,813,0,0.0,0,0.6372961336746812,5060.777878375258,True
wuhan,traffic_flow_metrics,elephant_flow_duration_seconds_count,52706,51893,0.98457481,813,0,0.0,0,18.0,68.0,True
wuhan,traffic_flow_metrics,elephant_flow_batch_duration_seconds,52706,51893,0.98457481,813,0,0.0,0,0.022543721832334995,121.51164504792541,True
wuhan,traffic_flow_metrics,elephant_flow_last_batch_timestamp_seconds,52706,51893,0.98457481,813,0,0.0,0,1786904656.733196,1788320332.4612634,True
wuhan,traffic_flow_metrics,elephant_flow_observed_qps,52706,52706,1.0,0,0,,0,,,True
wuhan,traffic_flow_metrics,elephant_flow_latency_mean_seconds,52706,52706,1.0,0,0,,0,,,True
wuhan,traffic_flow_metrics,elephant_flow_latency_p95_seconds,52706,52706,1.0,0,0,,0,,,True
wuhan,traffic_flow_metrics,elephant_flow_throughput_bps,52706,52013,0.98685159,693,0,0.0,0,19999779.40029781,99999548.2002485,True
wuhan,traffic_flow_metrics,elephant_flow_retransmits_total,52706,51893,0.98457481,813,813,1.0,0,0.0,0.0,True
wuhan,traffic_flow_metrics,elephant_flow_loss_rate,52706,52013,0.98685159,693,687,0.99134199,0,0.0,0.009576939187388143,True
wuhan,traffic_flow_metrics,elephant_flow_jitter_seconds,52706,52013,0.98685159,693,0,0.0,0,4.3800762183828645e-06,0.00021609481439495442,True
xian,frr_syslog_events,id,91,0,0.0,91,0,0.0,0,577.0,667.0,True
xian,frr_syslog_events,received_at,91,0,0.0,0,0,,0,,,False
xian,frr_syslog_events,event_time,91,0,0.0,0,0,,0,,,False
xian,frr_syslog_events,received_at_raw,91,0,0.0,0,0,,0,,,False
xian,frr_syslog_events,event_time_raw,91,0,0.0,0,0,,0,,,False
xian,frr_syslog_events,source_ip,91,0,0.0,0,0,,0,,,False
xian,frr_syslog_events,hostname,91,0,0.0,0,0,,0,,,False
xian,frr_syslog_events,region,91,0,0.0,0,0,,0,,,False
xian,frr_syslog_events,facility,91,0,0.0,0,0,,0,,,False
xian,frr_syslog_events,severity,91,0,0.0,0,0,,0,,,False
xian,frr_syslog_events,severity_code,91,0,0.0,91,0,0.0,0,3.0,6.0,True
xian,frr_syslog_events,program,91,0,0.0,0,0,,0,,,False
xian,frr_syslog_events,pid,91,0,0.0,91,0,0.0,0,326652.0,337994.0,True
xian,frr_syslog_events,message,91,0,0.0,0,0,,0,,,False
xian,frr_syslog_events,inserted_at,91,0,0.0,0,0,,0,,,False
xian,interface_metrics,timestamp,1208720,0,0.0,0,0,,0,,,False
xian,interface_metrics,region,1208720,0,0.0,0,0,,0,,,False
xian,interface_metrics,node,1208720,0,0.0,0,0,,0,,,False
xian,interface_metrics,node_type,1208720,0,0.0,0,0,,0,,,False
xian,interface_metrics,interface_id,1208720,0,0.0,0,0,,0,,,False
xian,interface_metrics,if_role,1208720,926656,0.7666424,0,0,,0,,,False
xian,interface_metrics,rx_bytes_rate,1208720,0,0.0,1208720,745305,0.61660682,0,0.0,65191547.777777776,True
xian,interface_metrics,tx_bytes_rate,1208720,0,0.0,1208720,834563,0.69045188,0,0.0,65192695.28888889,True
xian,interface_metrics,rx_packets_rate,1208720,0,0.0,1208720,745305,0.61660682,0,0.0,192423.44444444444,True
xian,interface_metrics,tx_packets_rate,1208720,0,0.0,1208720,834563,0.69045188,0,0.0,192427.33333333334,True
xian,interface_metrics,rx_drop_rate,1208720,0,0.0,1208720,1188607,0.98336008,0,0.0,0.044450371160599196,True
xian,interface_metrics,tx_drop_rate,1208720,0,0.0,1208720,1208720,1.0,0,0.0,0.0,True
xian,interface_metrics,rx_error_rate,1208720,0,0.0,1208720,1208720,1.0,0,0.0,0.0,True
xian,interface_metrics,tx_error_rate,1208720,0,0.0,1208720,1208720,1.0,0,0.0,0.0,True
xian,interface_metrics,carrier_changes,1208720,0,0.0,1208720,1208720,1.0,0,0.0,0.0,True
xian,node_metrics,timestamp,181352,0,0.0,0,0,,0,,,False
xian,node_metrics,region,181352,0,0.0,0,0,,0,,,False
xian,node_metrics,node,181352,0,0.0,0,0,,0,,,False
xian,node_metrics,node_type,181352,0,0.0,0,0,,0,,,False
xian,node_metrics,cpu_usage,181352,0,0.0,181352,0,0.0,0,0.11555042060219023,100.0,True
xian,node_metrics,load1,181352,2,1.103e-05,181350,88233,0.48653433,0,0.0,32.24,True
xian,node_metrics,load5,181352,2,1.103e-05,181350,74894,0.41298042,0,0.0,31.98,True
xian,node_metrics,memory_available_ratio,181352,2,1.103e-05,181350,0,0.0,0,0.6550979006476255,0.93013429210868,True
xian,node_metrics,swap_used_ratio,181352,2,1.103e-05,181350,87846,0.48440033,0,0.0,0.0022163412249958277,True
xian,node_metrics,disk_read_rate,181352,0,0.0,181352,180948,0.99777229,0,0.0,15699933.866666665,True
xian,node_metrics,disk_write_rate,181352,0,0.0,181352,12873,0.0709835,0,0.0,89798351.3621617,True
xian,node_metrics,disk_io_util,181352,0,0.0,181352,12872,0.07097799,0,0.0,100.45333333334486,True
xian,node_metrics,filesystem_used_ratio,181352,2,1.103e-05,181350,0,0.0,0,0.18769096113928274,0.8820352877438844,True
xian,node_metrics,inode_used_ratio,181352,2,1.103e-05,181350,0,0.0,0,0.011598012782451428,0.024228310098453498,True
xian,node_metrics,open_fd_ratio,181352,2,1.103e-05,181350,0,0.0,0,1.0061396160665481e-16,0.00677385252842062,True
xian,node_metrics,process_count,181352,2,1.103e-05,181350,0,0.0,0,98.0,201.0,True
xian,routing_metrics,timestamp,5074510,0,0.0,0,0,,0,,,False
xian,routing_metrics,region,5074510,0,0.0,0,0,,0,,,False
xian,routing_metrics,node,5074510,0,0.0,0,0,,0,,,False
xian,routing_metrics,node_type,5074510,0,0.0,0,0,,0,,,False
xian,routing_metrics,metric_name,5074510,0,0.0,0,0,,0,,,False
xian,routing_metrics,label,5074510,362700,0.07147488,0,0,,0,,,False
xian,routing_metrics,value,5074510,241920,0.04767357,4832590,604355,0.1250582,0,0.0,4804942.0,True
xian,scrape_health,timestamp,262080,0,0.0,0,0,,0,,,False
xian,scrape_health,region,262080,0,0.0,0,0,,0,,,False
xian,scrape_health,target_id,262080,0,0.0,0,0,,0,,,False
xian,scrape_health,node,262080,0,0.0,0,0,,0,,,False
xian,scrape_health,exporter_type,262080,0,0.0,0,0,,0,,,False
xian,scrape_health,scrape_up,262080,0,0.0,262080,180,0.00068681,0,0.0,1.0,True
xian,scrape_health,scrape_duration_seconds,262080,0,0.0,262080,0,0.0,0,0.000299607,3.080566429,True
xian,scrape_health,scrape_samples,262080,0,0.0,262080,180,0.00068681,0,0.0,1591.0,True
xian,scrape_health,scrape_error,262080,261900,0.99931319,0,0,,0,,,False
xian,traffic_flow_metrics,id,52674,0,0.0,52674,0,0.0,0,86193.0,138866.0,True
xian,traffic_flow_metrics,timestamp_utc,52674,0,0.0,0,0,,0,,,False
xian,traffic_flow_metrics,prometheus_sample_time_utc,52674,0,0.0,0,0,,0,,,False
xian,traffic_flow_metrics,series_key,52674,0,0.0,0,0,,0,,,False
xian,traffic_flow_metrics,flow_type,52674,0,0.0,0,0,,0,,,False
xian,traffic_flow_metrics,source_region,52674,0,0.0,0,0,,0,,,False
xian,traffic_flow_metrics,source_ip,52674,0,0.0,0,0,,0,,,False
xian,traffic_flow_metrics,target_region,52674,0,0.0,0,0,,0,,,False
xian,traffic_flow_metrics,target_domain,52674,0,0.0,0,0,,0,,,False
xian,traffic_flow_metrics,protocol,52674,0,0.0,0,0,,0,,,False
xian,traffic_flow_metrics,dns_flow_active,52674,32714,0.62106542,19960,10320,0.51703407,0,0.0,1.0,True
xian,traffic_flow_metrics,dns_flow_batch_concurrency,52674,32714,0.62106542,19960,10320,0.51703407,0,0.0,5.0,True
xian,traffic_flow_metrics,dns_flow_batches_started_total,52674,32714,0.62106542,19960,0,0.0,0,47099.0,75973.0,True
xian,traffic_flow_metrics,dns_flow_batches_completed_total,52674,32714,0.62106542,19960,0,0.0,0,46488.0,75035.0,True
xian,traffic_flow_metrics,dns_flow_batches_failed_total,52674,32714,0.62106542,19960,0,0.0,0,611.0,937.0,True
xian,traffic_flow_metrics,dns_flow_batches_timeout_total,52674,32714,0.62106542,19960,0,0.0,0,611.0,937.0,True
xian,traffic_flow_metrics,dns_flow_requests_total,52674,32714,0.62106542,19960,0,0.0,0,2481010.0,4007158.0,True
xian,traffic_flow_metrics,dns_flow_success_total,52674,32714,0.62106542,19960,0,0.0,0,2468834.0,3988201.0,True
xian,traffic_flow_metrics,dns_flow_error_total,52674,32714,0.62106542,19960,0,0.0,0,12175.0,18956.0,True
xian,traffic_flow_metrics,dns_flow_bytes_sent_total,52674,32714,0.62106542,19960,0,0.0,0,116780870.0,188656408.0,True
xian,traffic_flow_metrics,dns_flow_bytes_received_total,52674,32714,0.62106542,19960,0,0.0,0,185908222.0,300326036.0,True
xian,traffic_flow_metrics,dns_flow_duration_seconds_sum,52674,32714,0.62106542,19960,0,0.0,0,946207.3103758576,1525280.867356191,True
xian,traffic_flow_metrics,dns_flow_active_seconds_total,52674,32714,0.62106542,19960,0,0.0,0,946192.2287357822,1525266.6714295335,True
xian,traffic_flow_metrics,dns_flow_duration_seconds_count,52674,32714,0.62106542,19960,0,0.0,0,47099.0,75972.0,True
xian,traffic_flow_metrics,dns_flow_batch_duration_seconds,52674,32714,0.62106542,19960,0,0.0,0,10.050363806076348,46.57422244362533,True
xian,traffic_flow_metrics,dns_flow_last_batch_timestamp_seconds,52674,32714,0.62106542,19960,0,0.0,0,1787112059.3150628,1788321527.7340295,True
xian,traffic_flow_metrics,dns_flow_observed_qps,52674,32714,0.62106542,19960,0,0.0,0,0.31331168247675084,9.020758702789143,True
xian,traffic_flow_metrics,dns_flow_latency_mean_seconds,52674,32714,0.62106542,19960,0,0.0,0,0.01737117487937212,1.0414587577804924,True
xian,traffic_flow_metrics,dns_flow_latency_p95_seconds,52674,32714,0.62106542,19960,0,0.0,0,0.01737117487937212,2.576609504967928,True
xian,traffic_flow_metrics,dns_flow_request_latency_seconds_bucket_le_0_01,52674,32714,0.62106542,19960,19960,1.0,0,0.0,0.0,True
xian,traffic_flow_metrics,dns_flow_request_latency_seconds_bucket_le_0_025,52674,32714,0.62106542,19960,0,0.0,0,2456550.0,3972753.0,True
xian,traffic_flow_metrics,dns_flow_request_latency_seconds_bucket_le_0_05,52674,32714,0.62106542,19960,0,0.0,0,2460444.0,3978452.0,True
xian,traffic_flow_metrics,dns_flow_request_latency_seconds_bucket_le_0_1,52674,32714,0.62106542,19960,0,0.0,0,2468288.0,3987365.0,True
xian,traffic_flow_metrics,dns_flow_request_latency_seconds_bucket_le_0_25,52674,32714,0.62106542,19960,0,0.0,0,2468337.0,3987435.0,True
xian,traffic_flow_metrics,dns_flow_request_latency_seconds_bucket_le_0_5,52674,32714,0.62106542,19960,0,0.0,0,2468504.0,3987617.0,True
xian,traffic_flow_metrics,dns_flow_request_latency_seconds_bucket_le_1,52674,32714,0.62106542,19960,0,0.0,0,2468622.0,3987816.0,True
xian,traffic_flow_metrics,dns_flow_request_latency_seconds_bucket_le_2_5,52674,32714,0.62106542,19960,0,0.0,0,2468796.0,3988128.0,True
xian,traffic_flow_metrics,dns_flow_request_latency_seconds_bucket_le_5,52674,32714,0.62106542,19960,0,0.0,0,2468834.0,3988201.0,True
xian,traffic_flow_metrics,dns_flow_request_latency_seconds_bucket_le_plus_inf,52674,32714,0.62106542,19960,0,0.0,0,2468834.0,3988201.0,True
xian,traffic_flow_metrics,dns_flow_request_latency_seconds_sum,52674,32714,0.62106542,19960,0,0.0,0,46127.50569894025,74254.89103721501,True
xian,traffic_flow_metrics,dns_flow_request_latency_seconds_count,52674,32714,0.62106542,19960,0,0.0,0,2468834.0,3988201.0,True
xian,traffic_flow_metrics,web_flow_active,52674,33968,0.64487223,18706,8721,0.46621405,0,0.0,1.0,True
xian,traffic_flow_metrics,web_flow_batch_concurrency,52674,33968,0.64487223,18706,8721,0.46621405,0,0.0,4.0,True
xian,traffic_flow_metrics,web_flow_batches_started_total,52674,33968,0.64487223,18706,0,0.0,0,28196.0,45333.0,True
xian,traffic_flow_metrics,web_flow_batches_completed_total,52674,33968,0.64487223,18706,0,0.0,0,27181.0,43710.0,True
xian,traffic_flow_metrics,web_flow_batches_failed_total,52674,33968,0.64487223,18706,0,0.0,0,1014.0,1622.0,True
xian,traffic_flow_metrics,web_flow_batches_timeout_total,52674,33968,0.64487223,18706,0,0.0,0,239.0,444.0,True
xian,traffic_flow_metrics,web_flow_requests_total,52674,33968,0.64487223,18706,0,0.0,0,2232504.0,3589180.0,True
xian,traffic_flow_metrics,web_flow_success_total,52674,33968,0.64487223,18706,0,0.0,0,2216808.0,3563602.0,True
xian,traffic_flow_metrics,web_flow_error_total,52674,33968,0.64487223,18706,0,0.0,0,15559.0,25350.0,True
xian,traffic_flow_metrics,web_flow_bytes_sent_total,52674,33968,0.64487223,18706,0,0.0,0,232171814.0,373170370.0,True
xian,traffic_flow_metrics,web_flow_bytes_received_total,52674,33968,0.64487223,18706,0,0.0,0,616892921.0,991588095.0,True
xian,traffic_flow_metrics,web_flow_duration_seconds_sum,52674,33968,0.64487223,18706,0,0.0,0,974462.0462614815,1570779.2754684254,True
xian,traffic_flow_metrics,web_flow_active_seconds_total,52674,33968,0.64487223,18706,0,0.0,0,974461.0202580248,1570813.4461769448,True
xian,traffic_flow_metrics,web_flow_duration_seconds_count,52674,33968,0.64487223,18706,0,0.0,0,28195.0,45332.0,True
xian,traffic_flow_metrics,web_flow_batch_duration_seconds,52674,33968,0.64487223,18706,0,0.0,0,6.004145557060838,76.22548115439713,True
xian,traffic_flow_metrics,web_flow_last_batch_timestamp_seconds,52674,33968,0.64487223,18706,0,0.0,0,1787111953.2182007,1788321491.6587586,True
xian,traffic_flow_metrics,web_flow_observed_qps,52674,33968,0.64487223,18706,0,0.0,0,0.03333333333333333,7.989681375358875,True
xian,traffic_flow_metrics,web_flow_latency_mean_seconds,52674,33968,0.64487223,18706,0,0.0,0,0.10044025536626577,34.25723734404892,True
xian,traffic_flow_metrics,web_flow_latency_p95_seconds,52674,33968,0.64487223,18706,0,0.0,0,0.10044025536626577,34.36917143734172,True
xian,traffic_flow_metrics,web_flow_request_latency_seconds_bucket_le_0_01,52674,33968,0.64487223,18706,18706,1.0,0,0.0,0.0,True
xian,traffic_flow_metrics,web_flow_request_latency_seconds_bucket_le_0_025,52674,33968,0.64487223,18706,18706,1.0,0,0.0,0.0,True
xian,traffic_flow_metrics,web_flow_request_latency_seconds_bucket_le_0_05,52674,33968,0.64487223,18706,18706,1.0,0,0.0,0.0,True
xian,traffic_flow_metrics,web_flow_request_latency_seconds_bucket_le_0_1,52674,33968,0.64487223,18706,0,0.0,0,1403612.0,1403878.0,True
xian,traffic_flow_metrics,web_flow_request_latency_seconds_bucket_le_0_25,52674,33968,0.64487223,18706,0,0.0,0,2026759.0,3265369.0,True
xian,traffic_flow_metrics,web_flow_request_latency_seconds_bucket_le_0_5,52674,33968,0.64487223,18706,0,0.0,0,2228635.0,3581504.0,True
xian,traffic_flow_metrics,web_flow_request_latency_seconds_bucket_le_1,52674,33968,0.64487223,18706,0,0.0,0,2228741.0,3581610.0,True
xian,traffic_flow_metrics,web_flow_request_latency_seconds_bucket_le_2_5,52674,33968,0.64487223,18706,0,0.0,0,2228764.0,3581640.0,True
xian,traffic_flow_metrics,web_flow_request_latency_seconds_bucket_le_5,52674,33968,0.64487223,18706,0,0.0,0,2228772.0,3581651.0,True
xian,traffic_flow_metrics,web_flow_request_latency_seconds_bucket_le_plus_inf,52674,33968,0.64487223,18706,0,0.0,0,2229461.0,3583343.0,True
xian,traffic_flow_metrics,web_flow_request_latency_seconds_sum,52674,33968,0.64487223,18706,0,0.0,0,271718.0231273677,452155.27618038,True
xian,traffic_flow_metrics,web_flow_request_latency_seconds_count,52674,33968,0.64487223,18706,0,0.0,0,2229461.0,3583343.0,True
xian,traffic_flow_metrics,auth_flow_active,52674,39410,0.74818696,13264,9343,0.70438782,0,0.0,1.0,True
xian,traffic_flow_metrics,auth_flow_batch_concurrency,52674,39410,0.74818696,13264,9343,0.70438782,0,0.0,4.0,True
xian,traffic_flow_metrics,auth_flow_batches_started_total,52674,39410,0.74818696,13264,0,0.0,0,19043.0,30680.0,True
xian,traffic_flow_metrics,auth_flow_batches_completed_total,52674,39410,0.74818696,13264,0,0.0,0,18454.0,29720.0,True
xian,traffic_flow_metrics,auth_flow_batches_failed_total,52674,39410,0.74818696,13264,0,0.0,0,589.0,960.0,True
xian,traffic_flow_metrics,auth_flow_batches_timeout_total,52674,39410,0.74818696,13264,0,0.0,0,131.0,240.0,True
xian,traffic_flow_metrics,auth_flow_requests_total,52674,39410,0.74818696,13264,0,0.0,0,437152.0,705553.0,True
xian,traffic_flow_metrics,auth_flow_success_total,52674,39410,0.74818696,13264,0,0.0,0,432451.0,697402.0,True
xian,traffic_flow_metrics,auth_flow_error_total,52674,39410,0.74818696,13264,0,0.0,0,4701.0,8151.0,True
xian,traffic_flow_metrics,auth_flow_bytes_sent_total,52674,39410,0.74818696,13264,0,0.0,0,86244503.0,139122499.0,True
xian,traffic_flow_metrics,auth_flow_bytes_received_total,52674,39410,0.74818696,13264,0,0.0,0,91476710.0,147578265.0,True
xian,traffic_flow_metrics,auth_flow_duration_seconds_sum,52674,39410,0.74818696,13264,0,0.0,0,379841.6062015896,614138.2721271948,True
xian,traffic_flow_metrics,auth_flow_active_seconds_total,52674,39410,0.74818696,13264,0,0.0,0,379831.8581644171,614122.858356616,True
xian,traffic_flow_metrics,auth_flow_duration_seconds_count,52674,39410,0.74818696,13264,0,0.0,0,19043.0,30680.0,True
xian,traffic_flow_metrics,auth_flow_batch_duration_seconds,52674,39410,0.74818696,13264,0,0.0,0,6.0038369838148355,44.04262252058834,True
xian,traffic_flow_metrics,auth_flow_last_batch_timestamp_seconds,52674,39410,0.74818696,13264,0,0.0,0,1787112053.2659736,1788321377.642158,True
xian,traffic_flow_metrics,auth_flow_observed_qps,52674,39410,0.74818696,13264,0,0.0,0,0.2,4.200909655569177,True
xian,traffic_flow_metrics,auth_flow_latency_mean_seconds,52674,39410,0.74818696,13264,0,0.0,0,0.07097046533599496,0.7279628902673722,True
xian,traffic_flow_metrics,auth_flow_latency_p95_seconds,52674,39410,0.74818696,13264,0,0.0,0,0.07125005908310414,3.0925412392709406,True
xian,traffic_flow_metrics,auth_flow_request_latency_seconds_bucket_le_0_01,52674,39410,0.74818696,13264,13264,1.0,0,0.0,0.0,True
xian,traffic_flow_metrics,auth_flow_request_latency_seconds_bucket_le_0_025,52674,39410,0.74818696,13264,13264,1.0,0,0.0,0.0,True
xian,traffic_flow_metrics,auth_flow_request_latency_seconds_bucket_le_0_05,52674,39410,0.74818696,13264,13264,1.0,0,0.0,0.0,True
xian,traffic_flow_metrics,auth_flow_request_latency_seconds_bucket_le_0_1,52674,39410,0.74818696,13264,0,0.0,0,3178.0,5373.0,True
xian,traffic_flow_metrics,auth_flow_request_latency_seconds_bucket_le_0_25,52674,39410,0.74818696,13264,0,0.0,0,407991.0,658521.0,True
xian,traffic_flow_metrics,auth_flow_request_latency_seconds_bucket_le_0_5,52674,39410,0.74818696,13264,0,0.0,0,435803.0,703116.0,True
xian,traffic_flow_metrics,auth_flow_request_latency_seconds_bucket_le_1,52674,39410,0.74818696,13264,0,0.0,0,435815.0,703128.0,True
xian,traffic_flow_metrics,auth_flow_request_latency_seconds_bucket_le_2_5,52674,39410,0.74818696,13264,0,0.0,0,435837.0,703154.0,True
xian,traffic_flow_metrics,auth_flow_request_latency_seconds_bucket_le_5,52674,39410,0.74818696,13264,0,0.0,0,435844.0,703167.0,True
xian,traffic_flow_metrics,auth_flow_request_latency_seconds_bucket_le_plus_inf,52674,39410,0.74818696,13264,0,0.0,0,435844.0,703167.0,True
xian,traffic_flow_metrics,auth_flow_request_latency_seconds_sum,52674,39410,0.74818696,13264,0,0.0,0,53479.75996243954,86168.41863871366,True
xian,traffic_flow_metrics,auth_flow_request_latency_seconds_count,52674,39410,0.74818696,13264,0,0.0,0,435844.0,703167.0,True
xian,traffic_flow_metrics,elephant_flow_active,52674,51930,0.98587538,744,366,0.49193548,0,0.0,1.0,True
xian,traffic_flow_metrics,elephant_flow_batch_concurrency,52674,51930,0.98587538,744,366,0.49193548,0,0.0,4.0,True
xian,traffic_flow_metrics,elephant_flow_batches_started_total,52674,51930,0.98587538,744,0,0.0,0,25.0,61.0,True
xian,traffic_flow_metrics,elephant_flow_batches_completed_total,52674,51930,0.98587538,744,113,0.15188172,0,0.0,59.0,True
xian,traffic_flow_metrics,elephant_flow_batches_failed_total,52674,51930,0.98587538,744,112,0.15053763,0,0.0,56.0,True
xian,traffic_flow_metrics,elephant_flow_batches_timeout_total,52674,51930,0.98587538,744,682,0.91666667,0,0.0,1.0,True
xian,traffic_flow_metrics,elephant_flow_requests_total,52674,51930,0.98587538,744,113,0.15188172,0,0.0,141.0,True
xian,traffic_flow_metrics,elephant_flow_success_total,52674,51930,0.98587538,744,113,0.15188172,0,0.0,141.0,True
xian,traffic_flow_metrics,elephant_flow_error_total,52674,51930,0.98587538,744,744,1.0,0,0.0,0.0,True
xian,traffic_flow_metrics,elephant_flow_bytes_sent_total,52674,51930,0.98587538,744,113,0.15188172,0,0.0,37274789832.0,True
xian,traffic_flow_metrics,elephant_flow_bytes_received_total,52674,51930,0.98587538,744,113,0.15188172,0,0.0,37274789832.0,True
xian,traffic_flow_metrics,elephant_flow_duration_seconds_sum,52674,51930,0.98587538,744,0,0.0,0,1.859893528278917,5765.766536217183,True
xian,traffic_flow_metrics,elephant_flow_active_seconds_total,52674,51930,0.98587538,744,0,0.0,0,1.8553401064127684,5765.757231088355,True
xian,traffic_flow_metrics,elephant_flow_duration_seconds_count,52674,51930,0.98587538,744,0,0.0,0,25.0,61.0,True
xian,traffic_flow_metrics,elephant_flow_batch_duration_seconds,52674,51930,0.98587538,744,0,0.0,0,0.03831712994724512,129.76771564781666,True
xian,traffic_flow_metrics,elephant_flow_last_batch_timestamp_seconds,52674,51930,0.98587538,744,0,0.0,0,1786987225.8992536,1788320513.822855,True
xian,traffic_flow_metrics,elephant_flow_observed_qps,52674,52674,1.0,0,0,,0,,,True
xian,traffic_flow_metrics,elephant_flow_latency_mean_seconds,52674,52674,1.0,0,0,,0,,,True
xian,traffic_flow_metrics,elephant_flow_latency_p95_seconds,52674,52674,1.0,0,0,,0,,,True
xian,traffic_flow_metrics,elephant_flow_throughput_bps,52674,52043,0.98802066,631,0,0.0,0,19999778.40031024,99999548.2002485,True
xian,traffic_flow_metrics,elephant_flow_retransmits_total,52674,51930,0.98587538,744,744,1.0,0,0.0,0.0,True
xian,traffic_flow_metrics,elephant_flow_loss_rate,52674,52043,0.98802066,631,631,1.0,0,0.0,0.0,True
xian,traffic_flow_metrics,elephant_flow_jitter_seconds,52674,52043,0.98802066,631,0,0.0,0,1.6745186394357817e-06,0.002982273982898322,True
