relation_type,left_type,left_id,right_type,right_id,city,sources,raw_fields,provenance,confidence,reason
emits_frr_log,network_element,beida-br-1,frr_hostname,br-1-ccf-aiops-beida,beida,frr_syslog_events,event_time|hostname,observed+derived,high,hostname role maps to canonical city-node
emits_frr_log,network_element,beida-br-2,frr_hostname,br-2-ccf-aiops-beida,beida,frr_syslog_events,event_time|hostname,observed+derived,high,hostname role maps to canonical city-node
emits_frr_log,network_element,beida-cr-1,frr_hostname,cr-1-ccf-aiops-beida,beida,frr_syslog_events,event_time|hostname,observed+derived,high,hostname role maps to canonical city-node
emits_frr_log,network_element,beida-cr-2,frr_hostname,cr-2-ccf-aiops-beida,beida,frr_syslog_events,event_time|hostname,observed+derived,high,hostname role maps to canonical city-node
emits_frr_log,network_element,chengdu-br-1,frr_hostname,br-1-ccf-aiops-chengdu,chengdu,frr_syslog_events,event_time|hostname,observed+derived,high,hostname role maps to canonical city-node
emits_frr_log,network_element,chengdu-br-2,frr_hostname,br-2-ccf-aiops-chengdu,chengdu,frr_syslog_events,event_time|hostname,observed+derived,high,hostname role maps to canonical city-node
emits_frr_log,network_element,chengdu-cr-1,frr_hostname,cr-1-ccf-aiops-chengdu,chengdu,frr_syslog_events,event_time|hostname,observed+derived,high,hostname role maps to canonical city-node
emits_frr_log,network_element,chengdu-cr-2,frr_hostname,cr-2-ccf-aiops-chengdu,chengdu,frr_syslog_events,event_time|hostname,observed+derived,high,hostname role maps to canonical city-node
emits_frr_log,network_element,guangzhou-br-1,frr_hostname,br-1-ccf-aiops-guangzhou,guangzhou,frr_syslog_events,event_time|hostname,observed+derived,high,hostname role maps to canonical city-node
emits_frr_log,network_element,guangzhou-br-2,frr_hostname,br-2-ccf-aiops-guangzhou,guangzhou,frr_syslog_events,event_time|hostname,observed+derived,high,hostname role maps to canonical city-node
emits_frr_log,network_element,guangzhou-cr-1,frr_hostname,cr-1-ccf-aiops-guangzhou,guangzhou,frr_syslog_events,event_time|hostname,observed+derived,high,hostname role maps to canonical city-node
emits_frr_log,network_element,guangzhou-cr-2,frr_hostname,cr-2-ccf-aiops-guangzhou,guangzhou,frr_syslog_events,event_time|hostname,observed+derived,high,hostname role maps to canonical city-node
emits_frr_log,network_element,nanjing-br-1,frr_hostname,br-1-ccf-aiops-nanjing,nanjing,frr_syslog_events,event_time|hostname,observed+derived,high,hostname role maps to canonical city-node
emits_frr_log,network_element,nanjing-br-2,frr_hostname,br-2-ccf-aiops-nanjing,nanjing,frr_syslog_events,event_time|hostname,observed+derived,high,hostname role maps to canonical city-node
emits_frr_log,network_element,nanjing-cr-1,frr_hostname,cr-1-ccf-aiops-nanjing,nanjing,frr_syslog_events,event_time|hostname,observed+derived,high,hostname role maps to canonical city-node
emits_frr_log,network_element,nanjing-cr-2,frr_hostname,cr-2-ccf-aiops-nanjing,nanjing,frr_syslog_events,event_time|hostname,observed+derived,high,hostname role maps to canonical city-node
emits_frr_log,network_element,shanghai-br-1,frr_hostname,br-1-ccf-aiops-shanghai,shanghai,frr_syslog_events,event_time|hostname,observed+derived,high,hostname role maps to canonical city-node
emits_frr_log,network_element,shanghai-br-2,frr_hostname,br-2-ccf-aiops-shanghai,shanghai,frr_syslog_events,event_time|hostname,observed+derived,high,hostname role maps to canonical city-node
emits_frr_log,network_element,shanghai-cr-1,frr_hostname,cr-1-ccf-aiops-shanghai,shanghai,frr_syslog_events,event_time|hostname,observed+derived,high,hostname role maps to canonical city-node
emits_frr_log,network_element,shanghai-cr-2,frr_hostname,cr-2-ccf-aiops-shanghai,shanghai,frr_syslog_events,event_time|hostname,observed+derived,high,hostname role maps to canonical city-node
emits_frr_log,network_element,shenyang-br-1,frr_hostname,br-1-ccf-aiops-shenyang,shenyang,frr_syslog_events,event_time|hostname,observed+derived,high,hostname role maps to canonical city-node
emits_frr_log,network_element,shenyang-br-2,frr_hostname,br-2-ccf-aiops-shenyang,shenyang,frr_syslog_events,event_time|hostname,observed+derived,high,hostname role maps to canonical city-node
emits_frr_log,network_element,shenyang-cr-1,frr_hostname,cr-1-ccf-aiops-shenyang,shenyang,frr_syslog_events,event_time|hostname,observed+derived,high,hostname role maps to canonical city-node
emits_frr_log,network_element,shenyang-cr-2,frr_hostname,cr-2-ccf-aiops-shenyang,shenyang,frr_syslog_events,event_time|hostname,observed+derived,high,hostname role maps to canonical city-node
emits_frr_log,network_element,wuhan-br-1,frr_hostname,br-1-ccf-aiops-wuhan,wuhan,frr_syslog_events,event_time|hostname,observed+derived,high,hostname role maps to canonical city-node
emits_frr_log,network_element,wuhan-br-2,frr_hostname,br-2-ccf-aiops-wuhan,wuhan,frr_syslog_events,event_time|hostname,observed+derived,high,hostname role maps to canonical city-node
emits_frr_log,network_element,wuhan-cr-1,frr_hostname,cr-1-ccf-aiops-wuhan,wuhan,frr_syslog_events,event_time|hostname,observed+derived,high,hostname role maps to canonical city-node
emits_frr_log,network_element,wuhan-cr-2,frr_hostname,cr-2-ccf-aiops-wuhan,wuhan,frr_syslog_events,event_time|hostname,observed+derived,high,hostname role maps to canonical city-node
emits_frr_log,network_element,xian-br-1,frr_hostname,br-1-ccf-aiops-xian,xian,frr_syslog_events,event_time|hostname,observed+derived,high,hostname role maps to canonical city-node
emits_frr_log,network_element,xian-br-2,frr_hostname,br-2-ccf-aiops-xian,xian,frr_syslog_events,event_time|hostname,observed+derived,high,hostname role maps to canonical city-node
emits_frr_log,network_element,xian-cr-2,frr_hostname,cr-2-ccf-aiops-xian,xian,frr_syslog_events,event_time|hostname,observed+derived,high,hostname role maps to canonical city-node
has_netflow_alias,network_element,beida-br-1,netflow_node_key,br1,beida,netflow_5tuple,node|node_key,observed+derived,high,NetFlow node and node_key occur in the same raw record
has_netflow_alias,network_element,beida-br-2,netflow_node_key,br2,beida,netflow_5tuple,node|node_key,observed+derived,high,NetFlow node and node_key occur in the same raw record
has_netflow_alias,network_element,beida-cr-1,netflow_node_key,cr1,beida,netflow_5tuple,node|node_key,observed+derived,high,NetFlow node and node_key occur in the same raw record
has_netflow_alias,network_element,beida-cr-2,netflow_node_key,cr2,beida,netflow_5tuple,node|node_key,observed+derived,high,NetFlow node and node_key occur in the same raw record
has_netflow_alias,network_element,chengdu-br-1,netflow_node_key,br1,chengdu,netflow_5tuple,node|node_key,observed+derived,high,NetFlow node and node_key occur in the same raw record
has_netflow_alias,network_element,chengdu-br-2,netflow_node_key,br2,chengdu,netflow_5tuple,node|node_key,observed+derived,high,NetFlow node and node_key occur in the same raw record
has_netflow_alias,network_element,chengdu-cr-1,netflow_node_key,cr1,chengdu,netflow_5tuple,node|node_key,observed+derived,high,NetFlow node and node_key occur in the same raw record
has_netflow_alias,network_element,chengdu-cr-2,netflow_node_key,cr2,chengdu,netflow_5tuple,node|node_key,observed+derived,high,NetFlow node and node_key occur in the same raw record
has_netflow_alias,network_element,guangzhou-br-1,netflow_node_key,br1,guangzhou,netflow_5tuple,node|node_key,observed+derived,high,NetFlow node and node_key occur in the same raw record
has_netflow_alias,network_element,guangzhou-br-2,netflow_node_key,br2,guangzhou,netflow_5tuple,node|node_key,observed+derived,high,NetFlow node and node_key occur in the same raw record
has_netflow_alias,network_element,guangzhou-cr-1,netflow_node_key,cr1,guangzhou,netflow_5tuple,node|node_key,observed+derived,high,NetFlow node and node_key occur in the same raw record
has_netflow_alias,network_element,guangzhou-cr-2,netflow_node_key,cr2,guangzhou,netflow_5tuple,node|node_key,observed+derived,high,NetFlow node and node_key occur in the same raw record
has_netflow_alias,network_element,nanjing-br-1,netflow_node_key,br1,nanjing,netflow_5tuple,node|node_key,observed+derived,high,NetFlow node and node_key occur in the same raw record
has_netflow_alias,network_element,nanjing-br-2,netflow_node_key,br2,nanjing,netflow_5tuple,node|node_key,observed+derived,high,NetFlow node and node_key occur in the same raw record
has_netflow_alias,network_element,nanjing-cr-1,netflow_node_key,cr1,nanjing,netflow_5tuple,node|node_key,observed+derived,high,NetFlow node and node_key occur in the same raw record
has_netflow_alias,network_element,nanjing-cr-2,netflow_node_key,cr2,nanjing,netflow_5tuple,node|node_key,observed+derived,high,NetFlow node and node_key occur in the same raw record
has_netflow_alias,network_element,shanghai-br-1,netflow_node_key,br1,shanghai,netflow_5tuple,node|node_key,observed+derived,high,NetFlow node and node_key occur in the same raw record
has_netflow_alias,network_element,shanghai-br-2,netflow_node_key,br2,shanghai,netflow_5tuple,node|node_key,observed+derived,high,NetFlow node and node_key occur in the same raw record
has_netflow_alias,network_element,shanghai-cr-1,netflow_node_key,cr1,shanghai,netflow_5tuple,node|node_key,observed+derived,high,NetFlow node and node_key occur in the same raw record
has_netflow_alias,network_element,shanghai-cr-2,netflow_node_key,cr2,shanghai,netflow_5tuple,node|node_key,observed+derived,high,NetFlow node and node_key occur in the same raw record
has_netflow_alias,network_element,shenyang-br-1,netflow_node_key,br1,shenyang,netflow_5tuple,node|node_key,observed+derived,high,NetFlow node and node_key occur in the same raw record
has_netflow_alias,network_element,shenyang-br-2,netflow_node_key,br2,shenyang,netflow_5tuple,node|node_key,observed+derived,high,NetFlow node and node_key occur in the same raw record
has_netflow_alias,network_element,shenyang-cr-1,netflow_node_key,cr1,shenyang,netflow_5tuple,node|node_key,observed+derived,high,NetFlow node and node_key occur in the same raw record
has_netflow_alias,network_element,shenyang-cr-2,netflow_node_key,cr2,shenyang,netflow_5tuple,node|node_key,observed+derived,high,NetFlow node and node_key occur in the same raw record
has_netflow_alias,network_element,wuhan-br-1,netflow_node_key,br1,wuhan,netflow_5tuple,node|node_key,observed+derived,high,NetFlow node and node_key occur in the same raw record
has_netflow_alias,network_element,wuhan-br-2,netflow_node_key,br2,wuhan,netflow_5tuple,node|node_key,observed+derived,high,NetFlow node and node_key occur in the same raw record
has_netflow_alias,network_element,wuhan-cr-1,netflow_node_key,cr1,wuhan,netflow_5tuple,node|node_key,observed+derived,high,NetFlow node and node_key occur in the same raw record
has_netflow_alias,network_element,wuhan-cr-2,netflow_node_key,cr2,wuhan,netflow_5tuple,node|node_key,observed+derived,high,NetFlow node and node_key occur in the same raw record
has_netflow_alias,network_element,xian-br-1,netflow_node_key,br1,xian,netflow_5tuple,node|node_key,observed+derived,high,NetFlow node and node_key occur in the same raw record
has_netflow_alias,network_element,xian-br-2,netflow_node_key,br2,xian,netflow_5tuple,node|node_key,observed+derived,high,NetFlow node and node_key occur in the same raw record
has_netflow_alias,network_element,xian-cr-1,netflow_node_key,cr1,xian,netflow_5tuple,node|node_key,observed+derived,high,NetFlow node and node_key occur in the same raw record
has_netflow_alias,network_element,xian-cr-2,netflow_node_key,cr2,xian,netflow_5tuple,node|node_key,observed+derived,high,NetFlow node and node_key occur in the same raw record
has_observed_address,network_element,beida-br-1,ip_address,fd00:1:20::1,beida,frr_syslog_events,hostname|source_ip,observed+derived,high,FRR source_ip is directly attached to hostname
has_observed_address,network_element,beida-br-2,ip_address,fd00:1:20::2,beida,frr_syslog_events,hostname|source_ip,observed+derived,high,FRR source_ip is directly attached to hostname
has_observed_address,network_element,beida-cr-1,ip_address,fd00:1:30::1,beida,frr_syslog_events,hostname|source_ip,observed+derived,high,FRR source_ip is directly attached to hostname
has_observed_address,network_element,beida-cr-2,ip_address,fd00:1:30::2,beida,frr_syslog_events,hostname|source_ip,observed+derived,high,FRR source_ip is directly attached to hostname
has_observed_address,network_element,chengdu-br-1,ip_address,fd00:4:20::1,chengdu,frr_syslog_events,hostname|source_ip,observed+derived,high,FRR source_ip is directly attached to hostname
has_observed_address,network_element,chengdu-br-2,ip_address,fd00:4:20::2,chengdu,frr_syslog_events,hostname|source_ip,observed+derived,high,FRR source_ip is directly attached to hostname
has_observed_address,network_element,chengdu-cr-1,ip_address,fd00:4:30::1,chengdu,frr_syslog_events,hostname|source_ip,observed+derived,high,FRR source_ip is directly attached to hostname
has_observed_address,network_element,chengdu-cr-2,ip_address,fd00:4:30::2,chengdu,frr_syslog_events,hostname|source_ip,observed+derived,high,FRR source_ip is directly attached to hostname
has_observed_address,network_element,guangzhou-br-1,ip_address,fd00:8:20::1,guangzhou,frr_syslog_events,hostname|source_ip,observed+derived,high,FRR source_ip is directly attached to hostname
has_observed_address,network_element,guangzhou-br-2,ip_address,fd00:8:20::2,guangzhou,frr_syslog_events,hostname|source_ip,observed+derived,high,FRR source_ip is directly attached to hostname
has_observed_address,network_element,guangzhou-cr-1,ip_address,fd00:8:30::1,guangzhou,frr_syslog_events,hostname|source_ip,observed+derived,high,FRR source_ip is directly attached to hostname
has_observed_address,network_element,guangzhou-cr-2,ip_address,fd00:8:30::2,guangzhou,frr_syslog_events,hostname|source_ip,observed+derived,high,FRR source_ip is directly attached to hostname
has_observed_address,network_element,nanjing-br-1,ip_address,fd00:7:20::1,nanjing,frr_syslog_events,hostname|source_ip,observed+derived,high,FRR source_ip is directly attached to hostname
has_observed_address,network_element,nanjing-br-2,ip_address,fd00:7:20::2,nanjing,frr_syslog_events,hostname|source_ip,observed+derived,high,FRR source_ip is directly attached to hostname
has_observed_address,network_element,nanjing-cr-1,ip_address,fd00:7:30::1,nanjing,frr_syslog_events,hostname|source_ip,observed+derived,high,FRR source_ip is directly attached to hostname
has_observed_address,network_element,nanjing-cr-2,ip_address,fd00:7:30::2,nanjing,frr_syslog_events,hostname|source_ip,observed+derived,high,FRR source_ip is directly attached to hostname
has_observed_address,network_element,shanghai-br-1,ip_address,fd00:6:20::1,shanghai,frr_syslog_events,hostname|source_ip,observed+derived,high,FRR source_ip is directly attached to hostname
has_observed_address,network_element,shanghai-br-2,ip_address,fd00:6:20::2,shanghai,frr_syslog_events,hostname|source_ip,observed+derived,high,FRR source_ip is directly attached to hostname
has_observed_address,network_element,shanghai-cr-1,ip_address,fd00:6:30::1,shanghai,frr_syslog_events,hostname|source_ip,observed+derived,high,FRR source_ip is directly attached to hostname
has_observed_address,network_element,shanghai-cr-2,ip_address,fd00:6:30::2,shanghai,frr_syslog_events,hostname|source_ip,observed+derived,high,FRR source_ip is directly attached to hostname
has_observed_address,network_element,shenyang-br-1,ip_address,fd00:2:20::1,shenyang,frr_syslog_events,hostname|source_ip,observed+derived,high,FRR source_ip is directly attached to hostname
has_observed_address,network_element,shenyang-br-2,ip_address,fd00:2:20::2,shenyang,frr_syslog_events,hostname|source_ip,observed+derived,high,FRR source_ip is directly attached to hostname
has_observed_address,network_element,shenyang-cr-1,ip_address,fd00:2:30::1,shenyang,frr_syslog_events,hostname|source_ip,observed+derived,high,FRR source_ip is directly attached to hostname
has_observed_address,network_element,shenyang-cr-2,ip_address,fd00:2:30::2,shenyang,frr_syslog_events,hostname|source_ip,observed+derived,high,FRR source_ip is directly attached to hostname
has_observed_address,network_element,wuhan-br-1,ip_address,fd00:5:20::1,wuhan,frr_syslog_events,hostname|source_ip,observed+derived,high,FRR source_ip is directly attached to hostname
has_observed_address,network_element,wuhan-br-2,ip_address,fd00:5:20::2,wuhan,frr_syslog_events,hostname|source_ip,observed+derived,high,FRR source_ip is directly attached to hostname
has_observed_address,network_element,wuhan-cr-1,ip_address,fd00:5:30::1,wuhan,frr_syslog_events,hostname|source_ip,observed+derived,high,FRR source_ip is directly attached to hostname
has_observed_address,network_element,wuhan-cr-2,ip_address,fd00:5:30::2,wuhan,frr_syslog_events,hostname|source_ip,observed+derived,high,FRR source_ip is directly attached to hostname
has_observed_address,network_element,xian-br-1,ip_address,fd00:3:20::1,xian,frr_syslog_events,hostname|source_ip,observed+derived,high,FRR source_ip is directly attached to hostname
has_observed_address,network_element,xian-br-2,ip_address,fd00:3:20::2,xian,frr_syslog_events,hostname|source_ip,observed+derived,high,FRR source_ip is directly attached to hostname
has_observed_address,network_element,xian-cr-2,ip_address,fd00:3:30::2,xian,frr_syslog_events,hostname|source_ip,observed+derived,high,FRR source_ip is directly attached to hostname
observed_netflow_interface,network_element,beida-br-1,interface,beida-br-1:ens4,beida,netflow_5tuple,if_role|interface_id|node,observed+derived,high,NetFlow interface occurs in the same raw record
observed_netflow_interface,network_element,beida-br-1,interface,beida-br-1:ens5,beida,netflow_5tuple,if_role|interface_id|node,observed+derived,high,NetFlow interface occurs in the same raw record
observed_netflow_interface,network_element,beida-br-2,interface,beida-br-2:ens4,beida,netflow_5tuple,if_role|interface_id|node,observed+derived,high,NetFlow interface occurs in the same raw record
observed_netflow_interface,network_element,beida-br-2,interface,beida-br-2:ens5,beida,netflow_5tuple,if_role|interface_id|node,observed+derived,high,NetFlow interface occurs in the same raw record
observed_netflow_interface,network_element,beida-cr-1,interface,beida-cr-1:ens4,beida,netflow_5tuple,if_role|interface_id|node,observed+derived,high,NetFlow interface occurs in the same raw record
observed_netflow_interface,network_element,beida-cr-1,interface,beida-cr-1:ens5,beida,netflow_5tuple,if_role|interface_id|node,observed+derived,high,NetFlow interface occurs in the same raw record
observed_netflow_interface,network_element,beida-cr-2,interface,beida-cr-2:ens4,beida,netflow_5tuple,if_role|interface_id|node,observed+derived,high,NetFlow interface occurs in the same raw record
observed_netflow_interface,network_element,beida-cr-2,interface,beida-cr-2:ens5,beida,netflow_5tuple,if_role|interface_id|node,observed+derived,high,NetFlow interface occurs in the same raw record
observed_netflow_interface,network_element,chengdu-br-1,interface,chengdu-br-1:ens4,chengdu,netflow_5tuple,if_role|interface_id|node,observed+derived,high,NetFlow interface occurs in the same raw record
observed_netflow_interface,network_element,chengdu-br-1,interface,chengdu-br-1:ens5,chengdu,netflow_5tuple,if_role|interface_id|node,observed+derived,high,NetFlow interface occurs in the same raw record
observed_netflow_interface,network_element,chengdu-br-2,interface,chengdu-br-2:ens4,chengdu,netflow_5tuple,if_role|interface_id|node,observed+derived,high,NetFlow interface occurs in the same raw record
observed_netflow_interface,network_element,chengdu-br-2,interface,chengdu-br-2:ens5,chengdu,netflow_5tuple,if_role|interface_id|node,observed+derived,high,NetFlow interface occurs in the same raw record
observed_netflow_interface,network_element,chengdu-cr-1,interface,chengdu-cr-1:ens4,chengdu,netflow_5tuple,if_role|interface_id|node,observed+derived,high,NetFlow interface occurs in the same raw record
observed_netflow_interface,network_element,chengdu-cr-1,interface,chengdu-cr-1:ens5,chengdu,netflow_5tuple,if_role|interface_id|node,observed+derived,high,NetFlow interface occurs in the same raw record
observed_netflow_interface,network_element,chengdu-cr-2,interface,chengdu-cr-2:ens4,chengdu,netflow_5tuple,if_role|interface_id|node,observed+derived,high,NetFlow interface occurs in the same raw record
observed_netflow_interface,network_element,chengdu-cr-2,interface,chengdu-cr-2:ens5,chengdu,netflow_5tuple,if_role|interface_id|node,observed+derived,high,NetFlow interface occurs in the same raw record
observed_netflow_interface,network_element,guangzhou-br-1,interface,guangzhou-br-1:ens4,guangzhou,netflow_5tuple,if_role|interface_id|node,observed+derived,high,NetFlow interface occurs in the same raw record
observed_netflow_interface,network_element,guangzhou-br-1,interface,guangzhou-br-1:ens5,guangzhou,netflow_5tuple,if_role|interface_id|node,observed+derived,high,NetFlow interface occurs in the same raw record
observed_netflow_interface,network_element,guangzhou-br-2,interface,guangzhou-br-2:ens4,guangzhou,netflow_5tuple,if_role|interface_id|node,observed+derived,high,NetFlow interface occurs in the same raw record
observed_netflow_interface,network_element,guangzhou-br-2,interface,guangzhou-br-2:ens5,guangzhou,netflow_5tuple,if_role|interface_id|node,observed+derived,high,NetFlow interface occurs in the same raw record
observed_netflow_interface,network_element,guangzhou-cr-1,interface,guangzhou-cr-1:ens4,guangzhou,netflow_5tuple,if_role|interface_id|node,observed+derived,high,NetFlow interface occurs in the same raw record
observed_netflow_interface,network_element,guangzhou-cr-1,interface,guangzhou-cr-1:ens5,guangzhou,netflow_5tuple,if_role|interface_id|node,observed+derived,high,NetFlow interface occurs in the same raw record
observed_netflow_interface,network_element,guangzhou-cr-2,interface,guangzhou-cr-2:ens4,guangzhou,netflow_5tuple,if_role|interface_id|node,observed+derived,high,NetFlow interface occurs in the same raw record
observed_netflow_interface,network_element,guangzhou-cr-2,interface,guangzhou-cr-2:ens5,guangzhou,netflow_5tuple,if_role|interface_id|node,observed+derived,high,NetFlow interface occurs in the same raw record
observed_netflow_interface,network_element,nanjing-br-1,interface,nanjing-br-1:ens4,nanjing,netflow_5tuple,if_role|interface_id|node,observed+derived,high,NetFlow interface occurs in the same raw record
observed_netflow_interface,network_element,nanjing-br-1,interface,nanjing-br-1:ens5,nanjing,netflow_5tuple,if_role|interface_id|node,observed+derived,high,NetFlow interface occurs in the same raw record
observed_netflow_interface,network_element,nanjing-br-2,interface,nanjing-br-2:ens4,nanjing,netflow_5tuple,if_role|interface_id|node,observed+derived,high,NetFlow interface occurs in the same raw record
observed_netflow_interface,network_element,nanjing-br-2,interface,nanjing-br-2:ens5,nanjing,netflow_5tuple,if_role|interface_id|node,observed+derived,high,NetFlow interface occurs in the same raw record
observed_netflow_interface,network_element,nanjing-cr-1,interface,nanjing-cr-1:ens4,nanjing,netflow_5tuple,if_role|interface_id|node,observed+derived,high,NetFlow interface occurs in the same raw record
observed_netflow_interface,network_element,nanjing-cr-1,interface,nanjing-cr-1:ens5,nanjing,netflow_5tuple,if_role|interface_id|node,observed+derived,high,NetFlow interface occurs in the same raw record
observed_netflow_interface,network_element,nanjing-cr-2,interface,nanjing-cr-2:ens4,nanjing,netflow_5tuple,if_role|interface_id|node,observed+derived,high,NetFlow interface occurs in the same raw record
observed_netflow_interface,network_element,nanjing-cr-2,interface,nanjing-cr-2:ens5,nanjing,netflow_5tuple,if_role|interface_id|node,observed+derived,high,NetFlow interface occurs in the same raw record
observed_netflow_interface,network_element,shanghai-br-1,interface,shanghai-br-1:ens4,shanghai,netflow_5tuple,if_role|interface_id|node,observed+derived,high,NetFlow interface occurs in the same raw record
observed_netflow_interface,network_element,shanghai-br-1,interface,shanghai-br-1:ens5,shanghai,netflow_5tuple,if_role|interface_id|node,observed+derived,high,NetFlow interface occurs in the same raw record
observed_netflow_interface,network_element,shanghai-br-2,interface,shanghai-br-2:ens4,shanghai,netflow_5tuple,if_role|interface_id|node,observed+derived,high,NetFlow interface occurs in the same raw record
observed_netflow_interface,network_element,shanghai-br-2,interface,shanghai-br-2:ens5,shanghai,netflow_5tuple,if_role|interface_id|node,observed+derived,high,NetFlow interface occurs in the same raw record
observed_netflow_interface,network_element,shanghai-cr-1,interface,shanghai-cr-1:ens4,shanghai,netflow_5tuple,if_role|interface_id|node,observed+derived,high,NetFlow interface occurs in the same raw record
observed_netflow_interface,network_element,shanghai-cr-1,interface,shanghai-cr-1:ens5,shanghai,netflow_5tuple,if_role|interface_id|node,observed+derived,high,NetFlow interface occurs in the same raw record
observed_netflow_interface,network_element,shanghai-cr-2,interface,shanghai-cr-2:ens4,shanghai,netflow_5tuple,if_role|interface_id|node,observed+derived,high,NetFlow interface occurs in the same raw record
observed_netflow_interface,network_element,shanghai-cr-2,interface,shanghai-cr-2:ens5,shanghai,netflow_5tuple,if_role|interface_id|node,observed+derived,high,NetFlow interface occurs in the same raw record
observed_netflow_interface,network_element,shenyang-br-1,interface,shenyang-br-1:ens4,shenyang,netflow_5tuple,if_role|interface_id|node,observed+derived,high,NetFlow interface occurs in the same raw record
observed_netflow_interface,network_element,shenyang-br-1,interface,shenyang-br-1:ens5,shenyang,netflow_5tuple,if_role|interface_id|node,observed+derived,high,NetFlow interface occurs in the same raw record
observed_netflow_interface,network_element,shenyang-br-2,interface,shenyang-br-2:ens4,shenyang,netflow_5tuple,if_role|interface_id|node,observed+derived,high,NetFlow interface occurs in the same raw record
observed_netflow_interface,network_element,shenyang-br-2,interface,shenyang-br-2:ens5,shenyang,netflow_5tuple,if_role|interface_id|node,observed+derived,high,NetFlow interface occurs in the same raw record
observed_netflow_interface,network_element,shenyang-cr-1,interface,shenyang-cr-1:ens4,shenyang,netflow_5tuple,if_role|interface_id|node,observed+derived,high,NetFlow interface occurs in the same raw record
observed_netflow_interface,network_element,shenyang-cr-1,interface,shenyang-cr-1:ens5,shenyang,netflow_5tuple,if_role|interface_id|node,observed+derived,high,NetFlow interface occurs in the same raw record
observed_netflow_interface,network_element,shenyang-cr-2,interface,shenyang-cr-2:ens4,shenyang,netflow_5tuple,if_role|interface_id|node,observed+derived,high,NetFlow interface occurs in the same raw record
observed_netflow_interface,network_element,shenyang-cr-2,interface,shenyang-cr-2:ens5,shenyang,netflow_5tuple,if_role|interface_id|node,observed+derived,high,NetFlow interface occurs in the same raw record
observed_netflow_interface,network_element,wuhan-br-1,interface,wuhan-br-1:ens4,wuhan,netflow_5tuple,if_role|interface_id|node,observed+derived,high,NetFlow interface occurs in the same raw record
observed_netflow_interface,network_element,wuhan-br-1,interface,wuhan-br-1:ens5,wuhan,netflow_5tuple,if_role|interface_id|node,observed+derived,high,NetFlow interface occurs in the same raw record
observed_netflow_interface,network_element,wuhan-br-2,interface,wuhan-br-2:ens4,wuhan,netflow_5tuple,if_role|interface_id|node,observed+derived,high,NetFlow interface occurs in the same raw record
observed_netflow_interface,network_element,wuhan-br-2,interface,wuhan-br-2:ens5,wuhan,netflow_5tuple,if_role|interface_id|node,observed+derived,high,NetFlow interface occurs in the same raw record
observed_netflow_interface,network_element,wuhan-cr-1,interface,wuhan-cr-1:ens4,wuhan,netflow_5tuple,if_role|interface_id|node,observed+derived,high,NetFlow interface occurs in the same raw record
observed_netflow_interface,network_element,wuhan-cr-1,interface,wuhan-cr-1:ens5,wuhan,netflow_5tuple,if_role|interface_id|node,observed+derived,high,NetFlow interface occurs in the same raw record
observed_netflow_interface,network_element,wuhan-cr-2,interface,wuhan-cr-2:ens4,wuhan,netflow_5tuple,if_role|interface_id|node,observed+derived,high,NetFlow interface occurs in the same raw record
observed_netflow_interface,network_element,wuhan-cr-2,interface,wuhan-cr-2:ens5,wuhan,netflow_5tuple,if_role|interface_id|node,observed+derived,high,NetFlow interface occurs in the same raw record
observed_netflow_interface,network_element,xian-br-1,interface,xian-br-1:ens4,xian,netflow_5tuple,if_role|interface_id|node,observed+derived,high,NetFlow interface occurs in the same raw record
observed_netflow_interface,network_element,xian-br-1,interface,xian-br-1:ens5,xian,netflow_5tuple,if_role|interface_id|node,observed+derived,high,NetFlow interface occurs in the same raw record
observed_netflow_interface,network_element,xian-br-2,interface,xian-br-2:ens4,xian,netflow_5tuple,if_role|interface_id|node,observed+derived,high,NetFlow interface occurs in the same raw record
observed_netflow_interface,network_element,xian-br-2,interface,xian-br-2:ens5,xian,netflow_5tuple,if_role|interface_id|node,observed+derived,high,NetFlow interface occurs in the same raw record
observed_netflow_interface,network_element,xian-cr-1,interface,xian-cr-1:ens4,xian,netflow_5tuple,if_role|interface_id|node,observed+derived,high,NetFlow interface occurs in the same raw record
observed_netflow_interface,network_element,xian-cr-1,interface,xian-cr-1:ens5,xian,netflow_5tuple,if_role|interface_id|node,observed+derived,high,NetFlow interface occurs in the same raw record
observed_netflow_interface,network_element,xian-cr-2,interface,xian-cr-2:ens4,xian,netflow_5tuple,if_role|interface_id|node,observed+derived,high,NetFlow interface occurs in the same raw record
observed_netflow_interface,network_element,xian-cr-2,interface,xian-cr-2:ens5,xian,netflow_5tuple,if_role|interface_id|node,observed+derived,high,NetFlow interface occurs in the same raw record
observes_service,traffic_observer,beida-traffic-vm,service_target,auth01.wuhan.aiops.local,beida,traffic_flow_metrics,flow_type|protocol|source_region|target_domain|target_region,observed+derived,high,business probe source and target are explicit raw fields
observes_service,traffic_observer,beida-traffic-vm,service_target,dns.beida.aiops.local,beida,traffic_flow_metrics,flow_type|protocol|source_region|target_domain|target_region,observed+derived,high,business probe source and target are explicit raw fields
observes_service,traffic_observer,beida-traffic-vm,service_target,elephant01.chengdu.aiops.local,beida,traffic_flow_metrics,flow_type|protocol|source_region|target_domain|target_region,observed+derived,high,business probe source and target are explicit raw fields
observes_service,traffic_observer,beida-traffic-vm,service_target,elephant01.guangzhou.aiops.local,beida,traffic_flow_metrics,flow_type|protocol|source_region|target_domain|target_region,observed+derived,high,business probe source and target are explicit raw fields
observes_service,traffic_observer,beida-traffic-vm,service_target,elephant01.nanjing.aiops.local,beida,traffic_flow_metrics,flow_type|protocol|source_region|target_domain|target_region,observed+derived,high,business probe source and target are explicit raw fields
observes_service,traffic_observer,beida-traffic-vm,service_target,elephant01.shenyang.aiops.local,beida,traffic_flow_metrics,flow_type|protocol|source_region|target_domain|target_region,observed+derived,high,business probe source and target are explicit raw fields
observes_service,traffic_observer,beida-traffic-vm,service_target,elephant01.xian.aiops.local,beida,traffic_flow_metrics,flow_type|protocol|source_region|target_domain|target_region,observed+derived,high,business probe source and target are explicit raw fields
observes_service,traffic_observer,beida-traffic-vm,service_target,elephant02.beida.aiops.local,beida,traffic_flow_metrics,flow_type|protocol|source_region|target_domain|target_region,observed+derived,high,business probe source and target are explicit raw fields
observes_service,traffic_observer,beida-traffic-vm,service_target,elephant02.chengdu.aiops.local,beida,traffic_flow_metrics,flow_type|protocol|source_region|target_domain|target_region,observed+derived,high,business probe source and target are explicit raw fields
observes_service,traffic_observer,beida-traffic-vm,service_target,elephant02.guangzhou.aiops.local,beida,traffic_flow_metrics,flow_type|protocol|source_region|target_domain|target_region,observed+derived,high,business probe source and target are explicit raw fields
observes_service,traffic_observer,beida-traffic-vm,service_target,elephant02.nanjing.aiops.local,beida,traffic_flow_metrics,flow_type|protocol|source_region|target_domain|target_region,observed+derived,high,business probe source and target are explicit raw fields
observes_service,traffic_observer,beida-traffic-vm,service_target,elephant02.shanghai.aiops.local,beida,traffic_flow_metrics,flow_type|protocol|source_region|target_domain|target_region,observed+derived,high,business probe source and target are explicit raw fields
observes_service,traffic_observer,beida-traffic-vm,service_target,elephant02.shenyang.aiops.local,beida,traffic_flow_metrics,flow_type|protocol|source_region|target_domain|target_region,observed+derived,high,business probe source and target are explicit raw fields
observes_service,traffic_observer,beida-traffic-vm,service_target,elephant02.wuhan.aiops.local,beida,traffic_flow_metrics,flow_type|protocol|source_region|target_domain|target_region,observed+derived,high,business probe source and target are explicit raw fields
observes_service,traffic_observer,beida-traffic-vm,service_target,elephant02.xian.aiops.local,beida,traffic_flow_metrics,flow_type|protocol|source_region|target_domain|target_region,observed+derived,high,business probe source and target are explicit raw fields
observes_service,traffic_observer,beida-traffic-vm,service_target,elephant03.beida.aiops.local,beida,traffic_flow_metrics,flow_type|protocol|source_region|target_domain|target_region,observed+derived,high,business probe source and target are explicit raw fields
observes_service,traffic_observer,beida-traffic-vm,service_target,elephant03.chengdu.aiops.local,beida,traffic_flow_metrics,flow_type|protocol|source_region|target_domain|target_region,observed+derived,high,business probe source and target are explicit raw fields
observes_service,traffic_observer,beida-traffic-vm,service_target,elephant03.guangzhou.aiops.local,beida,traffic_flow_metrics,flow_type|protocol|source_region|target_domain|target_region,observed+derived,high,business probe source and target are explicit raw fields
observes_service,traffic_observer,beida-traffic-vm,service_target,elephant03.nanjing.aiops.local,beida,traffic_flow_metrics,flow_type|protocol|source_region|target_domain|target_region,observed+derived,high,business probe source and target are explicit raw fields
observes_service,traffic_observer,beida-traffic-vm,service_target,elephant03.shanghai.aiops.local,beida,traffic_flow_metrics,flow_type|protocol|source_region|target_domain|target_region,observed+derived,high,business probe source and target are explicit raw fields
observes_service,traffic_observer,beida-traffic-vm,service_target,elephant03.shenyang.aiops.local,beida,traffic_flow_metrics,flow_type|protocol|source_region|target_domain|target_region,observed+derived,high,business probe source and target are explicit raw fields
observes_service,traffic_observer,beida-traffic-vm,service_target,elephant03.wuhan.aiops.local,beida,traffic_flow_metrics,flow_type|protocol|source_region|target_domain|target_region,observed+derived,high,business probe source and target are explicit raw fields
observes_service,traffic_observer,beida-traffic-vm,service_target,elephant03.xian.aiops.local,beida,traffic_flow_metrics,flow_type|protocol|source_region|target_domain|target_region,observed+derived,high,business probe source and target are explicit raw fields
observes_service,traffic_observer,beida-traffic-vm,service_target,web01.shanghai.aiops.local,beida,traffic_flow_metrics,flow_type|protocol|source_region|target_domain|target_region,observed+derived,high,business probe source and target are explicit raw fields
observes_service,traffic_observer,chengdu-traffic-vm,service_target,auth01.wuhan.aiops.local,chengdu,traffic_flow_metrics,flow_type|protocol|source_region|target_domain|target_region,observed+derived,high,business probe source and target are explicit raw fields
observes_service,traffic_observer,chengdu-traffic-vm,service_target,dns.beida.aiops.local,chengdu,traffic_flow_metrics,flow_type|protocol|source_region|target_domain|target_region,observed+derived,high,business probe source and target are explicit raw fields
observes_service,traffic_observer,chengdu-traffic-vm,service_target,elephant01.chengdu.aiops.local,chengdu,traffic_flow_metrics,flow_type|protocol|source_region|target_domain|target_region,observed+derived,high,business probe source and target are explicit raw fields
observes_service,traffic_observer,chengdu-traffic-vm,service_target,elephant01.guangzhou.aiops.local,chengdu,traffic_flow_metrics,flow_type|protocol|source_region|target_domain|target_region,observed+derived,high,business probe source and target are explicit raw fields
observes_service,traffic_observer,chengdu-traffic-vm,service_target,elephant01.nanjing.aiops.local,chengdu,traffic_flow_metrics,flow_type|protocol|source_region|target_domain|target_region,observed+derived,high,business probe source and target are explicit raw fields
observes_service,traffic_observer,chengdu-traffic-vm,service_target,elephant01.shenyang.aiops.local,chengdu,traffic_flow_metrics,flow_type|protocol|source_region|target_domain|target_region,observed+derived,high,business probe source and target are explicit raw fields
observes_service,traffic_observer,chengdu-traffic-vm,service_target,elephant01.xian.aiops.local,chengdu,traffic_flow_metrics,flow_type|protocol|source_region|target_domain|target_region,observed+derived,high,business probe source and target are explicit raw fields
observes_service,traffic_observer,chengdu-traffic-vm,service_target,elephant02.beida.aiops.local,chengdu,traffic_flow_metrics,flow_type|protocol|source_region|target_domain|target_region,observed+derived,high,business probe source and target are explicit raw fields
observes_service,traffic_observer,chengdu-traffic-vm,service_target,elephant02.chengdu.aiops.local,chengdu,traffic_flow_metrics,flow_type|protocol|source_region|target_domain|target_region,observed+derived,high,business probe source and target are explicit raw fields
observes_service,traffic_observer,chengdu-traffic-vm,service_target,elephant02.guangzhou.aiops.local,chengdu,traffic_flow_metrics,flow_type|protocol|source_region|target_domain|target_region,observed+derived,high,business probe source and target are explicit raw fields
observes_service,traffic_observer,chengdu-traffic-vm,service_target,elephant02.nanjing.aiops.local,chengdu,traffic_flow_metrics,flow_type|protocol|source_region|target_domain|target_region,observed+derived,high,business probe source and target are explicit raw fields
observes_service,traffic_observer,chengdu-traffic-vm,service_target,elephant02.shanghai.aiops.local,chengdu,traffic_flow_metrics,flow_type|protocol|source_region|target_domain|target_region,observed+derived,high,business probe source and target are explicit raw fields
observes_service,traffic_observer,chengdu-traffic-vm,service_target,elephant02.shenyang.aiops.local,chengdu,traffic_flow_metrics,flow_type|protocol|source_region|target_domain|target_region,observed+derived,high,business probe source and target are explicit raw fields
observes_service,traffic_observer,chengdu-traffic-vm,service_target,elephant02.wuhan.aiops.local,chengdu,traffic_flow_metrics,flow_type|protocol|source_region|target_domain|target_region,observed+derived,high,business probe source and target are explicit raw fields
observes_service,traffic_observer,chengdu-traffic-vm,service_target,elephant02.xian.aiops.local,chengdu,traffic_flow_metrics,flow_type|protocol|source_region|target_domain|target_region,observed+derived,high,business probe source and target are explicit raw fields
observes_service,traffic_observer,chengdu-traffic-vm,service_target,elephant03.beida.aiops.local,chengdu,traffic_flow_metrics,flow_type|protocol|source_region|target_domain|target_region,observed+derived,high,business probe source and target are explicit raw fields
observes_service,traffic_observer,chengdu-traffic-vm,service_target,elephant03.chengdu.aiops.local,chengdu,traffic_flow_metrics,flow_type|protocol|source_region|target_domain|target_region,observed+derived,high,business probe source and target are explicit raw fields
observes_service,traffic_observer,chengdu-traffic-vm,service_target,elephant03.guangzhou.aiops.local,chengdu,traffic_flow_metrics,flow_type|protocol|source_region|target_domain|target_region,observed+derived,high,business probe source and target are explicit raw fields
observes_service,traffic_observer,chengdu-traffic-vm,service_target,elephant03.nanjing.aiops.local,chengdu,traffic_flow_metrics,flow_type|protocol|source_region|target_domain|target_region,observed+derived,high,business probe source and target are explicit raw fields
observes_service,traffic_observer,chengdu-traffic-vm,service_target,elephant03.shanghai.aiops.local,chengdu,traffic_flow_metrics,flow_type|protocol|source_region|target_domain|target_region,observed+derived,high,business probe source and target are explicit raw fields
observes_service,traffic_observer,chengdu-traffic-vm,service_target,elephant03.shenyang.aiops.local,chengdu,traffic_flow_metrics,flow_type|protocol|source_region|target_domain|target_region,observed+derived,high,business probe source and target are explicit raw fields
observes_service,traffic_observer,chengdu-traffic-vm,service_target,elephant03.wuhan.aiops.local,chengdu,traffic_flow_metrics,flow_type|protocol|source_region|target_domain|target_region,observed+derived,high,business probe source and target are explicit raw fields
observes_service,traffic_observer,chengdu-traffic-vm,service_target,elephant03.xian.aiops.local,chengdu,traffic_flow_metrics,flow_type|protocol|source_region|target_domain|target_region,observed+derived,high,business probe source and target are explicit raw fields
observes_service,traffic_observer,chengdu-traffic-vm,service_target,web01.shanghai.aiops.local,chengdu,traffic_flow_metrics,flow_type|protocol|source_region|target_domain|target_region,observed+derived,high,business probe source and target are explicit raw fields
observes_service,traffic_observer,guangzhou-traffic-vm,service_target,auth01.wuhan.aiops.local,guangzhou,traffic_flow_metrics,flow_type|protocol|source_region|target_domain|target_region,observed+derived,high,business probe source and target are explicit raw fields
observes_service,traffic_observer,guangzhou-traffic-vm,service_target,dns.beida.aiops.local,guangzhou,traffic_flow_metrics,flow_type|protocol|source_region|target_domain|target_region,observed+derived,high,business probe source and target are explicit raw fields
observes_service,traffic_observer,guangzhou-traffic-vm,service_target,elephant01.chengdu.aiops.local,guangzhou,traffic_flow_metrics,flow_type|protocol|source_region|target_domain|target_region,observed+derived,high,business probe source and target are explicit raw fields
observes_service,traffic_observer,guangzhou-traffic-vm,service_target,elephant01.guangzhou.aiops.local,guangzhou,traffic_flow_metrics,flow_type|protocol|source_region|target_domain|target_region,observed+derived,high,business probe source and target are explicit raw fields
observes_service,traffic_observer,guangzhou-traffic-vm,service_target,elephant01.nanjing.aiops.local,guangzhou,traffic_flow_metrics,flow_type|protocol|source_region|target_domain|target_region,observed+derived,high,business probe source and target are explicit raw fields
observes_service,traffic_observer,guangzhou-traffic-vm,service_target,elephant01.shenyang.aiops.local,guangzhou,traffic_flow_metrics,flow_type|protocol|source_region|target_domain|target_region,observed+derived,high,business probe source and target are explicit raw fields
observes_service,traffic_observer,guangzhou-traffic-vm,service_target,elephant01.xian.aiops.local,guangzhou,traffic_flow_metrics,flow_type|protocol|source_region|target_domain|target_region,observed+derived,high,business probe source and target are explicit raw fields
observes_service,traffic_observer,guangzhou-traffic-vm,service_target,elephant02.beida.aiops.local,guangzhou,traffic_flow_metrics,flow_type|protocol|source_region|target_domain|target_region,observed+derived,high,business probe source and target are explicit raw fields
observes_service,traffic_observer,guangzhou-traffic-vm,service_target,elephant02.chengdu.aiops.local,guangzhou,traffic_flow_metrics,flow_type|protocol|source_region|target_domain|target_region,observed+derived,high,business probe source and target are explicit raw fields
observes_service,traffic_observer,guangzhou-traffic-vm,service_target,elephant02.guangzhou.aiops.local,guangzhou,traffic_flow_metrics,flow_type|protocol|source_region|target_domain|target_region,observed+derived,high,business probe source and target are explicit raw fields
observes_service,traffic_observer,guangzhou-traffic-vm,service_target,elephant02.nanjing.aiops.local,guangzhou,traffic_flow_metrics,flow_type|protocol|source_region|target_domain|target_region,observed+derived,high,business probe source and target are explicit raw fields
observes_service,traffic_observer,guangzhou-traffic-vm,service_target,elephant02.shanghai.aiops.local,guangzhou,traffic_flow_metrics,flow_type|protocol|source_region|target_domain|target_region,observed+derived,high,business probe source and target are explicit raw fields
observes_service,traffic_observer,guangzhou-traffic-vm,service_target,elephant02.shenyang.aiops.local,guangzhou,traffic_flow_metrics,flow_type|protocol|source_region|target_domain|target_region,observed+derived,high,business probe source and target are explicit raw fields
observes_service,traffic_observer,guangzhou-traffic-vm,service_target,elephant02.wuhan.aiops.local,guangzhou,traffic_flow_metrics,flow_type|protocol|source_region|target_domain|target_region,observed+derived,high,business probe source and target are explicit raw fields
observes_service,traffic_observer,guangzhou-traffic-vm,service_target,elephant02.xian.aiops.local,guangzhou,traffic_flow_metrics,flow_type|protocol|source_region|target_domain|target_region,observed+derived,high,business probe source and target are explicit raw fields
observes_service,traffic_observer,guangzhou-traffic-vm,service_target,elephant03.beida.aiops.local,guangzhou,traffic_flow_metrics,flow_type|protocol|source_region|target_domain|target_region,observed+derived,high,business probe source and target are explicit raw fields
observes_service,traffic_observer,guangzhou-traffic-vm,service_target,elephant03.chengdu.aiops.local,guangzhou,traffic_flow_metrics,flow_type|protocol|source_region|target_domain|target_region,observed+derived,high,business probe source and target are explicit raw fields
observes_service,traffic_observer,guangzhou-traffic-vm,service_target,elephant03.guangzhou.aiops.local,guangzhou,traffic_flow_metrics,flow_type|protocol|source_region|target_domain|target_region,observed+derived,high,business probe source and target are explicit raw fields
observes_service,traffic_observer,guangzhou-traffic-vm,service_target,elephant03.nanjing.aiops.local,guangzhou,traffic_flow_metrics,flow_type|protocol|source_region|target_domain|target_region,observed+derived,high,business probe source and target are explicit raw fields
observes_service,traffic_observer,guangzhou-traffic-vm,service_target,elephant03.shanghai.aiops.local,guangzhou,traffic_flow_metrics,flow_type|protocol|source_region|target_domain|target_region,observed+derived,high,business probe source and target are explicit raw fields
observes_service,traffic_observer,guangzhou-traffic-vm,service_target,elephant03.shenyang.aiops.local,guangzhou,traffic_flow_metrics,flow_type|protocol|source_region|target_domain|target_region,observed+derived,high,business probe source and target are explicit raw fields
observes_service,traffic_observer,guangzhou-traffic-vm,service_target,elephant03.wuhan.aiops.local,guangzhou,traffic_flow_metrics,flow_type|protocol|source_region|target_domain|target_region,observed+derived,high,business probe source and target are explicit raw fields
observes_service,traffic_observer,guangzhou-traffic-vm,service_target,elephant03.xian.aiops.local,guangzhou,traffic_flow_metrics,flow_type|protocol|source_region|target_domain|target_region,observed+derived,high,business probe source and target are explicit raw fields
observes_service,traffic_observer,guangzhou-traffic-vm,service_target,web01.shanghai.aiops.local,guangzhou,traffic_flow_metrics,flow_type|protocol|source_region|target_domain|target_region,observed+derived,high,business probe source and target are explicit raw fields
observes_service,traffic_observer,nanjing-traffic-vm,service_target,auth01.wuhan.aiops.local,nanjing,traffic_flow_metrics,flow_type|protocol|source_region|target_domain|target_region,observed+derived,high,business probe source and target are explicit raw fields
observes_service,traffic_observer,nanjing-traffic-vm,service_target,dns.beida.aiops.local,nanjing,traffic_flow_metrics,flow_type|protocol|source_region|target_domain|target_region,observed+derived,high,business probe source and target are explicit raw fields
observes_service,traffic_observer,nanjing-traffic-vm,service_target,elephant01.chengdu.aiops.local,nanjing,traffic_flow_metrics,flow_type|protocol|source_region|target_domain|target_region,observed+derived,high,business probe source and target are explicit raw fields
observes_service,traffic_observer,nanjing-traffic-vm,service_target,elephant01.guangzhou.aiops.local,nanjing,traffic_flow_metrics,flow_type|protocol|source_region|target_domain|target_region,observed+derived,high,business probe source and target are explicit raw fields
observes_service,traffic_observer,nanjing-traffic-vm,service_target,elephant01.nanjing.aiops.local,nanjing,traffic_flow_metrics,flow_type|protocol|source_region|target_domain|target_region,observed+derived,high,business probe source and target are explicit raw fields
observes_service,traffic_observer,nanjing-traffic-vm,service_target,elephant01.shenyang.aiops.local,nanjing,traffic_flow_metrics,flow_type|protocol|source_region|target_domain|target_region,observed+derived,high,business probe source and target are explicit raw fields
observes_service,traffic_observer,nanjing-traffic-vm,service_target,elephant01.xian.aiops.local,nanjing,traffic_flow_metrics,flow_type|protocol|source_region|target_domain|target_region,observed+derived,high,business probe source and target are explicit raw fields
observes_service,traffic_observer,nanjing-traffic-vm,service_target,elephant02.beida.aiops.local,nanjing,traffic_flow_metrics,flow_type|protocol|source_region|target_domain|target_region,observed+derived,high,business probe source and target are explicit raw fields
observes_service,traffic_observer,nanjing-traffic-vm,service_target,elephant02.chengdu.aiops.local,nanjing,traffic_flow_metrics,flow_type|protocol|source_region|target_domain|target_region,observed+derived,high,business probe source and target are explicit raw fields
observes_service,traffic_observer,nanjing-traffic-vm,service_target,elephant02.guangzhou.aiops.local,nanjing,traffic_flow_metrics,flow_type|protocol|source_region|target_domain|target_region,observed+derived,high,business probe source and target are explicit raw fields
observes_service,traffic_observer,nanjing-traffic-vm,service_target,elephant02.nanjing.aiops.local,nanjing,traffic_flow_metrics,flow_type|protocol|source_region|target_domain|target_region,observed+derived,high,business probe source and target are explicit raw fields
observes_service,traffic_observer,nanjing-traffic-vm,service_target,elephant02.shanghai.aiops.local,nanjing,traffic_flow_metrics,flow_type|protocol|source_region|target_domain|target_region,observed+derived,high,business probe source and target are explicit raw fields
observes_service,traffic_observer,nanjing-traffic-vm,service_target,elephant02.shenyang.aiops.local,nanjing,traffic_flow_metrics,flow_type|protocol|source_region|target_domain|target_region,observed+derived,high,business probe source and target are explicit raw fields
observes_service,traffic_observer,nanjing-traffic-vm,service_target,elephant02.wuhan.aiops.local,nanjing,traffic_flow_metrics,flow_type|protocol|source_region|target_domain|target_region,observed+derived,high,business probe source and target are explicit raw fields
observes_service,traffic_observer,nanjing-traffic-vm,service_target,elephant02.xian.aiops.local,nanjing,traffic_flow_metrics,flow_type|protocol|source_region|target_domain|target_region,observed+derived,high,business probe source and target are explicit raw fields
observes_service,traffic_observer,nanjing-traffic-vm,service_target,elephant03.beida.aiops.local,nanjing,traffic_flow_metrics,flow_type|protocol|source_region|target_domain|target_region,observed+derived,high,business probe source and target are explicit raw fields
observes_service,traffic_observer,nanjing-traffic-vm,service_target,elephant03.chengdu.aiops.local,nanjing,traffic_flow_metrics,flow_type|protocol|source_region|target_domain|target_region,observed+derived,high,business probe source and target are explicit raw fields
observes_service,traffic_observer,nanjing-traffic-vm,service_target,elephant03.guangzhou.aiops.local,nanjing,traffic_flow_metrics,flow_type|protocol|source_region|target_domain|target_region,observed+derived,high,business probe source and target are explicit raw fields
observes_service,traffic_observer,nanjing-traffic-vm,service_target,elephant03.nanjing.aiops.local,nanjing,traffic_flow_metrics,flow_type|protocol|source_region|target_domain|target_region,observed+derived,high,business probe source and target are explicit raw fields
observes_service,traffic_observer,nanjing-traffic-vm,service_target,elephant03.shanghai.aiops.local,nanjing,traffic_flow_metrics,flow_type|protocol|source_region|target_domain|target_region,observed+derived,high,business probe source and target are explicit raw fields
observes_service,traffic_observer,nanjing-traffic-vm,service_target,elephant03.shenyang.aiops.local,nanjing,traffic_flow_metrics,flow_type|protocol|source_region|target_domain|target_region,observed+derived,high,business probe source and target are explicit raw fields
observes_service,traffic_observer,nanjing-traffic-vm,service_target,elephant03.wuhan.aiops.local,nanjing,traffic_flow_metrics,flow_type|protocol|source_region|target_domain|target_region,observed+derived,high,business probe source and target are explicit raw fields
observes_service,traffic_observer,nanjing-traffic-vm,service_target,elephant03.xian.aiops.local,nanjing,traffic_flow_metrics,flow_type|protocol|source_region|target_domain|target_region,observed+derived,high,business probe source and target are explicit raw fields
observes_service,traffic_observer,nanjing-traffic-vm,service_target,web01.shanghai.aiops.local,nanjing,traffic_flow_metrics,flow_type|protocol|source_region|target_domain|target_region,observed+derived,high,business probe source and target are explicit raw fields
observes_service,traffic_observer,shanghai-traffic-vm,service_target,auth01.wuhan.aiops.local,shanghai,traffic_flow_metrics,flow_type|protocol|source_region|target_domain|target_region,observed+derived,high,business probe source and target are explicit raw fields
observes_service,traffic_observer,shanghai-traffic-vm,service_target,dns.beida.aiops.local,shanghai,traffic_flow_metrics,flow_type|protocol|source_region|target_domain|target_region,observed+derived,high,business probe source and target are explicit raw fields
observes_service,traffic_observer,shanghai-traffic-vm,service_target,elephant01.chengdu.aiops.local,shanghai,traffic_flow_metrics,flow_type|protocol|source_region|target_domain|target_region,observed+derived,high,business probe source and target are explicit raw fields
observes_service,traffic_observer,shanghai-traffic-vm,service_target,elephant01.guangzhou.aiops.local,shanghai,traffic_flow_metrics,flow_type|protocol|source_region|target_domain|target_region,observed+derived,high,business probe source and target are explicit raw fields
observes_service,traffic_observer,shanghai-traffic-vm,service_target,elephant01.nanjing.aiops.local,shanghai,traffic_flow_metrics,flow_type|protocol|source_region|target_domain|target_region,observed+derived,high,business probe source and target are explicit raw fields
observes_service,traffic_observer,shanghai-traffic-vm,service_target,elephant01.shenyang.aiops.local,shanghai,traffic_flow_metrics,flow_type|protocol|source_region|target_domain|target_region,observed+derived,high,business probe source and target are explicit raw fields
observes_service,traffic_observer,shanghai-traffic-vm,service_target,elephant01.xian.aiops.local,shanghai,traffic_flow_metrics,flow_type|protocol|source_region|target_domain|target_region,observed+derived,high,business probe source and target are explicit raw fields
observes_service,traffic_observer,shanghai-traffic-vm,service_target,elephant02.beida.aiops.local,shanghai,traffic_flow_metrics,flow_type|protocol|source_region|target_domain|target_region,observed+derived,high,business probe source and target are explicit raw fields
observes_service,traffic_observer,shanghai-traffic-vm,service_target,elephant02.chengdu.aiops.local,shanghai,traffic_flow_metrics,flow_type|protocol|source_region|target_domain|target_region,observed+derived,high,business probe source and target are explicit raw fields
observes_service,traffic_observer,shanghai-traffic-vm,service_target,elephant02.guangzhou.aiops.local,shanghai,traffic_flow_metrics,flow_type|protocol|source_region|target_domain|target_region,observed+derived,high,business probe source and target are explicit raw fields
observes_service,traffic_observer,shanghai-traffic-vm,service_target,elephant02.nanjing.aiops.local,shanghai,traffic_flow_metrics,flow_type|protocol|source_region|target_domain|target_region,observed+derived,high,business probe source and target are explicit raw fields
observes_service,traffic_observer,shanghai-traffic-vm,service_target,elephant02.shanghai.aiops.local,shanghai,traffic_flow_metrics,flow_type|protocol|source_region|target_domain|target_region,observed+derived,high,business probe source and target are explicit raw fields
observes_service,traffic_observer,shanghai-traffic-vm,service_target,elephant02.shenyang.aiops.local,shanghai,traffic_flow_metrics,flow_type|protocol|source_region|target_domain|target_region,observed+derived,high,business probe source and target are explicit raw fields
observes_service,traffic_observer,shanghai-traffic-vm,service_target,elephant02.wuhan.aiops.local,shanghai,traffic_flow_metrics,flow_type|protocol|source_region|target_domain|target_region,observed+derived,high,business probe source and target are explicit raw fields
observes_service,traffic_observer,shanghai-traffic-vm,service_target,elephant02.xian.aiops.local,shanghai,traffic_flow_metrics,flow_type|protocol|source_region|target_domain|target_region,observed+derived,high,business probe source and target are explicit raw fields
observes_service,traffic_observer,shanghai-traffic-vm,service_target,elephant03.beida.aiops.local,shanghai,traffic_flow_metrics,flow_type|protocol|source_region|target_domain|target_region,observed+derived,high,business probe source and target are explicit raw fields
observes_service,traffic_observer,shanghai-traffic-vm,service_target,elephant03.chengdu.aiops.local,shanghai,traffic_flow_metrics,flow_type|protocol|source_region|target_domain|target_region,observed+derived,high,business probe source and target are explicit raw fields
observes_service,traffic_observer,shanghai-traffic-vm,service_target,elephant03.guangzhou.aiops.local,shanghai,traffic_flow_metrics,flow_type|protocol|source_region|target_domain|target_region,observed+derived,high,business probe source and target are explicit raw fields
observes_service,traffic_observer,shanghai-traffic-vm,service_target,elephant03.nanjing.aiops.local,shanghai,traffic_flow_metrics,flow_type|protocol|source_region|target_domain|target_region,observed+derived,high,business probe source and target are explicit raw fields
observes_service,traffic_observer,shanghai-traffic-vm,service_target,elephant03.shanghai.aiops.local,shanghai,traffic_flow_metrics,flow_type|protocol|source_region|target_domain|target_region,observed+derived,high,business probe source and target are explicit raw fields
observes_service,traffic_observer,shanghai-traffic-vm,service_target,elephant03.shenyang.aiops.local,shanghai,traffic_flow_metrics,flow_type|protocol|source_region|target_domain|target_region,observed+derived,high,business probe source and target are explicit raw fields
observes_service,traffic_observer,shanghai-traffic-vm,service_target,elephant03.wuhan.aiops.local,shanghai,traffic_flow_metrics,flow_type|protocol|source_region|target_domain|target_region,observed+derived,high,business probe source and target are explicit raw fields
observes_service,traffic_observer,shanghai-traffic-vm,service_target,elephant03.xian.aiops.local,shanghai,traffic_flow_metrics,flow_type|protocol|source_region|target_domain|target_region,observed+derived,high,business probe source and target are explicit raw fields
observes_service,traffic_observer,shanghai-traffic-vm,service_target,web01.shanghai.aiops.local,shanghai,traffic_flow_metrics,flow_type|protocol|source_region|target_domain|target_region,observed+derived,high,business probe source and target are explicit raw fields
observes_service,traffic_observer,shenyang-traffic-vm,service_target,auth01.wuhan.aiops.local,shenyang,traffic_flow_metrics,flow_type|protocol|source_region|target_domain|target_region,observed+derived,high,business probe source and target are explicit raw fields
observes_service,traffic_observer,shenyang-traffic-vm,service_target,dns.beida.aiops.local,shenyang,traffic_flow_metrics,flow_type|protocol|source_region|target_domain|target_region,observed+derived,high,business probe source and target are explicit raw fields
observes_service,traffic_observer,shenyang-traffic-vm,service_target,elephant01.chengdu.aiops.local,shenyang,traffic_flow_metrics,flow_type|protocol|source_region|target_domain|target_region,observed+derived,high,business probe source and target are explicit raw fields
observes_service,traffic_observer,shenyang-traffic-vm,service_target,elephant01.guangzhou.aiops.local,shenyang,traffic_flow_metrics,flow_type|protocol|source_region|target_domain|target_region,observed+derived,high,business probe source and target are explicit raw fields
observes_service,traffic_observer,shenyang-traffic-vm,service_target,elephant01.nanjing.aiops.local,shenyang,traffic_flow_metrics,flow_type|protocol|source_region|target_domain|target_region,observed+derived,high,business probe source and target are explicit raw fields
observes_service,traffic_observer,shenyang-traffic-vm,service_target,elephant01.shenyang.aiops.local,shenyang,traffic_flow_metrics,flow_type|protocol|source_region|target_domain|target_region,observed+derived,high,business probe source and target are explicit raw fields
observes_service,traffic_observer,shenyang-traffic-vm,service_target,elephant01.xian.aiops.local,shenyang,traffic_flow_metrics,flow_type|protocol|source_region|target_domain|target_region,observed+derived,high,business probe source and target are explicit raw fields
observes_service,traffic_observer,shenyang-traffic-vm,service_target,elephant02.beida.aiops.local,shenyang,traffic_flow_metrics,flow_type|protocol|source_region|target_domain|target_region,observed+derived,high,business probe source and target are explicit raw fields
observes_service,traffic_observer,shenyang-traffic-vm,service_target,elephant02.chengdu.aiops.local,shenyang,traffic_flow_metrics,flow_type|protocol|source_region|target_domain|target_region,observed+derived,high,business probe source and target are explicit raw fields
observes_service,traffic_observer,shenyang-traffic-vm,service_target,elephant02.guangzhou.aiops.local,shenyang,traffic_flow_metrics,flow_type|protocol|source_region|target_domain|target_region,observed+derived,high,business probe source and target are explicit raw fields
observes_service,traffic_observer,shenyang-traffic-vm,service_target,elephant02.nanjing.aiops.local,shenyang,traffic_flow_metrics,flow_type|protocol|source_region|target_domain|target_region,observed+derived,high,business probe source and target are explicit raw fields
observes_service,traffic_observer,shenyang-traffic-vm,service_target,elephant02.shanghai.aiops.local,shenyang,traffic_flow_metrics,flow_type|protocol|source_region|target_domain|target_region,observed+derived,high,business probe source and target are explicit raw fields
observes_service,traffic_observer,shenyang-traffic-vm,service_target,elephant02.shenyang.aiops.local,shenyang,traffic_flow_metrics,flow_type|protocol|source_region|target_domain|target_region,observed+derived,high,business probe source and target are explicit raw fields
observes_service,traffic_observer,shenyang-traffic-vm,service_target,elephant02.wuhan.aiops.local,shenyang,traffic_flow_metrics,flow_type|protocol|source_region|target_domain|target_region,observed+derived,high,business probe source and target are explicit raw fields
observes_service,traffic_observer,shenyang-traffic-vm,service_target,elephant02.xian.aiops.local,shenyang,traffic_flow_metrics,flow_type|protocol|source_region|target_domain|target_region,observed+derived,high,business probe source and target are explicit raw fields
observes_service,traffic_observer,shenyang-traffic-vm,service_target,elephant03.beida.aiops.local,shenyang,traffic_flow_metrics,flow_type|protocol|source_region|target_domain|target_region,observed+derived,high,business probe source and target are explicit raw fields
observes_service,traffic_observer,shenyang-traffic-vm,service_target,elephant03.chengdu.aiops.local,shenyang,traffic_flow_metrics,flow_type|protocol|source_region|target_domain|target_region,observed+derived,high,business probe source and target are explicit raw fields
observes_service,traffic_observer,shenyang-traffic-vm,service_target,elephant03.guangzhou.aiops.local,shenyang,traffic_flow_metrics,flow_type|protocol|source_region|target_domain|target_region,observed+derived,high,business probe source and target are explicit raw fields
observes_service,traffic_observer,shenyang-traffic-vm,service_target,elephant03.nanjing.aiops.local,shenyang,traffic_flow_metrics,flow_type|protocol|source_region|target_domain|target_region,observed+derived,high,business probe source and target are explicit raw fields
observes_service,traffic_observer,shenyang-traffic-vm,service_target,elephant03.shanghai.aiops.local,shenyang,traffic_flow_metrics,flow_type|protocol|source_region|target_domain|target_region,observed+derived,high,business probe source and target are explicit raw fields
observes_service,traffic_observer,shenyang-traffic-vm,service_target,elephant03.shenyang.aiops.local,shenyang,traffic_flow_metrics,flow_type|protocol|source_region|target_domain|target_region,observed+derived,high,business probe source and target are explicit raw fields
observes_service,traffic_observer,shenyang-traffic-vm,service_target,elephant03.wuhan.aiops.local,shenyang,traffic_flow_metrics,flow_type|protocol|source_region|target_domain|target_region,observed+derived,high,business probe source and target are explicit raw fields
observes_service,traffic_observer,shenyang-traffic-vm,service_target,elephant03.xian.aiops.local,shenyang,traffic_flow_metrics,flow_type|protocol|source_region|target_domain|target_region,observed+derived,high,business probe source and target are explicit raw fields
observes_service,traffic_observer,shenyang-traffic-vm,service_target,web01.shanghai.aiops.local,shenyang,traffic_flow_metrics,flow_type|protocol|source_region|target_domain|target_region,observed+derived,high,business probe source and target are explicit raw fields
observes_service,traffic_observer,wuhan-traffic-vm,service_target,auth01.wuhan.aiops.local,wuhan,traffic_flow_metrics,flow_type|protocol|source_region|target_domain|target_region,observed+derived,high,business probe source and target are explicit raw fields
observes_service,traffic_observer,wuhan-traffic-vm,service_target,dns.beida.aiops.local,wuhan,traffic_flow_metrics,flow_type|protocol|source_region|target_domain|target_region,observed+derived,high,business probe source and target are explicit raw fields
observes_service,traffic_observer,wuhan-traffic-vm,service_target,elephant01.chengdu.aiops.local,wuhan,traffic_flow_metrics,flow_type|protocol|source_region|target_domain|target_region,observed+derived,high,business probe source and target are explicit raw fields
observes_service,traffic_observer,wuhan-traffic-vm,service_target,elephant01.guangzhou.aiops.local,wuhan,traffic_flow_metrics,flow_type|protocol|source_region|target_domain|target_region,observed+derived,high,business probe source and target are explicit raw fields
observes_service,traffic_observer,wuhan-traffic-vm,service_target,elephant01.nanjing.aiops.local,wuhan,traffic_flow_metrics,flow_type|protocol|source_region|target_domain|target_region,observed+derived,high,business probe source and target are explicit raw fields
observes_service,traffic_observer,wuhan-traffic-vm,service_target,elephant01.shenyang.aiops.local,wuhan,traffic_flow_metrics,flow_type|protocol|source_region|target_domain|target_region,observed+derived,high,business probe source and target are explicit raw fields
observes_service,traffic_observer,wuhan-traffic-vm,service_target,elephant01.xian.aiops.local,wuhan,traffic_flow_metrics,flow_type|protocol|source_region|target_domain|target_region,observed+derived,high,business probe source and target are explicit raw fields
observes_service,traffic_observer,wuhan-traffic-vm,service_target,elephant02.beida.aiops.local,wuhan,traffic_flow_metrics,flow_type|protocol|source_region|target_domain|target_region,observed+derived,high,business probe source and target are explicit raw fields
observes_service,traffic_observer,wuhan-traffic-vm,service_target,elephant02.chengdu.aiops.local,wuhan,traffic_flow_metrics,flow_type|protocol|source_region|target_domain|target_region,observed+derived,high,business probe source and target are explicit raw fields
observes_service,traffic_observer,wuhan-traffic-vm,service_target,elephant02.guangzhou.aiops.local,wuhan,traffic_flow_metrics,flow_type|protocol|source_region|target_domain|target_region,observed+derived,high,business probe source and target are explicit raw fields
observes_service,traffic_observer,wuhan-traffic-vm,service_target,elephant02.nanjing.aiops.local,wuhan,traffic_flow_metrics,flow_type|protocol|source_region|target_domain|target_region,observed+derived,high,business probe source and target are explicit raw fields
observes_service,traffic_observer,wuhan-traffic-vm,service_target,elephant02.shanghai.aiops.local,wuhan,traffic_flow_metrics,flow_type|protocol|source_region|target_domain|target_region,observed+derived,high,business probe source and target are explicit raw fields
observes_service,traffic_observer,wuhan-traffic-vm,service_target,elephant02.shenyang.aiops.local,wuhan,traffic_flow_metrics,flow_type|protocol|source_region|target_domain|target_region,observed+derived,high,business probe source and target are explicit raw fields
observes_service,traffic_observer,wuhan-traffic-vm,service_target,elephant02.wuhan.aiops.local,wuhan,traffic_flow_metrics,flow_type|protocol|source_region|target_domain|target_region,observed+derived,high,business probe source and target are explicit raw fields
observes_service,traffic_observer,wuhan-traffic-vm,service_target,elephant02.xian.aiops.local,wuhan,traffic_flow_metrics,flow_type|protocol|source_region|target_domain|target_region,observed+derived,high,business probe source and target are explicit raw fields
observes_service,traffic_observer,wuhan-traffic-vm,service_target,elephant03.beida.aiops.local,wuhan,traffic_flow_metrics,flow_type|protocol|source_region|target_domain|target_region,observed+derived,high,business probe source and target are explicit raw fields
observes_service,traffic_observer,wuhan-traffic-vm,service_target,elephant03.chengdu.aiops.local,wuhan,traffic_flow_metrics,flow_type|protocol|source_region|target_domain|target_region,observed+derived,high,business probe source and target are explicit raw fields
observes_service,traffic_observer,wuhan-traffic-vm,service_target,elephant03.guangzhou.aiops.local,wuhan,traffic_flow_metrics,flow_type|protocol|source_region|target_domain|target_region,observed+derived,high,business probe source and target are explicit raw fields
observes_service,traffic_observer,wuhan-traffic-vm,service_target,elephant03.nanjing.aiops.local,wuhan,traffic_flow_metrics,flow_type|protocol|source_region|target_domain|target_region,observed+derived,high,business probe source and target are explicit raw fields
observes_service,traffic_observer,wuhan-traffic-vm,service_target,elephant03.shanghai.aiops.local,wuhan,traffic_flow_metrics,flow_type|protocol|source_region|target_domain|target_region,observed+derived,high,business probe source and target are explicit raw fields
observes_service,traffic_observer,wuhan-traffic-vm,service_target,elephant03.shenyang.aiops.local,wuhan,traffic_flow_metrics,flow_type|protocol|source_region|target_domain|target_region,observed+derived,high,business probe source and target are explicit raw fields
observes_service,traffic_observer,wuhan-traffic-vm,service_target,elephant03.wuhan.aiops.local,wuhan,traffic_flow_metrics,flow_type|protocol|source_region|target_domain|target_region,observed+derived,high,business probe source and target are explicit raw fields
observes_service,traffic_observer,wuhan-traffic-vm,service_target,elephant03.xian.aiops.local,wuhan,traffic_flow_metrics,flow_type|protocol|source_region|target_domain|target_region,observed+derived,high,business probe source and target are explicit raw fields
observes_service,traffic_observer,wuhan-traffic-vm,service_target,web01.shanghai.aiops.local,wuhan,traffic_flow_metrics,flow_type|protocol|source_region|target_domain|target_region,observed+derived,high,business probe source and target are explicit raw fields
observes_service,traffic_observer,xian-traffic-vm,service_target,auth01.wuhan.aiops.local,xian,traffic_flow_metrics,flow_type|protocol|source_region|target_domain|target_region,observed+derived,high,business probe source and target are explicit raw fields
observes_service,traffic_observer,xian-traffic-vm,service_target,dns.beida.aiops.local,xian,traffic_flow_metrics,flow_type|protocol|source_region|target_domain|target_region,observed+derived,high,business probe source and target are explicit raw fields
observes_service,traffic_observer,xian-traffic-vm,service_target,elephant01.chengdu.aiops.local,xian,traffic_flow_metrics,flow_type|protocol|source_region|target_domain|target_region,observed+derived,high,business probe source and target are explicit raw fields
observes_service,traffic_observer,xian-traffic-vm,service_target,elephant01.guangzhou.aiops.local,xian,traffic_flow_metrics,flow_type|protocol|source_region|target_domain|target_region,observed+derived,high,business probe source and target are explicit raw fields
observes_service,traffic_observer,xian-traffic-vm,service_target,elephant01.nanjing.aiops.local,xian,traffic_flow_metrics,flow_type|protocol|source_region|target_domain|target_region,observed+derived,high,business probe source and target are explicit raw fields
observes_service,traffic_observer,xian-traffic-vm,service_target,elephant01.shenyang.aiops.local,xian,traffic_flow_metrics,flow_type|protocol|source_region|target_domain|target_region,observed+derived,high,business probe source and target are explicit raw fields
observes_service,traffic_observer,xian-traffic-vm,service_target,elephant01.xian.aiops.local,xian,traffic_flow_metrics,flow_type|protocol|source_region|target_domain|target_region,observed+derived,high,business probe source and target are explicit raw fields
observes_service,traffic_observer,xian-traffic-vm,service_target,elephant02.beida.aiops.local,xian,traffic_flow_metrics,flow_type|protocol|source_region|target_domain|target_region,observed+derived,high,business probe source and target are explicit raw fields
observes_service,traffic_observer,xian-traffic-vm,service_target,elephant02.chengdu.aiops.local,xian,traffic_flow_metrics,flow_type|protocol|source_region|target_domain|target_region,observed+derived,high,business probe source and target are explicit raw fields
observes_service,traffic_observer,xian-traffic-vm,service_target,elephant02.guangzhou.aiops.local,xian,traffic_flow_metrics,flow_type|protocol|source_region|target_domain|target_region,observed+derived,high,business probe source and target are explicit raw fields
observes_service,traffic_observer,xian-traffic-vm,service_target,elephant02.nanjing.aiops.local,xian,traffic_flow_metrics,flow_type|protocol|source_region|target_domain|target_region,observed+derived,high,business probe source and target are explicit raw fields
observes_service,traffic_observer,xian-traffic-vm,service_target,elephant02.shanghai.aiops.local,xian,traffic_flow_metrics,flow_type|protocol|source_region|target_domain|target_region,observed+derived,high,business probe source and target are explicit raw fields
observes_service,traffic_observer,xian-traffic-vm,service_target,elephant02.shenyang.aiops.local,xian,traffic_flow_metrics,flow_type|protocol|source_region|target_domain|target_region,observed+derived,high,business probe source and target are explicit raw fields
observes_service,traffic_observer,xian-traffic-vm,service_target,elephant02.wuhan.aiops.local,xian,traffic_flow_metrics,flow_type|protocol|source_region|target_domain|target_region,observed+derived,high,business probe source and target are explicit raw fields
observes_service,traffic_observer,xian-traffic-vm,service_target,elephant02.xian.aiops.local,xian,traffic_flow_metrics,flow_type|protocol|source_region|target_domain|target_region,observed+derived,high,business probe source and target are explicit raw fields
observes_service,traffic_observer,xian-traffic-vm,service_target,elephant03.beida.aiops.local,xian,traffic_flow_metrics,flow_type|protocol|source_region|target_domain|target_region,observed+derived,high,business probe source and target are explicit raw fields
observes_service,traffic_observer,xian-traffic-vm,service_target,elephant03.chengdu.aiops.local,xian,traffic_flow_metrics,flow_type|protocol|source_region|target_domain|target_region,observed+derived,high,business probe source and target are explicit raw fields
observes_service,traffic_observer,xian-traffic-vm,service_target,elephant03.guangzhou.aiops.local,xian,traffic_flow_metrics,flow_type|protocol|source_region|target_domain|target_region,observed+derived,high,business probe source and target are explicit raw fields
observes_service,traffic_observer,xian-traffic-vm,service_target,elephant03.nanjing.aiops.local,xian,traffic_flow_metrics,flow_type|protocol|source_region|target_domain|target_region,observed+derived,high,business probe source and target are explicit raw fields
observes_service,traffic_observer,xian-traffic-vm,service_target,elephant03.shanghai.aiops.local,xian,traffic_flow_metrics,flow_type|protocol|source_region|target_domain|target_region,observed+derived,high,business probe source and target are explicit raw fields
observes_service,traffic_observer,xian-traffic-vm,service_target,elephant03.shenyang.aiops.local,xian,traffic_flow_metrics,flow_type|protocol|source_region|target_domain|target_region,observed+derived,high,business probe source and target are explicit raw fields
observes_service,traffic_observer,xian-traffic-vm,service_target,elephant03.wuhan.aiops.local,xian,traffic_flow_metrics,flow_type|protocol|source_region|target_domain|target_region,observed+derived,high,business probe source and target are explicit raw fields
observes_service,traffic_observer,xian-traffic-vm,service_target,elephant03.xian.aiops.local,xian,traffic_flow_metrics,flow_type|protocol|source_region|target_domain|target_region,observed+derived,high,business probe source and target are explicit raw fields
observes_service,traffic_observer,xian-traffic-vm,service_target,web01.shanghai.aiops.local,xian,traffic_flow_metrics,flow_type|protocol|source_region|target_domain|target_region,observed+derived,high,business probe source and target are explicit raw fields
owns_interface,network_element,beida-br-1,interface,beida-br-1:ens10,beida,interface_metrics,if_role|interface_id|node,observed+derived,high,node and interface are in the same raw row
owns_interface,network_element,beida-br-1,interface,beida-br-1:ens11,beida,interface_metrics,if_role|interface_id|node,observed+derived,high,node and interface are in the same raw row
owns_interface,network_element,beida-br-1,interface,beida-br-1:ens12,beida,interface_metrics,if_role|interface_id|node,observed+derived,high,node and interface are in the same raw row
owns_interface,network_element,beida-br-1,interface,beida-br-1:ens3,beida,interface_metrics,if_role|interface_id|node,observed+derived,high,node and interface are in the same raw row
owns_interface,network_element,beida-br-1,interface,beida-br-1:ens4,beida,interface_metrics,if_role|interface_id|node,observed+derived,high,node and interface are in the same raw row
owns_interface,network_element,beida-br-1,interface,beida-br-1:ens5,beida,interface_metrics,if_role|interface_id|node,observed+derived,high,node and interface are in the same raw row
owns_interface,network_element,beida-br-1,interface,beida-br-1:ens6,beida,interface_metrics,if_role|interface_id|node,observed+derived,high,node and interface are in the same raw row
owns_interface,network_element,beida-br-1,interface,beida-br-1:ens7,beida,interface_metrics,if_role|interface_id|node,observed+derived,high,node and interface are in the same raw row
owns_interface,network_element,beida-br-1,interface,beida-br-1:ens8,beida,interface_metrics,if_role|interface_id|node,observed+derived,high,node and interface are in the same raw row
owns_interface,network_element,beida-br-1,interface,beida-br-1:ens9,beida,interface_metrics,if_role|interface_id|node,observed+derived,high,node and interface are in the same raw row
owns_interface,network_element,beida-br-2,interface,beida-br-2:ens10,beida,interface_metrics,if_role|interface_id|node,observed+derived,high,node and interface are in the same raw row
owns_interface,network_element,beida-br-2,interface,beida-br-2:ens11,beida,interface_metrics,if_role|interface_id|node,observed+derived,high,node and interface are in the same raw row
owns_interface,network_element,beida-br-2,interface,beida-br-2:ens12,beida,interface_metrics,if_role|interface_id|node,observed+derived,high,node and interface are in the same raw row
owns_interface,network_element,beida-br-2,interface,beida-br-2:ens3,beida,interface_metrics,if_role|interface_id|node,observed+derived,high,node and interface are in the same raw row
owns_interface,network_element,beida-br-2,interface,beida-br-2:ens4,beida,interface_metrics,if_role|interface_id|node,observed+derived,high,node and interface are in the same raw row
owns_interface,network_element,beida-br-2,interface,beida-br-2:ens5,beida,interface_metrics,if_role|interface_id|node,observed+derived,high,node and interface are in the same raw row
owns_interface,network_element,beida-br-2,interface,beida-br-2:ens6,beida,interface_metrics,if_role|interface_id|node,observed+derived,high,node and interface are in the same raw row
owns_interface,network_element,beida-br-2,interface,beida-br-2:ens7,beida,interface_metrics,if_role|interface_id|node,observed+derived,high,node and interface are in the same raw row
owns_interface,network_element,beida-br-2,interface,beida-br-2:ens8,beida,interface_metrics,if_role|interface_id|node,observed+derived,high,node and interface are in the same raw row
owns_interface,network_element,beida-br-2,interface,beida-br-2:ens9,beida,interface_metrics,if_role|interface_id|node,observed+derived,high,node and interface are in the same raw row
owns_interface,network_element,beida-cr-1,interface,beida-cr-1:ens10,beida,interface_metrics,if_role|interface_id|node,observed+derived,high,node and interface are in the same raw row
owns_interface,network_element,beida-cr-1,interface,beida-cr-1:ens11,beida,interface_metrics,if_role|interface_id|node,observed+derived,high,node and interface are in the same raw row
owns_interface,network_element,beida-cr-1,interface,beida-cr-1:ens12,beida,interface_metrics,if_role|interface_id|node,observed+derived,high,node and interface are in the same raw row
owns_interface,network_element,beida-cr-1,interface,beida-cr-1:ens3,beida,interface_metrics,if_role|interface_id|node,observed+derived,high,node and interface are in the same raw row
owns_interface,network_element,beida-cr-1,interface,beida-cr-1:ens4,beida,interface_metrics,if_role|interface_id|node,observed+derived,high,node and interface are in the same raw row
owns_interface,network_element,beida-cr-1,interface,beida-cr-1:ens5,beida,interface_metrics,if_role|interface_id|node,observed+derived,high,node and interface are in the same raw row
owns_interface,network_element,beida-cr-1,interface,beida-cr-1:ens6,beida,interface_metrics,if_role|interface_id|node,observed+derived,high,node and interface are in the same raw row
owns_interface,network_element,beida-cr-1,interface,beida-cr-1:ens7,beida,interface_metrics,if_role|interface_id|node,observed+derived,high,node and interface are in the same raw row
owns_interface,network_element,beida-cr-1,interface,beida-cr-1:ens8,beida,interface_metrics,if_role|interface_id|node,observed+derived,high,node and interface are in the same raw row
owns_interface,network_element,beida-cr-1,interface,beida-cr-1:ens9,beida,interface_metrics,if_role|interface_id|node,observed+derived,high,node and interface are in the same raw row
owns_interface,network_element,beida-cr-2,interface,beida-cr-2:ens10,beida,interface_metrics,if_role|interface_id|node,observed+derived,high,node and interface are in the same raw row
owns_interface,network_element,beida-cr-2,interface,beida-cr-2:ens11,beida,interface_metrics,if_role|interface_id|node,observed+derived,high,node and interface are in the same raw row
owns_interface,network_element,beida-cr-2,interface,beida-cr-2:ens12,beida,interface_metrics,if_role|interface_id|node,observed+derived,high,node and interface are in the same raw row
owns_interface,network_element,beida-cr-2,interface,beida-cr-2:ens3,beida,interface_metrics,if_role|interface_id|node,observed+derived,high,node and interface are in the same raw row
owns_interface,network_element,beida-cr-2,interface,beida-cr-2:ens4,beida,interface_metrics,if_role|interface_id|node,observed+derived,high,node and interface are in the same raw row
owns_interface,network_element,beida-cr-2,interface,beida-cr-2:ens5,beida,interface_metrics,if_role|interface_id|node,observed+derived,high,node and interface are in the same raw row
owns_interface,network_element,beida-cr-2,interface,beida-cr-2:ens6,beida,interface_metrics,if_role|interface_id|node,observed+derived,high,node and interface are in the same raw row
owns_interface,network_element,beida-cr-2,interface,beida-cr-2:ens7,beida,interface_metrics,if_role|interface_id|node,observed+derived,high,node and interface are in the same raw row
owns_interface,network_element,beida-cr-2,interface,beida-cr-2:ens8,beida,interface_metrics,if_role|interface_id|node,observed+derived,high,node and interface are in the same raw row
owns_interface,network_element,beida-cr-2,interface,beida-cr-2:ens9,beida,interface_metrics,if_role|interface_id|node,observed+derived,high,node and interface are in the same raw row
owns_interface,network_element,beida-fw,interface,beida-fw:ens3,beida,interface_metrics,if_role|interface_id|node,observed+derived,high,node and interface are in the same raw row
owns_interface,network_element,beida-fw,interface,beida-fw:ens4,beida,interface_metrics,if_role|interface_id|node,observed+derived,high,node and interface are in the same raw row
owns_interface,network_element,beida-fw,interface,beida-fw:ens5,beida,interface_metrics,if_role|interface_id|node,observed+derived,high,node and interface are in the same raw row
owns_interface,network_element,beida-fw,interface,beida-fw:ens6,beida,interface_metrics,if_role|interface_id|node,observed+derived,high,node and interface are in the same raw row
owns_interface,network_element,beida-service-vm-1,interface,beida-service-vm-1:ens3,beida,interface_metrics,if_role|interface_id|node,observed+derived,high,node and interface are in the same raw row
owns_interface,network_element,beida-service-vm-1,interface,beida-service-vm-1:ens4,beida,interface_metrics,if_role|interface_id|node,observed+derived,high,node and interface are in the same raw row
owns_interface,network_element,beida-service-vm-1,interface,beida-service-vm-1:ens5,beida,interface_metrics,if_role|interface_id|node,observed+derived,high,node and interface are in the same raw row
owns_interface,network_element,beida-service-vm-1,interface,beida-service-vm-1:ens6,beida,interface_metrics,if_role|interface_id|node,observed+derived,high,node and interface are in the same raw row
owns_interface,network_element,beida-service-vm-2,interface,beida-service-vm-2:ens3,beida,interface_metrics,if_role|interface_id|node,observed+derived,high,node and interface are in the same raw row
owns_interface,network_element,beida-service-vm-2,interface,beida-service-vm-2:ens4,beida,interface_metrics,if_role|interface_id|node,observed+derived,high,node and interface are in the same raw row
owns_interface,network_element,beida-service-vm-2,interface,beida-service-vm-2:ens5,beida,interface_metrics,if_role|interface_id|node,observed+derived,high,node and interface are in the same raw row
owns_interface,network_element,beida-service-vm-2,interface,beida-service-vm-2:ens6,beida,interface_metrics,if_role|interface_id|node,observed+derived,high,node and interface are in the same raw row
owns_interface,network_element,beida-service-vm-3,interface,beida-service-vm-3:ens3,beida,interface_metrics,if_role|interface_id|node,observed+derived,high,node and interface are in the same raw row
owns_interface,network_element,beida-service-vm-3,interface,beida-service-vm-3:ens4,beida,interface_metrics,if_role|interface_id|node,observed+derived,high,node and interface are in the same raw row
owns_interface,network_element,beida-service-vm-3,interface,beida-service-vm-3:ens5,beida,interface_metrics,if_role|interface_id|node,observed+derived,high,node and interface are in the same raw row
owns_interface,network_element,beida-service-vm-3,interface,beida-service-vm-3:ens6,beida,interface_metrics,if_role|interface_id|node,observed+derived,high,node and interface are in the same raw row
owns_interface,network_element,beida-traffic-vm,interface,beida-traffic-vm:ens3,beida,interface_metrics,if_role|interface_id|node,observed+derived,high,node and interface are in the same raw row
owns_interface,network_element,beida-traffic-vm,interface,beida-traffic-vm:ens4,beida,interface_metrics,if_role|interface_id|node,observed+derived,high,node and interface are in the same raw row
owns_interface,network_element,beida-traffic-vm,interface,beida-traffic-vm:ens5,beida,interface_metrics,if_role|interface_id|node,observed+derived,high,node and interface are in the same raw row
owns_interface,network_element,beida-traffic-vm,interface,beida-traffic-vm:ens6,beida,interface_metrics,if_role|interface_id|node,observed+derived,high,node and interface are in the same raw row
owns_interface,network_element,chengdu-br-1,interface,chengdu-br-1:ens10,chengdu,interface_metrics,if_role|interface_id|node,observed+derived,high,node and interface are in the same raw row
owns_interface,network_element,chengdu-br-1,interface,chengdu-br-1:ens11,chengdu,interface_metrics,if_role|interface_id|node,observed+derived,high,node and interface are in the same raw row
owns_interface,network_element,chengdu-br-1,interface,chengdu-br-1:ens12,chengdu,interface_metrics,if_role|interface_id|node,observed+derived,high,node and interface are in the same raw row
owns_interface,network_element,chengdu-br-1,interface,chengdu-br-1:ens3,chengdu,interface_metrics,if_role|interface_id|node,observed+derived,high,node and interface are in the same raw row
owns_interface,network_element,chengdu-br-1,interface,chengdu-br-1:ens4,chengdu,interface_metrics,if_role|interface_id|node,observed+derived,high,node and interface are in the same raw row
owns_interface,network_element,chengdu-br-1,interface,chengdu-br-1:ens5,chengdu,interface_metrics,if_role|interface_id|node,observed+derived,high,node and interface are in the same raw row
owns_interface,network_element,chengdu-br-1,interface,chengdu-br-1:ens6,chengdu,interface_metrics,if_role|interface_id|node,observed+derived,high,node and interface are in the same raw row
owns_interface,network_element,chengdu-br-1,interface,chengdu-br-1:ens7,chengdu,interface_metrics,if_role|interface_id|node,observed+derived,high,node and interface are in the same raw row
owns_interface,network_element,chengdu-br-1,interface,chengdu-br-1:ens8,chengdu,interface_metrics,if_role|interface_id|node,observed+derived,high,node and interface are in the same raw row
owns_interface,network_element,chengdu-br-1,interface,chengdu-br-1:ens9,chengdu,interface_metrics,if_role|interface_id|node,observed+derived,high,node and interface are in the same raw row
owns_interface,network_element,chengdu-br-2,interface,chengdu-br-2:ens10,chengdu,interface_metrics,if_role|interface_id|node,observed+derived,high,node and interface are in the same raw row
owns_interface,network_element,chengdu-br-2,interface,chengdu-br-2:ens11,chengdu,interface_metrics,if_role|interface_id|node,observed+derived,high,node and interface are in the same raw row
owns_interface,network_element,chengdu-br-2,interface,chengdu-br-2:ens12,chengdu,interface_metrics,if_role|interface_id|node,observed+derived,high,node and interface are in the same raw row
owns_interface,network_element,chengdu-br-2,interface,chengdu-br-2:ens3,chengdu,interface_metrics,if_role|interface_id|node,observed+derived,high,node and interface are in the same raw row
owns_interface,network_element,chengdu-br-2,interface,chengdu-br-2:ens4,chengdu,interface_metrics,if_role|interface_id|node,observed+derived,high,node and interface are in the same raw row
owns_interface,network_element,chengdu-br-2,interface,chengdu-br-2:ens5,chengdu,interface_metrics,if_role|interface_id|node,observed+derived,high,node and interface are in the same raw row
owns_interface,network_element,chengdu-br-2,interface,chengdu-br-2:ens6,chengdu,interface_metrics,if_role|interface_id|node,observed+derived,high,node and interface are in the same raw row
owns_interface,network_element,chengdu-br-2,interface,chengdu-br-2:ens7,chengdu,interface_metrics,if_role|interface_id|node,observed+derived,high,node and interface are in the same raw row
owns_interface,network_element,chengdu-br-2,interface,chengdu-br-2:ens8,chengdu,interface_metrics,if_role|interface_id|node,observed+derived,high,node and interface are in the same raw row
owns_interface,network_element,chengdu-br-2,interface,chengdu-br-2:ens9,chengdu,interface_metrics,if_role|interface_id|node,observed+derived,high,node and interface are in the same raw row
owns_interface,network_element,chengdu-cr-1,interface,chengdu-cr-1:ens10,chengdu,interface_metrics,if_role|interface_id|node,observed+derived,high,node and interface are in the same raw row
owns_interface,network_element,chengdu-cr-1,interface,chengdu-cr-1:ens11,chengdu,interface_metrics,if_role|interface_id|node,observed+derived,high,node and interface are in the same raw row
owns_interface,network_element,chengdu-cr-1,interface,chengdu-cr-1:ens12,chengdu,interface_metrics,if_role|interface_id|node,observed+derived,high,node and interface are in the same raw row
owns_interface,network_element,chengdu-cr-1,interface,chengdu-cr-1:ens3,chengdu,interface_metrics,if_role|interface_id|node,observed+derived,high,node and interface are in the same raw row
owns_interface,network_element,chengdu-cr-1,interface,chengdu-cr-1:ens4,chengdu,interface_metrics,if_role|interface_id|node,observed+derived,high,node and interface are in the same raw row
owns_interface,network_element,chengdu-cr-1,interface,chengdu-cr-1:ens5,chengdu,interface_metrics,if_role|interface_id|node,observed+derived,high,node and interface are in the same raw row
owns_interface,network_element,chengdu-cr-1,interface,chengdu-cr-1:ens6,chengdu,interface_metrics,if_role|interface_id|node,observed+derived,high,node and interface are in the same raw row
owns_interface,network_element,chengdu-cr-1,interface,chengdu-cr-1:ens7,chengdu,interface_metrics,if_role|interface_id|node,observed+derived,high,node and interface are in the same raw row
owns_interface,network_element,chengdu-cr-1,interface,chengdu-cr-1:ens8,chengdu,interface_metrics,if_role|interface_id|node,observed+derived,high,node and interface are in the same raw row
owns_interface,network_element,chengdu-cr-1,interface,chengdu-cr-1:ens9,chengdu,interface_metrics,if_role|interface_id|node,observed+derived,high,node and interface are in the same raw row
owns_interface,network_element,chengdu-cr-2,interface,chengdu-cr-2:ens10,chengdu,interface_metrics,if_role|interface_id|node,observed+derived,high,node and interface are in the same raw row
owns_interface,network_element,chengdu-cr-2,interface,chengdu-cr-2:ens11,chengdu,interface_metrics,if_role|interface_id|node,observed+derived,high,node and interface are in the same raw row
owns_interface,network_element,chengdu-cr-2,interface,chengdu-cr-2:ens12,chengdu,interface_metrics,if_role|interface_id|node,observed+derived,high,node and interface are in the same raw row
owns_interface,network_element,chengdu-cr-2,interface,chengdu-cr-2:ens3,chengdu,interface_metrics,if_role|interface_id|node,observed+derived,high,node and interface are in the same raw row
owns_interface,network_element,chengdu-cr-2,interface,chengdu-cr-2:ens4,chengdu,interface_metrics,if_role|interface_id|node,observed+derived,high,node and interface are in the same raw row
owns_interface,network_element,chengdu-cr-2,interface,chengdu-cr-2:ens5,chengdu,interface_metrics,if_role|interface_id|node,observed+derived,high,node and interface are in the same raw row
owns_interface,network_element,chengdu-cr-2,interface,chengdu-cr-2:ens6,chengdu,interface_metrics,if_role|interface_id|node,observed+derived,high,node and interface are in the same raw row
owns_interface,network_element,chengdu-cr-2,interface,chengdu-cr-2:ens7,chengdu,interface_metrics,if_role|interface_id|node,observed+derived,high,node and interface are in the same raw row
owns_interface,network_element,chengdu-cr-2,interface,chengdu-cr-2:ens8,chengdu,interface_metrics,if_role|interface_id|node,observed+derived,high,node and interface are in the same raw row
owns_interface,network_element,chengdu-cr-2,interface,chengdu-cr-2:ens9,chengdu,interface_metrics,if_role|interface_id|node,observed+derived,high,node and interface are in the same raw row
owns_interface,network_element,chengdu-fw,interface,chengdu-fw:ens3,chengdu,interface_metrics,if_role|interface_id|node,observed+derived,high,node and interface are in the same raw row
owns_interface,network_element,chengdu-fw,interface,chengdu-fw:ens4,chengdu,interface_metrics,if_role|interface_id|node,observed+derived,high,node and interface are in the same raw row
owns_interface,network_element,chengdu-fw,interface,chengdu-fw:ens5,chengdu,interface_metrics,if_role|interface_id|node,observed+derived,high,node and interface are in the same raw row
owns_interface,network_element,chengdu-fw,interface,chengdu-fw:ens6,chengdu,interface_metrics,if_role|interface_id|node,observed+derived,high,node and interface are in the same raw row
owns_interface,network_element,chengdu-service-vm-1,interface,chengdu-service-vm-1:ens3,chengdu,interface_metrics,if_role|interface_id|node,observed+derived,high,node and interface are in the same raw row
owns_interface,network_element,chengdu-service-vm-1,interface,chengdu-service-vm-1:ens4,chengdu,interface_metrics,if_role|interface_id|node,observed+derived,high,node and interface are in the same raw row
owns_interface,network_element,chengdu-service-vm-1,interface,chengdu-service-vm-1:ens5,chengdu,interface_metrics,if_role|interface_id|node,observed+derived,high,node and interface are in the same raw row
owns_interface,network_element,chengdu-service-vm-1,interface,chengdu-service-vm-1:ens6,chengdu,interface_metrics,if_role|interface_id|node,observed+derived,high,node and interface are in the same raw row
owns_interface,network_element,chengdu-service-vm-2,interface,chengdu-service-vm-2:ens3,chengdu,interface_metrics,if_role|interface_id|node,observed+derived,high,node and interface are in the same raw row
owns_interface,network_element,chengdu-service-vm-2,interface,chengdu-service-vm-2:ens4,chengdu,interface_metrics,if_role|interface_id|node,observed+derived,high,node and interface are in the same raw row
owns_interface,network_element,chengdu-service-vm-2,interface,chengdu-service-vm-2:ens5,chengdu,interface_metrics,if_role|interface_id|node,observed+derived,high,node and interface are in the same raw row
owns_interface,network_element,chengdu-service-vm-2,interface,chengdu-service-vm-2:ens6,chengdu,interface_metrics,if_role|interface_id|node,observed+derived,high,node and interface are in the same raw row
owns_interface,network_element,chengdu-service-vm-3,interface,chengdu-service-vm-3:ens3,chengdu,interface_metrics,if_role|interface_id|node,observed+derived,high,node and interface are in the same raw row
owns_interface,network_element,chengdu-service-vm-3,interface,chengdu-service-vm-3:ens4,chengdu,interface_metrics,if_role|interface_id|node,observed+derived,high,node and interface are in the same raw row
owns_interface,network_element,chengdu-service-vm-3,interface,chengdu-service-vm-3:ens5,chengdu,interface_metrics,if_role|interface_id|node,observed+derived,high,node and interface are in the same raw row
owns_interface,network_element,chengdu-service-vm-3,interface,chengdu-service-vm-3:ens6,chengdu,interface_metrics,if_role|interface_id|node,observed+derived,high,node and interface are in the same raw row
owns_interface,network_element,chengdu-traffic-vm,interface,chengdu-traffic-vm:ens3,chengdu,interface_metrics,if_role|interface_id|node,observed+derived,high,node and interface are in the same raw row
owns_interface,network_element,chengdu-traffic-vm,interface,chengdu-traffic-vm:ens4,chengdu,interface_metrics,if_role|interface_id|node,observed+derived,high,node and interface are in the same raw row
owns_interface,network_element,chengdu-traffic-vm,interface,chengdu-traffic-vm:ens5,chengdu,interface_metrics,if_role|interface_id|node,observed+derived,high,node and interface are in the same raw row
owns_interface,network_element,chengdu-traffic-vm,interface,chengdu-traffic-vm:ens6,chengdu,interface_metrics,if_role|interface_id|node,observed+derived,high,node and interface are in the same raw row
owns_interface,network_element,guangzhou-br-1,interface,guangzhou-br-1:ens10,guangzhou,interface_metrics,if_role|interface_id|node,observed+derived,high,node and interface are in the same raw row
owns_interface,network_element,guangzhou-br-1,interface,guangzhou-br-1:ens11,guangzhou,interface_metrics,if_role|interface_id|node,observed+derived,high,node and interface are in the same raw row
owns_interface,network_element,guangzhou-br-1,interface,guangzhou-br-1:ens12,guangzhou,interface_metrics,if_role|interface_id|node,observed+derived,high,node and interface are in the same raw row
owns_interface,network_element,guangzhou-br-1,interface,guangzhou-br-1:ens3,guangzhou,interface_metrics,if_role|interface_id|node,observed+derived,high,node and interface are in the same raw row
owns_interface,network_element,guangzhou-br-1,interface,guangzhou-br-1:ens4,guangzhou,interface_metrics,if_role|interface_id|node,observed+derived,high,node and interface are in the same raw row
owns_interface,network_element,guangzhou-br-1,interface,guangzhou-br-1:ens5,guangzhou,interface_metrics,if_role|interface_id|node,observed+derived,high,node and interface are in the same raw row
owns_interface,network_element,guangzhou-br-1,interface,guangzhou-br-1:ens6,guangzhou,interface_metrics,if_role|interface_id|node,observed+derived,high,node and interface are in the same raw row
owns_interface,network_element,guangzhou-br-1,interface,guangzhou-br-1:ens7,guangzhou,interface_metrics,if_role|interface_id|node,observed+derived,high,node and interface are in the same raw row
owns_interface,network_element,guangzhou-br-1,interface,guangzhou-br-1:ens8,guangzhou,interface_metrics,if_role|interface_id|node,observed+derived,high,node and interface are in the same raw row
owns_interface,network_element,guangzhou-br-1,interface,guangzhou-br-1:ens9,guangzhou,interface_metrics,if_role|interface_id|node,observed+derived,high,node and interface are in the same raw row
owns_interface,network_element,guangzhou-br-2,interface,guangzhou-br-2:ens10,guangzhou,interface_metrics,if_role|interface_id|node,observed+derived,high,node and interface are in the same raw row
owns_interface,network_element,guangzhou-br-2,interface,guangzhou-br-2:ens11,guangzhou,interface_metrics,if_role|interface_id|node,observed+derived,high,node and interface are in the same raw row
owns_interface,network_element,guangzhou-br-2,interface,guangzhou-br-2:ens12,guangzhou,interface_metrics,if_role|interface_id|node,observed+derived,high,node and interface are in the same raw row
owns_interface,network_element,guangzhou-br-2,interface,guangzhou-br-2:ens3,guangzhou,interface_metrics,if_role|interface_id|node,observed+derived,high,node and interface are in the same raw row
owns_interface,network_element,guangzhou-br-2,interface,guangzhou-br-2:ens4,guangzhou,interface_metrics,if_role|interface_id|node,observed+derived,high,node and interface are in the same raw row
owns_interface,network_element,guangzhou-br-2,interface,guangzhou-br-2:ens5,guangzhou,interface_metrics,if_role|interface_id|node,observed+derived,high,node and interface are in the same raw row
owns_interface,network_element,guangzhou-br-2,interface,guangzhou-br-2:ens6,guangzhou,interface_metrics,if_role|interface_id|node,observed+derived,high,node and interface are in the same raw row
owns_interface,network_element,guangzhou-br-2,interface,guangzhou-br-2:ens7,guangzhou,interface_metrics,if_role|interface_id|node,observed+derived,high,node and interface are in the same raw row
owns_interface,network_element,guangzhou-br-2,interface,guangzhou-br-2:ens8,guangzhou,interface_metrics,if_role|interface_id|node,observed+derived,high,node and interface are in the same raw row
owns_interface,network_element,guangzhou-br-2,interface,guangzhou-br-2:ens9,guangzhou,interface_metrics,if_role|interface_id|node,observed+derived,high,node and interface are in the same raw row
owns_interface,network_element,guangzhou-cr-1,interface,guangzhou-cr-1:ens10,guangzhou,interface_metrics,if_role|interface_id|node,observed+derived,high,node and interface are in the same raw row
owns_interface,network_element,guangzhou-cr-1,interface,guangzhou-cr-1:ens11,guangzhou,interface_metrics,if_role|interface_id|node,observed+derived,high,node and interface are in the same raw row
owns_interface,network_element,guangzhou-cr-1,interface,guangzhou-cr-1:ens12,guangzhou,interface_metrics,if_role|interface_id|node,observed+derived,high,node and interface are in the same raw row
owns_interface,network_element,guangzhou-cr-1,interface,guangzhou-cr-1:ens3,guangzhou,interface_metrics,if_role|interface_id|node,observed+derived,high,node and interface are in the same raw row
owns_interface,network_element,guangzhou-cr-1,interface,guangzhou-cr-1:ens4,guangzhou,interface_metrics,if_role|interface_id|node,observed+derived,high,node and interface are in the same raw row
owns_interface,network_element,guangzhou-cr-1,interface,guangzhou-cr-1:ens5,guangzhou,interface_metrics,if_role|interface_id|node,observed+derived,high,node and interface are in the same raw row
owns_interface,network_element,guangzhou-cr-1,interface,guangzhou-cr-1:ens6,guangzhou,interface_metrics,if_role|interface_id|node,observed+derived,high,node and interface are in the same raw row
owns_interface,network_element,guangzhou-cr-1,interface,guangzhou-cr-1:ens7,guangzhou,interface_metrics,if_role|interface_id|node,observed+derived,high,node and interface are in the same raw row
owns_interface,network_element,guangzhou-cr-1,interface,guangzhou-cr-1:ens8,guangzhou,interface_metrics,if_role|interface_id|node,observed+derived,high,node and interface are in the same raw row
owns_interface,network_element,guangzhou-cr-1,interface,guangzhou-cr-1:ens9,guangzhou,interface_metrics,if_role|interface_id|node,observed+derived,high,node and interface are in the same raw row
owns_interface,network_element,guangzhou-cr-2,interface,guangzhou-cr-2:ens10,guangzhou,interface_metrics,if_role|interface_id|node,observed+derived,high,node and interface are in the same raw row
owns_interface,network_element,guangzhou-cr-2,interface,guangzhou-cr-2:ens11,guangzhou,interface_metrics,if_role|interface_id|node,observed+derived,high,node and interface are in the same raw row
owns_interface,network_element,guangzhou-cr-2,interface,guangzhou-cr-2:ens12,guangzhou,interface_metrics,if_role|interface_id|node,observed+derived,high,node and interface are in the same raw row
owns_interface,network_element,guangzhou-cr-2,interface,guangzhou-cr-2:ens3,guangzhou,interface_metrics,if_role|interface_id|node,observed+derived,high,node and interface are in the same raw row
owns_interface,network_element,guangzhou-cr-2,interface,guangzhou-cr-2:ens4,guangzhou,interface_metrics,if_role|interface_id|node,observed+derived,high,node and interface are in the same raw row
owns_interface,network_element,guangzhou-cr-2,interface,guangzhou-cr-2:ens5,guangzhou,interface_metrics,if_role|interface_id|node,observed+derived,high,node and interface are in the same raw row
owns_interface,network_element,guangzhou-cr-2,interface,guangzhou-cr-2:ens6,guangzhou,interface_metrics,if_role|interface_id|node,observed+derived,high,node and interface are in the same raw row
owns_interface,network_element,guangzhou-cr-2,interface,guangzhou-cr-2:ens7,guangzhou,interface_metrics,if_role|interface_id|node,observed+derived,high,node and interface are in the same raw row
owns_interface,network_element,guangzhou-cr-2,interface,guangzhou-cr-2:ens8,guangzhou,interface_metrics,if_role|interface_id|node,observed+derived,high,node and interface are in the same raw row
owns_interface,network_element,guangzhou-cr-2,interface,guangzhou-cr-2:ens9,guangzhou,interface_metrics,if_role|interface_id|node,observed+derived,high,node and interface are in the same raw row
owns_interface,network_element,guangzhou-fw,interface,guangzhou-fw:ens3,guangzhou,interface_metrics,if_role|interface_id|node,observed+derived,high,node and interface are in the same raw row
owns_interface,network_element,guangzhou-fw,interface,guangzhou-fw:ens4,guangzhou,interface_metrics,if_role|interface_id|node,observed+derived,high,node and interface are in the same raw row
owns_interface,network_element,guangzhou-fw,interface,guangzhou-fw:ens5,guangzhou,interface_metrics,if_role|interface_id|node,observed+derived,high,node and interface are in the same raw row
owns_interface,network_element,guangzhou-fw,interface,guangzhou-fw:ens6,guangzhou,interface_metrics,if_role|interface_id|node,observed+derived,high,node and interface are in the same raw row
owns_interface,network_element,guangzhou-service-vm-1,interface,guangzhou-service-vm-1:ens3,guangzhou,interface_metrics,if_role|interface_id|node,observed+derived,high,node and interface are in the same raw row
owns_interface,network_element,guangzhou-service-vm-1,interface,guangzhou-service-vm-1:ens4,guangzhou,interface_metrics,if_role|interface_id|node,observed+derived,high,node and interface are in the same raw row
owns_interface,network_element,guangzhou-service-vm-1,interface,guangzhou-service-vm-1:ens5,guangzhou,interface_metrics,if_role|interface_id|node,observed+derived,high,node and interface are in the same raw row
owns_interface,network_element,guangzhou-service-vm-1,interface,guangzhou-service-vm-1:ens6,guangzhou,interface_metrics,if_role|interface_id|node,observed+derived,high,node and interface are in the same raw row
owns_interface,network_element,guangzhou-service-vm-2,interface,guangzhou-service-vm-2:ens3,guangzhou,interface_metrics,if_role|interface_id|node,observed+derived,high,node and interface are in the same raw row
owns_interface,network_element,guangzhou-service-vm-2,interface,guangzhou-service-vm-2:ens4,guangzhou,interface_metrics,if_role|interface_id|node,observed+derived,high,node and interface are in the same raw row
owns_interface,network_element,guangzhou-service-vm-2,interface,guangzhou-service-vm-2:ens5,guangzhou,interface_metrics,if_role|interface_id|node,observed+derived,high,node and interface are in the same raw row
owns_interface,network_element,guangzhou-service-vm-2,interface,guangzhou-service-vm-2:ens6,guangzhou,interface_metrics,if_role|interface_id|node,observed+derived,high,node and interface are in the same raw row
owns_interface,network_element,guangzhou-service-vm-3,interface,guangzhou-service-vm-3:ens3,guangzhou,interface_metrics,if_role|interface_id|node,observed+derived,high,node and interface are in the same raw row
owns_interface,network_element,guangzhou-service-vm-3,interface,guangzhou-service-vm-3:ens4,guangzhou,interface_metrics,if_role|interface_id|node,observed+derived,high,node and interface are in the same raw row
owns_interface,network_element,guangzhou-service-vm-3,interface,guangzhou-service-vm-3:ens5,guangzhou,interface_metrics,if_role|interface_id|node,observed+derived,high,node and interface are in the same raw row
owns_interface,network_element,guangzhou-service-vm-3,interface,guangzhou-service-vm-3:ens6,guangzhou,interface_metrics,if_role|interface_id|node,observed+derived,high,node and interface are in the same raw row
owns_interface,network_element,guangzhou-traffic-vm,interface,guangzhou-traffic-vm:ens3,guangzhou,interface_metrics,if_role|interface_id|node,observed+derived,high,node and interface are in the same raw row
owns_interface,network_element,guangzhou-traffic-vm,interface,guangzhou-traffic-vm:ens4,guangzhou,interface_metrics,if_role|interface_id|node,observed+derived,high,node and interface are in the same raw row
owns_interface,network_element,guangzhou-traffic-vm,interface,guangzhou-traffic-vm:ens5,guangzhou,interface_metrics,if_role|interface_id|node,observed+derived,high,node and interface are in the same raw row
owns_interface,network_element,guangzhou-traffic-vm,interface,guangzhou-traffic-vm:ens6,guangzhou,interface_metrics,if_role|interface_id|node,observed+derived,high,node and interface are in the same raw row
owns_interface,network_element,nanjing-br-1,interface,nanjing-br-1:ens10,nanjing,interface_metrics,if_role|interface_id|node,observed+derived,high,node and interface are in the same raw row
owns_interface,network_element,nanjing-br-1,interface,nanjing-br-1:ens11,nanjing,interface_metrics,if_role|interface_id|node,observed+derived,high,node and interface are in the same raw row
owns_interface,network_element,nanjing-br-1,interface,nanjing-br-1:ens12,nanjing,interface_metrics,if_role|interface_id|node,observed+derived,high,node and interface are in the same raw row
owns_interface,network_element,nanjing-br-1,interface,nanjing-br-1:ens3,nanjing,interface_metrics,if_role|interface_id|node,observed+derived,high,node and interface are in the same raw row
owns_interface,network_element,nanjing-br-1,interface,nanjing-br-1:ens4,nanjing,interface_metrics,if_role|interface_id|node,observed+derived,high,node and interface are in the same raw row
owns_interface,network_element,nanjing-br-1,interface,nanjing-br-1:ens5,nanjing,interface_metrics,if_role|interface_id|node,observed+derived,high,node and interface are in the same raw row
owns_interface,network_element,nanjing-br-1,interface,nanjing-br-1:ens6,nanjing,interface_metrics,if_role|interface_id|node,observed+derived,high,node and interface are in the same raw row
owns_interface,network_element,nanjing-br-1,interface,nanjing-br-1:ens7,nanjing,interface_metrics,if_role|interface_id|node,observed+derived,high,node and interface are in the same raw row
owns_interface,network_element,nanjing-br-1,interface,nanjing-br-1:ens8,nanjing,interface_metrics,if_role|interface_id|node,observed+derived,high,node and interface are in the same raw row
owns_interface,network_element,nanjing-br-1,interface,nanjing-br-1:ens9,nanjing,interface_metrics,if_role|interface_id|node,observed+derived,high,node and interface are in the same raw row
owns_interface,network_element,nanjing-br-2,interface,nanjing-br-2:ens10,nanjing,interface_metrics,if_role|interface_id|node,observed+derived,high,node and interface are in the same raw row
owns_interface,network_element,nanjing-br-2,interface,nanjing-br-2:ens11,nanjing,interface_metrics,if_role|interface_id|node,observed+derived,high,node and interface are in the same raw row
owns_interface,network_element,nanjing-br-2,interface,nanjing-br-2:ens12,nanjing,interface_metrics,if_role|interface_id|node,observed+derived,high,node and interface are in the same raw row
owns_interface,network_element,nanjing-br-2,interface,nanjing-br-2:ens3,nanjing,interface_metrics,if_role|interface_id|node,observed+derived,high,node and interface are in the same raw row
owns_interface,network_element,nanjing-br-2,interface,nanjing-br-2:ens4,nanjing,interface_metrics,if_role|interface_id|node,observed+derived,high,node and interface are in the same raw row
owns_interface,network_element,nanjing-br-2,interface,nanjing-br-2:ens5,nanjing,interface_metrics,if_role|interface_id|node,observed+derived,high,node and interface are in the same raw row
owns_interface,network_element,nanjing-br-2,interface,nanjing-br-2:ens6,nanjing,interface_metrics,if_role|interface_id|node,observed+derived,high,node and interface are in the same raw row
owns_interface,network_element,nanjing-br-2,interface,nanjing-br-2:ens7,nanjing,interface_metrics,if_role|interface_id|node,observed+derived,high,node and interface are in the same raw row
owns_interface,network_element,nanjing-br-2,interface,nanjing-br-2:ens8,nanjing,interface_metrics,if_role|interface_id|node,observed+derived,high,node and interface are in the same raw row
owns_interface,network_element,nanjing-br-2,interface,nanjing-br-2:ens9,nanjing,interface_metrics,if_role|interface_id|node,observed+derived,high,node and interface are in the same raw row
owns_interface,network_element,nanjing-cr-1,interface,nanjing-cr-1:ens10,nanjing,interface_metrics,if_role|interface_id|node,observed+derived,high,node and interface are in the same raw row
owns_interface,network_element,nanjing-cr-1,interface,nanjing-cr-1:ens11,nanjing,interface_metrics,if_role|interface_id|node,observed+derived,high,node and interface are in the same raw row
owns_interface,network_element,nanjing-cr-1,interface,nanjing-cr-1:ens12,nanjing,interface_metrics,if_role|interface_id|node,observed+derived,high,node and interface are in the same raw row
owns_interface,network_element,nanjing-cr-1,interface,nanjing-cr-1:ens3,nanjing,interface_metrics,if_role|interface_id|node,observed+derived,high,node and interface are in the same raw row
owns_interface,network_element,nanjing-cr-1,interface,nanjing-cr-1:ens4,nanjing,interface_metrics,if_role|interface_id|node,observed+derived,high,node and interface are in the same raw row
owns_interface,network_element,nanjing-cr-1,interface,nanjing-cr-1:ens5,nanjing,interface_metrics,if_role|interface_id|node,observed+derived,high,node and interface are in the same raw row
owns_interface,network_element,nanjing-cr-1,interface,nanjing-cr-1:ens6,nanjing,interface_metrics,if_role|interface_id|node,observed+derived,high,node and interface are in the same raw row
owns_interface,network_element,nanjing-cr-1,interface,nanjing-cr-1:ens7,nanjing,interface_metrics,if_role|interface_id|node,observed+derived,high,node and interface are in the same raw row
owns_interface,network_element,nanjing-cr-1,interface,nanjing-cr-1:ens8,nanjing,interface_metrics,if_role|interface_id|node,observed+derived,high,node and interface are in the same raw row
owns_interface,network_element,nanjing-cr-1,interface,nanjing-cr-1:ens9,nanjing,interface_metrics,if_role|interface_id|node,observed+derived,high,node and interface are in the same raw row
owns_interface,network_element,nanjing-cr-1,interface,nanjing-cr-1:vxlan100,nanjing,interface_metrics,if_role|interface_id|node,observed+derived,high,node and interface are in the same raw row
owns_interface,network_element,nanjing-cr-2,interface,nanjing-cr-2:ens10,nanjing,interface_metrics,if_role|interface_id|node,observed+derived,high,node and interface are in the same raw row
owns_interface,network_element,nanjing-cr-2,interface,nanjing-cr-2:ens11,nanjing,interface_metrics,if_role|interface_id|node,observed+derived,high,node and interface are in the same raw row
owns_interface,network_element,nanjing-cr-2,interface,nanjing-cr-2:ens12,nanjing,interface_metrics,if_role|interface_id|node,observed+derived,high,node and interface are in the same raw row
owns_interface,network_element,nanjing-cr-2,interface,nanjing-cr-2:ens3,nanjing,interface_metrics,if_role|interface_id|node,observed+derived,high,node and interface are in the same raw row
owns_interface,network_element,nanjing-cr-2,interface,nanjing-cr-2:ens4,nanjing,interface_metrics,if_role|interface_id|node,observed+derived,high,node and interface are in the same raw row
owns_interface,network_element,nanjing-cr-2,interface,nanjing-cr-2:ens5,nanjing,interface_metrics,if_role|interface_id|node,observed+derived,high,node and interface are in the same raw row
owns_interface,network_element,nanjing-cr-2,interface,nanjing-cr-2:ens6,nanjing,interface_metrics,if_role|interface_id|node,observed+derived,high,node and interface are in the same raw row
owns_interface,network_element,nanjing-cr-2,interface,nanjing-cr-2:ens7,nanjing,interface_metrics,if_role|interface_id|node,observed+derived,high,node and interface are in the same raw row
owns_interface,network_element,nanjing-cr-2,interface,nanjing-cr-2:ens8,nanjing,interface_metrics,if_role|interface_id|node,observed+derived,high,node and interface are in the same raw row
owns_interface,network_element,nanjing-cr-2,interface,nanjing-cr-2:ens9,nanjing,interface_metrics,if_role|interface_id|node,observed+derived,high,node and interface are in the same raw row
owns_interface,network_element,nanjing-fw,interface,nanjing-fw:ens3,nanjing,interface_metrics,if_role|interface_id|node,observed+derived,high,node and interface are in the same raw row
owns_interface,network_element,nanjing-fw,interface,nanjing-fw:ens4,nanjing,interface_metrics,if_role|interface_id|node,observed+derived,high,node and interface are in the same raw row
owns_interface,network_element,nanjing-fw,interface,nanjing-fw:ens5,nanjing,interface_metrics,if_role|interface_id|node,observed+derived,high,node and interface are in the same raw row
owns_interface,network_element,nanjing-fw,interface,nanjing-fw:ens6,nanjing,interface_metrics,if_role|interface_id|node,observed+derived,high,node and interface are in the same raw row
owns_interface,network_element,nanjing-fw,interface,nanjing-fw:vxlan100,nanjing,interface_metrics,if_role|interface_id|node,observed+derived,high,node and interface are in the same raw row
owns_interface,network_element,nanjing-service-vm-1,interface,nanjing-service-vm-1:ens3,nanjing,interface_metrics,if_role|interface_id|node,observed+derived,high,node and interface are in the same raw row
owns_interface,network_element,nanjing-service-vm-1,interface,nanjing-service-vm-1:ens4,nanjing,interface_metrics,if_role|interface_id|node,observed+derived,high,node and interface are in the same raw row
owns_interface,network_element,nanjing-service-vm-1,interface,nanjing-service-vm-1:ens5,nanjing,interface_metrics,if_role|interface_id|node,observed+derived,high,node and interface are in the same raw row
owns_interface,network_element,nanjing-service-vm-1,interface,nanjing-service-vm-1:ens6,nanjing,interface_metrics,if_role|interface_id|node,observed+derived,high,node and interface are in the same raw row
owns_interface,network_element,nanjing-service-vm-2,interface,nanjing-service-vm-2:ens3,nanjing,interface_metrics,if_role|interface_id|node,observed+derived,high,node and interface are in the same raw row
owns_interface,network_element,nanjing-service-vm-2,interface,nanjing-service-vm-2:ens4,nanjing,interface_metrics,if_role|interface_id|node,observed+derived,high,node and interface are in the same raw row
owns_interface,network_element,nanjing-service-vm-2,interface,nanjing-service-vm-2:ens5,nanjing,interface_metrics,if_role|interface_id|node,observed+derived,high,node and interface are in the same raw row
owns_interface,network_element,nanjing-service-vm-2,interface,nanjing-service-vm-2:ens6,nanjing,interface_metrics,if_role|interface_id|node,observed+derived,high,node and interface are in the same raw row
owns_interface,network_element,nanjing-service-vm-3,interface,nanjing-service-vm-3:ens3,nanjing,interface_metrics,if_role|interface_id|node,observed+derived,high,node and interface are in the same raw row
owns_interface,network_element,nanjing-service-vm-3,interface,nanjing-service-vm-3:ens4,nanjing,interface_metrics,if_role|interface_id|node,observed+derived,high,node and interface are in the same raw row
owns_interface,network_element,nanjing-service-vm-3,interface,nanjing-service-vm-3:ens5,nanjing,interface_metrics,if_role|interface_id|node,observed+derived,high,node and interface are in the same raw row
owns_interface,network_element,nanjing-service-vm-3,interface,nanjing-service-vm-3:ens6,nanjing,interface_metrics,if_role|interface_id|node,observed+derived,high,node and interface are in the same raw row
owns_interface,network_element,nanjing-traffic-vm,interface,nanjing-traffic-vm:ens3,nanjing,interface_metrics,if_role|interface_id|node,observed+derived,high,node and interface are in the same raw row
owns_interface,network_element,nanjing-traffic-vm,interface,nanjing-traffic-vm:ens4,nanjing,interface_metrics,if_role|interface_id|node,observed+derived,high,node and interface are in the same raw row
owns_interface,network_element,nanjing-traffic-vm,interface,nanjing-traffic-vm:ens5,nanjing,interface_metrics,if_role|interface_id|node,observed+derived,high,node and interface are in the same raw row
owns_interface,network_element,nanjing-traffic-vm,interface,nanjing-traffic-vm:ens6,nanjing,interface_metrics,if_role|interface_id|node,observed+derived,high,node and interface are in the same raw row
owns_interface,network_element,shanghai-br-1,interface,shanghai-br-1:ens10,shanghai,interface_metrics,if_role|interface_id|node,observed+derived,high,node and interface are in the same raw row
owns_interface,network_element,shanghai-br-1,interface,shanghai-br-1:ens11,shanghai,interface_metrics,if_role|interface_id|node,observed+derived,high,node and interface are in the same raw row
owns_interface,network_element,shanghai-br-1,interface,shanghai-br-1:ens12,shanghai,interface_metrics,if_role|interface_id|node,observed+derived,high,node and interface are in the same raw row
owns_interface,network_element,shanghai-br-1,interface,shanghai-br-1:ens3,shanghai,interface_metrics,if_role|interface_id|node,observed+derived,high,node and interface are in the same raw row
owns_interface,network_element,shanghai-br-1,interface,shanghai-br-1:ens4,shanghai,interface_metrics,if_role|interface_id|node,observed+derived,high,node and interface are in the same raw row
owns_interface,network_element,shanghai-br-1,interface,shanghai-br-1:ens5,shanghai,interface_metrics,if_role|interface_id|node,observed+derived,high,node and interface are in the same raw row
owns_interface,network_element,shanghai-br-1,interface,shanghai-br-1:ens6,shanghai,interface_metrics,if_role|interface_id|node,observed+derived,high,node and interface are in the same raw row
owns_interface,network_element,shanghai-br-1,interface,shanghai-br-1:ens7,shanghai,interface_metrics,if_role|interface_id|node,observed+derived,high,node and interface are in the same raw row
owns_interface,network_element,shanghai-br-1,interface,shanghai-br-1:ens8,shanghai,interface_metrics,if_role|interface_id|node,observed+derived,high,node and interface are in the same raw row
owns_interface,network_element,shanghai-br-1,interface,shanghai-br-1:ens9,shanghai,interface_metrics,if_role|interface_id|node,observed+derived,high,node and interface are in the same raw row
owns_interface,network_element,shanghai-br-2,interface,shanghai-br-2:ens10,shanghai,interface_metrics,if_role|interface_id|node,observed+derived,high,node and interface are in the same raw row
owns_interface,network_element,shanghai-br-2,interface,shanghai-br-2:ens11,shanghai,interface_metrics,if_role|interface_id|node,observed+derived,high,node and interface are in the same raw row
owns_interface,network_element,shanghai-br-2,interface,shanghai-br-2:ens12,shanghai,interface_metrics,if_role|interface_id|node,observed+derived,high,node and interface are in the same raw row
owns_interface,network_element,shanghai-br-2,interface,shanghai-br-2:ens3,shanghai,interface_metrics,if_role|interface_id|node,observed+derived,high,node and interface are in the same raw row
owns_interface,network_element,shanghai-br-2,interface,shanghai-br-2:ens4,shanghai,interface_metrics,if_role|interface_id|node,observed+derived,high,node and interface are in the same raw row
owns_interface,network_element,shanghai-br-2,interface,shanghai-br-2:ens5,shanghai,interface_metrics,if_role|interface_id|node,observed+derived,high,node and interface are in the same raw row
owns_interface,network_element,shanghai-br-2,interface,shanghai-br-2:ens6,shanghai,interface_metrics,if_role|interface_id|node,observed+derived,high,node and interface are in the same raw row
owns_interface,network_element,shanghai-br-2,interface,shanghai-br-2:ens7,shanghai,interface_metrics,if_role|interface_id|node,observed+derived,high,node and interface are in the same raw row
owns_interface,network_element,shanghai-br-2,interface,shanghai-br-2:ens8,shanghai,interface_metrics,if_role|interface_id|node,observed+derived,high,node and interface are in the same raw row
owns_interface,network_element,shanghai-br-2,interface,shanghai-br-2:ens9,shanghai,interface_metrics,if_role|interface_id|node,observed+derived,high,node and interface are in the same raw row
owns_interface,network_element,shanghai-cr-1,interface,shanghai-cr-1:ens10,shanghai,interface_metrics,if_role|interface_id|node,observed+derived,high,node and interface are in the same raw row
owns_interface,network_element,shanghai-cr-1,interface,shanghai-cr-1:ens11,shanghai,interface_metrics,if_role|interface_id|node,observed+derived,high,node and interface are in the same raw row
owns_interface,network_element,shanghai-cr-1,interface,shanghai-cr-1:ens12,shanghai,interface_metrics,if_role|interface_id|node,observed+derived,high,node and interface are in the same raw row
owns_interface,network_element,shanghai-cr-1,interface,shanghai-cr-1:ens3,shanghai,interface_metrics,if_role|interface_id|node,observed+derived,high,node and interface are in the same raw row
owns_interface,network_element,shanghai-cr-1,interface,shanghai-cr-1:ens4,shanghai,interface_metrics,if_role|interface_id|node,observed+derived,high,node and interface are in the same raw row
owns_interface,network_element,shanghai-cr-1,interface,shanghai-cr-1:ens5,shanghai,interface_metrics,if_role|interface_id|node,observed+derived,high,node and interface are in the same raw row
owns_interface,network_element,shanghai-cr-1,interface,shanghai-cr-1:ens6,shanghai,interface_metrics,if_role|interface_id|node,observed+derived,high,node and interface are in the same raw row
owns_interface,network_element,shanghai-cr-1,interface,shanghai-cr-1:ens7,shanghai,interface_metrics,if_role|interface_id|node,observed+derived,high,node and interface are in the same raw row
owns_interface,network_element,shanghai-cr-1,interface,shanghai-cr-1:ens8,shanghai,interface_metrics,if_role|interface_id|node,observed+derived,high,node and interface are in the same raw row
owns_interface,network_element,shanghai-cr-1,interface,shanghai-cr-1:ens9,shanghai,interface_metrics,if_role|interface_id|node,observed+derived,high,node and interface are in the same raw row
owns_interface,network_element,shanghai-cr-2,interface,shanghai-cr-2:ens10,shanghai,interface_metrics,if_role|interface_id|node,observed+derived,high,node and interface are in the same raw row
owns_interface,network_element,shanghai-cr-2,interface,shanghai-cr-2:ens11,shanghai,interface_metrics,if_role|interface_id|node,observed+derived,high,node and interface are in the same raw row
owns_interface,network_element,shanghai-cr-2,interface,shanghai-cr-2:ens12,shanghai,interface_metrics,if_role|interface_id|node,observed+derived,high,node and interface are in the same raw row
owns_interface,network_element,shanghai-cr-2,interface,shanghai-cr-2:ens3,shanghai,interface_metrics,if_role|interface_id|node,observed+derived,high,node and interface are in the same raw row
owns_interface,network_element,shanghai-cr-2,interface,shanghai-cr-2:ens4,shanghai,interface_metrics,if_role|interface_id|node,observed+derived,high,node and interface are in the same raw row
owns_interface,network_element,shanghai-cr-2,interface,shanghai-cr-2:ens5,shanghai,interface_metrics,if_role|interface_id|node,observed+derived,high,node and interface are in the same raw row
owns_interface,network_element,shanghai-cr-2,interface,shanghai-cr-2:ens6,shanghai,interface_metrics,if_role|interface_id|node,observed+derived,high,node and interface are in the same raw row
owns_interface,network_element,shanghai-cr-2,interface,shanghai-cr-2:ens7,shanghai,interface_metrics,if_role|interface_id|node,observed+derived,high,node and interface are in the same raw row
owns_interface,network_element,shanghai-cr-2,interface,shanghai-cr-2:ens8,shanghai,interface_metrics,if_role|interface_id|node,observed+derived,high,node and interface are in the same raw row
owns_interface,network_element,shanghai-cr-2,interface,shanghai-cr-2:ens9,shanghai,interface_metrics,if_role|interface_id|node,observed+derived,high,node and interface are in the same raw row
owns_interface,network_element,shanghai-fw,interface,shanghai-fw:ens3,shanghai,interface_metrics,if_role|interface_id|node,observed+derived,high,node and interface are in the same raw row
owns_interface,network_element,shanghai-fw,interface,shanghai-fw:ens4,shanghai,interface_metrics,if_role|interface_id|node,observed+derived,high,node and interface are in the same raw row
owns_interface,network_element,shanghai-fw,interface,shanghai-fw:ens5,shanghai,interface_metrics,if_role|interface_id|node,observed+derived,high,node and interface are in the same raw row
owns_interface,network_element,shanghai-fw,interface,shanghai-fw:ens6,shanghai,interface_metrics,if_role|interface_id|node,observed+derived,high,node and interface are in the same raw row
owns_interface,network_element,shanghai-service-vm-1,interface,shanghai-service-vm-1:ens3,shanghai,interface_metrics,if_role|interface_id|node,observed+derived,high,node and interface are in the same raw row
owns_interface,network_element,shanghai-service-vm-1,interface,shanghai-service-vm-1:ens4,shanghai,interface_metrics,if_role|interface_id|node,observed+derived,high,node and interface are in the same raw row
owns_interface,network_element,shanghai-service-vm-1,interface,shanghai-service-vm-1:ens5,shanghai,interface_metrics,if_role|interface_id|node,observed+derived,high,node and interface are in the same raw row
owns_interface,network_element,shanghai-service-vm-1,interface,shanghai-service-vm-1:ens6,shanghai,interface_metrics,if_role|interface_id|node,observed+derived,high,node and interface are in the same raw row
owns_interface,network_element,shanghai-service-vm-2,interface,shanghai-service-vm-2:ens3,shanghai,interface_metrics,if_role|interface_id|node,observed+derived,high,node and interface are in the same raw row
owns_interface,network_element,shanghai-service-vm-2,interface,shanghai-service-vm-2:ens4,shanghai,interface_metrics,if_role|interface_id|node,observed+derived,high,node and interface are in the same raw row
owns_interface,network_element,shanghai-service-vm-2,interface,shanghai-service-vm-2:ens5,shanghai,interface_metrics,if_role|interface_id|node,observed+derived,high,node and interface are in the same raw row
owns_interface,network_element,shanghai-service-vm-2,interface,shanghai-service-vm-2:ens6,shanghai,interface_metrics,if_role|interface_id|node,observed+derived,high,node and interface are in the same raw row
owns_interface,network_element,shanghai-service-vm-3,interface,shanghai-service-vm-3:ens3,shanghai,interface_metrics,if_role|interface_id|node,observed+derived,high,node and interface are in the same raw row
owns_interface,network_element,shanghai-service-vm-3,interface,shanghai-service-vm-3:ens4,shanghai,interface_metrics,if_role|interface_id|node,observed+derived,high,node and interface are in the same raw row
owns_interface,network_element,shanghai-service-vm-3,interface,shanghai-service-vm-3:ens5,shanghai,interface_metrics,if_role|interface_id|node,observed+derived,high,node and interface are in the same raw row
owns_interface,network_element,shanghai-service-vm-3,interface,shanghai-service-vm-3:ens6,shanghai,interface_metrics,if_role|interface_id|node,observed+derived,high,node and interface are in the same raw row
owns_interface,network_element,shanghai-traffic-vm,interface,shanghai-traffic-vm:ens3,shanghai,interface_metrics,if_role|interface_id|node,observed+derived,high,node and interface are in the same raw row
owns_interface,network_element,shanghai-traffic-vm,interface,shanghai-traffic-vm:ens4,shanghai,interface_metrics,if_role|interface_id|node,observed+derived,high,node and interface are in the same raw row
owns_interface,network_element,shanghai-traffic-vm,interface,shanghai-traffic-vm:ens5,shanghai,interface_metrics,if_role|interface_id|node,observed+derived,high,node and interface are in the same raw row
owns_interface,network_element,shanghai-traffic-vm,interface,shanghai-traffic-vm:ens6,shanghai,interface_metrics,if_role|interface_id|node,observed+derived,high,node and interface are in the same raw row
owns_interface,network_element,shenyang-br-1,interface,shenyang-br-1:ens10,shenyang,interface_metrics,if_role|interface_id|node,observed+derived,high,node and interface are in the same raw row
owns_interface,network_element,shenyang-br-1,interface,shenyang-br-1:ens11,shenyang,interface_metrics,if_role|interface_id|node,observed+derived,high,node and interface are in the same raw row
owns_interface,network_element,shenyang-br-1,interface,shenyang-br-1:ens12,shenyang,interface_metrics,if_role|interface_id|node,observed+derived,high,node and interface are in the same raw row
owns_interface,network_element,shenyang-br-1,interface,shenyang-br-1:ens3,shenyang,interface_metrics,if_role|interface_id|node,observed+derived,high,node and interface are in the same raw row
owns_interface,network_element,shenyang-br-1,interface,shenyang-br-1:ens4,shenyang,interface_metrics,if_role|interface_id|node,observed+derived,high,node and interface are in the same raw row
owns_interface,network_element,shenyang-br-1,interface,shenyang-br-1:ens5,shenyang,interface_metrics,if_role|interface_id|node,observed+derived,high,node and interface are in the same raw row
owns_interface,network_element,shenyang-br-1,interface,shenyang-br-1:ens6,shenyang,interface_metrics,if_role|interface_id|node,observed+derived,high,node and interface are in the same raw row
owns_interface,network_element,shenyang-br-1,interface,shenyang-br-1:ens7,shenyang,interface_metrics,if_role|interface_id|node,observed+derived,high,node and interface are in the same raw row
owns_interface,network_element,shenyang-br-1,interface,shenyang-br-1:ens8,shenyang,interface_metrics,if_role|interface_id|node,observed+derived,high,node and interface are in the same raw row
owns_interface,network_element,shenyang-br-1,interface,shenyang-br-1:ens9,shenyang,interface_metrics,if_role|interface_id|node,observed+derived,high,node and interface are in the same raw row
owns_interface,network_element,shenyang-br-2,interface,shenyang-br-2:ens10,shenyang,interface_metrics,if_role|interface_id|node,observed+derived,high,node and interface are in the same raw row
owns_interface,network_element,shenyang-br-2,interface,shenyang-br-2:ens11,shenyang,interface_metrics,if_role|interface_id|node,observed+derived,high,node and interface are in the same raw row
owns_interface,network_element,shenyang-br-2,interface,shenyang-br-2:ens12,shenyang,interface_metrics,if_role|interface_id|node,observed+derived,high,node and interface are in the same raw row
owns_interface,network_element,shenyang-br-2,interface,shenyang-br-2:ens3,shenyang,interface_metrics,if_role|interface_id|node,observed+derived,high,node and interface are in the same raw row
owns_interface,network_element,shenyang-br-2,interface,shenyang-br-2:ens4,shenyang,interface_metrics,if_role|interface_id|node,observed+derived,high,node and interface are in the same raw row
owns_interface,network_element,shenyang-br-2,interface,shenyang-br-2:ens5,shenyang,interface_metrics,if_role|interface_id|node,observed+derived,high,node and interface are in the same raw row
owns_interface,network_element,shenyang-br-2,interface,shenyang-br-2:ens6,shenyang,interface_metrics,if_role|interface_id|node,observed+derived,high,node and interface are in the same raw row
owns_interface,network_element,shenyang-br-2,interface,shenyang-br-2:ens7,shenyang,interface_metrics,if_role|interface_id|node,observed+derived,high,node and interface are in the same raw row
owns_interface,network_element,shenyang-br-2,interface,shenyang-br-2:ens8,shenyang,interface_metrics,if_role|interface_id|node,observed+derived,high,node and interface are in the same raw row
owns_interface,network_element,shenyang-br-2,interface,shenyang-br-2:ens9,shenyang,interface_metrics,if_role|interface_id|node,observed+derived,high,node and interface are in the same raw row
owns_interface,network_element,shenyang-cr-1,interface,shenyang-cr-1:ens10,shenyang,interface_metrics,if_role|interface_id|node,observed+derived,high,node and interface are in the same raw row
owns_interface,network_element,shenyang-cr-1,interface,shenyang-cr-1:ens11,shenyang,interface_metrics,if_role|interface_id|node,observed+derived,high,node and interface are in the same raw row
owns_interface,network_element,shenyang-cr-1,interface,shenyang-cr-1:ens12,shenyang,interface_metrics,if_role|interface_id|node,observed+derived,high,node and interface are in the same raw row
owns_interface,network_element,shenyang-cr-1,interface,shenyang-cr-1:ens3,shenyang,interface_metrics,if_role|interface_id|node,observed+derived,high,node and interface are in the same raw row
owns_interface,network_element,shenyang-cr-1,interface,shenyang-cr-1:ens4,shenyang,interface_metrics,if_role|interface_id|node,observed+derived,high,node and interface are in the same raw row
owns_interface,network_element,shenyang-cr-1,interface,shenyang-cr-1:ens5,shenyang,interface_metrics,if_role|interface_id|node,observed+derived,high,node and interface are in the same raw row
owns_interface,network_element,shenyang-cr-1,interface,shenyang-cr-1:ens6,shenyang,interface_metrics,if_role|interface_id|node,observed+derived,high,node and interface are in the same raw row
owns_interface,network_element,shenyang-cr-1,interface,shenyang-cr-1:ens7,shenyang,interface_metrics,if_role|interface_id|node,observed+derived,high,node and interface are in the same raw row
owns_interface,network_element,shenyang-cr-1,interface,shenyang-cr-1:ens8,shenyang,interface_metrics,if_role|interface_id|node,observed+derived,high,node and interface are in the same raw row
owns_interface,network_element,shenyang-cr-1,interface,shenyang-cr-1:ens9,shenyang,interface_metrics,if_role|interface_id|node,observed+derived,high,node and interface are in the same raw row
owns_interface,network_element,shenyang-cr-2,interface,shenyang-cr-2:ens10,shenyang,interface_metrics,if_role|interface_id|node,observed+derived,high,node and interface are in the same raw row
owns_interface,network_element,shenyang-cr-2,interface,shenyang-cr-2:ens11,shenyang,interface_metrics,if_role|interface_id|node,observed+derived,high,node and interface are in the same raw row
owns_interface,network_element,shenyang-cr-2,interface,shenyang-cr-2:ens12,shenyang,interface_metrics,if_role|interface_id|node,observed+derived,high,node and interface are in the same raw row
owns_interface,network_element,shenyang-cr-2,interface,shenyang-cr-2:ens3,shenyang,interface_metrics,if_role|interface_id|node,observed+derived,high,node and interface are in the same raw row
owns_interface,network_element,shenyang-cr-2,interface,shenyang-cr-2:ens4,shenyang,interface_metrics,if_role|interface_id|node,observed+derived,high,node and interface are in the same raw row
owns_interface,network_element,shenyang-cr-2,interface,shenyang-cr-2:ens5,shenyang,interface_metrics,if_role|interface_id|node,observed+derived,high,node and interface are in the same raw row
owns_interface,network_element,shenyang-cr-2,interface,shenyang-cr-2:ens6,shenyang,interface_metrics,if_role|interface_id|node,observed+derived,high,node and interface are in the same raw row
owns_interface,network_element,shenyang-cr-2,interface,shenyang-cr-2:ens7,shenyang,interface_metrics,if_role|interface_id|node,observed+derived,high,node and interface are in the same raw row
owns_interface,network_element,shenyang-cr-2,interface,shenyang-cr-2:ens8,shenyang,interface_metrics,if_role|interface_id|node,observed+derived,high,node and interface are in the same raw row
owns_interface,network_element,shenyang-cr-2,interface,shenyang-cr-2:ens9,shenyang,interface_metrics,if_role|interface_id|node,observed+derived,high,node and interface are in the same raw row
owns_interface,network_element,shenyang-fw,interface,shenyang-fw:ens3,shenyang,interface_metrics,if_role|interface_id|node,observed+derived,high,node and interface are in the same raw row
owns_interface,network_element,shenyang-fw,interface,shenyang-fw:ens4,shenyang,interface_metrics,if_role|interface_id|node,observed+derived,high,node and interface are in the same raw row
owns_interface,network_element,shenyang-fw,interface,shenyang-fw:ens5,shenyang,interface_metrics,if_role|interface_id|node,observed+derived,high,node and interface are in the same raw row
owns_interface,network_element,shenyang-fw,interface,shenyang-fw:ens6,shenyang,interface_metrics,if_role|interface_id|node,observed+derived,high,node and interface are in the same raw row
owns_interface,network_element,shenyang-service-vm-1,interface,shenyang-service-vm-1:ens3,shenyang,interface_metrics,if_role|interface_id|node,observed+derived,high,node and interface are in the same raw row
owns_interface,network_element,shenyang-service-vm-1,interface,shenyang-service-vm-1:ens4,shenyang,interface_metrics,if_role|interface_id|node,observed+derived,high,node and interface are in the same raw row
owns_interface,network_element,shenyang-service-vm-1,interface,shenyang-service-vm-1:ens5,shenyang,interface_metrics,if_role|interface_id|node,observed+derived,high,node and interface are in the same raw row
owns_interface,network_element,shenyang-service-vm-1,interface,shenyang-service-vm-1:ens6,shenyang,interface_metrics,if_role|interface_id|node,observed+derived,high,node and interface are in the same raw row
owns_interface,network_element,shenyang-service-vm-2,interface,shenyang-service-vm-2:ens3,shenyang,interface_metrics,if_role|interface_id|node,observed+derived,high,node and interface are in the same raw row
owns_interface,network_element,shenyang-service-vm-2,interface,shenyang-service-vm-2:ens4,shenyang,interface_metrics,if_role|interface_id|node,observed+derived,high,node and interface are in the same raw row
owns_interface,network_element,shenyang-service-vm-2,interface,shenyang-service-vm-2:ens5,shenyang,interface_metrics,if_role|interface_id|node,observed+derived,high,node and interface are in the same raw row
owns_interface,network_element,shenyang-service-vm-2,interface,shenyang-service-vm-2:ens6,shenyang,interface_metrics,if_role|interface_id|node,observed+derived,high,node and interface are in the same raw row
owns_interface,network_element,shenyang-service-vm-3,interface,shenyang-service-vm-3:ens3,shenyang,interface_metrics,if_role|interface_id|node,observed+derived,high,node and interface are in the same raw row
owns_interface,network_element,shenyang-service-vm-3,interface,shenyang-service-vm-3:ens4,shenyang,interface_metrics,if_role|interface_id|node,observed+derived,high,node and interface are in the same raw row
owns_interface,network_element,shenyang-service-vm-3,interface,shenyang-service-vm-3:ens5,shenyang,interface_metrics,if_role|interface_id|node,observed+derived,high,node and interface are in the same raw row
owns_interface,network_element,shenyang-service-vm-3,interface,shenyang-service-vm-3:ens6,shenyang,interface_metrics,if_role|interface_id|node,observed+derived,high,node and interface are in the same raw row
owns_interface,network_element,shenyang-traffic-vm,interface,shenyang-traffic-vm:ens3,shenyang,interface_metrics,if_role|interface_id|node,observed+derived,high,node and interface are in the same raw row
owns_interface,network_element,shenyang-traffic-vm,interface,shenyang-traffic-vm:ens4,shenyang,interface_metrics,if_role|interface_id|node,observed+derived,high,node and interface are in the same raw row
owns_interface,network_element,shenyang-traffic-vm,interface,shenyang-traffic-vm:ens5,shenyang,interface_metrics,if_role|interface_id|node,observed+derived,high,node and interface are in the same raw row
owns_interface,network_element,shenyang-traffic-vm,interface,shenyang-traffic-vm:ens6,shenyang,interface_metrics,if_role|interface_id|node,observed+derived,high,node and interface are in the same raw row
owns_interface,network_element,wuhan-br-1,interface,wuhan-br-1:ens10,wuhan,interface_metrics,if_role|interface_id|node,observed+derived,high,node and interface are in the same raw row
owns_interface,network_element,wuhan-br-1,interface,wuhan-br-1:ens11,wuhan,interface_metrics,if_role|interface_id|node,observed+derived,high,node and interface are in the same raw row
owns_interface,network_element,wuhan-br-1,interface,wuhan-br-1:ens12,wuhan,interface_metrics,if_role|interface_id|node,observed+derived,high,node and interface are in the same raw row
owns_interface,network_element,wuhan-br-1,interface,wuhan-br-1:ens3,wuhan,interface_metrics,if_role|interface_id|node,observed+derived,high,node and interface are in the same raw row
owns_interface,network_element,wuhan-br-1,interface,wuhan-br-1:ens4,wuhan,interface_metrics,if_role|interface_id|node,observed+derived,high,node and interface are in the same raw row
owns_interface,network_element,wuhan-br-1,interface,wuhan-br-1:ens5,wuhan,interface_metrics,if_role|interface_id|node,observed+derived,high,node and interface are in the same raw row
owns_interface,network_element,wuhan-br-1,interface,wuhan-br-1:ens6,wuhan,interface_metrics,if_role|interface_id|node,observed+derived,high,node and interface are in the same raw row
owns_interface,network_element,wuhan-br-1,interface,wuhan-br-1:ens7,wuhan,interface_metrics,if_role|interface_id|node,observed+derived,high,node and interface are in the same raw row
owns_interface,network_element,wuhan-br-1,interface,wuhan-br-1:ens8,wuhan,interface_metrics,if_role|interface_id|node,observed+derived,high,node and interface are in the same raw row
owns_interface,network_element,wuhan-br-1,interface,wuhan-br-1:ens9,wuhan,interface_metrics,if_role|interface_id|node,observed+derived,high,node and interface are in the same raw row
owns_interface,network_element,wuhan-br-2,interface,wuhan-br-2:ens10,wuhan,interface_metrics,if_role|interface_id|node,observed+derived,high,node and interface are in the same raw row
owns_interface,network_element,wuhan-br-2,interface,wuhan-br-2:ens11,wuhan,interface_metrics,if_role|interface_id|node,observed+derived,high,node and interface are in the same raw row
owns_interface,network_element,wuhan-br-2,interface,wuhan-br-2:ens12,wuhan,interface_metrics,if_role|interface_id|node,observed+derived,high,node and interface are in the same raw row
owns_interface,network_element,wuhan-br-2,interface,wuhan-br-2:ens3,wuhan,interface_metrics,if_role|interface_id|node,observed+derived,high,node and interface are in the same raw row
owns_interface,network_element,wuhan-br-2,interface,wuhan-br-2:ens4,wuhan,interface_metrics,if_role|interface_id|node,observed+derived,high,node and interface are in the same raw row
owns_interface,network_element,wuhan-br-2,interface,wuhan-br-2:ens5,wuhan,interface_metrics,if_role|interface_id|node,observed+derived,high,node and interface are in the same raw row
owns_interface,network_element,wuhan-br-2,interface,wuhan-br-2:ens6,wuhan,interface_metrics,if_role|interface_id|node,observed+derived,high,node and interface are in the same raw row
owns_interface,network_element,wuhan-br-2,interface,wuhan-br-2:ens7,wuhan,interface_metrics,if_role|interface_id|node,observed+derived,high,node and interface are in the same raw row
owns_interface,network_element,wuhan-br-2,interface,wuhan-br-2:ens8,wuhan,interface_metrics,if_role|interface_id|node,observed+derived,high,node and interface are in the same raw row
owns_interface,network_element,wuhan-br-2,interface,wuhan-br-2:ens9,wuhan,interface_metrics,if_role|interface_id|node,observed+derived,high,node and interface are in the same raw row
owns_interface,network_element,wuhan-cr-1,interface,wuhan-cr-1:ens10,wuhan,interface_metrics,if_role|interface_id|node,observed+derived,high,node and interface are in the same raw row
owns_interface,network_element,wuhan-cr-1,interface,wuhan-cr-1:ens11,wuhan,interface_metrics,if_role|interface_id|node,observed+derived,high,node and interface are in the same raw row
owns_interface,network_element,wuhan-cr-1,interface,wuhan-cr-1:ens12,wuhan,interface_metrics,if_role|interface_id|node,observed+derived,high,node and interface are in the same raw row
owns_interface,network_element,wuhan-cr-1,interface,wuhan-cr-1:ens3,wuhan,interface_metrics,if_role|interface_id|node,observed+derived,high,node and interface are in the same raw row
owns_interface,network_element,wuhan-cr-1,interface,wuhan-cr-1:ens4,wuhan,interface_metrics,if_role|interface_id|node,observed+derived,high,node and interface are in the same raw row
owns_interface,network_element,wuhan-cr-1,interface,wuhan-cr-1:ens5,wuhan,interface_metrics,if_role|interface_id|node,observed+derived,high,node and interface are in the same raw row
owns_interface,network_element,wuhan-cr-1,interface,wuhan-cr-1:ens6,wuhan,interface_metrics,if_role|interface_id|node,observed+derived,high,node and interface are in the same raw row
owns_interface,network_element,wuhan-cr-1,interface,wuhan-cr-1:ens7,wuhan,interface_metrics,if_role|interface_id|node,observed+derived,high,node and interface are in the same raw row
owns_interface,network_element,wuhan-cr-1,interface,wuhan-cr-1:ens8,wuhan,interface_metrics,if_role|interface_id|node,observed+derived,high,node and interface are in the same raw row
owns_interface,network_element,wuhan-cr-1,interface,wuhan-cr-1:ens9,wuhan,interface_metrics,if_role|interface_id|node,observed+derived,high,node and interface are in the same raw row
owns_interface,network_element,wuhan-cr-2,interface,wuhan-cr-2:ens10,wuhan,interface_metrics,if_role|interface_id|node,observed+derived,high,node and interface are in the same raw row
owns_interface,network_element,wuhan-cr-2,interface,wuhan-cr-2:ens11,wuhan,interface_metrics,if_role|interface_id|node,observed+derived,high,node and interface are in the same raw row
owns_interface,network_element,wuhan-cr-2,interface,wuhan-cr-2:ens12,wuhan,interface_metrics,if_role|interface_id|node,observed+derived,high,node and interface are in the same raw row
owns_interface,network_element,wuhan-cr-2,interface,wuhan-cr-2:ens3,wuhan,interface_metrics,if_role|interface_id|node,observed+derived,high,node and interface are in the same raw row
owns_interface,network_element,wuhan-cr-2,interface,wuhan-cr-2:ens4,wuhan,interface_metrics,if_role|interface_id|node,observed+derived,high,node and interface are in the same raw row
owns_interface,network_element,wuhan-cr-2,interface,wuhan-cr-2:ens5,wuhan,interface_metrics,if_role|interface_id|node,observed+derived,high,node and interface are in the same raw row
owns_interface,network_element,wuhan-cr-2,interface,wuhan-cr-2:ens6,wuhan,interface_metrics,if_role|interface_id|node,observed+derived,high,node and interface are in the same raw row
owns_interface,network_element,wuhan-cr-2,interface,wuhan-cr-2:ens7,wuhan,interface_metrics,if_role|interface_id|node,observed+derived,high,node and interface are in the same raw row
owns_interface,network_element,wuhan-cr-2,interface,wuhan-cr-2:ens8,wuhan,interface_metrics,if_role|interface_id|node,observed+derived,high,node and interface are in the same raw row
owns_interface,network_element,wuhan-cr-2,interface,wuhan-cr-2:ens9,wuhan,interface_metrics,if_role|interface_id|node,observed+derived,high,node and interface are in the same raw row
owns_interface,network_element,wuhan-fw,interface,wuhan-fw:ens3,wuhan,interface_metrics,if_role|interface_id|node,observed+derived,high,node and interface are in the same raw row
owns_interface,network_element,wuhan-fw,interface,wuhan-fw:ens4,wuhan,interface_metrics,if_role|interface_id|node,observed+derived,high,node and interface are in the same raw row
owns_interface,network_element,wuhan-fw,interface,wuhan-fw:ens5,wuhan,interface_metrics,if_role|interface_id|node,observed+derived,high,node and interface are in the same raw row
owns_interface,network_element,wuhan-fw,interface,wuhan-fw:ens6,wuhan,interface_metrics,if_role|interface_id|node,observed+derived,high,node and interface are in the same raw row
owns_interface,network_element,wuhan-service-vm-1,interface,wuhan-service-vm-1:ens3,wuhan,interface_metrics,if_role|interface_id|node,observed+derived,high,node and interface are in the same raw row
owns_interface,network_element,wuhan-service-vm-1,interface,wuhan-service-vm-1:ens4,wuhan,interface_metrics,if_role|interface_id|node,observed+derived,high,node and interface are in the same raw row
owns_interface,network_element,wuhan-service-vm-1,interface,wuhan-service-vm-1:ens5,wuhan,interface_metrics,if_role|interface_id|node,observed+derived,high,node and interface are in the same raw row
owns_interface,network_element,wuhan-service-vm-1,interface,wuhan-service-vm-1:ens6,wuhan,interface_metrics,if_role|interface_id|node,observed+derived,high,node and interface are in the same raw row
owns_interface,network_element,wuhan-service-vm-2,interface,wuhan-service-vm-2:ens3,wuhan,interface_metrics,if_role|interface_id|node,observed+derived,high,node and interface are in the same raw row
owns_interface,network_element,wuhan-service-vm-2,interface,wuhan-service-vm-2:ens4,wuhan,interface_metrics,if_role|interface_id|node,observed+derived,high,node and interface are in the same raw row
owns_interface,network_element,wuhan-service-vm-2,interface,wuhan-service-vm-2:ens5,wuhan,interface_metrics,if_role|interface_id|node,observed+derived,high,node and interface are in the same raw row
owns_interface,network_element,wuhan-service-vm-2,interface,wuhan-service-vm-2:ens6,wuhan,interface_metrics,if_role|interface_id|node,observed+derived,high,node and interface are in the same raw row
owns_interface,network_element,wuhan-service-vm-3,interface,wuhan-service-vm-3:ens3,wuhan,interface_metrics,if_role|interface_id|node,observed+derived,high,node and interface are in the same raw row
owns_interface,network_element,wuhan-service-vm-3,interface,wuhan-service-vm-3:ens4,wuhan,interface_metrics,if_role|interface_id|node,observed+derived,high,node and interface are in the same raw row
owns_interface,network_element,wuhan-service-vm-3,interface,wuhan-service-vm-3:ens5,wuhan,interface_metrics,if_role|interface_id|node,observed+derived,high,node and interface are in the same raw row
owns_interface,network_element,wuhan-service-vm-3,interface,wuhan-service-vm-3:ens6,wuhan,interface_metrics,if_role|interface_id|node,observed+derived,high,node and interface are in the same raw row
owns_interface,network_element,wuhan-traffic-vm,interface,wuhan-traffic-vm:ens3,wuhan,interface_metrics,if_role|interface_id|node,observed+derived,high,node and interface are in the same raw row
owns_interface,network_element,wuhan-traffic-vm,interface,wuhan-traffic-vm:ens4,wuhan,interface_metrics,if_role|interface_id|node,observed+derived,high,node and interface are in the same raw row
owns_interface,network_element,wuhan-traffic-vm,interface,wuhan-traffic-vm:ens5,wuhan,interface_metrics,if_role|interface_id|node,observed+derived,high,node and interface are in the same raw row
owns_interface,network_element,wuhan-traffic-vm,interface,wuhan-traffic-vm:ens6,wuhan,interface_metrics,if_role|interface_id|node,observed+derived,high,node and interface are in the same raw row
owns_interface,network_element,xian-br-1,interface,xian-br-1:ens10,xian,interface_metrics,if_role|interface_id|node,observed+derived,high,node and interface are in the same raw row
owns_interface,network_element,xian-br-1,interface,xian-br-1:ens11,xian,interface_metrics,if_role|interface_id|node,observed+derived,high,node and interface are in the same raw row
owns_interface,network_element,xian-br-1,interface,xian-br-1:ens12,xian,interface_metrics,if_role|interface_id|node,observed+derived,high,node and interface are in the same raw row
owns_interface,network_element,xian-br-1,interface,xian-br-1:ens3,xian,interface_metrics,if_role|interface_id|node,observed+derived,high,node and interface are in the same raw row
owns_interface,network_element,xian-br-1,interface,xian-br-1:ens4,xian,interface_metrics,if_role|interface_id|node,observed+derived,high,node and interface are in the same raw row
owns_interface,network_element,xian-br-1,interface,xian-br-1:ens5,xian,interface_metrics,if_role|interface_id|node,observed+derived,high,node and interface are in the same raw row
owns_interface,network_element,xian-br-1,interface,xian-br-1:ens6,xian,interface_metrics,if_role|interface_id|node,observed+derived,high,node and interface are in the same raw row
owns_interface,network_element,xian-br-1,interface,xian-br-1:ens7,xian,interface_metrics,if_role|interface_id|node,observed+derived,high,node and interface are in the same raw row
owns_interface,network_element,xian-br-1,interface,xian-br-1:ens8,xian,interface_metrics,if_role|interface_id|node,observed+derived,high,node and interface are in the same raw row
owns_interface,network_element,xian-br-1,interface,xian-br-1:ens9,xian,interface_metrics,if_role|interface_id|node,observed+derived,high,node and interface are in the same raw row
owns_interface,network_element,xian-br-2,interface,xian-br-2:ens10,xian,interface_metrics,if_role|interface_id|node,observed+derived,high,node and interface are in the same raw row
owns_interface,network_element,xian-br-2,interface,xian-br-2:ens11,xian,interface_metrics,if_role|interface_id|node,observed+derived,high,node and interface are in the same raw row
owns_interface,network_element,xian-br-2,interface,xian-br-2:ens12,xian,interface_metrics,if_role|interface_id|node,observed+derived,high,node and interface are in the same raw row
owns_interface,network_element,xian-br-2,interface,xian-br-2:ens3,xian,interface_metrics,if_role|interface_id|node,observed+derived,high,node and interface are in the same raw row
owns_interface,network_element,xian-br-2,interface,xian-br-2:ens4,xian,interface_metrics,if_role|interface_id|node,observed+derived,high,node and interface are in the same raw row
owns_interface,network_element,xian-br-2,interface,xian-br-2:ens5,xian,interface_metrics,if_role|interface_id|node,observed+derived,high,node and interface are in the same raw row
owns_interface,network_element,xian-br-2,interface,xian-br-2:ens6,xian,interface_metrics,if_role|interface_id|node,observed+derived,high,node and interface are in the same raw row
owns_interface,network_element,xian-br-2,interface,xian-br-2:ens7,xian,interface_metrics,if_role|interface_id|node,observed+derived,high,node and interface are in the same raw row
owns_interface,network_element,xian-br-2,interface,xian-br-2:ens8,xian,interface_metrics,if_role|interface_id|node,observed+derived,high,node and interface are in the same raw row
owns_interface,network_element,xian-br-2,interface,xian-br-2:ens9,xian,interface_metrics,if_role|interface_id|node,observed+derived,high,node and interface are in the same raw row
owns_interface,network_element,xian-cr-1,interface,xian-cr-1:ens10,xian,interface_metrics,if_role|interface_id|node,observed+derived,high,node and interface are in the same raw row
owns_interface,network_element,xian-cr-1,interface,xian-cr-1:ens11,xian,interface_metrics,if_role|interface_id|node,observed+derived,high,node and interface are in the same raw row
owns_interface,network_element,xian-cr-1,interface,xian-cr-1:ens12,xian,interface_metrics,if_role|interface_id|node,observed+derived,high,node and interface are in the same raw row
owns_interface,network_element,xian-cr-1,interface,xian-cr-1:ens3,xian,interface_metrics,if_role|interface_id|node,observed+derived,high,node and interface are in the same raw row
owns_interface,network_element,xian-cr-1,interface,xian-cr-1:ens4,xian,interface_metrics,if_role|interface_id|node,observed+derived,high,node and interface are in the same raw row
owns_interface,network_element,xian-cr-1,interface,xian-cr-1:ens5,xian,interface_metrics,if_role|interface_id|node,observed+derived,high,node and interface are in the same raw row
owns_interface,network_element,xian-cr-1,interface,xian-cr-1:ens6,xian,interface_metrics,if_role|interface_id|node,observed+derived,high,node and interface are in the same raw row
owns_interface,network_element,xian-cr-1,interface,xian-cr-1:ens7,xian,interface_metrics,if_role|interface_id|node,observed+derived,high,node and interface are in the same raw row
owns_interface,network_element,xian-cr-1,interface,xian-cr-1:ens8,xian,interface_metrics,if_role|interface_id|node,observed+derived,high,node and interface are in the same raw row
owns_interface,network_element,xian-cr-1,interface,xian-cr-1:ens9,xian,interface_metrics,if_role|interface_id|node,observed+derived,high,node and interface are in the same raw row
owns_interface,network_element,xian-cr-2,interface,xian-cr-2:ens10,xian,interface_metrics,if_role|interface_id|node,observed+derived,high,node and interface are in the same raw row
owns_interface,network_element,xian-cr-2,interface,xian-cr-2:ens11,xian,interface_metrics,if_role|interface_id|node,observed+derived,high,node and interface are in the same raw row
owns_interface,network_element,xian-cr-2,interface,xian-cr-2:ens12,xian,interface_metrics,if_role|interface_id|node,observed+derived,high,node and interface are in the same raw row
owns_interface,network_element,xian-cr-2,interface,xian-cr-2:ens3,xian,interface_metrics,if_role|interface_id|node,observed+derived,high,node and interface are in the same raw row
owns_interface,network_element,xian-cr-2,interface,xian-cr-2:ens4,xian,interface_metrics,if_role|interface_id|node,observed+derived,high,node and interface are in the same raw row
owns_interface,network_element,xian-cr-2,interface,xian-cr-2:ens5,xian,interface_metrics,if_role|interface_id|node,observed+derived,high,node and interface are in the same raw row
owns_interface,network_element,xian-cr-2,interface,xian-cr-2:ens6,xian,interface_metrics,if_role|interface_id|node,observed+derived,high,node and interface are in the same raw row
owns_interface,network_element,xian-cr-2,interface,xian-cr-2:ens7,xian,interface_metrics,if_role|interface_id|node,observed+derived,high,node and interface are in the same raw row
owns_interface,network_element,xian-cr-2,interface,xian-cr-2:ens8,xian,interface_metrics,if_role|interface_id|node,observed+derived,high,node and interface are in the same raw row
owns_interface,network_element,xian-cr-2,interface,xian-cr-2:ens9,xian,interface_metrics,if_role|interface_id|node,observed+derived,high,node and interface are in the same raw row
owns_interface,network_element,xian-fw,interface,xian-fw:ens3,xian,interface_metrics,if_role|interface_id|node,observed+derived,high,node and interface are in the same raw row
owns_interface,network_element,xian-fw,interface,xian-fw:ens4,xian,interface_metrics,if_role|interface_id|node,observed+derived,high,node and interface are in the same raw row
owns_interface,network_element,xian-fw,interface,xian-fw:ens5,xian,interface_metrics,if_role|interface_id|node,observed+derived,high,node and interface are in the same raw row
owns_interface,network_element,xian-fw,interface,xian-fw:ens6,xian,interface_metrics,if_role|interface_id|node,observed+derived,high,node and interface are in the same raw row
owns_interface,network_element,xian-service-vm-1,interface,xian-service-vm-1:ens3,xian,interface_metrics,if_role|interface_id|node,observed+derived,high,node and interface are in the same raw row
owns_interface,network_element,xian-service-vm-1,interface,xian-service-vm-1:ens4,xian,interface_metrics,if_role|interface_id|node,observed+derived,high,node and interface are in the same raw row
owns_interface,network_element,xian-service-vm-1,interface,xian-service-vm-1:ens5,xian,interface_metrics,if_role|interface_id|node,observed+derived,high,node and interface are in the same raw row
owns_interface,network_element,xian-service-vm-1,interface,xian-service-vm-1:ens6,xian,interface_metrics,if_role|interface_id|node,observed+derived,high,node and interface are in the same raw row
owns_interface,network_element,xian-service-vm-2,interface,xian-service-vm-2:ens3,xian,interface_metrics,if_role|interface_id|node,observed+derived,high,node and interface are in the same raw row
owns_interface,network_element,xian-service-vm-2,interface,xian-service-vm-2:ens4,xian,interface_metrics,if_role|interface_id|node,observed+derived,high,node and interface are in the same raw row
owns_interface,network_element,xian-service-vm-2,interface,xian-service-vm-2:ens5,xian,interface_metrics,if_role|interface_id|node,observed+derived,high,node and interface are in the same raw row
owns_interface,network_element,xian-service-vm-2,interface,xian-service-vm-2:ens6,xian,interface_metrics,if_role|interface_id|node,observed+derived,high,node and interface are in the same raw row
owns_interface,network_element,xian-service-vm-3,interface,xian-service-vm-3:ens3,xian,interface_metrics,if_role|interface_id|node,observed+derived,high,node and interface are in the same raw row
owns_interface,network_element,xian-service-vm-3,interface,xian-service-vm-3:ens4,xian,interface_metrics,if_role|interface_id|node,observed+derived,high,node and interface are in the same raw row
owns_interface,network_element,xian-service-vm-3,interface,xian-service-vm-3:ens5,xian,interface_metrics,if_role|interface_id|node,observed+derived,high,node and interface are in the same raw row
owns_interface,network_element,xian-service-vm-3,interface,xian-service-vm-3:ens6,xian,interface_metrics,if_role|interface_id|node,observed+derived,high,node and interface are in the same raw row
owns_interface,network_element,xian-traffic-vm,interface,xian-traffic-vm:ens3,xian,interface_metrics,if_role|interface_id|node,observed+derived,high,node and interface are in the same raw row
owns_interface,network_element,xian-traffic-vm,interface,xian-traffic-vm:ens4,xian,interface_metrics,if_role|interface_id|node,observed+derived,high,node and interface are in the same raw row
owns_interface,network_element,xian-traffic-vm,interface,xian-traffic-vm:ens5,xian,interface_metrics,if_role|interface_id|node,observed+derived,high,node and interface are in the same raw row
owns_interface,network_element,xian-traffic-vm,interface,xian-traffic-vm:ens6,xian,interface_metrics,if_role|interface_id|node,observed+derived,high,node and interface are in the same raw row
references_route_next_hop,network_element,beida-br-1,ip_address,240a:a023::1,beida,routing_metrics,label(next_hop)|metric_name,observed,medium,routing label directly names a peer or next hop
references_route_next_hop,network_element,beida-br-1,ip_address,fe80::100:10:11,beida,routing_metrics,label(next_hop)|metric_name,observed,medium,routing label directly names a peer or next hop
references_route_next_hop,network_element,beida-br-1,ip_address,fe80::100:10:21,beida,routing_metrics,label(next_hop)|metric_name,observed,medium,routing label directly names a peer or next hop
references_route_next_hop,network_element,beida-br-1,ip_address,fe80::100:10:41,beida,routing_metrics,label(next_hop)|metric_name,observed,medium,routing label directly names a peer or next hop
references_route_next_hop,network_element,beida-br-1,ip_address,fe80::100:10:51,beida,routing_metrics,label(next_hop)|metric_name,observed,medium,routing label directly names a peer or next hop
references_route_next_hop,network_element,beida-br-1,ip_address,fe80::11:4,beida,routing_metrics,label(next_hop)|metric_name,observed,medium,routing label directly names a peer or next hop
references_route_next_hop,network_element,beida-br-1,ip_address,fe80::12:4,beida,routing_metrics,label(next_hop)|metric_name,observed,medium,routing label directly names a peer or next hop
references_route_next_hop,network_element,beida-br-2,ip_address,240a:a023::1,beida,routing_metrics,label(next_hop)|metric_name,observed,medium,routing label directly names a peer or next hop
references_route_next_hop,network_element,beida-br-2,ip_address,fe80::100:10:12,beida,routing_metrics,label(next_hop)|metric_name,observed,medium,routing label directly names a peer or next hop
references_route_next_hop,network_element,beida-br-2,ip_address,fe80::100:10:22,beida,routing_metrics,label(next_hop)|metric_name,observed,medium,routing label directly names a peer or next hop
references_route_next_hop,network_element,beida-br-2,ip_address,fe80::100:10:42,beida,routing_metrics,label(next_hop)|metric_name,observed,medium,routing label directly names a peer or next hop
references_route_next_hop,network_element,beida-br-2,ip_address,fe80::100:10:52,beida,routing_metrics,label(next_hop)|metric_name,observed,medium,routing label directly names a peer or next hop
references_route_next_hop,network_element,beida-br-2,ip_address,fe80::11:4,beida,routing_metrics,label(next_hop)|metric_name,observed,medium,routing label directly names a peer or next hop
references_route_next_hop,network_element,beida-br-2,ip_address,fe80::12:4,beida,routing_metrics,label(next_hop)|metric_name,observed,medium,routing label directly names a peer or next hop
references_route_next_hop,network_element,beida-cr-1,ip_address,fd00:1:20::1,beida,routing_metrics,label(next_hop)|metric_name,observed,medium,routing label directly names a peer or next hop
references_route_next_hop,network_element,beida-cr-1,ip_address,fd00:1:20::2,beida,routing_metrics,label(next_hop)|metric_name,observed,medium,routing label directly names a peer or next hop
references_route_next_hop,network_element,beida-cr-1,ip_address,fd00:1:30::254,beida,routing_metrics,label(next_hop)|metric_name,observed,medium,routing label directly names a peer or next hop
references_route_next_hop,network_element,beida-cr-1,ip_address,fe80::1:5,beida,routing_metrics,label(next_hop)|metric_name,observed,medium,routing label directly names a peer or next hop
references_route_next_hop,network_element,beida-cr-1,ip_address,fe80::2:5,beida,routing_metrics,label(next_hop)|metric_name,observed,medium,routing label directly names a peer or next hop
references_route_next_hop,network_element,beida-cr-2,ip_address,fd00:1:20::1,beida,routing_metrics,label(next_hop)|metric_name,observed,medium,routing label directly names a peer or next hop
references_route_next_hop,network_element,beida-cr-2,ip_address,fd00:1:20::2,beida,routing_metrics,label(next_hop)|metric_name,observed,medium,routing label directly names a peer or next hop
references_route_next_hop,network_element,beida-cr-2,ip_address,fd00:1:30::254,beida,routing_metrics,label(next_hop)|metric_name,observed,medium,routing label directly names a peer or next hop
references_route_next_hop,network_element,beida-cr-2,ip_address,fe80::1:5,beida,routing_metrics,label(next_hop)|metric_name,observed,medium,routing label directly names a peer or next hop
references_route_next_hop,network_element,beida-cr-2,ip_address,fe80::2:5,beida,routing_metrics,label(next_hop)|metric_name,observed,medium,routing label directly names a peer or next hop
references_route_next_hop,network_element,chengdu-br-1,ip_address,240a:a023::1,chengdu,routing_metrics,label(next_hop)|metric_name,observed,medium,routing label directly names a peer or next hop
references_route_next_hop,network_element,chengdu-br-1,ip_address,fe80::100:10:21,chengdu,routing_metrics,label(next_hop)|metric_name,observed,medium,routing label directly names a peer or next hop
references_route_next_hop,network_element,chengdu-br-1,ip_address,fe80::100:10:41,chengdu,routing_metrics,label(next_hop)|metric_name,observed,medium,routing label directly names a peer or next hop
references_route_next_hop,network_element,chengdu-br-1,ip_address,fe80::4:20:11,chengdu,routing_metrics,label(next_hop)|metric_name,observed,medium,routing label directly names a peer or next hop
references_route_next_hop,network_element,chengdu-br-1,ip_address,fe80::4:20:12,chengdu,routing_metrics,label(next_hop)|metric_name,observed,medium,routing label directly names a peer or next hop
references_route_next_hop,network_element,chengdu-br-2,ip_address,240a:a023::1,chengdu,routing_metrics,label(next_hop)|metric_name,observed,medium,routing label directly names a peer or next hop
references_route_next_hop,network_element,chengdu-br-2,ip_address,fe80::100:10:22,chengdu,routing_metrics,label(next_hop)|metric_name,observed,medium,routing label directly names a peer or next hop
references_route_next_hop,network_element,chengdu-br-2,ip_address,fe80::100:10:42,chengdu,routing_metrics,label(next_hop)|metric_name,observed,medium,routing label directly names a peer or next hop
references_route_next_hop,network_element,chengdu-br-2,ip_address,fe80::4:20:11,chengdu,routing_metrics,label(next_hop)|metric_name,observed,medium,routing label directly names a peer or next hop
references_route_next_hop,network_element,chengdu-br-2,ip_address,fe80::4:20:12,chengdu,routing_metrics,label(next_hop)|metric_name,observed,medium,routing label directly names a peer or next hop
references_route_next_hop,network_element,chengdu-cr-1,ip_address,fd00:4:20::1,chengdu,routing_metrics,label(next_hop)|metric_name,observed,medium,routing label directly names a peer or next hop
references_route_next_hop,network_element,chengdu-cr-1,ip_address,fd00:4:20::2,chengdu,routing_metrics,label(next_hop)|metric_name,observed,medium,routing label directly names a peer or next hop
references_route_next_hop,network_element,chengdu-cr-1,ip_address,fd00:4:30::254,chengdu,routing_metrics,label(next_hop)|metric_name,observed,medium,routing label directly names a peer or next hop
references_route_next_hop,network_element,chengdu-cr-1,ip_address,fe80::4:20:1,chengdu,routing_metrics,label(next_hop)|metric_name,observed,medium,routing label directly names a peer or next hop
references_route_next_hop,network_element,chengdu-cr-1,ip_address,fe80::4:20:2,chengdu,routing_metrics,label(next_hop)|metric_name,observed,medium,routing label directly names a peer or next hop
references_route_next_hop,network_element,chengdu-cr-2,ip_address,fd00:4:20::1,chengdu,routing_metrics,label(next_hop)|metric_name,observed,medium,routing label directly names a peer or next hop
references_route_next_hop,network_element,chengdu-cr-2,ip_address,fd00:4:20::2,chengdu,routing_metrics,label(next_hop)|metric_name,observed,medium,routing label directly names a peer or next hop
references_route_next_hop,network_element,chengdu-cr-2,ip_address,fd00:4:30::254,chengdu,routing_metrics,label(next_hop)|metric_name,observed,medium,routing label directly names a peer or next hop
references_route_next_hop,network_element,chengdu-cr-2,ip_address,fe80::4:20:1,chengdu,routing_metrics,label(next_hop)|metric_name,observed,medium,routing label directly names a peer or next hop
references_route_next_hop,network_element,chengdu-cr-2,ip_address,fe80::4:20:2,chengdu,routing_metrics,label(next_hop)|metric_name,observed,medium,routing label directly names a peer or next hop
references_route_next_hop,network_element,guangzhou-br-1,ip_address,240a:a023::1,guangzhou,routing_metrics,label(next_hop)|metric_name,observed,medium,routing label directly names a peer or next hop
references_route_next_hop,network_element,guangzhou-br-1,ip_address,fe80::100:10:41,guangzhou,routing_metrics,label(next_hop)|metric_name,observed,medium,routing label directly names a peer or next hop
references_route_next_hop,network_element,guangzhou-br-1,ip_address,fe80::100:10:51,guangzhou,routing_metrics,label(next_hop)|metric_name,observed,medium,routing label directly names a peer or next hop
references_route_next_hop,network_element,guangzhou-br-1,ip_address,fe80::8:20:11,guangzhou,routing_metrics,label(next_hop)|metric_name,observed,medium,routing label directly names a peer or next hop
references_route_next_hop,network_element,guangzhou-br-1,ip_address,fe80::8:20:12,guangzhou,routing_metrics,label(next_hop)|metric_name,observed,medium,routing label directly names a peer or next hop
references_route_next_hop,network_element,guangzhou-br-2,ip_address,240a:a023::1,guangzhou,routing_metrics,label(next_hop)|metric_name,observed,medium,routing label directly names a peer or next hop
references_route_next_hop,network_element,guangzhou-br-2,ip_address,fe80::100:10:42,guangzhou,routing_metrics,label(next_hop)|metric_name,observed,medium,routing label directly names a peer or next hop
references_route_next_hop,network_element,guangzhou-br-2,ip_address,fe80::100:10:52,guangzhou,routing_metrics,label(next_hop)|metric_name,observed,medium,routing label directly names a peer or next hop
references_route_next_hop,network_element,guangzhou-br-2,ip_address,fe80::8:20:11,guangzhou,routing_metrics,label(next_hop)|metric_name,observed,medium,routing label directly names a peer or next hop
references_route_next_hop,network_element,guangzhou-br-2,ip_address,fe80::8:20:12,guangzhou,routing_metrics,label(next_hop)|metric_name,observed,medium,routing label directly names a peer or next hop
references_route_next_hop,network_element,guangzhou-cr-1,ip_address,fd00:8:20::1,guangzhou,routing_metrics,label(next_hop)|metric_name,observed,medium,routing label directly names a peer or next hop
references_route_next_hop,network_element,guangzhou-cr-1,ip_address,fd00:8:20::2,guangzhou,routing_metrics,label(next_hop)|metric_name,observed,medium,routing label directly names a peer or next hop
references_route_next_hop,network_element,guangzhou-cr-1,ip_address,fd00:8:30::254,guangzhou,routing_metrics,label(next_hop)|metric_name,observed,medium,routing label directly names a peer or next hop
references_route_next_hop,network_element,guangzhou-cr-1,ip_address,fe80::8:20:1,guangzhou,routing_metrics,label(next_hop)|metric_name,observed,medium,routing label directly names a peer or next hop
references_route_next_hop,network_element,guangzhou-cr-1,ip_address,fe80::8:20:2,guangzhou,routing_metrics,label(next_hop)|metric_name,observed,medium,routing label directly names a peer or next hop
references_route_next_hop,network_element,guangzhou-cr-2,ip_address,fd00:8:20::1,guangzhou,routing_metrics,label(next_hop)|metric_name,observed,medium,routing label directly names a peer or next hop
references_route_next_hop,network_element,guangzhou-cr-2,ip_address,fd00:8:20::2,guangzhou,routing_metrics,label(next_hop)|metric_name,observed,medium,routing label directly names a peer or next hop
references_route_next_hop,network_element,guangzhou-cr-2,ip_address,fd00:8:30::254,guangzhou,routing_metrics,label(next_hop)|metric_name,observed,medium,routing label directly names a peer or next hop
references_route_next_hop,network_element,guangzhou-cr-2,ip_address,fe80::8:20:1,guangzhou,routing_metrics,label(next_hop)|metric_name,observed,medium,routing label directly names a peer or next hop
references_route_next_hop,network_element,guangzhou-cr-2,ip_address,fe80::8:20:2,guangzhou,routing_metrics,label(next_hop)|metric_name,observed,medium,routing label directly names a peer or next hop
references_route_next_hop,network_element,nanjing-br-1,ip_address,240a:a023::1,nanjing,routing_metrics,label(next_hop)|metric_name,observed,medium,routing label directly names a peer or next hop
references_route_next_hop,network_element,nanjing-br-1,ip_address,fe80::100:10:41,nanjing,routing_metrics,label(next_hop)|metric_name,observed,medium,routing label directly names a peer or next hop
references_route_next_hop,network_element,nanjing-br-1,ip_address,fe80::100:10:51,nanjing,routing_metrics,label(next_hop)|metric_name,observed,medium,routing label directly names a peer or next hop
references_route_next_hop,network_element,nanjing-br-1,ip_address,fe80::7:20:11,nanjing,routing_metrics,label(next_hop)|metric_name,observed,medium,routing label directly names a peer or next hop
references_route_next_hop,network_element,nanjing-br-1,ip_address,fe80::7:20:12,nanjing,routing_metrics,label(next_hop)|metric_name,observed,medium,routing label directly names a peer or next hop
references_route_next_hop,network_element,nanjing-br-2,ip_address,240a:a023::1,nanjing,routing_metrics,label(next_hop)|metric_name,observed,medium,routing label directly names a peer or next hop
references_route_next_hop,network_element,nanjing-br-2,ip_address,fe80::100:10:42,nanjing,routing_metrics,label(next_hop)|metric_name,observed,medium,routing label directly names a peer or next hop
references_route_next_hop,network_element,nanjing-br-2,ip_address,fe80::100:10:52,nanjing,routing_metrics,label(next_hop)|metric_name,observed,medium,routing label directly names a peer or next hop
references_route_next_hop,network_element,nanjing-br-2,ip_address,fe80::7:20:11,nanjing,routing_metrics,label(next_hop)|metric_name,observed,medium,routing label directly names a peer or next hop
references_route_next_hop,network_element,nanjing-br-2,ip_address,fe80::7:20:12,nanjing,routing_metrics,label(next_hop)|metric_name,observed,medium,routing label directly names a peer or next hop
references_route_next_hop,network_element,nanjing-cr-1,ip_address,fd00:7:20::1,nanjing,routing_metrics,label(next_hop)|metric_name,observed,medium,routing label directly names a peer or next hop
references_route_next_hop,network_element,nanjing-cr-1,ip_address,fd00:7:20::2,nanjing,routing_metrics,label(next_hop)|metric_name,observed,medium,routing label directly names a peer or next hop
references_route_next_hop,network_element,nanjing-cr-1,ip_address,fd00:7:30::254,nanjing,routing_metrics,label(next_hop)|metric_name,observed,medium,routing label directly names a peer or next hop
references_route_next_hop,network_element,nanjing-cr-1,ip_address,fe80::7:20:1,nanjing,routing_metrics,label(next_hop)|metric_name,observed,medium,routing label directly names a peer or next hop
references_route_next_hop,network_element,nanjing-cr-1,ip_address,fe80::7:20:2,nanjing,routing_metrics,label(next_hop)|metric_name,observed,medium,routing label directly names a peer or next hop
references_route_next_hop,network_element,nanjing-cr-2,ip_address,fd00:7:20::1,nanjing,routing_metrics,label(next_hop)|metric_name,observed,medium,routing label directly names a peer or next hop
references_route_next_hop,network_element,nanjing-cr-2,ip_address,fd00:7:20::2,nanjing,routing_metrics,label(next_hop)|metric_name,observed,medium,routing label directly names a peer or next hop
references_route_next_hop,network_element,nanjing-cr-2,ip_address,fd00:7:30::254,nanjing,routing_metrics,label(next_hop)|metric_name,observed,medium,routing label directly names a peer or next hop
references_route_next_hop,network_element,nanjing-cr-2,ip_address,fe80::7:20:1,nanjing,routing_metrics,label(next_hop)|metric_name,observed,medium,routing label directly names a peer or next hop
references_route_next_hop,network_element,nanjing-cr-2,ip_address,fe80::7:20:2,nanjing,routing_metrics,label(next_hop)|metric_name,observed,medium,routing label directly names a peer or next hop
references_route_next_hop,network_element,shanghai-br-1,ip_address,240a:a023::1,shanghai,routing_metrics,label(next_hop)|metric_name,observed,medium,routing label directly names a peer or next hop
references_route_next_hop,network_element,shanghai-br-1,ip_address,fe80::100:10:1,shanghai,routing_metrics,label(next_hop)|metric_name,observed,medium,routing label directly names a peer or next hop
references_route_next_hop,network_element,shanghai-br-1,ip_address,fe80::100:10:11,shanghai,routing_metrics,label(next_hop)|metric_name,observed,medium,routing label directly names a peer or next hop
references_route_next_hop,network_element,shanghai-br-1,ip_address,fe80::100:10:41,shanghai,routing_metrics,label(next_hop)|metric_name,observed,medium,routing label directly names a peer or next hop
references_route_next_hop,network_element,shanghai-br-1,ip_address,fe80::100:10:61,shanghai,routing_metrics,label(next_hop)|metric_name,observed,medium,routing label directly names a peer or next hop
references_route_next_hop,network_element,shanghai-br-1,ip_address,fe80::100:10:71,shanghai,routing_metrics,label(next_hop)|metric_name,observed,medium,routing label directly names a peer or next hop
references_route_next_hop,network_element,shanghai-br-1,ip_address,fe80::6:20:11,shanghai,routing_metrics,label(next_hop)|metric_name,observed,medium,routing label directly names a peer or next hop
references_route_next_hop,network_element,shanghai-br-1,ip_address,fe80::6:20:12,shanghai,routing_metrics,label(next_hop)|metric_name,observed,medium,routing label directly names a peer or next hop
references_route_next_hop,network_element,shanghai-br-2,ip_address,240a:a023::1,shanghai,routing_metrics,label(next_hop)|metric_name,observed,medium,routing label directly names a peer or next hop
references_route_next_hop,network_element,shanghai-br-2,ip_address,fe80::100:10:12,shanghai,routing_metrics,label(next_hop)|metric_name,observed,medium,routing label directly names a peer or next hop
references_route_next_hop,network_element,shanghai-br-2,ip_address,fe80::100:10:2,shanghai,routing_metrics,label(next_hop)|metric_name,observed,medium,routing label directly names a peer or next hop
references_route_next_hop,network_element,shanghai-br-2,ip_address,fe80::100:10:42,shanghai,routing_metrics,label(next_hop)|metric_name,observed,medium,routing label directly names a peer or next hop
references_route_next_hop,network_element,shanghai-br-2,ip_address,fe80::100:10:62,shanghai,routing_metrics,label(next_hop)|metric_name,observed,medium,routing label directly names a peer or next hop
references_route_next_hop,network_element,shanghai-br-2,ip_address,fe80::100:10:72,shanghai,routing_metrics,label(next_hop)|metric_name,observed,medium,routing label directly names a peer or next hop
references_route_next_hop,network_element,shanghai-br-2,ip_address,fe80::6:20:11,shanghai,routing_metrics,label(next_hop)|metric_name,observed,medium,routing label directly names a peer or next hop
references_route_next_hop,network_element,shanghai-br-2,ip_address,fe80::6:20:12,shanghai,routing_metrics,label(next_hop)|metric_name,observed,medium,routing label directly names a peer or next hop
references_route_next_hop,network_element,shanghai-cr-1,ip_address,fd00:6:20::1,shanghai,routing_metrics,label(next_hop)|metric_name,observed,medium,routing label directly names a peer or next hop
references_route_next_hop,network_element,shanghai-cr-1,ip_address,fd00:6:20::2,shanghai,routing_metrics,label(next_hop)|metric_name,observed,medium,routing label directly names a peer or next hop
references_route_next_hop,network_element,shanghai-cr-1,ip_address,fd00:6:30::254,shanghai,routing_metrics,label(next_hop)|metric_name,observed,medium,routing label directly names a peer or next hop
references_route_next_hop,network_element,shanghai-cr-1,ip_address,fe80::6:20:1,shanghai,routing_metrics,label(next_hop)|metric_name,observed,medium,routing label directly names a peer or next hop
references_route_next_hop,network_element,shanghai-cr-1,ip_address,fe80::6:20:2,shanghai,routing_metrics,label(next_hop)|metric_name,observed,medium,routing label directly names a peer or next hop
references_route_next_hop,network_element,shanghai-cr-2,ip_address,fd00:6:20::1,shanghai,routing_metrics,label(next_hop)|metric_name,observed,medium,routing label directly names a peer or next hop
references_route_next_hop,network_element,shanghai-cr-2,ip_address,fd00:6:20::2,shanghai,routing_metrics,label(next_hop)|metric_name,observed,medium,routing label directly names a peer or next hop
references_route_next_hop,network_element,shanghai-cr-2,ip_address,fd00:6:30::254,shanghai,routing_metrics,label(next_hop)|metric_name,observed,medium,routing label directly names a peer or next hop
references_route_next_hop,network_element,shanghai-cr-2,ip_address,fe80::6:20:1,shanghai,routing_metrics,label(next_hop)|metric_name,observed,medium,routing label directly names a peer or next hop
references_route_next_hop,network_element,shanghai-cr-2,ip_address,fe80::6:20:2,shanghai,routing_metrics,label(next_hop)|metric_name,observed,medium,routing label directly names a peer or next hop
references_route_next_hop,network_element,shenyang-br-1,ip_address,240a:a023::1,shenyang,routing_metrics,label(next_hop)|metric_name,observed,medium,routing label directly names a peer or next hop
references_route_next_hop,network_element,shenyang-br-1,ip_address,fe80::100:10:1,shenyang,routing_metrics,label(next_hop)|metric_name,observed,medium,routing label directly names a peer or next hop
references_route_next_hop,network_element,shenyang-br-1,ip_address,fe80::100:10:51,shenyang,routing_metrics,label(next_hop)|metric_name,observed,medium,routing label directly names a peer or next hop
references_route_next_hop,network_element,shenyang-br-1,ip_address,fe80::2:20:11,shenyang,routing_metrics,label(next_hop)|metric_name,observed,medium,routing label directly names a peer or next hop
references_route_next_hop,network_element,shenyang-br-1,ip_address,fe80::2:20:12,shenyang,routing_metrics,label(next_hop)|metric_name,observed,medium,routing label directly names a peer or next hop
references_route_next_hop,network_element,shenyang-br-2,ip_address,240a:a023::1,shenyang,routing_metrics,label(next_hop)|metric_name,observed,medium,routing label directly names a peer or next hop
references_route_next_hop,network_element,shenyang-br-2,ip_address,fe80::100:10:2,shenyang,routing_metrics,label(next_hop)|metric_name,observed,medium,routing label directly names a peer or next hop
references_route_next_hop,network_element,shenyang-br-2,ip_address,fe80::100:10:52,shenyang,routing_metrics,label(next_hop)|metric_name,observed,medium,routing label directly names a peer or next hop
references_route_next_hop,network_element,shenyang-br-2,ip_address,fe80::2:20:11,shenyang,routing_metrics,label(next_hop)|metric_name,observed,medium,routing label directly names a peer or next hop
references_route_next_hop,network_element,shenyang-br-2,ip_address,fe80::2:20:12,shenyang,routing_metrics,label(next_hop)|metric_name,observed,medium,routing label directly names a peer or next hop
references_route_next_hop,network_element,shenyang-cr-1,ip_address,fd00:2:20::1,shenyang,routing_metrics,label(next_hop)|metric_name,observed,medium,routing label directly names a peer or next hop
references_route_next_hop,network_element,shenyang-cr-1,ip_address,fd00:2:20::2,shenyang,routing_metrics,label(next_hop)|metric_name,observed,medium,routing label directly names a peer or next hop
references_route_next_hop,network_element,shenyang-cr-1,ip_address,fd00:2:30::254,shenyang,routing_metrics,label(next_hop)|metric_name,observed,medium,routing label directly names a peer or next hop
references_route_next_hop,network_element,shenyang-cr-1,ip_address,fe80::2:20:1,shenyang,routing_metrics,label(next_hop)|metric_name,observed,medium,routing label directly names a peer or next hop
references_route_next_hop,network_element,shenyang-cr-1,ip_address,fe80::2:20:2,shenyang,routing_metrics,label(next_hop)|metric_name,observed,medium,routing label directly names a peer or next hop
references_route_next_hop,network_element,shenyang-cr-2,ip_address,fd00:2:20::1,shenyang,routing_metrics,label(next_hop)|metric_name,observed,medium,routing label directly names a peer or next hop
references_route_next_hop,network_element,shenyang-cr-2,ip_address,fd00:2:20::2,shenyang,routing_metrics,label(next_hop)|metric_name,observed,medium,routing label directly names a peer or next hop
references_route_next_hop,network_element,shenyang-cr-2,ip_address,fd00:2:30::254,shenyang,routing_metrics,label(next_hop)|metric_name,observed,medium,routing label directly names a peer or next hop
references_route_next_hop,network_element,shenyang-cr-2,ip_address,fe80::2:20:1,shenyang,routing_metrics,label(next_hop)|metric_name,observed,medium,routing label directly names a peer or next hop
references_route_next_hop,network_element,shenyang-cr-2,ip_address,fe80::2:20:2,shenyang,routing_metrics,label(next_hop)|metric_name,observed,medium,routing label directly names a peer or next hop
references_route_next_hop,network_element,wuhan-br-1,ip_address,240a:a023::1,wuhan,routing_metrics,label(next_hop)|metric_name,observed,medium,routing label directly names a peer or next hop
references_route_next_hop,network_element,wuhan-br-1,ip_address,fe80::100:10:1,wuhan,routing_metrics,label(next_hop)|metric_name,observed,medium,routing label directly names a peer or next hop
references_route_next_hop,network_element,wuhan-br-1,ip_address,fe80::100:10:21,wuhan,routing_metrics,label(next_hop)|metric_name,observed,medium,routing label directly names a peer or next hop
references_route_next_hop,network_element,wuhan-br-1,ip_address,fe80::100:10:31,wuhan,routing_metrics,label(next_hop)|metric_name,observed,medium,routing label directly names a peer or next hop
references_route_next_hop,network_element,wuhan-br-1,ip_address,fe80::100:10:51,wuhan,routing_metrics,label(next_hop)|metric_name,observed,medium,routing label directly names a peer or next hop
references_route_next_hop,network_element,wuhan-br-1,ip_address,fe80::100:10:61,wuhan,routing_metrics,label(next_hop)|metric_name,observed,medium,routing label directly names a peer or next hop
references_route_next_hop,network_element,wuhan-br-1,ip_address,fe80::100:10:71,wuhan,routing_metrics,label(next_hop)|metric_name,observed,medium,routing label directly names a peer or next hop
references_route_next_hop,network_element,wuhan-br-1,ip_address,fe80::5:20:11,wuhan,routing_metrics,label(next_hop)|metric_name,observed,medium,routing label directly names a peer or next hop
references_route_next_hop,network_element,wuhan-br-1,ip_address,fe80::5:20:12,wuhan,routing_metrics,label(next_hop)|metric_name,observed,medium,routing label directly names a peer or next hop
references_route_next_hop,network_element,wuhan-br-2,ip_address,240a:a023::1,wuhan,routing_metrics,label(next_hop)|metric_name,observed,medium,routing label directly names a peer or next hop
references_route_next_hop,network_element,wuhan-br-2,ip_address,fe80::100:10:2,wuhan,routing_metrics,label(next_hop)|metric_name,observed,medium,routing label directly names a peer or next hop
references_route_next_hop,network_element,wuhan-br-2,ip_address,fe80::100:10:22,wuhan,routing_metrics,label(next_hop)|metric_name,observed,medium,routing label directly names a peer or next hop
references_route_next_hop,network_element,wuhan-br-2,ip_address,fe80::100:10:32,wuhan,routing_metrics,label(next_hop)|metric_name,observed,medium,routing label directly names a peer or next hop
references_route_next_hop,network_element,wuhan-br-2,ip_address,fe80::100:10:52,wuhan,routing_metrics,label(next_hop)|metric_name,observed,medium,routing label directly names a peer or next hop
references_route_next_hop,network_element,wuhan-br-2,ip_address,fe80::100:10:62,wuhan,routing_metrics,label(next_hop)|metric_name,observed,medium,routing label directly names a peer or next hop
references_route_next_hop,network_element,wuhan-br-2,ip_address,fe80::100:10:72,wuhan,routing_metrics,label(next_hop)|metric_name,observed,medium,routing label directly names a peer or next hop
references_route_next_hop,network_element,wuhan-br-2,ip_address,fe80::5:20:11,wuhan,routing_metrics,label(next_hop)|metric_name,observed,medium,routing label directly names a peer or next hop
references_route_next_hop,network_element,wuhan-br-2,ip_address,fe80::5:20:12,wuhan,routing_metrics,label(next_hop)|metric_name,observed,medium,routing label directly names a peer or next hop
references_route_next_hop,network_element,wuhan-cr-1,ip_address,fd00:5:20::1,wuhan,routing_metrics,label(next_hop)|metric_name,observed,medium,routing label directly names a peer or next hop
references_route_next_hop,network_element,wuhan-cr-1,ip_address,fd00:5:20::2,wuhan,routing_metrics,label(next_hop)|metric_name,observed,medium,routing label directly names a peer or next hop
references_route_next_hop,network_element,wuhan-cr-1,ip_address,fd00:5:30::254,wuhan,routing_metrics,label(next_hop)|metric_name,observed,medium,routing label directly names a peer or next hop
references_route_next_hop,network_element,wuhan-cr-1,ip_address,fe80::5:20:1,wuhan,routing_metrics,label(next_hop)|metric_name,observed,medium,routing label directly names a peer or next hop
references_route_next_hop,network_element,wuhan-cr-1,ip_address,fe80::5:20:2,wuhan,routing_metrics,label(next_hop)|metric_name,observed,medium,routing label directly names a peer or next hop
references_route_next_hop,network_element,wuhan-cr-2,ip_address,fd00:5:20::1,wuhan,routing_metrics,label(next_hop)|metric_name,observed,medium,routing label directly names a peer or next hop
references_route_next_hop,network_element,wuhan-cr-2,ip_address,fd00:5:20::2,wuhan,routing_metrics,label(next_hop)|metric_name,observed,medium,routing label directly names a peer or next hop
references_route_next_hop,network_element,wuhan-cr-2,ip_address,fd00:5:30::254,wuhan,routing_metrics,label(next_hop)|metric_name,observed,medium,routing label directly names a peer or next hop
references_route_next_hop,network_element,wuhan-cr-2,ip_address,fe80::5:20:1,wuhan,routing_metrics,label(next_hop)|metric_name,observed,medium,routing label directly names a peer or next hop
references_route_next_hop,network_element,wuhan-cr-2,ip_address,fe80::5:20:2,wuhan,routing_metrics,label(next_hop)|metric_name,observed,medium,routing label directly names a peer or next hop
references_route_next_hop,network_element,xian-br-1,ip_address,240a:a023::1,xian,routing_metrics,label(next_hop)|metric_name,observed,medium,routing label directly names a peer or next hop
references_route_next_hop,network_element,xian-br-1,ip_address,fe80::100:10:1,xian,routing_metrics,label(next_hop)|metric_name,observed,medium,routing label directly names a peer or next hop
references_route_next_hop,network_element,xian-br-1,ip_address,fe80::100:10:31,xian,routing_metrics,label(next_hop)|metric_name,observed,medium,routing label directly names a peer or next hop
references_route_next_hop,network_element,xian-br-1,ip_address,fe80::100:10:41,xian,routing_metrics,label(next_hop)|metric_name,observed,medium,routing label directly names a peer or next hop
references_route_next_hop,network_element,xian-br-1,ip_address,fe80::3:20:11,xian,routing_metrics,label(next_hop)|metric_name,observed,medium,routing label directly names a peer or next hop
references_route_next_hop,network_element,xian-br-1,ip_address,fe80::3:20:12,xian,routing_metrics,label(next_hop)|metric_name,observed,medium,routing label directly names a peer or next hop
references_route_next_hop,network_element,xian-br-2,ip_address,240a:a023::1,xian,routing_metrics,label(next_hop)|metric_name,observed,medium,routing label directly names a peer or next hop
references_route_next_hop,network_element,xian-br-2,ip_address,fe80::100:10:2,xian,routing_metrics,label(next_hop)|metric_name,observed,medium,routing label directly names a peer or next hop
references_route_next_hop,network_element,xian-br-2,ip_address,fe80::100:10:32,xian,routing_metrics,label(next_hop)|metric_name,observed,medium,routing label directly names a peer or next hop
references_route_next_hop,network_element,xian-br-2,ip_address,fe80::100:10:42,xian,routing_metrics,label(next_hop)|metric_name,observed,medium,routing label directly names a peer or next hop
references_route_next_hop,network_element,xian-br-2,ip_address,fe80::3:20:11,xian,routing_metrics,label(next_hop)|metric_name,observed,medium,routing label directly names a peer or next hop
references_route_next_hop,network_element,xian-br-2,ip_address,fe80::3:20:12,xian,routing_metrics,label(next_hop)|metric_name,observed,medium,routing label directly names a peer or next hop
references_route_next_hop,network_element,xian-cr-1,ip_address,fd00:3:20::1,xian,routing_metrics,label(next_hop)|metric_name,observed,medium,routing label directly names a peer or next hop
references_route_next_hop,network_element,xian-cr-1,ip_address,fd00:3:20::2,xian,routing_metrics,label(next_hop)|metric_name,observed,medium,routing label directly names a peer or next hop
references_route_next_hop,network_element,xian-cr-1,ip_address,fd00:3:30::254,xian,routing_metrics,label(next_hop)|metric_name,observed,medium,routing label directly names a peer or next hop
references_route_next_hop,network_element,xian-cr-1,ip_address,fe80::3:1:2,xian,routing_metrics,label(next_hop)|metric_name,observed,medium,routing label directly names a peer or next hop
references_route_next_hop,network_element,xian-cr-1,ip_address,fe80::3:2:2,xian,routing_metrics,label(next_hop)|metric_name,observed,medium,routing label directly names a peer or next hop
references_route_next_hop,network_element,xian-cr-1,ip_address,fe80::3:30:2,xian,routing_metrics,label(next_hop)|metric_name,observed,medium,routing label directly names a peer or next hop
references_route_next_hop,network_element,xian-cr-2,ip_address,fd00:3:20::1,xian,routing_metrics,label(next_hop)|metric_name,observed,medium,routing label directly names a peer or next hop
references_route_next_hop,network_element,xian-cr-2,ip_address,fd00:3:20::2,xian,routing_metrics,label(next_hop)|metric_name,observed,medium,routing label directly names a peer or next hop
references_route_next_hop,network_element,xian-cr-2,ip_address,fd00:3:30::254,xian,routing_metrics,label(next_hop)|metric_name,observed,medium,routing label directly names a peer or next hop
references_route_next_hop,network_element,xian-cr-2,ip_address,fe80::3:1:2,xian,routing_metrics,label(next_hop)|metric_name,observed,medium,routing label directly names a peer or next hop
references_route_next_hop,network_element,xian-cr-2,ip_address,fe80::3:2:2,xian,routing_metrics,label(next_hop)|metric_name,observed,medium,routing label directly names a peer or next hop
references_route_peer,network_element,beida-br-1,ip_address,fd00:100:10::11,beida,routing_metrics,label(peer)|metric_name,observed,medium,routing label directly names a peer or next hop
references_route_peer,network_element,beida-br-1,ip_address,fd00:100:10::21,beida,routing_metrics,label(peer)|metric_name,observed,medium,routing label directly names a peer or next hop
references_route_peer,network_element,beida-br-1,ip_address,fd00:100:10::41,beida,routing_metrics,label(peer)|metric_name,observed,medium,routing label directly names a peer or next hop
references_route_peer,network_element,beida-br-1,ip_address,fd00:100:10::51,beida,routing_metrics,label(peer)|metric_name,observed,medium,routing label directly names a peer or next hop
references_route_peer,network_element,beida-br-2,ip_address,fd00:100:10::12,beida,routing_metrics,label(peer)|metric_name,observed,medium,routing label directly names a peer or next hop
references_route_peer,network_element,beida-br-2,ip_address,fd00:100:10::22,beida,routing_metrics,label(peer)|metric_name,observed,medium,routing label directly names a peer or next hop
references_route_peer,network_element,beida-br-2,ip_address,fd00:100:10::42,beida,routing_metrics,label(peer)|metric_name,observed,medium,routing label directly names a peer or next hop
references_route_peer,network_element,beida-br-2,ip_address,fd00:100:10::52,beida,routing_metrics,label(peer)|metric_name,observed,medium,routing label directly names a peer or next hop
references_route_peer,network_element,chengdu-br-1,ip_address,fd00:100:10::21,chengdu,routing_metrics,label(peer)|metric_name,observed,medium,routing label directly names a peer or next hop
references_route_peer,network_element,chengdu-br-1,ip_address,fd00:100:10::41,chengdu,routing_metrics,label(peer)|metric_name,observed,medium,routing label directly names a peer or next hop
references_route_peer,network_element,chengdu-br-2,ip_address,fd00:100:10::22,chengdu,routing_metrics,label(peer)|metric_name,observed,medium,routing label directly names a peer or next hop
references_route_peer,network_element,chengdu-br-2,ip_address,fd00:100:10::42,chengdu,routing_metrics,label(peer)|metric_name,observed,medium,routing label directly names a peer or next hop
references_route_peer,network_element,guangzhou-br-1,ip_address,fd00:100:10::41,guangzhou,routing_metrics,label(peer)|metric_name,observed,medium,routing label directly names a peer or next hop
references_route_peer,network_element,guangzhou-br-1,ip_address,fd00:100:10::51,guangzhou,routing_metrics,label(peer)|metric_name,observed,medium,routing label directly names a peer or next hop
references_route_peer,network_element,guangzhou-br-2,ip_address,fd00:100:10::42,guangzhou,routing_metrics,label(peer)|metric_name,observed,medium,routing label directly names a peer or next hop
references_route_peer,network_element,guangzhou-br-2,ip_address,fd00:100:10::52,guangzhou,routing_metrics,label(peer)|metric_name,observed,medium,routing label directly names a peer or next hop
references_route_peer,network_element,nanjing-br-1,ip_address,fd00:100:10::41,nanjing,routing_metrics,label(peer)|metric_name,observed,medium,routing label directly names a peer or next hop
references_route_peer,network_element,nanjing-br-1,ip_address,fd00:100:10::51,nanjing,routing_metrics,label(peer)|metric_name,observed,medium,routing label directly names a peer or next hop
references_route_peer,network_element,nanjing-br-2,ip_address,fd00:100:10::42,nanjing,routing_metrics,label(peer)|metric_name,observed,medium,routing label directly names a peer or next hop
references_route_peer,network_element,nanjing-br-2,ip_address,fd00:100:10::52,nanjing,routing_metrics,label(peer)|metric_name,observed,medium,routing label directly names a peer or next hop
references_route_peer,network_element,shanghai-br-1,ip_address,fd00:100:10::1,shanghai,routing_metrics,label(peer)|metric_name,observed,medium,routing label directly names a peer or next hop
references_route_peer,network_element,shanghai-br-1,ip_address,fd00:100:10::11,shanghai,routing_metrics,label(peer)|metric_name,observed,medium,routing label directly names a peer or next hop
references_route_peer,network_element,shanghai-br-1,ip_address,fd00:100:10::41,shanghai,routing_metrics,label(peer)|metric_name,observed,medium,routing label directly names a peer or next hop
references_route_peer,network_element,shanghai-br-1,ip_address,fd00:100:10::61,shanghai,routing_metrics,label(peer)|metric_name,observed,medium,routing label directly names a peer or next hop
references_route_peer,network_element,shanghai-br-1,ip_address,fd00:100:10::71,shanghai,routing_metrics,label(peer)|metric_name,observed,medium,routing label directly names a peer or next hop
references_route_peer,network_element,shanghai-br-2,ip_address,fd00:100:10::12,shanghai,routing_metrics,label(peer)|metric_name,observed,medium,routing label directly names a peer or next hop
references_route_peer,network_element,shanghai-br-2,ip_address,fd00:100:10::2,shanghai,routing_metrics,label(peer)|metric_name,observed,medium,routing label directly names a peer or next hop
references_route_peer,network_element,shanghai-br-2,ip_address,fd00:100:10::42,shanghai,routing_metrics,label(peer)|metric_name,observed,medium,routing label directly names a peer or next hop
references_route_peer,network_element,shanghai-br-2,ip_address,fd00:100:10::62,shanghai,routing_metrics,label(peer)|metric_name,observed,medium,routing label directly names a peer or next hop
references_route_peer,network_element,shanghai-br-2,ip_address,fd00:100:10::72,shanghai,routing_metrics,label(peer)|metric_name,observed,medium,routing label directly names a peer or next hop
references_route_peer,network_element,shenyang-br-1,ip_address,fd00:100:10::1,shenyang,routing_metrics,label(peer)|metric_name,observed,medium,routing label directly names a peer or next hop
references_route_peer,network_element,shenyang-br-1,ip_address,fd00:100:10::51,shenyang,routing_metrics,label(peer)|metric_name,observed,medium,routing label directly names a peer or next hop
references_route_peer,network_element,shenyang-br-2,ip_address,fd00:100:10::2,shenyang,routing_metrics,label(peer)|metric_name,observed,medium,routing label directly names a peer or next hop
references_route_peer,network_element,shenyang-br-2,ip_address,fd00:100:10::52,shenyang,routing_metrics,label(peer)|metric_name,observed,medium,routing label directly names a peer or next hop
references_route_peer,network_element,wuhan-br-1,ip_address,fd00:100:10::1,wuhan,routing_metrics,label(peer)|metric_name,observed,medium,routing label directly names a peer or next hop
references_route_peer,network_element,wuhan-br-1,ip_address,fd00:100:10::21,wuhan,routing_metrics,label(peer)|metric_name,observed,medium,routing label directly names a peer or next hop
references_route_peer,network_element,wuhan-br-1,ip_address,fd00:100:10::31,wuhan,routing_metrics,label(peer)|metric_name,observed,medium,routing label directly names a peer or next hop
references_route_peer,network_element,wuhan-br-1,ip_address,fd00:100:10::51,wuhan,routing_metrics,label(peer)|metric_name,observed,medium,routing label directly names a peer or next hop
references_route_peer,network_element,wuhan-br-1,ip_address,fd00:100:10::61,wuhan,routing_metrics,label(peer)|metric_name,observed,medium,routing label directly names a peer or next hop
references_route_peer,network_element,wuhan-br-1,ip_address,fd00:100:10::71,wuhan,routing_metrics,label(peer)|metric_name,observed,medium,routing label directly names a peer or next hop
references_route_peer,network_element,wuhan-br-2,ip_address,fd00:100:10::2,wuhan,routing_metrics,label(peer)|metric_name,observed,medium,routing label directly names a peer or next hop
references_route_peer,network_element,wuhan-br-2,ip_address,fd00:100:10::22,wuhan,routing_metrics,label(peer)|metric_name,observed,medium,routing label directly names a peer or next hop
references_route_peer,network_element,wuhan-br-2,ip_address,fd00:100:10::32,wuhan,routing_metrics,label(peer)|metric_name,observed,medium,routing label directly names a peer or next hop
references_route_peer,network_element,wuhan-br-2,ip_address,fd00:100:10::52,wuhan,routing_metrics,label(peer)|metric_name,observed,medium,routing label directly names a peer or next hop
references_route_peer,network_element,wuhan-br-2,ip_address,fd00:100:10::62,wuhan,routing_metrics,label(peer)|metric_name,observed,medium,routing label directly names a peer or next hop
references_route_peer,network_element,wuhan-br-2,ip_address,fd00:100:10::72,wuhan,routing_metrics,label(peer)|metric_name,observed,medium,routing label directly names a peer or next hop
references_route_peer,network_element,xian-br-1,ip_address,fd00:100:10::1,xian,routing_metrics,label(peer)|metric_name,observed,medium,routing label directly names a peer or next hop
references_route_peer,network_element,xian-br-1,ip_address,fd00:100:10::31,xian,routing_metrics,label(peer)|metric_name,observed,medium,routing label directly names a peer or next hop
references_route_peer,network_element,xian-br-1,ip_address,fd00:100:10::41,xian,routing_metrics,label(peer)|metric_name,observed,medium,routing label directly names a peer or next hop
references_route_peer,network_element,xian-br-2,ip_address,fd00:100:10::2,xian,routing_metrics,label(peer)|metric_name,observed,medium,routing label directly names a peer or next hop
references_route_peer,network_element,xian-br-2,ip_address,fd00:100:10::32,xian,routing_metrics,label(peer)|metric_name,observed,medium,routing label directly names a peer or next hop
references_route_peer,network_element,xian-br-2,ip_address,fd00:100:10::42,xian,routing_metrics,label(peer)|metric_name,observed,medium,routing label directly names a peer or next hop
targets_city,service_target,auth01.wuhan.aiops.local,city,wuhan,beida,traffic_flow_metrics,target_domain|target_region,observed,high,target_region is explicit raw field
targets_city,service_target,auth01.wuhan.aiops.local,city,wuhan,chengdu,traffic_flow_metrics,target_domain|target_region,observed,high,target_region is explicit raw field
targets_city,service_target,auth01.wuhan.aiops.local,city,wuhan,guangzhou,traffic_flow_metrics,target_domain|target_region,observed,high,target_region is explicit raw field
targets_city,service_target,auth01.wuhan.aiops.local,city,wuhan,nanjing,traffic_flow_metrics,target_domain|target_region,observed,high,target_region is explicit raw field
targets_city,service_target,auth01.wuhan.aiops.local,city,wuhan,shanghai,traffic_flow_metrics,target_domain|target_region,observed,high,target_region is explicit raw field
targets_city,service_target,auth01.wuhan.aiops.local,city,wuhan,shenyang,traffic_flow_metrics,target_domain|target_region,observed,high,target_region is explicit raw field
targets_city,service_target,auth01.wuhan.aiops.local,city,wuhan,wuhan,traffic_flow_metrics,target_domain|target_region,observed,high,target_region is explicit raw field
targets_city,service_target,auth01.wuhan.aiops.local,city,wuhan,xian,traffic_flow_metrics,target_domain|target_region,observed,high,target_region is explicit raw field
targets_city,service_target,dns.beida.aiops.local,city,beida,beida,traffic_flow_metrics,target_domain|target_region,observed,high,target_region is explicit raw field
targets_city,service_target,dns.beida.aiops.local,city,beida,chengdu,traffic_flow_metrics,target_domain|target_region,observed,high,target_region is explicit raw field
targets_city,service_target,dns.beida.aiops.local,city,beida,guangzhou,traffic_flow_metrics,target_domain|target_region,observed,high,target_region is explicit raw field
targets_city,service_target,dns.beida.aiops.local,city,beida,nanjing,traffic_flow_metrics,target_domain|target_region,observed,high,target_region is explicit raw field
targets_city,service_target,dns.beida.aiops.local,city,beida,shanghai,traffic_flow_metrics,target_domain|target_region,observed,high,target_region is explicit raw field
targets_city,service_target,dns.beida.aiops.local,city,beida,shenyang,traffic_flow_metrics,target_domain|target_region,observed,high,target_region is explicit raw field
targets_city,service_target,dns.beida.aiops.local,city,beida,wuhan,traffic_flow_metrics,target_domain|target_region,observed,high,target_region is explicit raw field
targets_city,service_target,dns.beida.aiops.local,city,beida,xian,traffic_flow_metrics,target_domain|target_region,observed,high,target_region is explicit raw field
targets_city,service_target,elephant01.chengdu.aiops.local,city,chengdu,beida,traffic_flow_metrics,target_domain|target_region,observed,high,target_region is explicit raw field
targets_city,service_target,elephant01.chengdu.aiops.local,city,chengdu,chengdu,traffic_flow_metrics,target_domain|target_region,observed,high,target_region is explicit raw field
targets_city,service_target,elephant01.chengdu.aiops.local,city,chengdu,guangzhou,traffic_flow_metrics,target_domain|target_region,observed,high,target_region is explicit raw field
targets_city,service_target,elephant01.chengdu.aiops.local,city,chengdu,nanjing,traffic_flow_metrics,target_domain|target_region,observed,high,target_region is explicit raw field
targets_city,service_target,elephant01.chengdu.aiops.local,city,chengdu,shanghai,traffic_flow_metrics,target_domain|target_region,observed,high,target_region is explicit raw field
targets_city,service_target,elephant01.chengdu.aiops.local,city,chengdu,shenyang,traffic_flow_metrics,target_domain|target_region,observed,high,target_region is explicit raw field
targets_city,service_target,elephant01.chengdu.aiops.local,city,chengdu,wuhan,traffic_flow_metrics,target_domain|target_region,observed,high,target_region is explicit raw field
targets_city,service_target,elephant01.chengdu.aiops.local,city,chengdu,xian,traffic_flow_metrics,target_domain|target_region,observed,high,target_region is explicit raw field
targets_city,service_target,elephant01.guangzhou.aiops.local,city,guangzhou,beida,traffic_flow_metrics,target_domain|target_region,observed,high,target_region is explicit raw field
targets_city,service_target,elephant01.guangzhou.aiops.local,city,guangzhou,chengdu,traffic_flow_metrics,target_domain|target_region,observed,high,target_region is explicit raw field
targets_city,service_target,elephant01.guangzhou.aiops.local,city,guangzhou,guangzhou,traffic_flow_metrics,target_domain|target_region,observed,high,target_region is explicit raw field
targets_city,service_target,elephant01.guangzhou.aiops.local,city,guangzhou,nanjing,traffic_flow_metrics,target_domain|target_region,observed,high,target_region is explicit raw field
targets_city,service_target,elephant01.guangzhou.aiops.local,city,guangzhou,shanghai,traffic_flow_metrics,target_domain|target_region,observed,high,target_region is explicit raw field
targets_city,service_target,elephant01.guangzhou.aiops.local,city,guangzhou,shenyang,traffic_flow_metrics,target_domain|target_region,observed,high,target_region is explicit raw field
targets_city,service_target,elephant01.guangzhou.aiops.local,city,guangzhou,wuhan,traffic_flow_metrics,target_domain|target_region,observed,high,target_region is explicit raw field
targets_city,service_target,elephant01.guangzhou.aiops.local,city,guangzhou,xian,traffic_flow_metrics,target_domain|target_region,observed,high,target_region is explicit raw field
targets_city,service_target,elephant01.nanjing.aiops.local,city,nanjing,beida,traffic_flow_metrics,target_domain|target_region,observed,high,target_region is explicit raw field
targets_city,service_target,elephant01.nanjing.aiops.local,city,nanjing,chengdu,traffic_flow_metrics,target_domain|target_region,observed,high,target_region is explicit raw field
targets_city,service_target,elephant01.nanjing.aiops.local,city,nanjing,guangzhou,traffic_flow_metrics,target_domain|target_region,observed,high,target_region is explicit raw field
targets_city,service_target,elephant01.nanjing.aiops.local,city,nanjing,nanjing,traffic_flow_metrics,target_domain|target_region,observed,high,target_region is explicit raw field
targets_city,service_target,elephant01.nanjing.aiops.local,city,nanjing,shanghai,traffic_flow_metrics,target_domain|target_region,observed,high,target_region is explicit raw field
targets_city,service_target,elephant01.nanjing.aiops.local,city,nanjing,shenyang,traffic_flow_metrics,target_domain|target_region,observed,high,target_region is explicit raw field
targets_city,service_target,elephant01.nanjing.aiops.local,city,nanjing,wuhan,traffic_flow_metrics,target_domain|target_region,observed,high,target_region is explicit raw field
targets_city,service_target,elephant01.nanjing.aiops.local,city,nanjing,xian,traffic_flow_metrics,target_domain|target_region,observed,high,target_region is explicit raw field
targets_city,service_target,elephant01.shenyang.aiops.local,city,shenyang,beida,traffic_flow_metrics,target_domain|target_region,observed,high,target_region is explicit raw field
targets_city,service_target,elephant01.shenyang.aiops.local,city,shenyang,chengdu,traffic_flow_metrics,target_domain|target_region,observed,high,target_region is explicit raw field
targets_city,service_target,elephant01.shenyang.aiops.local,city,shenyang,guangzhou,traffic_flow_metrics,target_domain|target_region,observed,high,target_region is explicit raw field
targets_city,service_target,elephant01.shenyang.aiops.local,city,shenyang,nanjing,traffic_flow_metrics,target_domain|target_region,observed,high,target_region is explicit raw field
targets_city,service_target,elephant01.shenyang.aiops.local,city,shenyang,shanghai,traffic_flow_metrics,target_domain|target_region,observed,high,target_region is explicit raw field
targets_city,service_target,elephant01.shenyang.aiops.local,city,shenyang,shenyang,traffic_flow_metrics,target_domain|target_region,observed,high,target_region is explicit raw field
targets_city,service_target,elephant01.shenyang.aiops.local,city,shenyang,wuhan,traffic_flow_metrics,target_domain|target_region,observed,high,target_region is explicit raw field
targets_city,service_target,elephant01.shenyang.aiops.local,city,shenyang,xian,traffic_flow_metrics,target_domain|target_region,observed,high,target_region is explicit raw field
targets_city,service_target,elephant01.xian.aiops.local,city,xian,beida,traffic_flow_metrics,target_domain|target_region,observed,high,target_region is explicit raw field
targets_city,service_target,elephant01.xian.aiops.local,city,xian,chengdu,traffic_flow_metrics,target_domain|target_region,observed,high,target_region is explicit raw field
targets_city,service_target,elephant01.xian.aiops.local,city,xian,guangzhou,traffic_flow_metrics,target_domain|target_region,observed,high,target_region is explicit raw field
targets_city,service_target,elephant01.xian.aiops.local,city,xian,nanjing,traffic_flow_metrics,target_domain|target_region,observed,high,target_region is explicit raw field
targets_city,service_target,elephant01.xian.aiops.local,city,xian,shanghai,traffic_flow_metrics,target_domain|target_region,observed,high,target_region is explicit raw field
targets_city,service_target,elephant01.xian.aiops.local,city,xian,shenyang,traffic_flow_metrics,target_domain|target_region,observed,high,target_region is explicit raw field
targets_city,service_target,elephant01.xian.aiops.local,city,xian,wuhan,traffic_flow_metrics,target_domain|target_region,observed,high,target_region is explicit raw field
targets_city,service_target,elephant01.xian.aiops.local,city,xian,xian,traffic_flow_metrics,target_domain|target_region,observed,high,target_region is explicit raw field
targets_city,service_target,elephant02.beida.aiops.local,city,beida,beida,traffic_flow_metrics,target_domain|target_region,observed,high,target_region is explicit raw field
targets_city,service_target,elephant02.beida.aiops.local,city,beida,chengdu,traffic_flow_metrics,target_domain|target_region,observed,high,target_region is explicit raw field
targets_city,service_target,elephant02.beida.aiops.local,city,beida,guangzhou,traffic_flow_metrics,target_domain|target_region,observed,high,target_region is explicit raw field
targets_city,service_target,elephant02.beida.aiops.local,city,beida,nanjing,traffic_flow_metrics,target_domain|target_region,observed,high,target_region is explicit raw field
targets_city,service_target,elephant02.beida.aiops.local,city,beida,shanghai,traffic_flow_metrics,target_domain|target_region,observed,high,target_region is explicit raw field
targets_city,service_target,elephant02.beida.aiops.local,city,beida,shenyang,traffic_flow_metrics,target_domain|target_region,observed,high,target_region is explicit raw field
targets_city,service_target,elephant02.beida.aiops.local,city,beida,wuhan,traffic_flow_metrics,target_domain|target_region,observed,high,target_region is explicit raw field
targets_city,service_target,elephant02.beida.aiops.local,city,beida,xian,traffic_flow_metrics,target_domain|target_region,observed,high,target_region is explicit raw field
targets_city,service_target,elephant02.chengdu.aiops.local,city,chengdu,beida,traffic_flow_metrics,target_domain|target_region,observed,high,target_region is explicit raw field
targets_city,service_target,elephant02.chengdu.aiops.local,city,chengdu,chengdu,traffic_flow_metrics,target_domain|target_region,observed,high,target_region is explicit raw field
targets_city,service_target,elephant02.chengdu.aiops.local,city,chengdu,guangzhou,traffic_flow_metrics,target_domain|target_region,observed,high,target_region is explicit raw field
targets_city,service_target,elephant02.chengdu.aiops.local,city,chengdu,nanjing,traffic_flow_metrics,target_domain|target_region,observed,high,target_region is explicit raw field
targets_city,service_target,elephant02.chengdu.aiops.local,city,chengdu,shanghai,traffic_flow_metrics,target_domain|target_region,observed,high,target_region is explicit raw field
targets_city,service_target,elephant02.chengdu.aiops.local,city,chengdu,shenyang,traffic_flow_metrics,target_domain|target_region,observed,high,target_region is explicit raw field
targets_city,service_target,elephant02.chengdu.aiops.local,city,chengdu,wuhan,traffic_flow_metrics,target_domain|target_region,observed,high,target_region is explicit raw field
targets_city,service_target,elephant02.chengdu.aiops.local,city,chengdu,xian,traffic_flow_metrics,target_domain|target_region,observed,high,target_region is explicit raw field
targets_city,service_target,elephant02.guangzhou.aiops.local,city,guangzhou,beida,traffic_flow_metrics,target_domain|target_region,observed,high,target_region is explicit raw field
targets_city,service_target,elephant02.guangzhou.aiops.local,city,guangzhou,chengdu,traffic_flow_metrics,target_domain|target_region,observed,high,target_region is explicit raw field
targets_city,service_target,elephant02.guangzhou.aiops.local,city,guangzhou,guangzhou,traffic_flow_metrics,target_domain|target_region,observed,high,target_region is explicit raw field
targets_city,service_target,elephant02.guangzhou.aiops.local,city,guangzhou,nanjing,traffic_flow_metrics,target_domain|target_region,observed,high,target_region is explicit raw field
targets_city,service_target,elephant02.guangzhou.aiops.local,city,guangzhou,shanghai,traffic_flow_metrics,target_domain|target_region,observed,high,target_region is explicit raw field
targets_city,service_target,elephant02.guangzhou.aiops.local,city,guangzhou,shenyang,traffic_flow_metrics,target_domain|target_region,observed,high,target_region is explicit raw field
targets_city,service_target,elephant02.guangzhou.aiops.local,city,guangzhou,wuhan,traffic_flow_metrics,target_domain|target_region,observed,high,target_region is explicit raw field
targets_city,service_target,elephant02.guangzhou.aiops.local,city,guangzhou,xian,traffic_flow_metrics,target_domain|target_region,observed,high,target_region is explicit raw field
targets_city,service_target,elephant02.nanjing.aiops.local,city,nanjing,beida,traffic_flow_metrics,target_domain|target_region,observed,high,target_region is explicit raw field
targets_city,service_target,elephant02.nanjing.aiops.local,city,nanjing,chengdu,traffic_flow_metrics,target_domain|target_region,observed,high,target_region is explicit raw field
targets_city,service_target,elephant02.nanjing.aiops.local,city,nanjing,guangzhou,traffic_flow_metrics,target_domain|target_region,observed,high,target_region is explicit raw field
targets_city,service_target,elephant02.nanjing.aiops.local,city,nanjing,nanjing,traffic_flow_metrics,target_domain|target_region,observed,high,target_region is explicit raw field
targets_city,service_target,elephant02.nanjing.aiops.local,city,nanjing,shanghai,traffic_flow_metrics,target_domain|target_region,observed,high,target_region is explicit raw field
targets_city,service_target,elephant02.nanjing.aiops.local,city,nanjing,shenyang,traffic_flow_metrics,target_domain|target_region,observed,high,target_region is explicit raw field
targets_city,service_target,elephant02.nanjing.aiops.local,city,nanjing,wuhan,traffic_flow_metrics,target_domain|target_region,observed,high,target_region is explicit raw field
targets_city,service_target,elephant02.nanjing.aiops.local,city,nanjing,xian,traffic_flow_metrics,target_domain|target_region,observed,high,target_region is explicit raw field
targets_city,service_target,elephant02.shanghai.aiops.local,city,shanghai,beida,traffic_flow_metrics,target_domain|target_region,observed,high,target_region is explicit raw field
targets_city,service_target,elephant02.shanghai.aiops.local,city,shanghai,chengdu,traffic_flow_metrics,target_domain|target_region,observed,high,target_region is explicit raw field
targets_city,service_target,elephant02.shanghai.aiops.local,city,shanghai,guangzhou,traffic_flow_metrics,target_domain|target_region,observed,high,target_region is explicit raw field
targets_city,service_target,elephant02.shanghai.aiops.local,city,shanghai,nanjing,traffic_flow_metrics,target_domain|target_region,observed,high,target_region is explicit raw field
targets_city,service_target,elephant02.shanghai.aiops.local,city,shanghai,shanghai,traffic_flow_metrics,target_domain|target_region,observed,high,target_region is explicit raw field
targets_city,service_target,elephant02.shanghai.aiops.local,city,shanghai,shenyang,traffic_flow_metrics,target_domain|target_region,observed,high,target_region is explicit raw field
targets_city,service_target,elephant02.shanghai.aiops.local,city,shanghai,wuhan,traffic_flow_metrics,target_domain|target_region,observed,high,target_region is explicit raw field
targets_city,service_target,elephant02.shanghai.aiops.local,city,shanghai,xian,traffic_flow_metrics,target_domain|target_region,observed,high,target_region is explicit raw field
targets_city,service_target,elephant02.shenyang.aiops.local,city,shenyang,beida,traffic_flow_metrics,target_domain|target_region,observed,high,target_region is explicit raw field
targets_city,service_target,elephant02.shenyang.aiops.local,city,shenyang,chengdu,traffic_flow_metrics,target_domain|target_region,observed,high,target_region is explicit raw field
targets_city,service_target,elephant02.shenyang.aiops.local,city,shenyang,guangzhou,traffic_flow_metrics,target_domain|target_region,observed,high,target_region is explicit raw field
targets_city,service_target,elephant02.shenyang.aiops.local,city,shenyang,nanjing,traffic_flow_metrics,target_domain|target_region,observed,high,target_region is explicit raw field
targets_city,service_target,elephant02.shenyang.aiops.local,city,shenyang,shanghai,traffic_flow_metrics,target_domain|target_region,observed,high,target_region is explicit raw field
targets_city,service_target,elephant02.shenyang.aiops.local,city,shenyang,shenyang,traffic_flow_metrics,target_domain|target_region,observed,high,target_region is explicit raw field
targets_city,service_target,elephant02.shenyang.aiops.local,city,shenyang,wuhan,traffic_flow_metrics,target_domain|target_region,observed,high,target_region is explicit raw field
targets_city,service_target,elephant02.shenyang.aiops.local,city,shenyang,xian,traffic_flow_metrics,target_domain|target_region,observed,high,target_region is explicit raw field
targets_city,service_target,elephant02.wuhan.aiops.local,city,wuhan,beida,traffic_flow_metrics,target_domain|target_region,observed,high,target_region is explicit raw field
targets_city,service_target,elephant02.wuhan.aiops.local,city,wuhan,chengdu,traffic_flow_metrics,target_domain|target_region,observed,high,target_region is explicit raw field
targets_city,service_target,elephant02.wuhan.aiops.local,city,wuhan,guangzhou,traffic_flow_metrics,target_domain|target_region,observed,high,target_region is explicit raw field
targets_city,service_target,elephant02.wuhan.aiops.local,city,wuhan,nanjing,traffic_flow_metrics,target_domain|target_region,observed,high,target_region is explicit raw field
targets_city,service_target,elephant02.wuhan.aiops.local,city,wuhan,shanghai,traffic_flow_metrics,target_domain|target_region,observed,high,target_region is explicit raw field
targets_city,service_target,elephant02.wuhan.aiops.local,city,wuhan,shenyang,traffic_flow_metrics,target_domain|target_region,observed,high,target_region is explicit raw field
targets_city,service_target,elephant02.wuhan.aiops.local,city,wuhan,wuhan,traffic_flow_metrics,target_domain|target_region,observed,high,target_region is explicit raw field
targets_city,service_target,elephant02.wuhan.aiops.local,city,wuhan,xian,traffic_flow_metrics,target_domain|target_region,observed,high,target_region is explicit raw field
targets_city,service_target,elephant02.xian.aiops.local,city,xian,beida,traffic_flow_metrics,target_domain|target_region,observed,high,target_region is explicit raw field
targets_city,service_target,elephant02.xian.aiops.local,city,xian,chengdu,traffic_flow_metrics,target_domain|target_region,observed,high,target_region is explicit raw field
targets_city,service_target,elephant02.xian.aiops.local,city,xian,guangzhou,traffic_flow_metrics,target_domain|target_region,observed,high,target_region is explicit raw field
targets_city,service_target,elephant02.xian.aiops.local,city,xian,nanjing,traffic_flow_metrics,target_domain|target_region,observed,high,target_region is explicit raw field
targets_city,service_target,elephant02.xian.aiops.local,city,xian,shanghai,traffic_flow_metrics,target_domain|target_region,observed,high,target_region is explicit raw field
targets_city,service_target,elephant02.xian.aiops.local,city,xian,shenyang,traffic_flow_metrics,target_domain|target_region,observed,high,target_region is explicit raw field
targets_city,service_target,elephant02.xian.aiops.local,city,xian,wuhan,traffic_flow_metrics,target_domain|target_region,observed,high,target_region is explicit raw field
targets_city,service_target,elephant02.xian.aiops.local,city,xian,xian,traffic_flow_metrics,target_domain|target_region,observed,high,target_region is explicit raw field
targets_city,service_target,elephant03.beida.aiops.local,city,beida,beida,traffic_flow_metrics,target_domain|target_region,observed,high,target_region is explicit raw field
targets_city,service_target,elephant03.beida.aiops.local,city,beida,chengdu,traffic_flow_metrics,target_domain|target_region,observed,high,target_region is explicit raw field
targets_city,service_target,elephant03.beida.aiops.local,city,beida,guangzhou,traffic_flow_metrics,target_domain|target_region,observed,high,target_region is explicit raw field
targets_city,service_target,elephant03.beida.aiops.local,city,beida,nanjing,traffic_flow_metrics,target_domain|target_region,observed,high,target_region is explicit raw field
targets_city,service_target,elephant03.beida.aiops.local,city,beida,shanghai,traffic_flow_metrics,target_domain|target_region,observed,high,target_region is explicit raw field
targets_city,service_target,elephant03.beida.aiops.local,city,beida,shenyang,traffic_flow_metrics,target_domain|target_region,observed,high,target_region is explicit raw field
targets_city,service_target,elephant03.beida.aiops.local,city,beida,wuhan,traffic_flow_metrics,target_domain|target_region,observed,high,target_region is explicit raw field
targets_city,service_target,elephant03.beida.aiops.local,city,beida,xian,traffic_flow_metrics,target_domain|target_region,observed,high,target_region is explicit raw field
targets_city,service_target,elephant03.chengdu.aiops.local,city,chengdu,beida,traffic_flow_metrics,target_domain|target_region,observed,high,target_region is explicit raw field
targets_city,service_target,elephant03.chengdu.aiops.local,city,chengdu,chengdu,traffic_flow_metrics,target_domain|target_region,observed,high,target_region is explicit raw field
targets_city,service_target,elephant03.chengdu.aiops.local,city,chengdu,guangzhou,traffic_flow_metrics,target_domain|target_region,observed,high,target_region is explicit raw field
targets_city,service_target,elephant03.chengdu.aiops.local,city,chengdu,nanjing,traffic_flow_metrics,target_domain|target_region,observed,high,target_region is explicit raw field
targets_city,service_target,elephant03.chengdu.aiops.local,city,chengdu,shanghai,traffic_flow_metrics,target_domain|target_region,observed,high,target_region is explicit raw field
targets_city,service_target,elephant03.chengdu.aiops.local,city,chengdu,shenyang,traffic_flow_metrics,target_domain|target_region,observed,high,target_region is explicit raw field
targets_city,service_target,elephant03.chengdu.aiops.local,city,chengdu,wuhan,traffic_flow_metrics,target_domain|target_region,observed,high,target_region is explicit raw field
targets_city,service_target,elephant03.chengdu.aiops.local,city,chengdu,xian,traffic_flow_metrics,target_domain|target_region,observed,high,target_region is explicit raw field
targets_city,service_target,elephant03.guangzhou.aiops.local,city,guangzhou,beida,traffic_flow_metrics,target_domain|target_region,observed,high,target_region is explicit raw field
targets_city,service_target,elephant03.guangzhou.aiops.local,city,guangzhou,chengdu,traffic_flow_metrics,target_domain|target_region,observed,high,target_region is explicit raw field
targets_city,service_target,elephant03.guangzhou.aiops.local,city,guangzhou,guangzhou,traffic_flow_metrics,target_domain|target_region,observed,high,target_region is explicit raw field
targets_city,service_target,elephant03.guangzhou.aiops.local,city,guangzhou,nanjing,traffic_flow_metrics,target_domain|target_region,observed,high,target_region is explicit raw field
targets_city,service_target,elephant03.guangzhou.aiops.local,city,guangzhou,shanghai,traffic_flow_metrics,target_domain|target_region,observed,high,target_region is explicit raw field
targets_city,service_target,elephant03.guangzhou.aiops.local,city,guangzhou,shenyang,traffic_flow_metrics,target_domain|target_region,observed,high,target_region is explicit raw field
targets_city,service_target,elephant03.guangzhou.aiops.local,city,guangzhou,wuhan,traffic_flow_metrics,target_domain|target_region,observed,high,target_region is explicit raw field
targets_city,service_target,elephant03.guangzhou.aiops.local,city,guangzhou,xian,traffic_flow_metrics,target_domain|target_region,observed,high,target_region is explicit raw field
targets_city,service_target,elephant03.nanjing.aiops.local,city,nanjing,beida,traffic_flow_metrics,target_domain|target_region,observed,high,target_region is explicit raw field
targets_city,service_target,elephant03.nanjing.aiops.local,city,nanjing,chengdu,traffic_flow_metrics,target_domain|target_region,observed,high,target_region is explicit raw field
targets_city,service_target,elephant03.nanjing.aiops.local,city,nanjing,guangzhou,traffic_flow_metrics,target_domain|target_region,observed,high,target_region is explicit raw field
targets_city,service_target,elephant03.nanjing.aiops.local,city,nanjing,nanjing,traffic_flow_metrics,target_domain|target_region,observed,high,target_region is explicit raw field
targets_city,service_target,elephant03.nanjing.aiops.local,city,nanjing,shanghai,traffic_flow_metrics,target_domain|target_region,observed,high,target_region is explicit raw field
targets_city,service_target,elephant03.nanjing.aiops.local,city,nanjing,shenyang,traffic_flow_metrics,target_domain|target_region,observed,high,target_region is explicit raw field
targets_city,service_target,elephant03.nanjing.aiops.local,city,nanjing,wuhan,traffic_flow_metrics,target_domain|target_region,observed,high,target_region is explicit raw field
targets_city,service_target,elephant03.nanjing.aiops.local,city,nanjing,xian,traffic_flow_metrics,target_domain|target_region,observed,high,target_region is explicit raw field
targets_city,service_target,elephant03.shanghai.aiops.local,city,shanghai,beida,traffic_flow_metrics,target_domain|target_region,observed,high,target_region is explicit raw field
targets_city,service_target,elephant03.shanghai.aiops.local,city,shanghai,chengdu,traffic_flow_metrics,target_domain|target_region,observed,high,target_region is explicit raw field
targets_city,service_target,elephant03.shanghai.aiops.local,city,shanghai,guangzhou,traffic_flow_metrics,target_domain|target_region,observed,high,target_region is explicit raw field
targets_city,service_target,elephant03.shanghai.aiops.local,city,shanghai,nanjing,traffic_flow_metrics,target_domain|target_region,observed,high,target_region is explicit raw field
targets_city,service_target,elephant03.shanghai.aiops.local,city,shanghai,shanghai,traffic_flow_metrics,target_domain|target_region,observed,high,target_region is explicit raw field
targets_city,service_target,elephant03.shanghai.aiops.local,city,shanghai,shenyang,traffic_flow_metrics,target_domain|target_region,observed,high,target_region is explicit raw field
targets_city,service_target,elephant03.shanghai.aiops.local,city,shanghai,wuhan,traffic_flow_metrics,target_domain|target_region,observed,high,target_region is explicit raw field
targets_city,service_target,elephant03.shanghai.aiops.local,city,shanghai,xian,traffic_flow_metrics,target_domain|target_region,observed,high,target_region is explicit raw field
targets_city,service_target,elephant03.shenyang.aiops.local,city,shenyang,beida,traffic_flow_metrics,target_domain|target_region,observed,high,target_region is explicit raw field
targets_city,service_target,elephant03.shenyang.aiops.local,city,shenyang,chengdu,traffic_flow_metrics,target_domain|target_region,observed,high,target_region is explicit raw field
targets_city,service_target,elephant03.shenyang.aiops.local,city,shenyang,guangzhou,traffic_flow_metrics,target_domain|target_region,observed,high,target_region is explicit raw field
targets_city,service_target,elephant03.shenyang.aiops.local,city,shenyang,nanjing,traffic_flow_metrics,target_domain|target_region,observed,high,target_region is explicit raw field
targets_city,service_target,elephant03.shenyang.aiops.local,city,shenyang,shanghai,traffic_flow_metrics,target_domain|target_region,observed,high,target_region is explicit raw field
targets_city,service_target,elephant03.shenyang.aiops.local,city,shenyang,shenyang,traffic_flow_metrics,target_domain|target_region,observed,high,target_region is explicit raw field
targets_city,service_target,elephant03.shenyang.aiops.local,city,shenyang,wuhan,traffic_flow_metrics,target_domain|target_region,observed,high,target_region is explicit raw field
targets_city,service_target,elephant03.shenyang.aiops.local,city,shenyang,xian,traffic_flow_metrics,target_domain|target_region,observed,high,target_region is explicit raw field
targets_city,service_target,elephant03.wuhan.aiops.local,city,wuhan,beida,traffic_flow_metrics,target_domain|target_region,observed,high,target_region is explicit raw field
targets_city,service_target,elephant03.wuhan.aiops.local,city,wuhan,chengdu,traffic_flow_metrics,target_domain|target_region,observed,high,target_region is explicit raw field
targets_city,service_target,elephant03.wuhan.aiops.local,city,wuhan,guangzhou,traffic_flow_metrics,target_domain|target_region,observed,high,target_region is explicit raw field
targets_city,service_target,elephant03.wuhan.aiops.local,city,wuhan,nanjing,traffic_flow_metrics,target_domain|target_region,observed,high,target_region is explicit raw field
targets_city,service_target,elephant03.wuhan.aiops.local,city,wuhan,shanghai,traffic_flow_metrics,target_domain|target_region,observed,high,target_region is explicit raw field
targets_city,service_target,elephant03.wuhan.aiops.local,city,wuhan,shenyang,traffic_flow_metrics,target_domain|target_region,observed,high,target_region is explicit raw field
targets_city,service_target,elephant03.wuhan.aiops.local,city,wuhan,wuhan,traffic_flow_metrics,target_domain|target_region,observed,high,target_region is explicit raw field
targets_city,service_target,elephant03.wuhan.aiops.local,city,wuhan,xian,traffic_flow_metrics,target_domain|target_region,observed,high,target_region is explicit raw field
targets_city,service_target,elephant03.xian.aiops.local,city,xian,beida,traffic_flow_metrics,target_domain|target_region,observed,high,target_region is explicit raw field
targets_city,service_target,elephant03.xian.aiops.local,city,xian,chengdu,traffic_flow_metrics,target_domain|target_region,observed,high,target_region is explicit raw field
targets_city,service_target,elephant03.xian.aiops.local,city,xian,guangzhou,traffic_flow_metrics,target_domain|target_region,observed,high,target_region is explicit raw field
targets_city,service_target,elephant03.xian.aiops.local,city,xian,nanjing,traffic_flow_metrics,target_domain|target_region,observed,high,target_region is explicit raw field
targets_city,service_target,elephant03.xian.aiops.local,city,xian,shanghai,traffic_flow_metrics,target_domain|target_region,observed,high,target_region is explicit raw field
targets_city,service_target,elephant03.xian.aiops.local,city,xian,shenyang,traffic_flow_metrics,target_domain|target_region,observed,high,target_region is explicit raw field
targets_city,service_target,elephant03.xian.aiops.local,city,xian,wuhan,traffic_flow_metrics,target_domain|target_region,observed,high,target_region is explicit raw field
targets_city,service_target,elephant03.xian.aiops.local,city,xian,xian,traffic_flow_metrics,target_domain|target_region,observed,high,target_region is explicit raw field
targets_city,service_target,web01.shanghai.aiops.local,city,shanghai,beida,traffic_flow_metrics,target_domain|target_region,observed,high,target_region is explicit raw field
targets_city,service_target,web01.shanghai.aiops.local,city,shanghai,chengdu,traffic_flow_metrics,target_domain|target_region,observed,high,target_region is explicit raw field
targets_city,service_target,web01.shanghai.aiops.local,city,shanghai,guangzhou,traffic_flow_metrics,target_domain|target_region,observed,high,target_region is explicit raw field
targets_city,service_target,web01.shanghai.aiops.local,city,shanghai,nanjing,traffic_flow_metrics,target_domain|target_region,observed,high,target_region is explicit raw field
targets_city,service_target,web01.shanghai.aiops.local,city,shanghai,shanghai,traffic_flow_metrics,target_domain|target_region,observed,high,target_region is explicit raw field
targets_city,service_target,web01.shanghai.aiops.local,city,shanghai,shenyang,traffic_flow_metrics,target_domain|target_region,observed,high,target_region is explicit raw field
targets_city,service_target,web01.shanghai.aiops.local,city,shanghai,wuhan,traffic_flow_metrics,target_domain|target_region,observed,high,target_region is explicit raw field
targets_city,service_target,web01.shanghai.aiops.local,city,shanghai,xian,traffic_flow_metrics,target_domain|target_region,observed,high,target_region is explicit raw field
