city,source,series_key,missing_minutes,gap_runs,max_single_gap_minutes
beida,interface_metrics,beida-br-1|ens10,8,2,7
beida,interface_metrics,beida-br-1|ens11,8,2,7
beida,interface_metrics,beida-br-1|ens12,8,2,7
beida,interface_metrics,beida-br-1|ens3,8,2,7
beida,interface_metrics,beida-br-1|ens4,8,2,7
beida,interface_metrics,beida-br-1|ens5,8,2,7
beida,interface_metrics,beida-br-1|ens6,8,2,7
beida,interface_metrics,beida-br-1|ens7,8,2,7
beida,interface_metrics,beida-br-1|ens8,8,2,7
beida,interface_metrics,beida-br-1|ens9,8,2,7
beida,interface_metrics,beida-br-2|ens10,8,2,7
beida,interface_metrics,beida-br-2|ens11,8,2,7
beida,interface_metrics,beida-br-2|ens12,8,2,7
beida,interface_metrics,beida-br-2|ens3,8,2,7
beida,interface_metrics,beida-br-2|ens4,8,2,7
beida,interface_metrics,beida-br-2|ens5,8,2,7
beida,interface_metrics,beida-br-2|ens6,8,2,7
beida,interface_metrics,beida-br-2|ens7,8,2,7
beida,interface_metrics,beida-br-2|ens8,8,2,7
beida,interface_metrics,beida-br-2|ens9,8,2,7
beida,interface_metrics,beida-cr-1|ens10,1,1,1
beida,interface_metrics,beida-cr-1|ens11,1,1,1
beida,interface_metrics,beida-cr-1|ens12,1,1,1
beida,interface_metrics,beida-cr-1|ens3,1,1,1
beida,interface_metrics,beida-cr-1|ens4,1,1,1
beida,interface_metrics,beida-cr-1|ens5,1,1,1
beida,interface_metrics,beida-cr-1|ens6,1,1,1
beida,interface_metrics,beida-cr-1|ens7,1,1,1
beida,interface_metrics,beida-cr-1|ens8,1,1,1
beida,interface_metrics,beida-cr-1|ens9,1,1,1
beida,interface_metrics,beida-cr-2|ens10,1,1,1
beida,interface_metrics,beida-cr-2|ens11,1,1,1
beida,interface_metrics,beida-cr-2|ens12,1,1,1
beida,interface_metrics,beida-cr-2|ens3,1,1,1
beida,interface_metrics,beida-cr-2|ens4,1,1,1
beida,interface_metrics,beida-cr-2|ens5,1,1,1
beida,interface_metrics,beida-cr-2|ens6,1,1,1
beida,interface_metrics,beida-cr-2|ens7,1,1,1
beida,interface_metrics,beida-cr-2|ens8,1,1,1
beida,interface_metrics,beida-cr-2|ens9,1,1,1
beida,interface_metrics,beida-fw|ens3,1,1,1
beida,interface_metrics,beida-fw|ens4,1,1,1
beida,interface_metrics,beida-fw|ens5,1,1,1
beida,interface_metrics,beida-fw|ens6,1,1,1
beida,interface_metrics,beida-service-vm-1|ens3,1,1,1
beida,interface_metrics,beida-service-vm-1|ens4,1,1,1
beida,interface_metrics,beida-service-vm-1|ens5,1,1,1
beida,interface_metrics,beida-service-vm-1|ens6,1,1,1
beida,interface_metrics,beida-service-vm-2|ens3,1,1,1
beida,interface_metrics,beida-service-vm-2|ens4,1,1,1
beida,interface_metrics,beida-service-vm-2|ens5,1,1,1
beida,interface_metrics,beida-service-vm-2|ens6,1,1,1
beida,interface_metrics,beida-service-vm-3|ens3,1,1,1
beida,interface_metrics,beida-service-vm-3|ens4,1,1,1
beida,interface_metrics,beida-service-vm-3|ens5,1,1,1
beida,interface_metrics,beida-service-vm-3|ens6,1,1,1
beida,interface_metrics,beida-traffic-vm|ens3,1,1,1
beida,interface_metrics,beida-traffic-vm|ens4,1,1,1
beida,interface_metrics,beida-traffic-vm|ens5,1,1,1
beida,interface_metrics,beida-traffic-vm|ens6,1,1,1
beida,node_metrics,beida-br-1,8,2,7
beida,node_metrics,beida-br-2,8,2,7
beida,node_metrics,beida-cr-1,1,1,1
beida,node_metrics,beida-cr-2,1,1,1
beida,node_metrics,beida-fw,1,1,1
beida,node_metrics,beida-service-vm-1,1,1,1
beida,node_metrics,beida-service-vm-2,1,1,1
beida,node_metrics,beida-service-vm-3,1,1,1
beida,node_metrics,beida-traffic-vm,1,1,1
beida,routing_metrics,"beida-br-2|ipv6_route_nexthop_info|prefix=""fd00:8:40::/64"",next_hop=""fe80::100:10:42"",dev=""ens4"",protocol=""bgp"",metric=""20"",route_index=""0"",nh_index=""0",18432,2,18424
beida,routing_metrics,"beida-br-1|bgp_peer_prefix_received|peer=""fd00:100:10::21"",remote_as=""65003"",state=""Idle (Admin)",16681,2,16170
beida,routing_metrics,"beida-br-1|bgp_peer_uptime_seconds|peer=""fd00:100:10::21"",remote_as=""65003"",state=""Idle (Admin)",16681,2,16170
beida,routing_metrics,"beida-br-1|bgp_peer_up|peer=""fd00:100:10::21"",remote_as=""65003"",state=""Idle (Admin)",16681,2,16170
beida,routing_metrics,"beida-br-1|ipv6_route_nexthop_info|prefix=""fd00:3:40::/64"",next_hop=""fe80::100:10:41"",dev=""ens4"",protocol=""bgp"",metric=""20"",route_index=""0"",nh_index=""0",16681,2,16170
beida,routing_metrics,"beida-br-1|ipv6_route_nexthop_info|prefix=""fd00:8:40::/64"",next_hop=""fe80::100:10:41"",dev=""ens4"",protocol=""bgp"",metric=""20"",route_index=""0"",nh_index=""0",2396,2,2388
beida,routing_metrics,"beida-br-2|bgp_peer_prefix_received|peer=""fd00:100:10::22"",remote_as=""65003"",state=""Idle (Admin)",1977,3,1973
beida,routing_metrics,"beida-br-2|bgp_peer_uptime_seconds|peer=""fd00:100:10::22"",remote_as=""65003"",state=""Idle (Admin)",1977,3,1973
beida,routing_metrics,"beida-br-2|bgp_peer_up|peer=""fd00:100:10::22"",remote_as=""65003"",state=""Idle (Admin)",1977,3,1973
beida,routing_metrics,"beida-br-2|ipv6_route_nexthop_info|prefix=""fd00:3:40::/64"",next_hop=""fe80::100:10:42"",dev=""ens4"",protocol=""bgp"",metric=""20"",route_index=""0"",nh_index=""0",1977,3,1973
beida,routing_metrics,"beida-br-2|ipv6_route_nexthop_info|prefix=""fd00:8:40::/64"",next_hop=""fe80::100:10:52"",dev=""ens4"",protocol=""bgp"",metric=""20"",route_index=""0"",nh_index=""0",1314,1,1314
beida,routing_metrics,"beida-br-2|ipv6_route_nexthop_info|prefix=""fd00:7:40::/64"",next_hop=""fe80::100:10:52"",dev=""ens4"",protocol=""bgp"",metric=""20"",route_index=""0"",nh_index=""0",1209,2,1201
beida,routing_metrics,"beida-br-1|bgp_peer_prefix_received|peer=""fd00:100:10::21"",remote_as=""65003"",state=""Established",34,4,11
beida,routing_metrics,"beida-br-1|bgp_peer_prefix_sent|peer=""fd00:100:10::21"",remote_as=""65003"",state=""Established",34,4,11
beida,routing_metrics,"beida-br-1|bgp_peer_uptime_seconds|peer=""fd00:100:10::21"",remote_as=""65003"",state=""Established",34,4,11
beida,routing_metrics,"beida-br-1|bgp_peer_up|peer=""fd00:100:10::21"",remote_as=""65003"",state=""Established",34,4,11
beida,routing_metrics,"beida-br-1|ipv6_route_nexthop_info|prefix=""fd00:3:40::/64"",next_hop=""fe80::100:10:21"",dev=""ens4"",protocol=""bgp"",metric=""20"",route_index=""0"",nh_index=""0",34,4,11
beida,routing_metrics,"beida-br-2|bgp_peer_prefix_received|peer=""fd00:100:10::22"",remote_as=""65003"",state=""Established",18,5,8
beida,routing_metrics,"beida-br-2|bgp_peer_prefix_sent|peer=""fd00:100:10::22"",remote_as=""65003"",state=""Established",18,5,8
beida,routing_metrics,"beida-br-2|bgp_peer_uptime_seconds|peer=""fd00:100:10::22"",remote_as=""65003"",state=""Established",18,5,8
beida,routing_metrics,"beida-br-2|bgp_peer_up|peer=""fd00:100:10::22"",remote_as=""65003"",state=""Established",18,5,8
beida,routing_metrics,"beida-br-2|ipv6_route_nexthop_info|prefix=""fd00:3:40::/64"",next_hop=""fe80::100:10:22"",dev=""ens4"",protocol=""bgp"",metric=""20"",route_index=""0"",nh_index=""0",18,5,8
beida,routing_metrics,"beida-cr-1|ospf6_neighbor_state_code|state=""Full"",interface=""ens5"",neighbor_id=""1.1.1.12",17,2,9
beida,routing_metrics,"beida-cr-2|ospf6_neighbor_state_code|state=""Full"",interface=""ens5"",neighbor_id=""1.1.1.11",17,2,9
beida,routing_metrics,"beida-br-1|bgp_command_success|command=""bgp_summary",8,1,8
beida,routing_metrics,beida-br-1|bgp_peer_count|,8,1,8
beida,routing_metrics,"beida-br-1|bgp_peer_prefix_received|peer=""fd00:100:10::11"",remote_as=""65002"",state=""Established",8,1,8
beida,routing_metrics,"beida-br-1|bgp_peer_prefix_received|peer=""fd00:100:10::41"",remote_as=""65005"",state=""Established",8,1,8
beida,routing_metrics,"beida-br-1|bgp_peer_prefix_received|peer=""fd00:100:10::51"",remote_as=""65006"",state=""Established",8,1,8
beida,routing_metrics,"beida-br-1|bgp_peer_prefix_sent|peer=""fd00:100:10::11"",remote_as=""65002"",state=""Established",8,1,8
beida,routing_metrics,"beida-br-1|bgp_peer_prefix_sent|peer=""fd00:100:10::41"",remote_as=""65005"",state=""Established",8,1,8
beida,routing_metrics,"beida-br-1|bgp_peer_prefix_sent|peer=""fd00:100:10::51"",remote_as=""65006"",state=""Established",8,1,8
beida,routing_metrics,"beida-br-1|bgp_peer_uptime_seconds|peer=""fd00:100:10::11"",remote_as=""65002"",state=""Established",8,1,8
beida,routing_metrics,"beida-br-1|bgp_peer_uptime_seconds|peer=""fd00:100:10::41"",remote_as=""65005"",state=""Established",8,1,8
beida,routing_metrics,"beida-br-1|bgp_peer_uptime_seconds|peer=""fd00:100:10::51"",remote_as=""65006"",state=""Established",8,1,8
beida,routing_metrics,"beida-br-1|bgp_peer_up|peer=""fd00:100:10::11"",remote_as=""65002"",state=""Established",8,1,8
beida,routing_metrics,"beida-br-1|bgp_peer_up|peer=""fd00:100:10::41"",remote_as=""65005"",state=""Established",8,1,8
beida,routing_metrics,"beida-br-1|bgp_peer_up|peer=""fd00:100:10::51"",remote_as=""65006"",state=""Established",8,1,8
beida,routing_metrics,beida-br-1|ipv6_default_route_changed_total|,8,1,8
beida,routing_metrics,"beida-br-1|ipv6_default_route_info|next_hop=""240a:a023::1"",dev=""ens4"",protocol=""unknown"",metric=""1024"",route_index=""0"",nh_index=""0",8,1,8
beida,routing_metrics,"beida-br-1|ipv6_route_change_total|prefix=""::/0",8,1,8
beida,routing_metrics,"beida-br-1|ipv6_route_change_total|prefix=""fd00:1:40::/64",8,1,8
beida,routing_metrics,"beida-br-1|ipv6_route_change_total|prefix=""fd00:2:40::/64",8,1,8
beida,routing_metrics,"beida-br-1|ipv6_route_change_total|prefix=""fd00:3:40::/64",8,1,8
beida,routing_metrics,"beida-br-1|ipv6_route_change_total|prefix=""fd00:4:40::/64",8,1,8
beida,routing_metrics,"beida-br-1|ipv6_route_change_total|prefix=""fd00:5:40::/64",8,1,8
beida,routing_metrics,"beida-br-1|ipv6_route_change_total|prefix=""fd00:6:40::/64",8,1,8
beida,routing_metrics,"beida-br-1|ipv6_route_change_total|prefix=""fd00:7:40::/64",8,1,8
beida,routing_metrics,"beida-br-1|ipv6_route_change_total|prefix=""fd00:8:40::/64",8,1,8
beida,routing_metrics,"beida-br-1|ipv6_route_count|protocol=""all",8,1,8
beida,routing_metrics,"beida-br-1|ipv6_route_count|protocol=""bgp",8,1,8
beida,routing_metrics,"beida-br-1|ipv6_route_count|protocol=""kernel",8,1,8
beida,routing_metrics,"beida-br-1|ipv6_route_count|protocol=""ospf",8,1,8
beida,routing_metrics,"beida-br-1|ipv6_route_count|protocol=""unknown",8,1,8
beida,routing_metrics,"beida-br-1|ipv6_route_exists|prefix=""::/0",8,1,8
beida,routing_metrics,"beida-br-1|ipv6_route_exists|prefix=""fd00:1:40::/64",8,1,8
beida,routing_metrics,"beida-br-1|ipv6_route_exists|prefix=""fd00:2:40::/64",8,1,8
beida,routing_metrics,"beida-br-1|ipv6_route_exists|prefix=""fd00:3:40::/64",8,1,8
beida,routing_metrics,"beida-br-1|ipv6_route_exists|prefix=""fd00:4:40::/64",8,1,8
beida,routing_metrics,"beida-br-1|ipv6_route_exists|prefix=""fd00:5:40::/64",8,1,8
beida,routing_metrics,"beida-br-1|ipv6_route_exists|prefix=""fd00:6:40::/64",8,1,8
beida,routing_metrics,"beida-br-1|ipv6_route_exists|prefix=""fd00:7:40::/64",8,1,8
beida,routing_metrics,"beida-br-1|ipv6_route_exists|prefix=""fd00:8:40::/64",8,1,8
beida,routing_metrics,"beida-br-1|ipv6_route_nexthop_info|prefix=""::/0"",next_hop=""240a:a023::1"",dev=""ens4"",protocol=""unknown"",metric=""1024"",route_index=""0"",nh_index=""0",8,1,8
beida,routing_metrics,"beida-br-1|ipv6_route_nexthop_info|prefix=""fd00:1:40::/64"",next_hop=""fe80::11:4"",dev=""ens5"",protocol=""ospf"",metric=""20"",route_index=""0"",nh_index=""0",8,1,8
beida,routing_metrics,"beida-br-1|ipv6_route_nexthop_info|prefix=""fd00:1:40::/64"",next_hop=""fe80::12:4"",dev=""ens5"",protocol=""ospf"",metric=""20"",route_index=""0"",nh_index=""1",8,1,8
beida,routing_metrics,"beida-br-1|ipv6_route_nexthop_info|prefix=""fd00:2:40::/64"",next_hop=""fe80::100:10:11"",dev=""ens4"",protocol=""bgp"",metric=""20"",route_index=""0"",nh_index=""0",8,1,8
beida,routing_metrics,"beida-br-1|ipv6_route_nexthop_info|prefix=""fd00:4:40::/64"",next_hop=""fe80::100:10:41"",dev=""ens4"",protocol=""bgp"",metric=""20"",route_index=""0"",nh_index=""0",8,1,8
beida,routing_metrics,"beida-br-1|ipv6_route_nexthop_info|prefix=""fd00:5:40::/64"",next_hop=""fe80::100:10:41"",dev=""ens4"",protocol=""bgp"",metric=""20"",route_index=""0"",nh_index=""0",8,1,8
beida,routing_metrics,"beida-br-1|ipv6_route_nexthop_info|prefix=""fd00:6:40::/64"",next_hop=""fe80::100:10:51"",dev=""ens4"",protocol=""bgp"",metric=""20"",route_index=""0"",nh_index=""0",8,1,8
beida,routing_metrics,"beida-br-1|ipv6_route_nexthop_info|prefix=""fd00:7:40::/64"",next_hop=""fe80::100:10:41"",dev=""ens4"",protocol=""bgp"",metric=""20"",route_index=""0"",nh_index=""0",8,1,8
beida,routing_metrics,"beida-br-1|ospf6_interface_cost|interface=""ens5",8,1,8
beida,routing_metrics,"beida-br-1|ospf6_interface_enabled|interface=""ens10",8,1,8
beida,routing_metrics,"beida-br-1|ospf6_interface_enabled|interface=""ens11",8,1,8
beida,routing_metrics,"beida-br-1|ospf6_interface_enabled|interface=""ens12",8,1,8
beida,routing_metrics,"beida-br-1|ospf6_interface_enabled|interface=""ens3",8,1,8
beida,routing_metrics,"beida-br-1|ospf6_interface_enabled|interface=""ens4",8,1,8
beida,routing_metrics,"beida-br-1|ospf6_interface_enabled|interface=""ens5",8,1,8
beida,routing_metrics,"beida-br-1|ospf6_interface_enabled|interface=""ens6",8,1,8
beida,routing_metrics,"beida-br-1|ospf6_interface_enabled|interface=""ens7",8,1,8
beida,routing_metrics,"beida-br-1|ospf6_interface_enabled|interface=""ens8",8,1,8
beida,routing_metrics,"beida-br-1|ospf6_interface_enabled|interface=""ens9",8,1,8
beida,routing_metrics,"beida-br-1|ospf6_interface_enabled|interface=""lo",8,1,8
beida,routing_metrics,"beida-br-1|ospf6_interface_enabled|interface=""virbr0",8,1,8
beida,routing_metrics,"beida-br-1|ospf6_neighbor_state_code|state=""Full"",interface=""ens5"",neighbor_id=""1.1.1.11",8,1,8
beida,routing_metrics,"beida-br-1|ospf6_neighbor_state_code|state=""Full"",interface=""ens5"",neighbor_id=""1.1.1.12",8,1,8
beida,routing_metrics,"beida-br-1|ospf6_neighbor_state_code|state=""Twoway"",interface=""ens5"",neighbor_id=""1.1.1.2",8,1,8
beida,routing_metrics,"beida-br-2|bgp_command_success|command=""bgp_summary",8,1,8
beida,routing_metrics,beida-br-2|bgp_peer_count|,8,1,8
beida,routing_metrics,"beida-br-2|bgp_peer_prefix_received|peer=""fd00:100:10::12"",remote_as=""65002"",state=""Established",8,1,8
beida,routing_metrics,"beida-br-2|bgp_peer_prefix_received|peer=""fd00:100:10::42"",remote_as=""65005"",state=""Established",8,1,8
beida,routing_metrics,"beida-br-2|bgp_peer_prefix_received|peer=""fd00:100:10::52"",remote_as=""65006"",state=""Established",8,1,8
beida,routing_metrics,"beida-br-2|bgp_peer_prefix_sent|peer=""fd00:100:10::12"",remote_as=""65002"",state=""Established",8,1,8
beida,routing_metrics,"beida-br-2|bgp_peer_prefix_sent|peer=""fd00:100:10::42"",remote_as=""65005"",state=""Established",8,1,8
beida,routing_metrics,"beida-br-2|bgp_peer_prefix_sent|peer=""fd00:100:10::52"",remote_as=""65006"",state=""Established",8,1,8
beida,routing_metrics,"beida-br-2|bgp_peer_uptime_seconds|peer=""fd00:100:10::12"",remote_as=""65002"",state=""Established",8,1,8
beida,routing_metrics,"beida-br-2|bgp_peer_uptime_seconds|peer=""fd00:100:10::42"",remote_as=""65005"",state=""Established",8,1,8
beida,routing_metrics,"beida-br-2|bgp_peer_uptime_seconds|peer=""fd00:100:10::52"",remote_as=""65006"",state=""Established",8,1,8
beida,routing_metrics,"beida-br-2|bgp_peer_up|peer=""fd00:100:10::12"",remote_as=""65002"",state=""Established",8,1,8
beida,routing_metrics,"beida-br-2|bgp_peer_up|peer=""fd00:100:10::42"",remote_as=""65005"",state=""Established",8,1,8
beida,routing_metrics,"beida-br-2|bgp_peer_up|peer=""fd00:100:10::52"",remote_as=""65006"",state=""Established",8,1,8
beida,routing_metrics,beida-br-2|ipv6_default_route_changed_total|,8,1,8
beida,routing_metrics,"beida-br-2|ipv6_default_route_info|next_hop=""240a:a023::1"",dev=""ens4"",protocol=""unknown"",metric=""1024"",route_index=""0"",nh_index=""0",8,1,8
beida,routing_metrics,"beida-br-2|ipv6_route_change_total|prefix=""::/0",8,1,8
beida,routing_metrics,"beida-br-2|ipv6_route_change_total|prefix=""fd00:1:40::/64",8,1,8
beida,routing_metrics,"beida-br-2|ipv6_route_change_total|prefix=""fd00:2:40::/64",8,1,8
beida,routing_metrics,"beida-br-2|ipv6_route_change_total|prefix=""fd00:3:40::/64",8,1,8
beida,routing_metrics,"beida-br-2|ipv6_route_change_total|prefix=""fd00:4:40::/64",8,1,8
beida,routing_metrics,"beida-br-2|ipv6_route_change_total|prefix=""fd00:5:40::/64",8,1,8
beida,routing_metrics,"beida-br-2|ipv6_route_change_total|prefix=""fd00:6:40::/64",8,1,8
beida,routing_metrics,"beida-br-2|ipv6_route_change_total|prefix=""fd00:7:40::/64",8,1,8
beida,routing_metrics,"beida-br-2|ipv6_route_change_total|prefix=""fd00:8:40::/64",8,1,8
beida,routing_metrics,"beida-br-2|ipv6_route_count|protocol=""all",8,1,8
beida,routing_metrics,"beida-br-2|ipv6_route_count|protocol=""bgp",8,1,8
beida,routing_metrics,"beida-br-2|ipv6_route_count|protocol=""kernel",8,1,8
beida,routing_metrics,"beida-br-2|ipv6_route_count|protocol=""ospf",8,1,8
beida,routing_metrics,"beida-br-2|ipv6_route_count|protocol=""unknown",8,1,8
beida,routing_metrics,"beida-br-2|ipv6_route_exists|prefix=""::/0",8,1,8
beida,routing_metrics,"beida-br-2|ipv6_route_exists|prefix=""fd00:1:40::/64",8,1,8
beida,routing_metrics,"beida-br-2|ipv6_route_exists|prefix=""fd00:2:40::/64",8,1,8
beida,routing_metrics,"beida-br-2|ipv6_route_exists|prefix=""fd00:3:40::/64",8,1,8
beida,routing_metrics,"beida-br-2|ipv6_route_exists|prefix=""fd00:4:40::/64",8,1,8
beida,routing_metrics,"beida-br-2|ipv6_route_exists|prefix=""fd00:5:40::/64",8,1,8
beida,routing_metrics,"beida-br-2|ipv6_route_exists|prefix=""fd00:6:40::/64",8,1,8
beida,routing_metrics,"beida-br-2|ipv6_route_exists|prefix=""fd00:7:40::/64",8,1,8
beida,routing_metrics,"beida-br-2|ipv6_route_exists|prefix=""fd00:8:40::/64",8,1,8
beida,routing_metrics,"beida-br-2|ipv6_route_nexthop_info|prefix=""::/0"",next_hop=""240a:a023::1"",dev=""ens4"",protocol=""unknown"",metric=""1024"",route_index=""0"",nh_index=""0",8,1,8
beida,routing_metrics,"beida-br-2|ipv6_route_nexthop_info|prefix=""fd00:1:40::/64"",next_hop=""fe80::11:4"",dev=""ens5"",protocol=""ospf"",metric=""20"",route_index=""0"",nh_index=""0",8,1,8
beida,routing_metrics,"beida-br-2|ipv6_route_nexthop_info|prefix=""fd00:1:40::/64"",next_hop=""fe80::12:4"",dev=""ens5"",protocol=""ospf"",metric=""20"",route_index=""0"",nh_index=""1",8,1,8
beida,routing_metrics,"beida-br-2|ipv6_route_nexthop_info|prefix=""fd00:2:40::/64"",next_hop=""fe80::100:10:12"",dev=""ens4"",protocol=""bgp"",metric=""20"",route_index=""0"",nh_index=""0",8,1,8
beida,routing_metrics,"beida-br-2|ipv6_route_nexthop_info|prefix=""fd00:4:40::/64"",next_hop=""fe80::100:10:42"",dev=""ens4"",protocol=""bgp"",metric=""20"",route_index=""0"",nh_index=""0",8,1,8
beida,routing_metrics,"beida-br-2|ipv6_route_nexthop_info|prefix=""fd00:5:40::/64"",next_hop=""fe80::100:10:42"",dev=""ens4"",protocol=""bgp"",metric=""20"",route_index=""0"",nh_index=""0",8,1,8
beida,routing_metrics,"beida-br-2|ipv6_route_nexthop_info|prefix=""fd00:6:40::/64"",next_hop=""fe80::100:10:52"",dev=""ens4"",protocol=""bgp"",metric=""20"",route_index=""0"",nh_index=""0",8,1,8
beida,routing_metrics,"beida-br-2|ospf6_interface_cost|interface=""ens5",8,1,8
beida,routing_metrics,"beida-br-2|ospf6_interface_enabled|interface=""ens10",8,1,8
beida,routing_metrics,"beida-br-2|ospf6_interface_enabled|interface=""ens11",8,1,8
beida,routing_metrics,"beida-br-2|ospf6_interface_enabled|interface=""ens12",8,1,8
beida,routing_metrics,"beida-br-2|ospf6_interface_enabled|interface=""ens3",8,1,8
beida,routing_metrics,"beida-br-2|ospf6_interface_enabled|interface=""ens4",8,1,8
beida,routing_metrics,"beida-br-2|ospf6_interface_enabled|interface=""ens5",8,1,8
beida,routing_metrics,"beida-br-2|ospf6_interface_enabled|interface=""ens6",8,1,8
beida,routing_metrics,"beida-br-2|ospf6_interface_enabled|interface=""ens7",8,1,8
beida,routing_metrics,"beida-br-2|ospf6_interface_enabled|interface=""ens8",8,1,8
beida,routing_metrics,"beida-br-2|ospf6_interface_enabled|interface=""ens9",8,1,8
beida,routing_metrics,"beida-br-2|ospf6_interface_enabled|interface=""lo",8,1,8
beida,routing_metrics,"beida-br-2|ospf6_interface_enabled|interface=""virbr0",8,1,8
beida,routing_metrics,"beida-br-2|ospf6_neighbor_state_code|state=""Full"",interface=""ens5"",neighbor_id=""1.1.1.11",8,1,8
beida,routing_metrics,"beida-br-2|ospf6_neighbor_state_code|state=""Full"",interface=""ens5"",neighbor_id=""1.1.1.12",8,1,8
beida,routing_metrics,"beida-br-2|ospf6_neighbor_state_code|state=""Twoway"",interface=""ens5"",neighbor_id=""1.1.1.1",8,1,8
beida,scrape_health,beida-br-1|[fd00:1:20::1]:9100|node_exporter,1,1,1
beida,scrape_health,beida-br-1|[fd00:1:20::1]:9343|routing_exporter,1,1,1
beida,scrape_health,beida-br-2|[fd00:1:20::2]:9100|node_exporter,1,1,1
beida,scrape_health,beida-br-2|[fd00:1:20::2]:9343|routing_exporter,1,1,1
beida,scrape_health,beida-cr-1|[fd00:1:30::1]:9100|node_exporter,1,1,1
beida,scrape_health,beida-cr-1|[fd00:1:30::1]:9343|routing_exporter,1,1,1
beida,scrape_health,beida-cr-2|[fd00:1:30::2]:9100|node_exporter,1,1,1
beida,scrape_health,beida-cr-2|[fd00:1:30::2]:9343|routing_exporter,1,1,1
beida,scrape_health,beida-fw|[fd00:1:40::254]:9100|node_exporter,1,1,1
beida,scrape_health,beida-service-vm-1|[fd00:1:40::31]:9100|node_exporter,1,1,1
beida,scrape_health,beida-service-vm-2|[fd00:1:40::32]:9100|node_exporter,1,1,1
beida,scrape_health,beida-service-vm-3|[fd00:1:40::33]:9100|node_exporter,1,1,1
beida,scrape_health,beida-traffic-vm|[fd00:1:40::10]:9100|node_exporter,1,1,1
beida,traffic_flow_metrics,fa8a66ed26a6f4c099e7ecf2d3c43f4962fe6d57e1ac95df27dc494d4cb49fdc,19871,18,2831
beida,traffic_flow_metrics,7fc798dabedfa40448ddce5d4459111c650975e71b44dfbb8f581cd556cd9d4f,19855,23,4918
beida,traffic_flow_metrics,3262c3b4f4ae9fa038693473c22c74e6a8c508a0bb6ed2f0e2edd99eb0c9a6a4,19832,22,4076
beida,traffic_flow_metrics,161c8b5cdbb6c670e70b03ae932b2b0f7d9e1c0c2b8346d9443186f79454cd04,19377,22,4017
beida,traffic_flow_metrics,6706633b047cb030960331b4bb9449c6bf13da4198bdc055d177a02d858cc129,19348,15,3983
beida,traffic_flow_metrics,2a116d29049c48013697d4c4f1b2b54020af2dc647131066b0950cdfd9aec79f,19221,23,4179
beida,traffic_flow_metrics,446aca0e20926484dc756711a3d8df6f4dc12630e228f782fb58487378805236,19124,13,3898
beida,traffic_flow_metrics,4a4784a5208ec1f0e43ee149db960e5369b3d8075629ee5cba8c09daaec43eb2,18721,16,2668
beida,traffic_flow_metrics,652b2b3c4d7b240686e39c395c58a0d61c5e5e7fcaddf644154fb55bf0bb1780,18190,11,5102
beida,traffic_flow_metrics,50842d8c2251ca05f1e1e7beb9136ccc76ac1865c2cbd6149bb4eb3c099b6084,17949,23,4019
beida,traffic_flow_metrics,180636862a614ee1298e9a081f5eaacdce56f6df9afcc8ccc2ba7a7dd7e722b0,17712,16,4132
beida,traffic_flow_metrics,25c208b02ab205413f7c5d603924f81da02000308ee35f348f0c9a6a8683e892,17689,22,2423
beida,traffic_flow_metrics,ddec7ecf868361b02774b13cec40f7c4b3a933e0dba8c085433b2153ccf8c871,17502,11,6501
beida,traffic_flow_metrics,943bb385633b1d20a3001e8a60b64b736334a6e4056a028fe692a3ae95e6126d,17277,20,2904
beida,traffic_flow_metrics,86cab6be6ebb4be7fc45ff4bbb5ea74b38e92a40a7dd9ab95ef0146de9eb253f,17163,21,2047
beida,traffic_flow_metrics,a83c253e8fc927aaf03aa021da35c19a2ecf7054879cfa3d3ed3819e1bcbfac9,16870,14,4159
beida,traffic_flow_metrics,50d2590ce2dd52ed063a05a8dc2ad1ced5ae787a7fbd0362fe2a605c6ec3e50d,16376,19,3140
beida,traffic_flow_metrics,dc47692faa92066d03e51a536724150fa67959b6c310e590f0fea7368c5bbe1d,16308,15,2338
beida,traffic_flow_metrics,bf39eab6c3725d93f892db23cd9dfc95f5eeb54bc070100bd9ee2a0397409c4a,15598,14,2714
beida,traffic_flow_metrics,3195ac1ede0cd0215637c3c59cd30c9dd06c81a50e17e6fb872bc732e9bac1b1,15211,14,5554
beida,traffic_flow_metrics,510bd1c963768041c7475d140e99e7114fbcea95ce868032cc62c432828aba87,14947,22,2030
beida,traffic_flow_metrics,57431fe22c9253424940c7c94b4f56029e2f24fec10a111a85926be00fd1ff69,7062,4089,8
beida,traffic_flow_metrics,ddb3b8d99f6cca0352f4058cd8cd2100330bd28abb1c5c3aa1e047b68a733ae1,1443,1336,3
beida,traffic_flow_metrics,c7f75369274169ed168729c6df8c5715d95dd18755f7057c411d2fa261cd13ba,187,184,2
chengdu,interface_metrics,chengdu-br-1|ens10,30,12,7
chengdu,interface_metrics,chengdu-br-1|ens11,30,12,7
chengdu,interface_metrics,chengdu-br-1|ens12,30,12,7
chengdu,interface_metrics,chengdu-br-1|ens3,30,12,7
chengdu,interface_metrics,chengdu-br-1|ens4,30,12,7
chengdu,interface_metrics,chengdu-br-1|ens5,30,12,7
chengdu,interface_metrics,chengdu-br-1|ens6,30,12,7
chengdu,interface_metrics,chengdu-br-1|ens7,30,12,7
chengdu,interface_metrics,chengdu-br-1|ens8,30,12,7
chengdu,interface_metrics,chengdu-br-1|ens9,30,12,7
chengdu,interface_metrics,chengdu-br-2|ens10,30,12,8
chengdu,interface_metrics,chengdu-br-2|ens11,30,12,8
chengdu,interface_metrics,chengdu-br-2|ens12,30,12,8
chengdu,interface_metrics,chengdu-br-2|ens3,30,12,8
chengdu,interface_metrics,chengdu-br-2|ens4,30,12,8
chengdu,interface_metrics,chengdu-br-2|ens5,30,12,8
chengdu,interface_metrics,chengdu-br-2|ens6,30,12,8
chengdu,interface_metrics,chengdu-br-2|ens7,30,12,8
chengdu,interface_metrics,chengdu-br-2|ens8,30,12,8
chengdu,interface_metrics,chengdu-br-2|ens9,30,12,8
chengdu,interface_metrics,chengdu-cr-1|ens10,13,9,3
chengdu,interface_metrics,chengdu-cr-1|ens11,13,9,3
chengdu,interface_metrics,chengdu-cr-1|ens12,13,9,3
chengdu,interface_metrics,chengdu-cr-1|ens3,13,9,3
chengdu,interface_metrics,chengdu-cr-1|ens4,13,9,3
chengdu,interface_metrics,chengdu-cr-1|ens5,13,9,3
chengdu,interface_metrics,chengdu-cr-1|ens6,13,9,3
chengdu,interface_metrics,chengdu-cr-1|ens7,13,9,3
chengdu,interface_metrics,chengdu-cr-1|ens8,13,9,3
chengdu,interface_metrics,chengdu-cr-1|ens9,13,9,3
chengdu,interface_metrics,chengdu-cr-2|ens10,13,9,3
chengdu,interface_metrics,chengdu-cr-2|ens11,13,9,3
chengdu,interface_metrics,chengdu-cr-2|ens12,13,9,3
chengdu,interface_metrics,chengdu-cr-2|ens3,13,9,3
chengdu,interface_metrics,chengdu-cr-2|ens4,13,9,3
chengdu,interface_metrics,chengdu-cr-2|ens5,13,9,3
chengdu,interface_metrics,chengdu-cr-2|ens6,13,9,3
chengdu,interface_metrics,chengdu-cr-2|ens7,13,9,3
chengdu,interface_metrics,chengdu-cr-2|ens8,13,9,3
chengdu,interface_metrics,chengdu-cr-2|ens9,13,9,3
chengdu,interface_metrics,chengdu-fw|ens3,13,9,3
chengdu,interface_metrics,chengdu-fw|ens4,13,9,3
chengdu,interface_metrics,chengdu-fw|ens5,13,9,3
chengdu,interface_metrics,chengdu-fw|ens6,13,9,3
chengdu,interface_metrics,chengdu-service-vm-1|ens3,13,9,3
chengdu,interface_metrics,chengdu-service-vm-1|ens4,13,9,3
chengdu,interface_metrics,chengdu-service-vm-1|ens5,13,9,3
chengdu,interface_metrics,chengdu-service-vm-1|ens6,13,9,3
chengdu,interface_metrics,chengdu-service-vm-2|ens3,13,9,3
chengdu,interface_metrics,chengdu-service-vm-2|ens4,13,9,3
chengdu,interface_metrics,chengdu-service-vm-2|ens5,13,9,3
chengdu,interface_metrics,chengdu-service-vm-2|ens6,13,9,3
chengdu,interface_metrics,chengdu-service-vm-3|ens3,13,9,3
chengdu,interface_metrics,chengdu-service-vm-3|ens4,13,9,3
chengdu,interface_metrics,chengdu-service-vm-3|ens5,13,9,3
chengdu,interface_metrics,chengdu-service-vm-3|ens6,13,9,3
chengdu,interface_metrics,chengdu-traffic-vm|ens3,13,9,3
chengdu,interface_metrics,chengdu-traffic-vm|ens4,13,9,3
chengdu,interface_metrics,chengdu-traffic-vm|ens5,13,9,3
chengdu,interface_metrics,chengdu-traffic-vm|ens6,13,9,3
chengdu,node_metrics,chengdu-br-1,29,12,7
chengdu,node_metrics,chengdu-br-2,29,12,7
chengdu,node_metrics,chengdu-cr-1,13,9,3
chengdu,node_metrics,chengdu-cr-2,13,9,3
chengdu,node_metrics,chengdu-fw,13,9,3
chengdu,node_metrics,chengdu-service-vm-1,13,9,3
chengdu,node_metrics,chengdu-service-vm-2,13,9,3
chengdu,node_metrics,chengdu-service-vm-3,13,9,3
chengdu,node_metrics,chengdu-traffic-vm,13,9,3
chengdu,routing_metrics,"chengdu-br-1|bgp_peer_prefix_received|peer=""fd00:100:10::21"",remote_as=""65003"",state=""Idle (Admin)",12906,5,12900
chengdu,routing_metrics,"chengdu-br-1|bgp_peer_uptime_seconds|peer=""fd00:100:10::21"",remote_as=""65003"",state=""Idle (Admin)",12906,5,12900
chengdu,routing_metrics,"chengdu-br-1|bgp_peer_up|peer=""fd00:100:10::21"",remote_as=""65003"",state=""Idle (Admin)",12906,5,12900
chengdu,routing_metrics,"chengdu-br-1|ipv6_route_nexthop_info|prefix=""fd00:3:40::/64"",next_hop=""fe80::100:10:41"",dev=""ens4"",protocol=""bgp"",metric=""20"",route_index=""0"",nh_index=""0",12897,6,6771
chengdu,routing_metrics,"chengdu-cr-2|ipv6_route_count|protocol=""unknown",825,1,825
chengdu,routing_metrics,"chengdu-br-2|bgp_peer_prefix_received|peer=""fd00:100:10::22"",remote_as=""65003"",state=""Active",685,3,681
chengdu,routing_metrics,"chengdu-br-2|bgp_peer_uptime_seconds|peer=""fd00:100:10::22"",remote_as=""65003"",state=""Active",685,3,681
chengdu,routing_metrics,"chengdu-br-2|bgp_peer_up|peer=""fd00:100:10::22"",remote_as=""65003"",state=""Active",685,3,681
chengdu,routing_metrics,"chengdu-br-2|ipv6_route_nexthop_info|prefix=""fd00:3:40::/64"",next_hop=""fe80::100:10:42"",dev=""ens4"",protocol=""bgp"",metric=""20"",route_index=""0"",nh_index=""0",685,3,681
chengdu,routing_metrics,"chengdu-br-1|bgp_peer_prefix_received|peer=""fd00:100:10::21"",remote_as=""65003"",state=""Established",51,18,9
chengdu,routing_metrics,"chengdu-br-1|bgp_peer_prefix_sent|peer=""fd00:100:10::21"",remote_as=""65003"",state=""Established",51,18,9
chengdu,routing_metrics,"chengdu-br-1|bgp_peer_uptime_seconds|peer=""fd00:100:10::21"",remote_as=""65003"",state=""Established",51,18,9
chengdu,routing_metrics,"chengdu-br-1|bgp_peer_up|peer=""fd00:100:10::21"",remote_as=""65003"",state=""Established",51,18,9
chengdu,routing_metrics,"chengdu-br-1|ipv6_route_nexthop_info|prefix=""fd00:3:40::/64"",next_hop=""fe80::100:10:21"",dev=""ens4"",protocol=""bgp"",metric=""20"",route_index=""0"",nh_index=""0",51,18,9
chengdu,routing_metrics,"chengdu-cr-1|ospf6_neighbor_state_code|state=""Full"",interface=""ens5"",neighbor_id=""4.4.4.12",33,9,27
chengdu,routing_metrics,"chengdu-cr-2|ospf6_neighbor_state_code|state=""Full"",interface=""ens5"",neighbor_id=""4.4.4.11",33,9,27
chengdu,routing_metrics,"chengdu-br-2|bgp_peer_prefix_received|peer=""fd00:100:10::22"",remote_as=""65003"",state=""Established",30,15,7
chengdu,routing_metrics,"chengdu-br-2|bgp_peer_prefix_sent|peer=""fd00:100:10::22"",remote_as=""65003"",state=""Established",30,15,7
chengdu,routing_metrics,"chengdu-br-2|bgp_peer_uptime_seconds|peer=""fd00:100:10::22"",remote_as=""65003"",state=""Established",30,15,7
chengdu,routing_metrics,"chengdu-br-2|bgp_peer_up|peer=""fd00:100:10::22"",remote_as=""65003"",state=""Established",30,15,7
chengdu,routing_metrics,"chengdu-br-2|ipv6_route_nexthop_info|prefix=""fd00:3:40::/64"",next_hop=""fe80::100:10:22"",dev=""ens4"",protocol=""bgp"",metric=""20"",route_index=""0"",nh_index=""0",30,15,7
chengdu,routing_metrics,"chengdu-br-1|bgp_command_success|command=""bgp_summary",23,11,7
chengdu,routing_metrics,chengdu-br-1|bgp_peer_count|,23,11,7
chengdu,routing_metrics,"chengdu-br-1|bgp_peer_prefix_received|peer=""fd00:100:10::41"",remote_as=""65005"",state=""Established",23,11,7
chengdu,routing_metrics,"chengdu-br-1|bgp_peer_prefix_sent|peer=""fd00:100:10::41"",remote_as=""65005"",state=""Established",23,11,7
chengdu,routing_metrics,"chengdu-br-1|bgp_peer_uptime_seconds|peer=""fd00:100:10::41"",remote_as=""65005"",state=""Established",23,11,7
chengdu,routing_metrics,"chengdu-br-1|bgp_peer_up|peer=""fd00:100:10::41"",remote_as=""65005"",state=""Established",23,11,7
chengdu,routing_metrics,chengdu-br-1|ipv6_default_route_changed_total|,23,11,7
chengdu,routing_metrics,"chengdu-br-1|ipv6_default_route_info|next_hop=""240a:a023::1"",dev=""ens4"",protocol=""unknown"",metric=""1024"",route_index=""0"",nh_index=""0",23,11,7
chengdu,routing_metrics,"chengdu-br-1|ipv6_route_change_total|prefix=""::/0",23,11,7
chengdu,routing_metrics,"chengdu-br-1|ipv6_route_change_total|prefix=""fd00:1:40::/64",23,11,7
chengdu,routing_metrics,"chengdu-br-1|ipv6_route_change_total|prefix=""fd00:2:40::/64",23,11,7
chengdu,routing_metrics,"chengdu-br-1|ipv6_route_change_total|prefix=""fd00:3:40::/64",23,11,7
chengdu,routing_metrics,"chengdu-br-1|ipv6_route_change_total|prefix=""fd00:4:40::/64",23,11,7
chengdu,routing_metrics,"chengdu-br-1|ipv6_route_change_total|prefix=""fd00:5:40::/64",23,11,7
chengdu,routing_metrics,"chengdu-br-1|ipv6_route_change_total|prefix=""fd00:6:40::/64",23,11,7
chengdu,routing_metrics,"chengdu-br-1|ipv6_route_change_total|prefix=""fd00:7:40::/64",23,11,7
chengdu,routing_metrics,"chengdu-br-1|ipv6_route_change_total|prefix=""fd00:8:40::/64",23,11,7
chengdu,routing_metrics,"chengdu-br-1|ipv6_route_count|protocol=""all",23,11,7
chengdu,routing_metrics,"chengdu-br-1|ipv6_route_count|protocol=""bgp",23,11,7
chengdu,routing_metrics,"chengdu-br-1|ipv6_route_count|protocol=""kernel",23,11,7
chengdu,routing_metrics,"chengdu-br-1|ipv6_route_count|protocol=""ospf",23,11,7
chengdu,routing_metrics,"chengdu-br-1|ipv6_route_count|protocol=""unknown",23,11,7
chengdu,routing_metrics,"chengdu-br-1|ipv6_route_exists|prefix=""::/0",23,11,7
chengdu,routing_metrics,"chengdu-br-1|ipv6_route_exists|prefix=""fd00:1:40::/64",23,11,7
chengdu,routing_metrics,"chengdu-br-1|ipv6_route_exists|prefix=""fd00:2:40::/64",23,11,7
chengdu,routing_metrics,"chengdu-br-1|ipv6_route_exists|prefix=""fd00:3:40::/64",23,11,7
chengdu,routing_metrics,"chengdu-br-1|ipv6_route_exists|prefix=""fd00:4:40::/64",23,11,7
chengdu,routing_metrics,"chengdu-br-1|ipv6_route_exists|prefix=""fd00:5:40::/64",23,11,7
chengdu,routing_metrics,"chengdu-br-1|ipv6_route_exists|prefix=""fd00:6:40::/64",23,11,7
chengdu,routing_metrics,"chengdu-br-1|ipv6_route_exists|prefix=""fd00:7:40::/64",23,11,7
chengdu,routing_metrics,"chengdu-br-1|ipv6_route_exists|prefix=""fd00:8:40::/64",23,11,7
chengdu,routing_metrics,"chengdu-br-1|ipv6_route_nexthop_info|prefix=""::/0"",next_hop=""240a:a023::1"",dev=""ens4"",protocol=""unknown"",metric=""1024"",route_index=""0"",nh_index=""0",23,11,7
chengdu,routing_metrics,"chengdu-br-1|ipv6_route_nexthop_info|prefix=""fd00:1:40::/64"",next_hop=""fe80::100:10:41"",dev=""ens4"",protocol=""bgp"",metric=""20"",route_index=""0"",nh_index=""0",23,11,7
chengdu,routing_metrics,"chengdu-br-1|ipv6_route_nexthop_info|prefix=""fd00:2:40::/64"",next_hop=""fe80::100:10:41"",dev=""ens4"",protocol=""bgp"",metric=""20"",route_index=""0"",nh_index=""0",23,11,7
chengdu,routing_metrics,"chengdu-br-1|ipv6_route_nexthop_info|prefix=""fd00:4:40::/64"",next_hop=""fe80::4:20:11"",dev=""ens5"",protocol=""ospf"",metric=""20"",route_index=""0"",nh_index=""0",23,11,7
chengdu,routing_metrics,"chengdu-br-1|ipv6_route_nexthop_info|prefix=""fd00:4:40::/64"",next_hop=""fe80::4:20:12"",dev=""ens5"",protocol=""ospf"",metric=""20"",route_index=""0"",nh_index=""1",23,11,7
chengdu,routing_metrics,"chengdu-br-1|ipv6_route_nexthop_info|prefix=""fd00:5:40::/64"",next_hop=""fe80::100:10:41"",dev=""ens4"",protocol=""bgp"",metric=""20"",route_index=""0"",nh_index=""0",23,11,7
chengdu,routing_metrics,"chengdu-br-1|ipv6_route_nexthop_info|prefix=""fd00:6:40::/64"",next_hop=""fe80::100:10:41"",dev=""ens4"",protocol=""bgp"",metric=""20"",route_index=""0"",nh_index=""0",23,11,7
chengdu,routing_metrics,"chengdu-br-1|ipv6_route_nexthop_info|prefix=""fd00:7:40::/64"",next_hop=""fe80::100:10:41"",dev=""ens4"",protocol=""bgp"",metric=""20"",route_index=""0"",nh_index=""0",23,11,7
chengdu,routing_metrics,"chengdu-br-1|ipv6_route_nexthop_info|prefix=""fd00:8:40::/64"",next_hop=""fe80::100:10:41"",dev=""ens4"",protocol=""bgp"",metric=""20"",route_index=""0"",nh_index=""0",23,11,7
chengdu,routing_metrics,"chengdu-br-1|ospf6_interface_cost|interface=""ens5",23,11,7
chengdu,routing_metrics,"chengdu-br-1|ospf6_interface_enabled|interface=""ens10",23,11,7
chengdu,routing_metrics,"chengdu-br-1|ospf6_interface_enabled|interface=""ens11",23,11,7
chengdu,routing_metrics,"chengdu-br-1|ospf6_interface_enabled|interface=""ens12",23,11,7
chengdu,routing_metrics,"chengdu-br-1|ospf6_interface_enabled|interface=""ens3",23,11,7
chengdu,routing_metrics,"chengdu-br-1|ospf6_interface_enabled|interface=""ens4",23,11,7
chengdu,routing_metrics,"chengdu-br-1|ospf6_interface_enabled|interface=""ens5",23,11,7
chengdu,routing_metrics,"chengdu-br-1|ospf6_interface_enabled|interface=""ens6",23,11,7
chengdu,routing_metrics,"chengdu-br-1|ospf6_interface_enabled|interface=""ens7",23,11,7
chengdu,routing_metrics,"chengdu-br-1|ospf6_interface_enabled|interface=""ens8",23,11,7
chengdu,routing_metrics,"chengdu-br-1|ospf6_interface_enabled|interface=""ens9",23,11,7
chengdu,routing_metrics,"chengdu-br-1|ospf6_interface_enabled|interface=""lo",23,11,7
chengdu,routing_metrics,"chengdu-br-1|ospf6_interface_enabled|interface=""virbr0",23,11,7
chengdu,routing_metrics,"chengdu-br-1|ospf6_neighbor_state_code|state=""Full"",interface=""ens5"",neighbor_id=""4.4.4.11",23,11,7
chengdu,routing_metrics,"chengdu-br-1|ospf6_neighbor_state_code|state=""Full"",interface=""ens5"",neighbor_id=""4.4.4.12",23,11,7
chengdu,routing_metrics,"chengdu-br-1|ospf6_neighbor_state_code|state=""Twoway"",interface=""ens5"",neighbor_id=""4.4.4.2",23,11,7
chengdu,routing_metrics,"chengdu-br-2|bgp_command_success|command=""bgp_summary",23,11,7
chengdu,routing_metrics,chengdu-br-2|bgp_peer_count|,23,11,7
chengdu,routing_metrics,"chengdu-br-2|bgp_peer_prefix_received|peer=""fd00:100:10::42"",remote_as=""65005"",state=""Established",23,11,7
chengdu,routing_metrics,"chengdu-br-2|bgp_peer_prefix_sent|peer=""fd00:100:10::42"",remote_as=""65005"",state=""Established",23,11,7
chengdu,routing_metrics,"chengdu-br-2|bgp_peer_uptime_seconds|peer=""fd00:100:10::42"",remote_as=""65005"",state=""Established",23,11,7
chengdu,routing_metrics,"chengdu-br-2|bgp_peer_up|peer=""fd00:100:10::42"",remote_as=""65005"",state=""Established",23,11,7
chengdu,routing_metrics,chengdu-br-2|ipv6_default_route_changed_total|,23,11,7
chengdu,routing_metrics,"chengdu-br-2|ipv6_default_route_info|next_hop=""240a:a023::1"",dev=""ens4"",protocol=""unknown"",metric=""1024"",route_index=""0"",nh_index=""0",23,11,7
chengdu,routing_metrics,"chengdu-br-2|ipv6_route_change_total|prefix=""::/0",23,11,7
chengdu,routing_metrics,"chengdu-br-2|ipv6_route_change_total|prefix=""fd00:1:40::/64",23,11,7
chengdu,routing_metrics,"chengdu-br-2|ipv6_route_change_total|prefix=""fd00:2:40::/64",23,11,7
chengdu,routing_metrics,"chengdu-br-2|ipv6_route_change_total|prefix=""fd00:3:40::/64",23,11,7
chengdu,routing_metrics,"chengdu-br-2|ipv6_route_change_total|prefix=""fd00:4:40::/64",23,11,7
chengdu,routing_metrics,"chengdu-br-2|ipv6_route_change_total|prefix=""fd00:5:40::/64",23,11,7
chengdu,routing_metrics,"chengdu-br-2|ipv6_route_change_total|prefix=""fd00:6:40::/64",23,11,7
chengdu,routing_metrics,"chengdu-br-2|ipv6_route_change_total|prefix=""fd00:7:40::/64",23,11,7
chengdu,routing_metrics,"chengdu-br-2|ipv6_route_change_total|prefix=""fd00:8:40::/64",23,11,7
chengdu,routing_metrics,"chengdu-br-2|ipv6_route_count|protocol=""all",23,11,7
chengdu,routing_metrics,"chengdu-br-2|ipv6_route_count|protocol=""bgp",23,11,7
chengdu,routing_metrics,"chengdu-br-2|ipv6_route_count|protocol=""kernel",23,11,7
chengdu,routing_metrics,"chengdu-br-2|ipv6_route_count|protocol=""ospf",23,11,7
chengdu,routing_metrics,"chengdu-br-2|ipv6_route_count|protocol=""unknown",23,11,7
chengdu,routing_metrics,"chengdu-br-2|ipv6_route_exists|prefix=""::/0",23,11,7
chengdu,routing_metrics,"chengdu-br-2|ipv6_route_exists|prefix=""fd00:1:40::/64",23,11,7
chengdu,routing_metrics,"chengdu-br-2|ipv6_route_exists|prefix=""fd00:2:40::/64",23,11,7
chengdu,routing_metrics,"chengdu-br-2|ipv6_route_exists|prefix=""fd00:3:40::/64",23,11,7
chengdu,routing_metrics,"chengdu-br-2|ipv6_route_exists|prefix=""fd00:4:40::/64",23,11,7
chengdu,routing_metrics,"chengdu-br-2|ipv6_route_exists|prefix=""fd00:5:40::/64",23,11,7
chengdu,routing_metrics,"chengdu-br-2|ipv6_route_exists|prefix=""fd00:6:40::/64",23,11,7
chengdu,routing_metrics,"chengdu-br-2|ipv6_route_exists|prefix=""fd00:7:40::/64",23,11,7
chengdu,routing_metrics,"chengdu-br-2|ipv6_route_exists|prefix=""fd00:8:40::/64",23,11,7
chengdu,routing_metrics,"chengdu-br-2|ipv6_route_nexthop_info|prefix=""::/0"",next_hop=""240a:a023::1"",dev=""ens4"",protocol=""unknown"",metric=""1024"",route_index=""0"",nh_index=""0",23,11,7
chengdu,routing_metrics,"chengdu-br-2|ipv6_route_nexthop_info|prefix=""fd00:1:40::/64"",next_hop=""fe80::100:10:42"",dev=""ens4"",protocol=""bgp"",metric=""20"",route_index=""0"",nh_index=""0",23,11,7
chengdu,routing_metrics,"chengdu-br-2|ipv6_route_nexthop_info|prefix=""fd00:2:40::/64"",next_hop=""fe80::100:10:42"",dev=""ens4"",protocol=""bgp"",metric=""20"",route_index=""0"",nh_index=""0",23,11,7
chengdu,routing_metrics,"chengdu-br-2|ipv6_route_nexthop_info|prefix=""fd00:4:40::/64"",next_hop=""fe80::4:20:11"",dev=""ens5"",protocol=""ospf"",metric=""20"",route_index=""0"",nh_index=""0",23,11,7
chengdu,routing_metrics,"chengdu-br-2|ipv6_route_nexthop_info|prefix=""fd00:4:40::/64"",next_hop=""fe80::4:20:12"",dev=""ens5"",protocol=""ospf"",metric=""20"",route_index=""0"",nh_index=""1",23,11,7
chengdu,routing_metrics,"chengdu-br-2|ipv6_route_nexthop_info|prefix=""fd00:5:40::/64"",next_hop=""fe80::100:10:42"",dev=""ens4"",protocol=""bgp"",metric=""20"",route_index=""0"",nh_index=""0",23,11,7
chengdu,routing_metrics,"chengdu-br-2|ipv6_route_nexthop_info|prefix=""fd00:6:40::/64"",next_hop=""fe80::100:10:42"",dev=""ens4"",protocol=""bgp"",metric=""20"",route_index=""0"",nh_index=""0",23,11,7
chengdu,routing_metrics,"chengdu-br-2|ipv6_route_nexthop_info|prefix=""fd00:7:40::/64"",next_hop=""fe80::100:10:42"",dev=""ens4"",protocol=""bgp"",metric=""20"",route_index=""0"",nh_index=""0",23,11,7
chengdu,routing_metrics,"chengdu-br-2|ipv6_route_nexthop_info|prefix=""fd00:8:40::/64"",next_hop=""fe80::100:10:42"",dev=""ens4"",protocol=""bgp"",metric=""20"",route_index=""0"",nh_index=""0",23,11,7
chengdu,routing_metrics,"chengdu-br-2|ospf6_interface_cost|interface=""ens5",23,11,7
chengdu,routing_metrics,"chengdu-br-2|ospf6_interface_enabled|interface=""ens10",23,11,7
chengdu,routing_metrics,"chengdu-br-2|ospf6_interface_enabled|interface=""ens11",23,11,7
chengdu,routing_metrics,"chengdu-br-2|ospf6_interface_enabled|interface=""ens12",23,11,7
chengdu,routing_metrics,"chengdu-br-2|ospf6_interface_enabled|interface=""ens3",23,11,7
chengdu,routing_metrics,"chengdu-br-2|ospf6_interface_enabled|interface=""ens4",23,11,7
chengdu,routing_metrics,"chengdu-br-2|ospf6_interface_enabled|interface=""ens5",23,11,7
chengdu,routing_metrics,"chengdu-br-2|ospf6_interface_enabled|interface=""ens6",23,11,7
chengdu,routing_metrics,"chengdu-br-2|ospf6_interface_enabled|interface=""ens7",23,11,7
chengdu,routing_metrics,"chengdu-br-2|ospf6_interface_enabled|interface=""ens8",23,11,7
chengdu,routing_metrics,"chengdu-br-2|ospf6_interface_enabled|interface=""ens9",23,11,7
chengdu,routing_metrics,"chengdu-br-2|ospf6_interface_enabled|interface=""lo",23,11,7
chengdu,routing_metrics,"chengdu-br-2|ospf6_interface_enabled|interface=""virbr0",23,11,7
chengdu,routing_metrics,"chengdu-br-2|ospf6_neighbor_state_code|state=""Full"",interface=""ens5"",neighbor_id=""4.4.4.11",23,11,7
chengdu,routing_metrics,"chengdu-br-2|ospf6_neighbor_state_code|state=""Full"",interface=""ens5"",neighbor_id=""4.4.4.12",23,11,7
chengdu,routing_metrics,"chengdu-br-2|ospf6_neighbor_state_code|state=""Twoway"",interface=""ens5"",neighbor_id=""4.4.4.1",23,11,7
chengdu,routing_metrics,chengdu-cr-1|bgp_command_success|,6,8,2
chengdu,routing_metrics,chengdu-cr-1|bgp_peer_count|,6,8,2
chengdu,routing_metrics,chengdu-cr-1|bgp_peer_prefix_received|,6,8,2
chengdu,routing_metrics,chengdu-cr-1|bgp_peer_prefix_sent|,6,8,2
chengdu,routing_metrics,chengdu-cr-1|bgp_peer_uptime_seconds|,6,8,2
chengdu,routing_metrics,chengdu-cr-1|bgp_peer_up|,6,8,2
chengdu,routing_metrics,chengdu-cr-1|ipv6_default_route_changed_total|,6,8,2
chengdu,routing_metrics,"chengdu-cr-1|ipv6_default_route_info|next_hop=""fd00:4:20::1"",dev=""ens4"",protocol=""196"",metric=""20"",route_index=""0"",nh_index=""0",6,8,2
chengdu,routing_metrics,"chengdu-cr-1|ipv6_default_route_info|next_hop=""fd00:4:20::2"",dev=""ens4"",protocol=""196"",metric=""20"",route_index=""0"",nh_index=""1",6,8,2
chengdu,routing_metrics,"chengdu-cr-1|ipv6_route_change_total|prefix=""::/0",6,8,2
chengdu,routing_metrics,"chengdu-cr-1|ipv6_route_change_total|prefix=""fd00:1:40::/64",6,8,2
chengdu,routing_metrics,"chengdu-cr-1|ipv6_route_change_total|prefix=""fd00:2:40::/64",6,8,2
chengdu,routing_metrics,"chengdu-cr-1|ipv6_route_change_total|prefix=""fd00:3:40::/64",6,8,2
chengdu,routing_metrics,"chengdu-cr-1|ipv6_route_change_total|prefix=""fd00:4:40::/64",6,8,2
chengdu,routing_metrics,"chengdu-cr-1|ipv6_route_change_total|prefix=""fd00:5:40::/64",6,8,2
chengdu,routing_metrics,"chengdu-cr-1|ipv6_route_change_total|prefix=""fd00:6:40::/64",6,8,2
chengdu,routing_metrics,"chengdu-cr-1|ipv6_route_change_total|prefix=""fd00:7:40::/64",6,8,2
chengdu,routing_metrics,"chengdu-cr-1|ipv6_route_change_total|prefix=""fd00:8:40::/64",6,8,2
chengdu,routing_metrics,"chengdu-cr-1|ipv6_route_count|protocol=""196",6,8,2
chengdu,routing_metrics,"chengdu-cr-1|ipv6_route_count|protocol=""all",6,8,2
chengdu,routing_metrics,"chengdu-cr-1|ipv6_route_count|protocol=""kernel",6,8,2
chengdu,routing_metrics,"chengdu-cr-1|ipv6_route_count|protocol=""ospf",6,8,2
chengdu,routing_metrics,"chengdu-cr-1|ipv6_route_exists|prefix=""::/0",6,8,2
chengdu,routing_metrics,"chengdu-cr-1|ipv6_route_exists|prefix=""fd00:1:40::/64",6,8,2
chengdu,routing_metrics,"chengdu-cr-1|ipv6_route_exists|prefix=""fd00:2:40::/64",6,8,2
chengdu,routing_metrics,"chengdu-cr-1|ipv6_route_exists|prefix=""fd00:3:40::/64",6,8,2
chengdu,routing_metrics,"chengdu-cr-1|ipv6_route_exists|prefix=""fd00:4:40::/64",6,8,2
chengdu,routing_metrics,"chengdu-cr-1|ipv6_route_exists|prefix=""fd00:5:40::/64",6,8,2
chengdu,routing_metrics,"chengdu-cr-1|ipv6_route_exists|prefix=""fd00:6:40::/64",6,8,2
chengdu,routing_metrics,"chengdu-cr-1|ipv6_route_exists|prefix=""fd00:7:40::/64",6,8,2
chengdu,routing_metrics,"chengdu-cr-1|ipv6_route_exists|prefix=""fd00:8:40::/64",6,8,2
chengdu,routing_metrics,"chengdu-cr-1|ipv6_route_nexthop_info|prefix=""::/0"",next_hop=""fd00:4:20::1"",dev=""ens4"",protocol=""196"",metric=""20"",route_index=""0"",nh_index=""0",6,8,2
chengdu,routing_metrics,"chengdu-cr-1|ipv6_route_nexthop_info|prefix=""::/0"",next_hop=""fd00:4:20::2"",dev=""ens4"",protocol=""196"",metric=""20"",route_index=""0"",nh_index=""1",6,8,2
chengdu,routing_metrics,"chengdu-cr-1|ipv6_route_nexthop_info|prefix=""fd00:1:40::/64"",next_hop=""fe80::4:20:1"",dev=""ens4"",protocol=""ospf"",metric=""20"",route_index=""0"",nh_index=""0",6,8,2
chengdu,routing_metrics,"chengdu-cr-1|ipv6_route_nexthop_info|prefix=""fd00:1:40::/64"",next_hop=""fe80::4:20:2"",dev=""ens4"",protocol=""ospf"",metric=""20"",route_index=""0"",nh_index=""1",6,8,2
chengdu,routing_metrics,"chengdu-cr-1|ipv6_route_nexthop_info|prefix=""fd00:2:40::/64"",next_hop=""fe80::4:20:1"",dev=""ens4"",protocol=""ospf"",metric=""20"",route_index=""0"",nh_index=""0",6,8,2
chengdu,routing_metrics,"chengdu-cr-1|ipv6_route_nexthop_info|prefix=""fd00:2:40::/64"",next_hop=""fe80::4:20:2"",dev=""ens4"",protocol=""ospf"",metric=""20"",route_index=""0"",nh_index=""1",6,8,2
chengdu,routing_metrics,"chengdu-cr-1|ipv6_route_nexthop_info|prefix=""fd00:3:40::/64"",next_hop=""fe80::4:20:1"",dev=""ens4"",protocol=""ospf"",metric=""20"",route_index=""0"",nh_index=""0",6,8,2
chengdu,routing_metrics,"chengdu-cr-1|ipv6_route_nexthop_info|prefix=""fd00:3:40::/64"",next_hop=""fe80::4:20:2"",dev=""ens4"",protocol=""ospf"",metric=""20"",route_index=""0"",nh_index=""1",6,8,2
chengdu,routing_metrics,"chengdu-cr-1|ipv6_route_nexthop_info|prefix=""fd00:4:40::/64"",next_hop=""fd00:4:30::254"",dev=""ens5"",protocol=""196"",metric=""20"",route_index=""0"",nh_index=""0",6,8,2
chengdu,routing_metrics,"chengdu-cr-1|ipv6_route_nexthop_info|prefix=""fd00:5:40::/64"",next_hop=""fe80::4:20:1"",dev=""ens4"",protocol=""ospf"",metric=""20"",route_index=""0"",nh_index=""0",6,8,2
chengdu,routing_metrics,"chengdu-cr-1|ipv6_route_nexthop_info|prefix=""fd00:5:40::/64"",next_hop=""fe80::4:20:2"",dev=""ens4"",protocol=""ospf"",metric=""20"",route_index=""0"",nh_index=""1",6,8,2
chengdu,routing_metrics,"chengdu-cr-1|ipv6_route_nexthop_info|prefix=""fd00:6:40::/64"",next_hop=""fe80::4:20:1"",dev=""ens4"",protocol=""ospf"",metric=""20"",route_index=""0"",nh_index=""0",6,8,2
chengdu,routing_metrics,"chengdu-cr-1|ipv6_route_nexthop_info|prefix=""fd00:6:40::/64"",next_hop=""fe80::4:20:2"",dev=""ens4"",protocol=""ospf"",metric=""20"",route_index=""0"",nh_index=""1",6,8,2
chengdu,routing_metrics,"chengdu-cr-1|ipv6_route_nexthop_info|prefix=""fd00:7:40::/64"",next_hop=""fe80::4:20:1"",dev=""ens4"",protocol=""ospf"",metric=""20"",route_index=""0"",nh_index=""0",6,8,2
chengdu,routing_metrics,"chengdu-cr-1|ipv6_route_nexthop_info|prefix=""fd00:7:40::/64"",next_hop=""fe80::4:20:2"",dev=""ens4"",protocol=""ospf"",metric=""20"",route_index=""0"",nh_index=""1",6,8,2
chengdu,routing_metrics,"chengdu-cr-1|ipv6_route_nexthop_info|prefix=""fd00:8:40::/64"",next_hop=""fe80::4:20:1"",dev=""ens4"",protocol=""ospf"",metric=""20"",route_index=""0"",nh_index=""0",6,8,2
chengdu,routing_metrics,"chengdu-cr-1|ipv6_route_nexthop_info|prefix=""fd00:8:40::/64"",next_hop=""fe80::4:20:2"",dev=""ens4"",protocol=""ospf"",metric=""20"",route_index=""0"",nh_index=""1",6,8,2
chengdu,routing_metrics,"chengdu-cr-1|ospf6_interface_cost|interface=""ens4",6,8,2
chengdu,routing_metrics,"chengdu-cr-1|ospf6_interface_cost|interface=""ens5",6,8,2
chengdu,routing_metrics,"chengdu-cr-1|ospf6_interface_enabled|interface=""ens10",6,8,2
chengdu,routing_metrics,"chengdu-cr-1|ospf6_interface_enabled|interface=""ens11",6,8,2
chengdu,routing_metrics,"chengdu-cr-1|ospf6_interface_enabled|interface=""ens12",6,8,2
chengdu,routing_metrics,"chengdu-cr-1|ospf6_interface_enabled|interface=""ens3",6,8,2
chengdu,routing_metrics,"chengdu-cr-1|ospf6_interface_enabled|interface=""ens4",6,8,2
chengdu,routing_metrics,"chengdu-cr-1|ospf6_interface_enabled|interface=""ens5",6,8,2
chengdu,routing_metrics,"chengdu-cr-1|ospf6_interface_enabled|interface=""ens6",6,8,2
chengdu,routing_metrics,"chengdu-cr-1|ospf6_interface_enabled|interface=""ens7",6,8,2
chengdu,routing_metrics,"chengdu-cr-1|ospf6_interface_enabled|interface=""ens8",6,8,2
chengdu,routing_metrics,"chengdu-cr-1|ospf6_interface_enabled|interface=""ens9",6,8,2
chengdu,routing_metrics,"chengdu-cr-1|ospf6_interface_enabled|interface=""lo",6,8,2
chengdu,routing_metrics,"chengdu-cr-1|ospf6_interface_enabled|interface=""virbr0",6,8,2
chengdu,routing_metrics,"chengdu-cr-1|ospf6_neighbor_state_code|state=""Full"",interface=""ens4"",neighbor_id=""4.4.4.1",6,8,2
chengdu,routing_metrics,"chengdu-cr-1|ospf6_neighbor_state_code|state=""Full"",interface=""ens4"",neighbor_id=""4.4.4.12",6,8,2
chengdu,routing_metrics,"chengdu-cr-1|ospf6_neighbor_state_code|state=""Full"",interface=""ens4"",neighbor_id=""4.4.4.2",6,8,2
chengdu,routing_metrics,chengdu-cr-2|bgp_command_success|,6,8,2
chengdu,routing_metrics,chengdu-cr-2|bgp_peer_count|,6,8,2
chengdu,routing_metrics,chengdu-cr-2|bgp_peer_prefix_received|,6,8,2
chengdu,routing_metrics,chengdu-cr-2|bgp_peer_prefix_sent|,6,8,2
chengdu,routing_metrics,chengdu-cr-2|bgp_peer_uptime_seconds|,6,8,2
chengdu,routing_metrics,chengdu-cr-2|bgp_peer_up|,6,8,2
chengdu,routing_metrics,chengdu-cr-2|ipv6_default_route_changed_total|,6,8,2
chengdu,routing_metrics,"chengdu-cr-2|ipv6_default_route_info|next_hop=""fd00:4:20::1"",dev=""ens4"",protocol=""196"",metric=""20"",route_index=""0"",nh_index=""0",6,8,2
chengdu,routing_metrics,"chengdu-cr-2|ipv6_default_route_info|next_hop=""fd00:4:20::2"",dev=""ens4"",protocol=""196"",metric=""20"",route_index=""0"",nh_index=""1",6,8,2
chengdu,routing_metrics,"chengdu-cr-2|ipv6_route_change_total|prefix=""::/0",6,8,2
chengdu,routing_metrics,"chengdu-cr-2|ipv6_route_change_total|prefix=""fd00:1:40::/64",6,8,2
chengdu,routing_metrics,"chengdu-cr-2|ipv6_route_change_total|prefix=""fd00:2:40::/64",6,8,2
chengdu,routing_metrics,"chengdu-cr-2|ipv6_route_change_total|prefix=""fd00:3:40::/64",6,8,2
chengdu,routing_metrics,"chengdu-cr-2|ipv6_route_change_total|prefix=""fd00:4:40::/64",6,8,2
chengdu,routing_metrics,"chengdu-cr-2|ipv6_route_change_total|prefix=""fd00:5:40::/64",6,8,2
chengdu,routing_metrics,"chengdu-cr-2|ipv6_route_change_total|prefix=""fd00:6:40::/64",6,8,2
chengdu,routing_metrics,"chengdu-cr-2|ipv6_route_change_total|prefix=""fd00:7:40::/64",6,8,2
chengdu,routing_metrics,"chengdu-cr-2|ipv6_route_change_total|prefix=""fd00:8:40::/64",6,8,2
chengdu,routing_metrics,"chengdu-cr-2|ipv6_route_count|protocol=""196",6,8,2
chengdu,routing_metrics,"chengdu-cr-2|ipv6_route_count|protocol=""all",6,8,2
chengdu,routing_metrics,"chengdu-cr-2|ipv6_route_count|protocol=""kernel",6,8,2
chengdu,routing_metrics,"chengdu-cr-2|ipv6_route_count|protocol=""ospf",6,8,2
chengdu,routing_metrics,"chengdu-cr-2|ipv6_route_exists|prefix=""::/0",6,8,2
chengdu,routing_metrics,"chengdu-cr-2|ipv6_route_exists|prefix=""fd00:1:40::/64",6,8,2
chengdu,routing_metrics,"chengdu-cr-2|ipv6_route_exists|prefix=""fd00:2:40::/64",6,8,2
chengdu,routing_metrics,"chengdu-cr-2|ipv6_route_exists|prefix=""fd00:3:40::/64",6,8,2
chengdu,routing_metrics,"chengdu-cr-2|ipv6_route_exists|prefix=""fd00:4:40::/64",6,8,2
chengdu,routing_metrics,"chengdu-cr-2|ipv6_route_exists|prefix=""fd00:5:40::/64",6,8,2
chengdu,routing_metrics,"chengdu-cr-2|ipv6_route_exists|prefix=""fd00:6:40::/64",6,8,2
chengdu,routing_metrics,"chengdu-cr-2|ipv6_route_exists|prefix=""fd00:7:40::/64",6,8,2
chengdu,routing_metrics,"chengdu-cr-2|ipv6_route_exists|prefix=""fd00:8:40::/64",6,8,2
chengdu,routing_metrics,"chengdu-cr-2|ipv6_route_nexthop_info|prefix=""::/0"",next_hop=""fd00:4:20::1"",dev=""ens4"",protocol=""196"",metric=""20"",route_index=""0"",nh_index=""0",6,8,2
chengdu,routing_metrics,"chengdu-cr-2|ipv6_route_nexthop_info|prefix=""::/0"",next_hop=""fd00:4:20::2"",dev=""ens4"",protocol=""196"",metric=""20"",route_index=""0"",nh_index=""1",6,8,2
chengdu,routing_metrics,"chengdu-cr-2|ipv6_route_nexthop_info|prefix=""fd00:1:40::/64"",next_hop=""fe80::4:20:1"",dev=""ens4"",protocol=""ospf"",metric=""20"",route_index=""0"",nh_index=""0",6,8,2
chengdu,routing_metrics,"chengdu-cr-2|ipv6_route_nexthop_info|prefix=""fd00:1:40::/64"",next_hop=""fe80::4:20:2"",dev=""ens4"",protocol=""ospf"",metric=""20"",route_index=""0"",nh_index=""1",6,8,2
chengdu,routing_metrics,"chengdu-cr-2|ipv6_route_nexthop_info|prefix=""fd00:2:40::/64"",next_hop=""fe80::4:20:1"",dev=""ens4"",protocol=""ospf"",metric=""20"",route_index=""0"",nh_index=""0",6,8,2
chengdu,routing_metrics,"chengdu-cr-2|ipv6_route_nexthop_info|prefix=""fd00:2:40::/64"",next_hop=""fe80::4:20:2"",dev=""ens4"",protocol=""ospf"",metric=""20"",route_index=""0"",nh_index=""1",6,8,2
chengdu,routing_metrics,"chengdu-cr-2|ipv6_route_nexthop_info|prefix=""fd00:3:40::/64"",next_hop=""fe80::4:20:1"",dev=""ens4"",protocol=""ospf"",metric=""20"",route_index=""0"",nh_index=""0",6,8,2
chengdu,routing_metrics,"chengdu-cr-2|ipv6_route_nexthop_info|prefix=""fd00:3:40::/64"",next_hop=""fe80::4:20:2"",dev=""ens4"",protocol=""ospf"",metric=""20"",route_index=""0"",nh_index=""1",6,8,2
chengdu,routing_metrics,"chengdu-cr-2|ipv6_route_nexthop_info|prefix=""fd00:4:40::/64"",next_hop=""fd00:4:30::254"",dev=""ens5"",protocol=""196"",metric=""20"",route_index=""0"",nh_index=""0",6,8,2
chengdu,routing_metrics,"chengdu-cr-2|ipv6_route_nexthop_info|prefix=""fd00:5:40::/64"",next_hop=""fe80::4:20:1"",dev=""ens4"",protocol=""ospf"",metric=""20"",route_index=""0"",nh_index=""0",6,8,2
chengdu,routing_metrics,"chengdu-cr-2|ipv6_route_nexthop_info|prefix=""fd00:5:40::/64"",next_hop=""fe80::4:20:2"",dev=""ens4"",protocol=""ospf"",metric=""20"",route_index=""0"",nh_index=""1",6,8,2
chengdu,routing_metrics,"chengdu-cr-2|ipv6_route_nexthop_info|prefix=""fd00:6:40::/64"",next_hop=""fe80::4:20:1"",dev=""ens4"",protocol=""ospf"",metric=""20"",route_index=""0"",nh_index=""0",6,8,2
chengdu,routing_metrics,"chengdu-cr-2|ipv6_route_nexthop_info|prefix=""fd00:6:40::/64"",next_hop=""fe80::4:20:2"",dev=""ens4"",protocol=""ospf"",metric=""20"",route_index=""0"",nh_index=""1",6,8,2
chengdu,routing_metrics,"chengdu-cr-2|ipv6_route_nexthop_info|prefix=""fd00:7:40::/64"",next_hop=""fe80::4:20:1"",dev=""ens4"",protocol=""ospf"",metric=""20"",route_index=""0"",nh_index=""0",6,8,2
chengdu,routing_metrics,"chengdu-cr-2|ipv6_route_nexthop_info|prefix=""fd00:7:40::/64"",next_hop=""fe80::4:20:2"",dev=""ens4"",protocol=""ospf"",metric=""20"",route_index=""0"",nh_index=""1",6,8,2
chengdu,routing_metrics,"chengdu-cr-2|ipv6_route_nexthop_info|prefix=""fd00:8:40::/64"",next_hop=""fe80::4:20:1"",dev=""ens4"",protocol=""ospf"",metric=""20"",route_index=""0"",nh_index=""0",6,8,2
chengdu,routing_metrics,"chengdu-cr-2|ipv6_route_nexthop_info|prefix=""fd00:8:40::/64"",next_hop=""fe80::4:20:2"",dev=""ens4"",protocol=""ospf"",metric=""20"",route_index=""0"",nh_index=""1",6,8,2
chengdu,routing_metrics,"chengdu-cr-2|ospf6_interface_cost|interface=""ens4",6,8,2
chengdu,routing_metrics,"chengdu-cr-2|ospf6_interface_cost|interface=""ens5",6,8,2
chengdu,routing_metrics,"chengdu-cr-2|ospf6_interface_enabled|interface=""ens10",6,8,2
chengdu,routing_metrics,"chengdu-cr-2|ospf6_interface_enabled|interface=""ens11",6,8,2
chengdu,routing_metrics,"chengdu-cr-2|ospf6_interface_enabled|interface=""ens12",6,8,2
chengdu,routing_metrics,"chengdu-cr-2|ospf6_interface_enabled|interface=""ens3",6,8,2
chengdu,routing_metrics,"chengdu-cr-2|ospf6_interface_enabled|interface=""ens4",6,8,2
chengdu,routing_metrics,"chengdu-cr-2|ospf6_interface_enabled|interface=""ens5",6,8,2
chengdu,routing_metrics,"chengdu-cr-2|ospf6_interface_enabled|interface=""ens6",6,8,2
chengdu,routing_metrics,"chengdu-cr-2|ospf6_interface_enabled|interface=""ens7",6,8,2
chengdu,routing_metrics,"chengdu-cr-2|ospf6_interface_enabled|interface=""ens8",6,8,2
chengdu,routing_metrics,"chengdu-cr-2|ospf6_interface_enabled|interface=""ens9",6,8,2
chengdu,routing_metrics,"chengdu-cr-2|ospf6_interface_enabled|interface=""lo",6,8,2
chengdu,routing_metrics,"chengdu-cr-2|ospf6_interface_enabled|interface=""virbr0",6,8,2
chengdu,routing_metrics,"chengdu-cr-2|ospf6_neighbor_state_code|state=""Full"",interface=""ens4"",neighbor_id=""4.4.4.1",6,8,2
chengdu,routing_metrics,"chengdu-cr-2|ospf6_neighbor_state_code|state=""Full"",interface=""ens4"",neighbor_id=""4.4.4.11",6,8,2
chengdu,routing_metrics,"chengdu-cr-2|ospf6_neighbor_state_code|state=""Full"",interface=""ens4"",neighbor_id=""4.4.4.2",6,8,2
chengdu,scrape_health,chengdu-br-1|[fd00:4:20::1]:9100|node_exporter,13,9,3
chengdu,scrape_health,chengdu-br-1|[fd00:4:20::1]:9343|routing_exporter,13,9,3
chengdu,scrape_health,chengdu-br-2|[fd00:4:20::2]:9100|node_exporter,13,9,3
chengdu,scrape_health,chengdu-br-2|[fd00:4:20::2]:9343|routing_exporter,13,9,3
chengdu,scrape_health,chengdu-cr-1|[fd00:4:30::1]:9100|node_exporter,13,9,3
chengdu,scrape_health,chengdu-cr-1|[fd00:4:30::1]:9343|routing_exporter,13,9,3
chengdu,scrape_health,chengdu-cr-2|[fd00:4:30::2]:9100|node_exporter,13,9,3
chengdu,scrape_health,chengdu-cr-2|[fd00:4:30::2]:9343|routing_exporter,13,9,3
chengdu,scrape_health,chengdu-fw|[fd00:4:40::254]:9100|node_exporter,13,9,3
chengdu,scrape_health,chengdu-service-vm-1|[fd00:4:40::31]:9100|node_exporter,13,9,3
chengdu,scrape_health,chengdu-service-vm-2|[fd00:4:40::32]:9100|node_exporter,13,9,3
chengdu,scrape_health,chengdu-service-vm-3|[fd00:4:40::33]:9100|node_exporter,13,9,3
chengdu,scrape_health,chengdu-traffic-vm|[fd00:4:40::10]:9100|node_exporter,13,9,3
chengdu,traffic_flow_metrics,e9bf6deae5cbe83dca53b5f21942796c834a1171c3543d3c7e13c846ead2f7f9,19736,14,4584
chengdu,traffic_flow_metrics,0314bd10e7f6b21750a27bca441daa4cc6162abddaf0258a6aa2f37771314b74,19730,21,2176
chengdu,traffic_flow_metrics,354695937e0247e18e7cebaed54a93471f1cb427435a046ab8e7e296813f95e7,19716,23,3673
chengdu,traffic_flow_metrics,d950a3515aafd5111b7bec381e585a26b21e55d9986b9000fca91e5f14f58f4c,19466,20,3381
chengdu,traffic_flow_metrics,b50f1ae39937b80d1258455fb37c4cf351315c5e33994d2df126320f6b96ab2f,19121,21,3979
chengdu,traffic_flow_metrics,2f914cbdbcda7bdcfae18c9daecd36a5c937e42381a14fd0303e55bc73473253,19109,12,3487
chengdu,traffic_flow_metrics,a182553cacd5a18025111cb5cdfbb7171cc2323d816edc003748a6f351844635,18990,24,5275
chengdu,traffic_flow_metrics,20112f190516caccba950b2b006fcc70b6f5646c226e3749cdc3a4b28ae5c0b0,18595,16,3015
chengdu,traffic_flow_metrics,40a8226ee471f9e6eff406aecfd523fc4a1f01f36a0fc98bfe36c42ec9a4c652,18140,12,4110
chengdu,traffic_flow_metrics,873aba75066fc7cf835d81f74b8b6e5ce735eeec890f046c72d66e8acf2aae01,18053,13,3706
chengdu,traffic_flow_metrics,489bd6e0ea84ed8b90d646dd63c9864a34002d2b0ffdc20bb75e0967a9b8ffea,17990,23,2353
chengdu,traffic_flow_metrics,ed5733356d396e7fb5119590de396bcc701c8e36862f440ca80848cdd3c1d8dd,17482,21,5101
chengdu,traffic_flow_metrics,425d191d011ecb8acd3f4b906397fe8ebefdd675be48b8913b78a5ac7fcea0d5,17423,18,2903
chengdu,traffic_flow_metrics,2f25150cbca406a10bda4f13f00692a4607d639f974eb1b03f2f3de223cf1853,17229,13,5508
chengdu,traffic_flow_metrics,ac12df5e0e10a64b70c460d3b1acd3280e624270bb0eb17844e762fd12c6b4ac,17151,15,4696
chengdu,traffic_flow_metrics,dd02ba45cc6dbbc6c1dba4fc66ba79b09973bfd7976caa08e212da6829dc3d9c,17079,15,3856
chengdu,traffic_flow_metrics,bbe1f53619e916178d48d187214f5c9fd0a99e8dcb83e5867819d31a2fc619d6,17044,25,3218
chengdu,traffic_flow_metrics,e04aaf1567f218d54a85d2310883cf0519922a07441b6ab3ce02c871d4636d3f,16878,21,3387
chengdu,traffic_flow_metrics,fe50dd396b546e3cc752b531a3f4dde2042aad789e1086617222d7dce8cf5cc1,16760,10,5953
chengdu,traffic_flow_metrics,16dda684a5b8487cc2445ba7c990bd12f43fee692481145c3fa3899370ee7da4,16463,19,2749
chengdu,traffic_flow_metrics,b71f064674a58f430a22a662599c5ec3d4fd73b25f4d58aee8658c3190d52c6e,11693,8,2762
chengdu,traffic_flow_metrics,4008dbc3e7c8aa55208aa2a159e14b40806bdd17570770111e38f4f17f40aa96,7061,4072,18
chengdu,traffic_flow_metrics,ad40031027885ba894525ce296cf14c61ffe60cdaa83031e557f0f55bb921d3f,1432,1282,16
chengdu,traffic_flow_metrics,7188e8a9e8c4a09af2b2ee7476e0631144049b825a5fda862e4a514dc0495196,237,179,16
guangzhou,interface_metrics,guangzhou-br-1|ens10,14,2,7
guangzhou,interface_metrics,guangzhou-br-1|ens11,14,2,7
guangzhou,interface_metrics,guangzhou-br-1|ens12,14,2,7
guangzhou,interface_metrics,guangzhou-br-1|ens3,14,2,7
guangzhou,interface_metrics,guangzhou-br-1|ens4,14,2,7
guangzhou,interface_metrics,guangzhou-br-1|ens5,14,2,7
guangzhou,interface_metrics,guangzhou-br-1|ens6,14,2,7
guangzhou,interface_metrics,guangzhou-br-1|ens7,14,2,7
guangzhou,interface_metrics,guangzhou-br-1|ens8,14,2,7
guangzhou,interface_metrics,guangzhou-br-1|ens9,14,2,7
guangzhou,interface_metrics,guangzhou-br-2|ens10,14,2,7
guangzhou,interface_metrics,guangzhou-br-2|ens11,14,2,7
guangzhou,interface_metrics,guangzhou-br-2|ens12,14,2,7
guangzhou,interface_metrics,guangzhou-br-2|ens3,14,2,7
guangzhou,interface_metrics,guangzhou-br-2|ens4,14,2,7
guangzhou,interface_metrics,guangzhou-br-2|ens5,14,2,7
guangzhou,interface_metrics,guangzhou-br-2|ens6,14,2,7
guangzhou,interface_metrics,guangzhou-br-2|ens7,14,2,7
guangzhou,interface_metrics,guangzhou-br-2|ens8,14,2,7
guangzhou,interface_metrics,guangzhou-br-2|ens9,14,2,7
guangzhou,node_metrics,guangzhou-br-1,13,2,7
guangzhou,node_metrics,guangzhou-br-2,13,2,7
guangzhou,routing_metrics,"guangzhou-br-2|bgp_peer_prefix_received|peer=""fd00:100:10::52"",remote_as=""65006"",state=""Idle (Admin)",19734,3,19730
guangzhou,routing_metrics,"guangzhou-br-2|bgp_peer_uptime_seconds|peer=""fd00:100:10::52"",remote_as=""65006"",state=""Idle (Admin)",19734,3,19730
guangzhou,routing_metrics,"guangzhou-br-2|bgp_peer_up|peer=""fd00:100:10::52"",remote_as=""65006"",state=""Idle (Admin)",19734,3,19730
guangzhou,routing_metrics,"guangzhou-br-2|ipv6_route_nexthop_info|prefix=""fd00:2:40::/64"",next_hop=""fe80::100:10:42"",dev=""ens4"",protocol=""bgp"",metric=""20"",route_index=""0"",nh_index=""0",19734,3,19730
guangzhou,routing_metrics,"guangzhou-br-2|ipv6_route_nexthop_info|prefix=""fd00:6:40::/64"",next_hop=""fe80::100:10:42"",dev=""ens4"",protocol=""bgp"",metric=""20"",route_index=""0"",nh_index=""0",19734,3,19730
guangzhou,routing_metrics,"guangzhou-br-2|ipv6_route_nexthop_info|prefix=""fd00:1:40::/64"",next_hop=""fe80::100:10:42"",dev=""ens4"",protocol=""bgp"",metric=""20"",route_index=""0"",nh_index=""0",18424,1,18424
guangzhou,routing_metrics,"guangzhou-br-2|ipv6_route_nexthop_info|prefix=""fd00:7:40::/64"",next_hop=""fe80::100:10:42"",dev=""ens4"",protocol=""bgp"",metric=""20"",route_index=""0"",nh_index=""0",17230,3,10101
guangzhou,routing_metrics,"guangzhou-br-1|bgp_peer_prefix_received|peer=""fd00:100:10::51"",remote_as=""65006"",state=""Idle (Admin)",17055,1,17055
guangzhou,routing_metrics,"guangzhou-br-1|bgp_peer_uptime_seconds|peer=""fd00:100:10::51"",remote_as=""65006"",state=""Idle (Admin)",17055,1,17055
guangzhou,routing_metrics,"guangzhou-br-1|bgp_peer_up|peer=""fd00:100:10::51"",remote_as=""65006"",state=""Idle (Admin)",17055,1,17055
guangzhou,routing_metrics,"guangzhou-br-1|ipv6_route_nexthop_info|prefix=""fd00:2:40::/64"",next_hop=""fe80::100:10:41"",dev=""ens4"",protocol=""bgp"",metric=""20"",route_index=""0"",nh_index=""0",17055,1,17055
guangzhou,routing_metrics,"guangzhou-br-1|ipv6_route_nexthop_info|prefix=""fd00:6:40::/64"",next_hop=""fe80::100:10:41"",dev=""ens4"",protocol=""bgp"",metric=""20"",route_index=""0"",nh_index=""0",17055,1,17055
guangzhou,routing_metrics,"guangzhou-br-1|ipv6_route_nexthop_info|prefix=""fd00:7:40::/64"",next_hop=""fe80::100:10:41"",dev=""ens4"",protocol=""bgp"",metric=""20"",route_index=""0"",nh_index=""0",15347,1,15347
guangzhou,routing_metrics,"guangzhou-br-2|bgp_peer_prefix_received|peer=""fd00:100:10::42"",remote_as=""65005"",state=""Active",4607,1,4607
guangzhou,routing_metrics,"guangzhou-br-2|bgp_peer_uptime_seconds|peer=""fd00:100:10::42"",remote_as=""65005"",state=""Active",4607,1,4607
guangzhou,routing_metrics,"guangzhou-br-2|bgp_peer_up|peer=""fd00:100:10::42"",remote_as=""65005"",state=""Active",4607,1,4607
guangzhou,routing_metrics,"guangzhou-br-2|ipv6_route_nexthop_info|prefix=""fd00:3:40::/64"",next_hop=""fe80::100:10:52"",dev=""ens4"",protocol=""bgp"",metric=""20"",route_index=""0"",nh_index=""0",4607,1,4607
guangzhou,routing_metrics,"guangzhou-br-2|ipv6_route_nexthop_info|prefix=""fd00:4:40::/64"",next_hop=""fe80::100:10:52"",dev=""ens4"",protocol=""bgp"",metric=""20"",route_index=""0"",nh_index=""0",4607,1,4607
guangzhou,routing_metrics,"guangzhou-br-2|ipv6_route_nexthop_info|prefix=""fd00:5:40::/64"",next_hop=""fe80::100:10:52"",dev=""ens4"",protocol=""bgp"",metric=""20"",route_index=""0"",nh_index=""0",4607,1,4607
guangzhou,routing_metrics,"guangzhou-br-2|ipv6_route_nexthop_info|prefix=""fd00:7:40::/64"",next_hop=""fe80::100:10:52"",dev=""ens4"",protocol=""bgp"",metric=""20"",route_index=""0"",nh_index=""0",2523,3,1314
guangzhou,routing_metrics,"guangzhou-br-1|ipv6_route_nexthop_info|prefix=""fd00:1:40::/64"",next_hop=""fe80::100:10:41"",dev=""ens4"",protocol=""bgp"",metric=""20"",route_index=""0"",nh_index=""0",2403,3,2388
guangzhou,routing_metrics,"guangzhou-br-2|ipv6_route_nexthop_info|prefix=""fd00:1:40::/64"",next_hop=""fe80::100:10:52"",dev=""ens4"",protocol=""bgp"",metric=""20"",route_index=""0"",nh_index=""0",1329,3,1314
guangzhou,routing_metrics,"guangzhou-br-1|bgp_peer_prefix_received|peer=""fd00:100:10::51"",remote_as=""65006"",state=""Established",54,4,23
guangzhou,routing_metrics,"guangzhou-br-1|bgp_peer_prefix_sent|peer=""fd00:100:10::51"",remote_as=""65006"",state=""Established",54,4,23
guangzhou,routing_metrics,"guangzhou-br-1|bgp_peer_uptime_seconds|peer=""fd00:100:10::51"",remote_as=""65006"",state=""Established",54,4,23
guangzhou,routing_metrics,"guangzhou-br-1|bgp_peer_up|peer=""fd00:100:10::51"",remote_as=""65006"",state=""Established",54,4,23
guangzhou,routing_metrics,"guangzhou-br-1|ipv6_route_nexthop_info|prefix=""fd00:2:40::/64"",next_hop=""fe80::100:10:51"",dev=""ens4"",protocol=""bgp"",metric=""20"",route_index=""0"",nh_index=""0",54,4,23
guangzhou,routing_metrics,"guangzhou-br-1|ipv6_route_nexthop_info|prefix=""fd00:6:40::/64"",next_hop=""fe80::100:10:51"",dev=""ens4"",protocol=""bgp"",metric=""20"",route_index=""0"",nh_index=""0",54,4,23
guangzhou,routing_metrics,"guangzhou-br-2|bgp_peer_prefix_received|peer=""fd00:100:10::42"",remote_as=""65005"",state=""Established",46,4,21
guangzhou,routing_metrics,"guangzhou-br-2|bgp_peer_prefix_sent|peer=""fd00:100:10::42"",remote_as=""65005"",state=""Established",46,4,21
guangzhou,routing_metrics,"guangzhou-br-2|bgp_peer_uptime_seconds|peer=""fd00:100:10::42"",remote_as=""65005"",state=""Established",46,4,21
guangzhou,routing_metrics,"guangzhou-br-2|bgp_peer_up|peer=""fd00:100:10::42"",remote_as=""65005"",state=""Established",46,4,21
guangzhou,routing_metrics,"guangzhou-br-2|ipv6_route_nexthop_info|prefix=""fd00:3:40::/64"",next_hop=""fe80::100:10:42"",dev=""ens4"",protocol=""bgp"",metric=""20"",route_index=""0"",nh_index=""0",46,4,21
guangzhou,routing_metrics,"guangzhou-br-2|ipv6_route_nexthop_info|prefix=""fd00:4:40::/64"",next_hop=""fe80::100:10:42"",dev=""ens4"",protocol=""bgp"",metric=""20"",route_index=""0"",nh_index=""0",46,4,21
guangzhou,routing_metrics,"guangzhou-br-2|ipv6_route_nexthop_info|prefix=""fd00:5:40::/64"",next_hop=""fe80::100:10:42"",dev=""ens4"",protocol=""bgp"",metric=""20"",route_index=""0"",nh_index=""0",46,4,21
guangzhou,routing_metrics,"guangzhou-cr-1|ospf6_neighbor_state_code|state=""Full"",interface=""ens5"",neighbor_id=""8.8.8.12",23,2,22
guangzhou,routing_metrics,"guangzhou-cr-2|ospf6_neighbor_state_code|state=""Full"",interface=""ens5"",neighbor_id=""8.8.8.11",23,2,22
guangzhou,routing_metrics,"guangzhou-br-1|bgp_peer_prefix_received|peer=""fd00:100:10::41"",remote_as=""65005"",state=""Established",20,6,8
guangzhou,routing_metrics,"guangzhou-br-1|bgp_peer_prefix_sent|peer=""fd00:100:10::41"",remote_as=""65005"",state=""Established",20,6,8
guangzhou,routing_metrics,"guangzhou-br-1|bgp_peer_uptime_seconds|peer=""fd00:100:10::41"",remote_as=""65005"",state=""Established",20,6,8
guangzhou,routing_metrics,"guangzhou-br-1|bgp_peer_up|peer=""fd00:100:10::41"",remote_as=""65005"",state=""Established",20,6,8
guangzhou,routing_metrics,"guangzhou-br-1|ipv6_route_nexthop_info|prefix=""fd00:3:40::/64"",next_hop=""fe80::100:10:41"",dev=""ens4"",protocol=""bgp"",metric=""20"",route_index=""0"",nh_index=""0",20,6,8
guangzhou,routing_metrics,"guangzhou-br-1|ipv6_route_nexthop_info|prefix=""fd00:4:40::/64"",next_hop=""fe80::100:10:41"",dev=""ens4"",protocol=""bgp"",metric=""20"",route_index=""0"",nh_index=""0",20,6,8
guangzhou,routing_metrics,"guangzhou-br-1|ipv6_route_nexthop_info|prefix=""fd00:5:40::/64"",next_hop=""fe80::100:10:41"",dev=""ens4"",protocol=""bgp"",metric=""20"",route_index=""0"",nh_index=""0",20,6,8
guangzhou,routing_metrics,"guangzhou-br-2|bgp_peer_prefix_received|peer=""fd00:100:10::52"",remote_as=""65006"",state=""Established",20,6,8
guangzhou,routing_metrics,"guangzhou-br-2|bgp_peer_prefix_sent|peer=""fd00:100:10::52"",remote_as=""65006"",state=""Established",20,6,8
guangzhou,routing_metrics,"guangzhou-br-2|bgp_peer_uptime_seconds|peer=""fd00:100:10::52"",remote_as=""65006"",state=""Established",20,6,8
guangzhou,routing_metrics,"guangzhou-br-2|bgp_peer_up|peer=""fd00:100:10::52"",remote_as=""65006"",state=""Established",20,6,8
guangzhou,routing_metrics,"guangzhou-br-2|ipv6_route_nexthop_info|prefix=""fd00:2:40::/64"",next_hop=""fe80::100:10:52"",dev=""ens4"",protocol=""bgp"",metric=""20"",route_index=""0"",nh_index=""0",20,6,8
guangzhou,routing_metrics,"guangzhou-br-2|ipv6_route_nexthop_info|prefix=""fd00:6:40::/64"",next_hop=""fe80::100:10:52"",dev=""ens4"",protocol=""bgp"",metric=""20"",route_index=""0"",nh_index=""0",20,6,8
guangzhou,routing_metrics,"guangzhou-br-1|bgp_command_success|command=""bgp_summary",15,2,8
guangzhou,routing_metrics,guangzhou-br-1|bgp_peer_count|,15,2,8
guangzhou,routing_metrics,guangzhou-br-1|ipv6_default_route_changed_total|,15,2,8
guangzhou,routing_metrics,"guangzhou-br-1|ipv6_default_route_info|next_hop=""240a:a023::1"",dev=""ens4"",protocol=""unknown"",metric=""1024"",route_index=""0"",nh_index=""0",15,2,8
guangzhou,routing_metrics,"guangzhou-br-1|ipv6_route_change_total|prefix=""::/0",15,2,8
guangzhou,routing_metrics,"guangzhou-br-1|ipv6_route_change_total|prefix=""fd00:1:40::/64",15,2,8
guangzhou,routing_metrics,"guangzhou-br-1|ipv6_route_change_total|prefix=""fd00:2:40::/64",15,2,8
guangzhou,routing_metrics,"guangzhou-br-1|ipv6_route_change_total|prefix=""fd00:3:40::/64",15,2,8
guangzhou,routing_metrics,"guangzhou-br-1|ipv6_route_change_total|prefix=""fd00:4:40::/64",15,2,8
guangzhou,routing_metrics,"guangzhou-br-1|ipv6_route_change_total|prefix=""fd00:5:40::/64",15,2,8
guangzhou,routing_metrics,"guangzhou-br-1|ipv6_route_change_total|prefix=""fd00:6:40::/64",15,2,8
guangzhou,routing_metrics,"guangzhou-br-1|ipv6_route_change_total|prefix=""fd00:7:40::/64",15,2,8
guangzhou,routing_metrics,"guangzhou-br-1|ipv6_route_change_total|prefix=""fd00:8:40::/64",15,2,8
guangzhou,routing_metrics,"guangzhou-br-1|ipv6_route_count|protocol=""all",15,2,8
guangzhou,routing_metrics,"guangzhou-br-1|ipv6_route_count|protocol=""bgp",15,2,8
guangzhou,routing_metrics,"guangzhou-br-1|ipv6_route_count|protocol=""kernel",15,2,8
guangzhou,routing_metrics,"guangzhou-br-1|ipv6_route_count|protocol=""ospf",15,2,8
guangzhou,routing_metrics,"guangzhou-br-1|ipv6_route_count|protocol=""unknown",15,2,8
guangzhou,routing_metrics,"guangzhou-br-1|ipv6_route_exists|prefix=""::/0",15,2,8
guangzhou,routing_metrics,"guangzhou-br-1|ipv6_route_exists|prefix=""fd00:1:40::/64",15,2,8
guangzhou,routing_metrics,"guangzhou-br-1|ipv6_route_exists|prefix=""fd00:2:40::/64",15,2,8
guangzhou,routing_metrics,"guangzhou-br-1|ipv6_route_exists|prefix=""fd00:3:40::/64",15,2,8
guangzhou,routing_metrics,"guangzhou-br-1|ipv6_route_exists|prefix=""fd00:4:40::/64",15,2,8
guangzhou,routing_metrics,"guangzhou-br-1|ipv6_route_exists|prefix=""fd00:5:40::/64",15,2,8
guangzhou,routing_metrics,"guangzhou-br-1|ipv6_route_exists|prefix=""fd00:6:40::/64",15,2,8
guangzhou,routing_metrics,"guangzhou-br-1|ipv6_route_exists|prefix=""fd00:7:40::/64",15,2,8
guangzhou,routing_metrics,"guangzhou-br-1|ipv6_route_exists|prefix=""fd00:8:40::/64",15,2,8
guangzhou,routing_metrics,"guangzhou-br-1|ipv6_route_nexthop_info|prefix=""::/0"",next_hop=""240a:a023::1"",dev=""ens4"",protocol=""unknown"",metric=""1024"",route_index=""0"",nh_index=""0",15,2,8
guangzhou,routing_metrics,"guangzhou-br-1|ipv6_route_nexthop_info|prefix=""fd00:7:40::/64"",next_hop=""fe80::100:10:51"",dev=""ens4"",protocol=""bgp"",metric=""20"",route_index=""0"",nh_index=""0",15,2,8
guangzhou,routing_metrics,"guangzhou-br-1|ipv6_route_nexthop_info|prefix=""fd00:8:40::/64"",next_hop=""fe80::8:20:11"",dev=""ens5"",protocol=""ospf"",metric=""20"",route_index=""0"",nh_index=""0",15,2,8
guangzhou,routing_metrics,"guangzhou-br-1|ipv6_route_nexthop_info|prefix=""fd00:8:40::/64"",next_hop=""fe80::8:20:12"",dev=""ens5"",protocol=""ospf"",metric=""20"",route_index=""0"",nh_index=""1",15,2,8
guangzhou,routing_metrics,"guangzhou-br-1|ospf6_interface_cost|interface=""ens5",15,2,8
guangzhou,routing_metrics,"guangzhou-br-1|ospf6_interface_enabled|interface=""ens10",15,2,8
guangzhou,routing_metrics,"guangzhou-br-1|ospf6_interface_enabled|interface=""ens11",15,2,8
guangzhou,routing_metrics,"guangzhou-br-1|ospf6_interface_enabled|interface=""ens12",15,2,8
guangzhou,routing_metrics,"guangzhou-br-1|ospf6_interface_enabled|interface=""ens3",15,2,8
guangzhou,routing_metrics,"guangzhou-br-1|ospf6_interface_enabled|interface=""ens4",15,2,8
guangzhou,routing_metrics,"guangzhou-br-1|ospf6_interface_enabled|interface=""ens5",15,2,8
guangzhou,routing_metrics,"guangzhou-br-1|ospf6_interface_enabled|interface=""ens6",15,2,8
guangzhou,routing_metrics,"guangzhou-br-1|ospf6_interface_enabled|interface=""ens7",15,2,8
guangzhou,routing_metrics,"guangzhou-br-1|ospf6_interface_enabled|interface=""ens8",15,2,8
guangzhou,routing_metrics,"guangzhou-br-1|ospf6_interface_enabled|interface=""ens9",15,2,8
guangzhou,routing_metrics,"guangzhou-br-1|ospf6_interface_enabled|interface=""lo",15,2,8
guangzhou,routing_metrics,"guangzhou-br-1|ospf6_interface_enabled|interface=""virbr0",15,2,8
guangzhou,routing_metrics,"guangzhou-br-1|ospf6_neighbor_state_code|state=""Full"",interface=""ens5"",neighbor_id=""8.8.8.11",15,2,8
guangzhou,routing_metrics,"guangzhou-br-1|ospf6_neighbor_state_code|state=""Full"",interface=""ens5"",neighbor_id=""8.8.8.12",15,2,8
guangzhou,routing_metrics,"guangzhou-br-1|ospf6_neighbor_state_code|state=""Full"",interface=""ens5"",neighbor_id=""8.8.8.2",15,2,8
guangzhou,routing_metrics,"guangzhou-br-2|bgp_command_success|command=""bgp_summary",15,2,8
guangzhou,routing_metrics,guangzhou-br-2|bgp_peer_count|,15,2,8
guangzhou,routing_metrics,guangzhou-br-2|ipv6_default_route_changed_total|,15,2,8
guangzhou,routing_metrics,"guangzhou-br-2|ipv6_default_route_info|next_hop=""240a:a023::1"",dev=""ens4"",protocol=""unknown"",metric=""1024"",route_index=""0"",nh_index=""0",15,2,8
guangzhou,routing_metrics,"guangzhou-br-2|ipv6_route_change_total|prefix=""::/0",15,2,8
guangzhou,routing_metrics,"guangzhou-br-2|ipv6_route_change_total|prefix=""fd00:1:40::/64",15,2,8
guangzhou,routing_metrics,"guangzhou-br-2|ipv6_route_change_total|prefix=""fd00:2:40::/64",15,2,8
guangzhou,routing_metrics,"guangzhou-br-2|ipv6_route_change_total|prefix=""fd00:3:40::/64",15,2,8
guangzhou,routing_metrics,"guangzhou-br-2|ipv6_route_change_total|prefix=""fd00:4:40::/64",15,2,8
guangzhou,routing_metrics,"guangzhou-br-2|ipv6_route_change_total|prefix=""fd00:5:40::/64",15,2,8
guangzhou,routing_metrics,"guangzhou-br-2|ipv6_route_change_total|prefix=""fd00:6:40::/64",15,2,8
guangzhou,routing_metrics,"guangzhou-br-2|ipv6_route_change_total|prefix=""fd00:7:40::/64",15,2,8
guangzhou,routing_metrics,"guangzhou-br-2|ipv6_route_change_total|prefix=""fd00:8:40::/64",15,2,8
guangzhou,routing_metrics,"guangzhou-br-2|ipv6_route_count|protocol=""all",15,2,8
guangzhou,routing_metrics,"guangzhou-br-2|ipv6_route_count|protocol=""bgp",15,2,8
guangzhou,routing_metrics,"guangzhou-br-2|ipv6_route_count|protocol=""kernel",15,2,8
guangzhou,routing_metrics,"guangzhou-br-2|ipv6_route_count|protocol=""ospf",15,2,8
guangzhou,routing_metrics,"guangzhou-br-2|ipv6_route_count|protocol=""unknown",15,2,8
guangzhou,routing_metrics,"guangzhou-br-2|ipv6_route_exists|prefix=""::/0",15,2,8
guangzhou,routing_metrics,"guangzhou-br-2|ipv6_route_exists|prefix=""fd00:1:40::/64",15,2,8
guangzhou,routing_metrics,"guangzhou-br-2|ipv6_route_exists|prefix=""fd00:2:40::/64",15,2,8
guangzhou,routing_metrics,"guangzhou-br-2|ipv6_route_exists|prefix=""fd00:3:40::/64",15,2,8
guangzhou,routing_metrics,"guangzhou-br-2|ipv6_route_exists|prefix=""fd00:4:40::/64",15,2,8
guangzhou,routing_metrics,"guangzhou-br-2|ipv6_route_exists|prefix=""fd00:5:40::/64",15,2,8
guangzhou,routing_metrics,"guangzhou-br-2|ipv6_route_exists|prefix=""fd00:6:40::/64",15,2,8
guangzhou,routing_metrics,"guangzhou-br-2|ipv6_route_exists|prefix=""fd00:7:40::/64",15,2,8
guangzhou,routing_metrics,"guangzhou-br-2|ipv6_route_exists|prefix=""fd00:8:40::/64",15,2,8
guangzhou,routing_metrics,"guangzhou-br-2|ipv6_route_nexthop_info|prefix=""::/0"",next_hop=""240a:a023::1"",dev=""ens4"",protocol=""unknown"",metric=""1024"",route_index=""0"",nh_index=""0",15,2,8
guangzhou,routing_metrics,"guangzhou-br-2|ipv6_route_nexthop_info|prefix=""fd00:8:40::/64"",next_hop=""fe80::8:20:11"",dev=""ens5"",protocol=""ospf"",metric=""20"",route_index=""0"",nh_index=""0",15,2,8
guangzhou,routing_metrics,"guangzhou-br-2|ipv6_route_nexthop_info|prefix=""fd00:8:40::/64"",next_hop=""fe80::8:20:12"",dev=""ens5"",protocol=""ospf"",metric=""20"",route_index=""0"",nh_index=""1",15,2,8
guangzhou,routing_metrics,"guangzhou-br-2|ospf6_interface_cost|interface=""ens5",15,2,8
guangzhou,routing_metrics,"guangzhou-br-2|ospf6_interface_enabled|interface=""ens10",15,2,8
guangzhou,routing_metrics,"guangzhou-br-2|ospf6_interface_enabled|interface=""ens11",15,2,8
guangzhou,routing_metrics,"guangzhou-br-2|ospf6_interface_enabled|interface=""ens12",15,2,8
guangzhou,routing_metrics,"guangzhou-br-2|ospf6_interface_enabled|interface=""ens3",15,2,8
guangzhou,routing_metrics,"guangzhou-br-2|ospf6_interface_enabled|interface=""ens4",15,2,8
guangzhou,routing_metrics,"guangzhou-br-2|ospf6_interface_enabled|interface=""ens5",15,2,8
guangzhou,routing_metrics,"guangzhou-br-2|ospf6_interface_enabled|interface=""ens6",15,2,8
guangzhou,routing_metrics,"guangzhou-br-2|ospf6_interface_enabled|interface=""ens7",15,2,8
guangzhou,routing_metrics,"guangzhou-br-2|ospf6_interface_enabled|interface=""ens8",15,2,8
guangzhou,routing_metrics,"guangzhou-br-2|ospf6_interface_enabled|interface=""ens9",15,2,8
guangzhou,routing_metrics,"guangzhou-br-2|ospf6_interface_enabled|interface=""lo",15,2,8
guangzhou,routing_metrics,"guangzhou-br-2|ospf6_interface_enabled|interface=""virbr0",15,2,8
guangzhou,routing_metrics,"guangzhou-br-2|ospf6_neighbor_state_code|state=""Full"",interface=""ens5"",neighbor_id=""8.8.8.1",15,2,8
guangzhou,routing_metrics,"guangzhou-br-2|ospf6_neighbor_state_code|state=""Full"",interface=""ens5"",neighbor_id=""8.8.8.11",15,2,8
guangzhou,routing_metrics,"guangzhou-br-2|ospf6_neighbor_state_code|state=""Full"",interface=""ens5"",neighbor_id=""8.8.8.12",15,2,8
guangzhou,routing_metrics,"guangzhou-br-1|bgp_peer_prefix_received|peer=""fd00:100:10::41"",remote_as=""65005"",state=""Active",8,3,3
guangzhou,routing_metrics,"guangzhou-br-1|bgp_peer_uptime_seconds|peer=""fd00:100:10::41"",remote_as=""65005"",state=""Active",8,3,3
guangzhou,routing_metrics,"guangzhou-br-1|bgp_peer_up|peer=""fd00:100:10::41"",remote_as=""65005"",state=""Active",8,3,3
guangzhou,routing_metrics,"guangzhou-br-1|ipv6_route_nexthop_info|prefix=""fd00:3:40::/64"",next_hop=""fe80::100:10:51"",dev=""ens4"",protocol=""bgp"",metric=""20"",route_index=""0"",nh_index=""0",7,3,3
guangzhou,routing_metrics,"guangzhou-br-1|ipv6_route_nexthop_info|prefix=""fd00:4:40::/64"",next_hop=""fe80::100:10:51"",dev=""ens4"",protocol=""bgp"",metric=""20"",route_index=""0"",nh_index=""0",7,3,3
guangzhou,routing_metrics,"guangzhou-br-1|ipv6_route_nexthop_info|prefix=""fd00:5:40::/64"",next_hop=""fe80::100:10:51"",dev=""ens4"",protocol=""bgp"",metric=""20"",route_index=""0"",nh_index=""0",7,3,3
guangzhou,traffic_flow_metrics,f1fc7f85ee2a58b9ba446a4c8387f444d4dc75c9e86d3fcd53c99fc7f32da1f7,19875,14,3869
guangzhou,traffic_flow_metrics,6f5f920734554b00ebf1d53b26c4b471241379f980b2c51be43d5e0e15db0f36,19819,25,2814
guangzhou,traffic_flow_metrics,60ee3c812589950d898d1dd42c0c56e077b08039d1340aeaf62e0d30c0ca69cb,19762,22,2716
guangzhou,traffic_flow_metrics,cc5a6ede93b83159a990b9772deb6cb840c170fadc269d8d9a109cbec679be39,19653,18,2885
guangzhou,traffic_flow_metrics,665c22d9a34802dbb06dc7860b20dbb1c36f754eb7067dd1864d072aa1bb3cc5,19532,22,4537
guangzhou,traffic_flow_metrics,3022ba56ef961fb63a019c4f4ac197a9ce2d605e0741803e5efd82fcf1663e92,19441,12,7160
guangzhou,traffic_flow_metrics,5087d9a364a6b325fbc48d4c7c293d9c1955f8140c1393e5ec0592c8f659050e,19076,20,3096
guangzhou,traffic_flow_metrics,ff8d57b6fe06082c223bc08646f4332432383edde27f582c2965b9cbf5983871,19006,19,4443
guangzhou,traffic_flow_metrics,80adfdfdb19fb8662d319354573ab5f59e87b3e02872bb742e429f6a774ac62d,18902,24,2209
guangzhou,traffic_flow_metrics,1cb2529844cbc7c47043e2991330be3d271633ed343d32a0007abb598e5e390e,18879,16,4575
guangzhou,traffic_flow_metrics,fc325537f6df2d71332b84cce3a8ba1a864d425b06af3ac0662beb121be8e89a,18875,24,2029
guangzhou,traffic_flow_metrics,901f517cb8cb1f7c77b64d76129cf58345d294158458b8e4c40a4f07b6d0e06f,18263,16,4378
guangzhou,traffic_flow_metrics,f825c5c472dae3c67bc84a68587e135feb0d1b9b0a75665235938fbd49c44f65,18256,17,3947
guangzhou,traffic_flow_metrics,46610d095314d37ff5c78ac0ee0570b76f64aed5bf0e7503ed4f827bbb6ec8b8,18173,10,4912
guangzhou,traffic_flow_metrics,6fb26fa90656575555370b2b91f633e9dd5219f44833402add1d44a5c9d8844c,16988,17,3734
guangzhou,traffic_flow_metrics,fda7d1855aa0e6b32e2846da32b4ca1fce7f8e9046665224d1db9083c5d01acb,16946,25,2397
guangzhou,traffic_flow_metrics,d9b30f6fcf9558f76c296b009c038271e2760acf00081d15dd32fe13e3063c68,16522,15,3554
guangzhou,traffic_flow_metrics,4e124daf49ad8f906085b42ed96fca8f0a4d8aafe205af6e5954b0424e98fee7,16451,24,2078
guangzhou,traffic_flow_metrics,08db44b3001d723065ca4db106394de55c97b2dd504f313865b725c750e71db7,15814,14,2847
guangzhou,traffic_flow_metrics,b3435e8973b2d3381385dd3fa1273cc8bc002e39fb31f117937533c25ea957c5,15075,9,4826
guangzhou,traffic_flow_metrics,93bf7bbfad331bf575b2ce0ec1336bab0e835421e4ab48b24803eaf0b125def7,14677,13,4082
guangzhou,traffic_flow_metrics,ee326f44976e396efecf37ca2be7f0c6d8ebf134bdf231390e009766ac78c202,7038,4121,8
guangzhou,traffic_flow_metrics,ad5bfbf6494ec00b594c42721953bfa0e72a8b90cf04e780949b2c88af06806c,1319,1232,3
guangzhou,traffic_flow_metrics,ffb05429579021fd35348352550a0b841ac2f6528a179dbccbd62b53a8a52908,207,203,2
nanjing,interface_metrics,nanjing-br-1|ens10,9,1,9
nanjing,interface_metrics,nanjing-br-1|ens11,9,1,9
nanjing,interface_metrics,nanjing-br-1|ens12,9,1,9
nanjing,interface_metrics,nanjing-br-1|ens3,9,1,9
nanjing,interface_metrics,nanjing-br-1|ens4,9,1,9
nanjing,interface_metrics,nanjing-br-1|ens5,9,1,9
nanjing,interface_metrics,nanjing-br-1|ens6,9,1,9
nanjing,interface_metrics,nanjing-br-1|ens7,9,1,9
nanjing,interface_metrics,nanjing-br-1|ens8,9,1,9
nanjing,interface_metrics,nanjing-br-1|ens9,9,1,9
nanjing,interface_metrics,nanjing-br-2|ens10,9,1,9
nanjing,interface_metrics,nanjing-br-2|ens11,9,1,9
nanjing,interface_metrics,nanjing-br-2|ens12,9,1,9
nanjing,interface_metrics,nanjing-br-2|ens3,9,1,9
nanjing,interface_metrics,nanjing-br-2|ens4,9,1,9
nanjing,interface_metrics,nanjing-br-2|ens5,9,1,9
nanjing,interface_metrics,nanjing-br-2|ens6,9,1,9
nanjing,interface_metrics,nanjing-br-2|ens7,9,1,9
nanjing,interface_metrics,nanjing-br-2|ens8,9,1,9
nanjing,interface_metrics,nanjing-br-2|ens9,9,1,9
nanjing,node_metrics,nanjing-br-1,8,1,8
nanjing,node_metrics,nanjing-br-2,8,1,8
nanjing,routing_metrics,"nanjing-br-2|ipv6_route_nexthop_info|prefix=""fd00:8:40::/64"",next_hop=""fe80::100:10:42"",dev=""ens4"",protocol=""bgp"",metric=""20"",route_index=""0"",nh_index=""0",17223,2,10102
nanjing,routing_metrics,"nanjing-br-1|ipv6_route_nexthop_info|prefix=""fd00:8:40::/64"",next_hop=""fe80::100:10:41"",dev=""ens4"",protocol=""bgp"",metric=""20"",route_index=""0"",nh_index=""0",15347,1,15347
nanjing,routing_metrics,"nanjing-br-1|bgp_peer_prefix_received|peer=""fd00:100:10::41"",remote_as=""65005"",state=""Idle (Admin)",9077,1,9077
nanjing,routing_metrics,"nanjing-br-1|bgp_peer_uptime_seconds|peer=""fd00:100:10::41"",remote_as=""65005"",state=""Idle (Admin)",9077,1,9077
nanjing,routing_metrics,"nanjing-br-1|bgp_peer_up|peer=""fd00:100:10::41"",remote_as=""65005"",state=""Idle (Admin)",9077,1,9077
nanjing,routing_metrics,"nanjing-br-1|ipv6_route_nexthop_info|prefix=""fd00:3:40::/64"",next_hop=""fe80::100:10:51"",dev=""ens4"",protocol=""bgp"",metric=""20"",route_index=""0"",nh_index=""0",9077,1,9077
nanjing,routing_metrics,"nanjing-br-1|ipv6_route_nexthop_info|prefix=""fd00:4:40::/64"",next_hop=""fe80::100:10:51"",dev=""ens4"",protocol=""bgp"",metric=""20"",route_index=""0"",nh_index=""0",9077,1,9077
nanjing,routing_metrics,"nanjing-br-1|ipv6_route_nexthop_info|prefix=""fd00:5:40::/64"",next_hop=""fe80::100:10:51"",dev=""ens4"",protocol=""bgp"",metric=""20"",route_index=""0"",nh_index=""0",9077,1,9077
nanjing,routing_metrics,"nanjing-br-2|bgp_peer_prefix_received|peer=""fd00:100:10::42"",remote_as=""65005"",state=""Idle (Admin)",5890,8,5203
nanjing,routing_metrics,"nanjing-br-2|bgp_peer_uptime_seconds|peer=""fd00:100:10::42"",remote_as=""65005"",state=""Idle (Admin)",5890,8,5203
nanjing,routing_metrics,"nanjing-br-2|bgp_peer_up|peer=""fd00:100:10::42"",remote_as=""65005"",state=""Idle (Admin)",5890,8,5203
nanjing,routing_metrics,"nanjing-br-2|ipv6_route_nexthop_info|prefix=""fd00:3:40::/64"",next_hop=""fe80::100:10:52"",dev=""ens4"",protocol=""bgp"",metric=""20"",route_index=""0"",nh_index=""0",5890,8,5203
nanjing,routing_metrics,"nanjing-br-2|ipv6_route_nexthop_info|prefix=""fd00:4:40::/64"",next_hop=""fe80::100:10:52"",dev=""ens4"",protocol=""bgp"",metric=""20"",route_index=""0"",nh_index=""0",5890,8,5203
nanjing,routing_metrics,"nanjing-br-2|ipv6_route_nexthop_info|prefix=""fd00:5:40::/64"",next_hop=""fe80::100:10:52"",dev=""ens4"",protocol=""bgp"",metric=""20"",route_index=""0"",nh_index=""0",5890,8,5203
nanjing,routing_metrics,"nanjing-br-2|ipv6_route_nexthop_info|prefix=""fd00:8:40::/64"",next_hop=""fe80::100:10:52"",dev=""ens4"",protocol=""bgp"",metric=""20"",route_index=""0"",nh_index=""0",2523,3,1313
nanjing,routing_metrics,"nanjing-br-2|ipv6_route_nexthop_info|prefix=""fd00:1:40::/64"",next_hop=""fe80::100:10:52"",dev=""ens4"",protocol=""bgp"",metric=""20"",route_index=""0"",nh_index=""0",1210,2,1201
nanjing,routing_metrics,"nanjing-br-2|bgp_peer_prefix_received|peer=""fd00:100:10::42"",remote_as=""65005"",state=""Established",48,10,19
nanjing,routing_metrics,"nanjing-br-2|bgp_peer_prefix_sent|peer=""fd00:100:10::42"",remote_as=""65005"",state=""Established",48,10,19
nanjing,routing_metrics,"nanjing-br-2|bgp_peer_uptime_seconds|peer=""fd00:100:10::42"",remote_as=""65005"",state=""Established",48,10,19
nanjing,routing_metrics,"nanjing-br-2|bgp_peer_up|peer=""fd00:100:10::42"",remote_as=""65005"",state=""Established",48,10,19
nanjing,routing_metrics,"nanjing-br-2|ipv6_route_nexthop_info|prefix=""fd00:3:40::/64"",next_hop=""fe80::100:10:42"",dev=""ens4"",protocol=""bgp"",metric=""20"",route_index=""0"",nh_index=""0",48,10,19
nanjing,routing_metrics,"nanjing-br-2|ipv6_route_nexthop_info|prefix=""fd00:4:40::/64"",next_hop=""fe80::100:10:42"",dev=""ens4"",protocol=""bgp"",metric=""20"",route_index=""0"",nh_index=""0",48,10,19
nanjing,routing_metrics,"nanjing-br-2|ipv6_route_nexthop_info|prefix=""fd00:5:40::/64"",next_hop=""fe80::100:10:42"",dev=""ens4"",protocol=""bgp"",metric=""20"",route_index=""0"",nh_index=""0",48,10,19
nanjing,routing_metrics,"nanjing-cr-1|ospf6_neighbor_state_code|state=""Full"",interface=""ens5"",neighbor_id=""7.7.7.12",30,2,15
nanjing,routing_metrics,"nanjing-cr-2|ospf6_neighbor_state_code|state=""Full"",interface=""ens5"",neighbor_id=""7.7.7.11",30,2,15
nanjing,routing_metrics,"nanjing-br-1|bgp_peer_prefix_received|peer=""fd00:100:10::41"",remote_as=""65005"",state=""Established",26,3,11
nanjing,routing_metrics,"nanjing-br-1|bgp_peer_prefix_sent|peer=""fd00:100:10::41"",remote_as=""65005"",state=""Established",26,3,11
nanjing,routing_metrics,"nanjing-br-1|bgp_peer_uptime_seconds|peer=""fd00:100:10::41"",remote_as=""65005"",state=""Established",26,3,11
nanjing,routing_metrics,"nanjing-br-1|bgp_peer_up|peer=""fd00:100:10::41"",remote_as=""65005"",state=""Established",26,3,11
nanjing,routing_metrics,"nanjing-br-1|ipv6_route_nexthop_info|prefix=""fd00:3:40::/64"",next_hop=""fe80::100:10:41"",dev=""ens4"",protocol=""bgp"",metric=""20"",route_index=""0"",nh_index=""0",26,3,11
nanjing,routing_metrics,"nanjing-br-1|ipv6_route_nexthop_info|prefix=""fd00:4:40::/64"",next_hop=""fe80::100:10:41"",dev=""ens4"",protocol=""bgp"",metric=""20"",route_index=""0"",nh_index=""0",26,3,11
nanjing,routing_metrics,"nanjing-br-1|ipv6_route_nexthop_info|prefix=""fd00:5:40::/64"",next_hop=""fe80::100:10:41"",dev=""ens4"",protocol=""bgp"",metric=""20"",route_index=""0"",nh_index=""0",26,3,11
nanjing,routing_metrics,"nanjing-br-2|ipv6_route_nexthop_info|prefix=""fd00:2:40::/64"",next_hop=""fe80::100:10:52"",dev=""ens4"",protocol=""bgp"",metric=""20"",route_index=""0"",nh_index=""0",15,4,9
nanjing,routing_metrics,"nanjing-br-2|ipv6_route_nexthop_info|prefix=""fd00:6:40::/64"",next_hop=""fe80::100:10:52"",dev=""ens4"",protocol=""bgp"",metric=""20"",route_index=""0"",nh_index=""0",15,4,9
nanjing,routing_metrics,"nanjing-br-2|bgp_peer_prefix_received|peer=""fd00:100:10::52"",remote_as=""65006"",state=""Established",14,4,9
nanjing,routing_metrics,"nanjing-br-2|bgp_peer_prefix_sent|peer=""fd00:100:10::52"",remote_as=""65006"",state=""Established",14,4,9
nanjing,routing_metrics,"nanjing-br-2|bgp_peer_uptime_seconds|peer=""fd00:100:10::52"",remote_as=""65006"",state=""Established",14,4,9
nanjing,routing_metrics,"nanjing-br-2|bgp_peer_up|peer=""fd00:100:10::52"",remote_as=""65006"",state=""Established",14,4,9
nanjing,routing_metrics,"nanjing-br-1|bgp_command_success|command=""bgp_summary",9,1,9
nanjing,routing_metrics,nanjing-br-1|bgp_peer_count|,9,1,9
nanjing,routing_metrics,"nanjing-br-1|bgp_peer_prefix_received|peer=""fd00:100:10::51"",remote_as=""65006"",state=""Established",9,1,9
nanjing,routing_metrics,"nanjing-br-1|bgp_peer_prefix_sent|peer=""fd00:100:10::51"",remote_as=""65006"",state=""Established",9,1,9
nanjing,routing_metrics,"nanjing-br-1|bgp_peer_uptime_seconds|peer=""fd00:100:10::51"",remote_as=""65006"",state=""Established",9,1,9
nanjing,routing_metrics,"nanjing-br-1|bgp_peer_up|peer=""fd00:100:10::51"",remote_as=""65006"",state=""Established",9,1,9
nanjing,routing_metrics,nanjing-br-1|ipv6_default_route_changed_total|,9,1,9
nanjing,routing_metrics,"nanjing-br-1|ipv6_default_route_info|next_hop=""240a:a023::1"",dev=""ens4"",protocol=""unknown"",metric=""1024"",route_index=""0"",nh_index=""0",9,1,9
nanjing,routing_metrics,"nanjing-br-1|ipv6_route_change_total|prefix=""::/0",9,1,9
nanjing,routing_metrics,"nanjing-br-1|ipv6_route_change_total|prefix=""fd00:1:40::/64",9,1,9
nanjing,routing_metrics,"nanjing-br-1|ipv6_route_change_total|prefix=""fd00:2:40::/64",9,1,9
nanjing,routing_metrics,"nanjing-br-1|ipv6_route_change_total|prefix=""fd00:3:40::/64",9,1,9
nanjing,routing_metrics,"nanjing-br-1|ipv6_route_change_total|prefix=""fd00:4:40::/64",9,1,9
nanjing,routing_metrics,"nanjing-br-1|ipv6_route_change_total|prefix=""fd00:5:40::/64",9,1,9
nanjing,routing_metrics,"nanjing-br-1|ipv6_route_change_total|prefix=""fd00:6:40::/64",9,1,9
nanjing,routing_metrics,"nanjing-br-1|ipv6_route_change_total|prefix=""fd00:7:40::/64",9,1,9
nanjing,routing_metrics,"nanjing-br-1|ipv6_route_change_total|prefix=""fd00:8:40::/64",9,1,9
nanjing,routing_metrics,"nanjing-br-1|ipv6_route_count|protocol=""all",9,1,9
nanjing,routing_metrics,"nanjing-br-1|ipv6_route_count|protocol=""bgp",9,1,9
nanjing,routing_metrics,"nanjing-br-1|ipv6_route_count|protocol=""kernel",9,1,9
nanjing,routing_metrics,"nanjing-br-1|ipv6_route_count|protocol=""ospf",9,1,9
nanjing,routing_metrics,"nanjing-br-1|ipv6_route_count|protocol=""unknown",9,1,9
nanjing,routing_metrics,"nanjing-br-1|ipv6_route_exists|prefix=""::/0",9,1,9
nanjing,routing_metrics,"nanjing-br-1|ipv6_route_exists|prefix=""fd00:1:40::/64",9,1,9
nanjing,routing_metrics,"nanjing-br-1|ipv6_route_exists|prefix=""fd00:2:40::/64",9,1,9
nanjing,routing_metrics,"nanjing-br-1|ipv6_route_exists|prefix=""fd00:3:40::/64",9,1,9
nanjing,routing_metrics,"nanjing-br-1|ipv6_route_exists|prefix=""fd00:4:40::/64",9,1,9
nanjing,routing_metrics,"nanjing-br-1|ipv6_route_exists|prefix=""fd00:5:40::/64",9,1,9
nanjing,routing_metrics,"nanjing-br-1|ipv6_route_exists|prefix=""fd00:6:40::/64",9,1,9
nanjing,routing_metrics,"nanjing-br-1|ipv6_route_exists|prefix=""fd00:7:40::/64",9,1,9
nanjing,routing_metrics,"nanjing-br-1|ipv6_route_exists|prefix=""fd00:8:40::/64",9,1,9
nanjing,routing_metrics,"nanjing-br-1|ipv6_route_nexthop_info|prefix=""::/0"",next_hop=""240a:a023::1"",dev=""ens4"",protocol=""unknown"",metric=""1024"",route_index=""0"",nh_index=""0",9,1,9
nanjing,routing_metrics,"nanjing-br-1|ipv6_route_nexthop_info|prefix=""fd00:1:40::/64"",next_hop=""fe80::100:10:51"",dev=""ens4"",protocol=""bgp"",metric=""20"",route_index=""0"",nh_index=""0",9,1,9
nanjing,routing_metrics,"nanjing-br-1|ipv6_route_nexthop_info|prefix=""fd00:2:40::/64"",next_hop=""fe80::100:10:51"",dev=""ens4"",protocol=""bgp"",metric=""20"",route_index=""0"",nh_index=""0",9,1,9
nanjing,routing_metrics,"nanjing-br-1|ipv6_route_nexthop_info|prefix=""fd00:6:40::/64"",next_hop=""fe80::100:10:51"",dev=""ens4"",protocol=""bgp"",metric=""20"",route_index=""0"",nh_index=""0",9,1,9
nanjing,routing_metrics,"nanjing-br-1|ipv6_route_nexthop_info|prefix=""fd00:7:40::/64"",next_hop=""fe80::7:20:11"",dev=""ens5"",protocol=""ospf"",metric=""20"",route_index=""0"",nh_index=""1",9,1,9
nanjing,routing_metrics,"nanjing-br-1|ipv6_route_nexthop_info|prefix=""fd00:7:40::/64"",next_hop=""fe80::7:20:12"",dev=""ens5"",protocol=""ospf"",metric=""20"",route_index=""0"",nh_index=""0",9,1,9
nanjing,routing_metrics,"nanjing-br-1|ipv6_route_nexthop_info|prefix=""fd00:8:40::/64"",next_hop=""fe80::100:10:51"",dev=""ens4"",protocol=""bgp"",metric=""20"",route_index=""0"",nh_index=""0",9,1,9
nanjing,routing_metrics,"nanjing-br-1|ospf6_interface_cost|interface=""ens5",9,1,9
nanjing,routing_metrics,"nanjing-br-1|ospf6_interface_enabled|interface=""ens10",9,1,9
nanjing,routing_metrics,"nanjing-br-1|ospf6_interface_enabled|interface=""ens11",9,1,9
nanjing,routing_metrics,"nanjing-br-1|ospf6_interface_enabled|interface=""ens12",9,1,9
nanjing,routing_metrics,"nanjing-br-1|ospf6_interface_enabled|interface=""ens3",9,1,9
nanjing,routing_metrics,"nanjing-br-1|ospf6_interface_enabled|interface=""ens4",9,1,9
nanjing,routing_metrics,"nanjing-br-1|ospf6_interface_enabled|interface=""ens5",9,1,9
nanjing,routing_metrics,"nanjing-br-1|ospf6_interface_enabled|interface=""ens6",9,1,9
nanjing,routing_metrics,"nanjing-br-1|ospf6_interface_enabled|interface=""ens7",9,1,9
nanjing,routing_metrics,"nanjing-br-1|ospf6_interface_enabled|interface=""ens8",9,1,9
nanjing,routing_metrics,"nanjing-br-1|ospf6_interface_enabled|interface=""ens9",9,1,9
nanjing,routing_metrics,"nanjing-br-1|ospf6_interface_enabled|interface=""lo",9,1,9
nanjing,routing_metrics,"nanjing-br-1|ospf6_interface_enabled|interface=""virbr0",9,1,9
nanjing,routing_metrics,"nanjing-br-1|ospf6_neighbor_state_code|state=""Full"",interface=""ens5"",neighbor_id=""7.7.7.12",9,1,9
nanjing,routing_metrics,"nanjing-br-1|ospf6_neighbor_state_code|state=""Full"",interface=""ens5"",neighbor_id=""7.7.7.2",9,1,9
nanjing,routing_metrics,"nanjing-br-1|ospf6_neighbor_state_code|state=""Twoway"",interface=""ens5"",neighbor_id=""7.7.7.11",9,1,9
nanjing,routing_metrics,"nanjing-br-2|bgp_command_success|command=""bgp_summary",9,1,9
nanjing,routing_metrics,nanjing-br-2|bgp_peer_count|,9,1,9
nanjing,routing_metrics,nanjing-br-2|ipv6_default_route_changed_total|,9,1,9
nanjing,routing_metrics,"nanjing-br-2|ipv6_default_route_info|next_hop=""240a:a023::1"",dev=""ens4"",protocol=""unknown"",metric=""1024"",route_index=""0"",nh_index=""0",9,1,9
nanjing,routing_metrics,"nanjing-br-2|ipv6_route_change_total|prefix=""::/0",9,1,9
nanjing,routing_metrics,"nanjing-br-2|ipv6_route_change_total|prefix=""fd00:1:40::/64",9,1,9
nanjing,routing_metrics,"nanjing-br-2|ipv6_route_change_total|prefix=""fd00:2:40::/64",9,1,9
nanjing,routing_metrics,"nanjing-br-2|ipv6_route_change_total|prefix=""fd00:3:40::/64",9,1,9
nanjing,routing_metrics,"nanjing-br-2|ipv6_route_change_total|prefix=""fd00:4:40::/64",9,1,9
nanjing,routing_metrics,"nanjing-br-2|ipv6_route_change_total|prefix=""fd00:5:40::/64",9,1,9
nanjing,routing_metrics,"nanjing-br-2|ipv6_route_change_total|prefix=""fd00:6:40::/64",9,1,9
nanjing,routing_metrics,"nanjing-br-2|ipv6_route_change_total|prefix=""fd00:7:40::/64",9,1,9
nanjing,routing_metrics,"nanjing-br-2|ipv6_route_change_total|prefix=""fd00:8:40::/64",9,1,9
nanjing,routing_metrics,"nanjing-br-2|ipv6_route_count|protocol=""all",9,1,9
nanjing,routing_metrics,"nanjing-br-2|ipv6_route_count|protocol=""bgp",9,1,9
nanjing,routing_metrics,"nanjing-br-2|ipv6_route_count|protocol=""kernel",9,1,9
nanjing,routing_metrics,"nanjing-br-2|ipv6_route_count|protocol=""ospf",9,1,9
nanjing,routing_metrics,"nanjing-br-2|ipv6_route_count|protocol=""unknown",9,1,9
nanjing,routing_metrics,"nanjing-br-2|ipv6_route_exists|prefix=""::/0",9,1,9
nanjing,routing_metrics,"nanjing-br-2|ipv6_route_exists|prefix=""fd00:1:40::/64",9,1,9
nanjing,routing_metrics,"nanjing-br-2|ipv6_route_exists|prefix=""fd00:2:40::/64",9,1,9
nanjing,routing_metrics,"nanjing-br-2|ipv6_route_exists|prefix=""fd00:3:40::/64",9,1,9
nanjing,routing_metrics,"nanjing-br-2|ipv6_route_exists|prefix=""fd00:4:40::/64",9,1,9
nanjing,routing_metrics,"nanjing-br-2|ipv6_route_exists|prefix=""fd00:5:40::/64",9,1,9
nanjing,routing_metrics,"nanjing-br-2|ipv6_route_exists|prefix=""fd00:6:40::/64",9,1,9
nanjing,routing_metrics,"nanjing-br-2|ipv6_route_exists|prefix=""fd00:7:40::/64",9,1,9
nanjing,routing_metrics,"nanjing-br-2|ipv6_route_exists|prefix=""fd00:8:40::/64",9,1,9
nanjing,routing_metrics,"nanjing-br-2|ipv6_route_nexthop_info|prefix=""::/0"",next_hop=""240a:a023::1"",dev=""ens4"",protocol=""unknown"",metric=""1024"",route_index=""0"",nh_index=""0",9,1,9
nanjing,routing_metrics,"nanjing-br-2|ipv6_route_nexthop_info|prefix=""fd00:7:40::/64"",next_hop=""fe80::7:20:11"",dev=""ens5"",protocol=""ospf"",metric=""20"",route_index=""0"",nh_index=""1",9,1,9
nanjing,routing_metrics,"nanjing-br-2|ipv6_route_nexthop_info|prefix=""fd00:7:40::/64"",next_hop=""fe80::7:20:12"",dev=""ens5"",protocol=""ospf"",metric=""20"",route_index=""0"",nh_index=""0",9,1,9
nanjing,routing_metrics,"nanjing-br-2|ospf6_interface_cost|interface=""ens5",9,1,9
nanjing,routing_metrics,"nanjing-br-2|ospf6_interface_enabled|interface=""ens10",9,1,9
nanjing,routing_metrics,"nanjing-br-2|ospf6_interface_enabled|interface=""ens11",9,1,9
nanjing,routing_metrics,"nanjing-br-2|ospf6_interface_enabled|interface=""ens12",9,1,9
nanjing,routing_metrics,"nanjing-br-2|ospf6_interface_enabled|interface=""ens3",9,1,9
nanjing,routing_metrics,"nanjing-br-2|ospf6_interface_enabled|interface=""ens4",9,1,9
nanjing,routing_metrics,"nanjing-br-2|ospf6_interface_enabled|interface=""ens5",9,1,9
nanjing,routing_metrics,"nanjing-br-2|ospf6_interface_enabled|interface=""ens6",9,1,9
nanjing,routing_metrics,"nanjing-br-2|ospf6_interface_enabled|interface=""ens7",9,1,9
nanjing,routing_metrics,"nanjing-br-2|ospf6_interface_enabled|interface=""ens8",9,1,9
nanjing,routing_metrics,"nanjing-br-2|ospf6_interface_enabled|interface=""ens9",9,1,9
nanjing,routing_metrics,"nanjing-br-2|ospf6_interface_enabled|interface=""lo",9,1,9
nanjing,routing_metrics,"nanjing-br-2|ospf6_interface_enabled|interface=""virbr0",9,1,9
nanjing,routing_metrics,"nanjing-br-2|ospf6_neighbor_state_code|state=""Full"",interface=""ens5"",neighbor_id=""7.7.7.1",9,1,9
nanjing,routing_metrics,"nanjing-br-2|ospf6_neighbor_state_code|state=""Full"",interface=""ens5"",neighbor_id=""7.7.7.11",9,1,9
nanjing,routing_metrics,"nanjing-br-2|ospf6_neighbor_state_code|state=""Full"",interface=""ens5"",neighbor_id=""7.7.7.12",9,1,9
nanjing,routing_metrics,"nanjing-br-2|bgp_peer_prefix_received|peer=""fd00:100:10::52"",remote_as=""65006"",state=""Active",3,2,2
nanjing,routing_metrics,"nanjing-br-2|bgp_peer_uptime_seconds|peer=""fd00:100:10::52"",remote_as=""65006"",state=""Active",3,2,2
nanjing,routing_metrics,"nanjing-br-2|bgp_peer_up|peer=""fd00:100:10::52"",remote_as=""65006"",state=""Active",3,2,2
nanjing,routing_metrics,"nanjing-br-2|ipv6_route_nexthop_info|prefix=""fd00:2:40::/64"",next_hop=""fe80::100:10:42"",dev=""ens4"",protocol=""bgp"",metric=""20"",route_index=""0"",nh_index=""0",3,2,2
nanjing,routing_metrics,"nanjing-br-2|ipv6_route_nexthop_info|prefix=""fd00:6:40::/64"",next_hop=""fe80::100:10:42"",dev=""ens4"",protocol=""bgp"",metric=""20"",route_index=""0"",nh_index=""0",3,2,2
nanjing,traffic_flow_metrics,626f151a2520d052a5122e53491de7477edbde2f3141cee559078721efe80cef,19973,18,3048
nanjing,traffic_flow_metrics,5644f93ab9f7a75ffa857148b829fe24025de28f4e9423350182cf7edc2c9115,19195,18,3676
nanjing,traffic_flow_metrics,195dbbcc856d51f7d5078823d3b9c2727f21a553230baf225b751f480f646b60,19126,16,3687
nanjing,traffic_flow_metrics,04fb13bfa04c19a2bfc62cc77684f2b4391c46508624a3c5619abd9260994eb0,19088,13,6279
nanjing,traffic_flow_metrics,64ced38c3d03974d2f7aeb708f8b43c44879b3236ae9d6a8984b113716d74866,18853,9,7854
nanjing,traffic_flow_metrics,aa5f13768d5fa50c2bac022d23b0920ac285e19d2c8c2ec42dcb25d0990e8492,18609,20,3179
nanjing,traffic_flow_metrics,5970d06c9699a584aa86f2e683e23c958c24bf3076c48fa0daf825575e8cec86,18505,17,2623
nanjing,traffic_flow_metrics,2ac2c6c2829a43854cd3596a67f9ee05a4153d06bd93ba20ed620f1f0a14ac7d,18447,15,4664
nanjing,traffic_flow_metrics,1c0f53cedd72136ef3c40ac58e43f0f0ee09d264d6555047e87997bdb0ffa3fd,18385,18,4020
nanjing,traffic_flow_metrics,3c0a73340497c4d9341d341979e4c94a83a63509a04d524e6212f83af2a41190,18377,18,4009
nanjing,traffic_flow_metrics,f79275a2cdfde47c26e60687643265b526e16572651203aaad7ebe2a94595c27,18312,16,3012
nanjing,traffic_flow_metrics,b0971e3c632fd7a33bfaf3bd68e0a3587666173e38317910e9873d8d93690360,18270,23,2281
nanjing,traffic_flow_metrics,23d3d44e4547b95b20b0142938837e86c678209864f333977bc196ca44a77cea,18176,13,4288
nanjing,traffic_flow_metrics,c924ed8124ce36924797d0096b2245e84d343e60041b5db5dbd954bd3ed3bc13,18137,17,2965
nanjing,traffic_flow_metrics,51cc086fbc313572f13cca062683ee11bc572f11f91bb2184e35eea9863a8910,18117,15,3655
nanjing,traffic_flow_metrics,c9fbb44c12c84d4d079313ff0d2936ea281858444fa670d129535c5ec1751408,18010,16,3522
nanjing,traffic_flow_metrics,8d25b4e3b3239d2f7f99334444aad81d0b88a9f6e2b6f612a92dd421cc952892,17612,21,2620
nanjing,traffic_flow_metrics,a559fd581c2513d998e9960b7e7779d4f71a8204a372ec45cadf8dddde2d9753,17566,19,6165
nanjing,traffic_flow_metrics,8589e27b124400fdfa9b7fd5eaaede81b320d4bf25f7e9c8ba250b57c393b6b3,17345,19,2565
nanjing,traffic_flow_metrics,40daba45fc7cc7a2f4456b29c284d4b2cc8f430480caa80dae96cbc6c10ee700,16467,12,3940
nanjing,traffic_flow_metrics,faab324719ab0b91fb1d45258e3c7641d7161fb253d4305985d561fc5b5e8887,15336,24,2098
nanjing,traffic_flow_metrics,6cc94f04fe3ed708353b0012847bf228a701cdf0caa681c9f88a18f7943a9541,7060,4098,9
nanjing,traffic_flow_metrics,3b255c334450d1338c5d2643b90458556c2b20fab2c2a7f73efe7ea844c799da,1427,1326,3
nanjing,traffic_flow_metrics,f75c0e885f2f2632927d08dae63f58d76ad71e3678eac43a19752a4fb4cfd9d8,197,191,2
shanghai,interface_metrics,shanghai-br-1|ens10,55,4,22
shanghai,interface_metrics,shanghai-br-1|ens11,55,4,22
shanghai,interface_metrics,shanghai-br-1|ens12,55,4,22
shanghai,interface_metrics,shanghai-br-1|ens3,55,4,22
shanghai,interface_metrics,shanghai-br-1|ens4,55,4,22
shanghai,interface_metrics,shanghai-br-1|ens5,55,4,22
shanghai,interface_metrics,shanghai-br-1|ens6,55,4,22
shanghai,interface_metrics,shanghai-br-1|ens7,55,4,22
shanghai,interface_metrics,shanghai-br-1|ens8,55,4,22
shanghai,interface_metrics,shanghai-br-1|ens9,55,4,22
shanghai,interface_metrics,shanghai-br-2|ens10,54,4,22
shanghai,interface_metrics,shanghai-br-2|ens11,54,4,22
shanghai,interface_metrics,shanghai-br-2|ens12,54,4,22
shanghai,interface_metrics,shanghai-br-2|ens3,54,4,22
shanghai,interface_metrics,shanghai-br-2|ens4,54,4,22
shanghai,interface_metrics,shanghai-br-2|ens5,54,4,22
shanghai,interface_metrics,shanghai-br-2|ens6,54,4,22
shanghai,interface_metrics,shanghai-br-2|ens7,54,4,22
shanghai,interface_metrics,shanghai-br-2|ens8,54,4,22
shanghai,interface_metrics,shanghai-br-2|ens9,54,4,22
shanghai,node_metrics,shanghai-br-1,52,4,21
shanghai,node_metrics,shanghai-br-2,52,4,21
shanghai,routing_metrics,"shanghai-br-2|bgp_peer_prefix_received|peer=""fd00:100:10::72"",remote_as=""65008"",state=""Active",19735,3,19730
shanghai,routing_metrics,"shanghai-br-2|bgp_peer_uptime_seconds|peer=""fd00:100:10::72"",remote_as=""65008"",state=""Active",19735,3,19730
shanghai,routing_metrics,"shanghai-br-2|bgp_peer_up|peer=""fd00:100:10::72"",remote_as=""65008"",state=""Active",19735,3,19730
shanghai,routing_metrics,"shanghai-br-2|ipv6_route_nexthop_info|prefix=""fd00:8:40::/64"",next_hop=""fe80::100:10:42"",dev=""ens4"",protocol=""bgp"",metric=""20"",route_index=""0"",nh_index=""0",19735,3,19730
shanghai,routing_metrics,"shanghai-br-1|bgp_peer_prefix_received|peer=""fd00:100:10::71"",remote_as=""65008"",state=""Active",17056,1,17056
shanghai,routing_metrics,"shanghai-br-1|bgp_peer_uptime_seconds|peer=""fd00:100:10::71"",remote_as=""65008"",state=""Active",17056,1,17056
shanghai,routing_metrics,"shanghai-br-1|bgp_peer_up|peer=""fd00:100:10::71"",remote_as=""65008"",state=""Active",17056,1,17056
shanghai,routing_metrics,"shanghai-br-1|ipv6_route_nexthop_info|prefix=""fd00:8:40::/64"",next_hop=""fe80::100:10:41"",dev=""ens4"",protocol=""bgp"",metric=""20"",route_index=""0"",nh_index=""0",17056,1,17056
shanghai,routing_metrics,"shanghai-br-2|bgp_peer_prefix_received|peer=""fd00:100:10::12"",remote_as=""65002"",state=""Active",6071,4,6063
shanghai,routing_metrics,"shanghai-br-2|bgp_peer_uptime_seconds|peer=""fd00:100:10::12"",remote_as=""65002"",state=""Active",6071,4,6063
shanghai,routing_metrics,"shanghai-br-2|bgp_peer_up|peer=""fd00:100:10::12"",remote_as=""65002"",state=""Active",6071,4,6063
shanghai,routing_metrics,"shanghai-br-2|ipv6_route_nexthop_info|prefix=""fd00:2:40::/64"",next_hop=""fe80::100:10:2"",dev=""ens4"",protocol=""bgp"",metric=""20"",route_index=""0"",nh_index=""0",6071,4,6063
shanghai,routing_metrics,"shanghai-br-1|bgp_peer_prefix_received|peer=""fd00:100:10::71"",remote_as=""65008"",state=""Established",93,6,22
shanghai,routing_metrics,"shanghai-br-1|bgp_peer_prefix_sent|peer=""fd00:100:10::71"",remote_as=""65008"",state=""Established",93,6,22
shanghai,routing_metrics,"shanghai-br-1|bgp_peer_uptime_seconds|peer=""fd00:100:10::71"",remote_as=""65008"",state=""Established",93,6,22
shanghai,routing_metrics,"shanghai-br-1|bgp_peer_up|peer=""fd00:100:10::71"",remote_as=""65008"",state=""Established",93,6,22
shanghai,routing_metrics,"shanghai-br-1|ipv6_route_nexthop_info|prefix=""fd00:8:40::/64"",next_hop=""fe80::100:10:71"",dev=""ens4"",protocol=""bgp"",metric=""20"",route_index=""0"",nh_index=""0",93,6,22
shanghai,routing_metrics,"shanghai-br-2|bgp_peer_prefix_received|peer=""fd00:100:10::12"",remote_as=""65002"",state=""Established",79,9,21
shanghai,routing_metrics,"shanghai-br-2|bgp_peer_prefix_sent|peer=""fd00:100:10::12"",remote_as=""65002"",state=""Established",79,9,21
shanghai,routing_metrics,"shanghai-br-2|bgp_peer_uptime_seconds|peer=""fd00:100:10::12"",remote_as=""65002"",state=""Established",79,9,21
shanghai,routing_metrics,"shanghai-br-2|bgp_peer_up|peer=""fd00:100:10::12"",remote_as=""65002"",state=""Established",79,9,21
shanghai,routing_metrics,"shanghai-br-2|ipv6_route_nexthop_info|prefix=""fd00:2:40::/64"",next_hop=""fe80::100:10:12"",dev=""ens4"",protocol=""bgp"",metric=""20"",route_index=""0"",nh_index=""0",79,9,21
shanghai,routing_metrics,"shanghai-br-1|bgp_peer_prefix_received|peer=""fd00:100:10::11"",remote_as=""65002"",state=""Established",67,5,22
shanghai,routing_metrics,"shanghai-br-1|bgp_peer_prefix_sent|peer=""fd00:100:10::11"",remote_as=""65002"",state=""Established",67,5,22
shanghai,routing_metrics,"shanghai-br-1|bgp_peer_uptime_seconds|peer=""fd00:100:10::11"",remote_as=""65002"",state=""Established",67,5,22
shanghai,routing_metrics,"shanghai-br-1|bgp_peer_up|peer=""fd00:100:10::11"",remote_as=""65002"",state=""Established",67,5,22
shanghai,routing_metrics,"shanghai-br-1|ipv6_route_nexthop_info|prefix=""fd00:2:40::/64"",next_hop=""fe80::100:10:11"",dev=""ens4"",protocol=""bgp"",metric=""20"",route_index=""0"",nh_index=""0",67,5,22
shanghai,routing_metrics,"shanghai-br-2|bgp_peer_prefix_received|peer=""fd00:100:10::62"",remote_as=""65007"",state=""Established",60,7,21
shanghai,routing_metrics,"shanghai-br-2|bgp_peer_prefix_sent|peer=""fd00:100:10::62"",remote_as=""65007"",state=""Established",60,7,21
shanghai,routing_metrics,"shanghai-br-2|bgp_peer_uptime_seconds|peer=""fd00:100:10::62"",remote_as=""65007"",state=""Established",60,7,21
shanghai,routing_metrics,"shanghai-br-2|bgp_peer_up|peer=""fd00:100:10::62"",remote_as=""65007"",state=""Established",60,7,21
shanghai,routing_metrics,"shanghai-br-2|ipv6_route_nexthop_info|prefix=""fd00:7:40::/64"",next_hop=""fe80::100:10:62"",dev=""ens4"",protocol=""bgp"",metric=""20"",route_index=""0"",nh_index=""0",60,7,21
shanghai,routing_metrics,"shanghai-br-2|bgp_peer_prefix_received|peer=""fd00:100:10::72"",remote_as=""65008"",state=""Established",58,8,21
shanghai,routing_metrics,"shanghai-br-2|bgp_peer_prefix_sent|peer=""fd00:100:10::72"",remote_as=""65008"",state=""Established",58,8,21
shanghai,routing_metrics,"shanghai-br-2|bgp_peer_uptime_seconds|peer=""fd00:100:10::72"",remote_as=""65008"",state=""Established",58,8,21
shanghai,routing_metrics,"shanghai-br-2|bgp_peer_up|peer=""fd00:100:10::72"",remote_as=""65008"",state=""Established",58,8,21
shanghai,routing_metrics,"shanghai-br-2|ipv6_route_nexthop_info|prefix=""fd00:8:40::/64"",next_hop=""fe80::100:10:72"",dev=""ens4"",protocol=""bgp"",metric=""20"",route_index=""0"",nh_index=""0",58,8,21
shanghai,routing_metrics,"shanghai-br-1|bgp_command_success|command=""bgp_summary",55,4,22
shanghai,routing_metrics,shanghai-br-1|bgp_peer_count|,55,4,22
shanghai,routing_metrics,"shanghai-br-1|bgp_peer_prefix_received|peer=""fd00:100:10::1"",remote_as=""65001"",state=""Established",55,4,22
shanghai,routing_metrics,"shanghai-br-1|bgp_peer_prefix_received|peer=""fd00:100:10::41"",remote_as=""65005"",state=""Established",55,4,22
shanghai,routing_metrics,"shanghai-br-1|bgp_peer_prefix_received|peer=""fd00:100:10::61"",remote_as=""65007"",state=""Established",55,4,22
shanghai,routing_metrics,"shanghai-br-1|bgp_peer_prefix_sent|peer=""fd00:100:10::1"",remote_as=""65001"",state=""Established",55,4,22
shanghai,routing_metrics,"shanghai-br-1|bgp_peer_prefix_sent|peer=""fd00:100:10::41"",remote_as=""65005"",state=""Established",55,4,22
shanghai,routing_metrics,"shanghai-br-1|bgp_peer_prefix_sent|peer=""fd00:100:10::61"",remote_as=""65007"",state=""Established",55,4,22
shanghai,routing_metrics,"shanghai-br-1|bgp_peer_uptime_seconds|peer=""fd00:100:10::1"",remote_as=""65001"",state=""Established",55,4,22
shanghai,routing_metrics,"shanghai-br-1|bgp_peer_uptime_seconds|peer=""fd00:100:10::41"",remote_as=""65005"",state=""Established",55,4,22
shanghai,routing_metrics,"shanghai-br-1|bgp_peer_uptime_seconds|peer=""fd00:100:10::61"",remote_as=""65007"",state=""Established",55,4,22
shanghai,routing_metrics,"shanghai-br-1|bgp_peer_up|peer=""fd00:100:10::1"",remote_as=""65001"",state=""Established",55,4,22
shanghai,routing_metrics,"shanghai-br-1|bgp_peer_up|peer=""fd00:100:10::41"",remote_as=""65005"",state=""Established",55,4,22
shanghai,routing_metrics,"shanghai-br-1|bgp_peer_up|peer=""fd00:100:10::61"",remote_as=""65007"",state=""Established",55,4,22
shanghai,routing_metrics,shanghai-br-1|ipv6_default_route_changed_total|,55,4,22
shanghai,routing_metrics,"shanghai-br-1|ipv6_default_route_info|next_hop=""240a:a023::1"",dev=""ens4"",protocol=""unknown"",metric=""1024"",route_index=""0"",nh_index=""0",55,4,22
shanghai,routing_metrics,"shanghai-br-1|ipv6_route_change_total|prefix=""::/0",55,4,22
shanghai,routing_metrics,"shanghai-br-1|ipv6_route_change_total|prefix=""fd00:1:40::/64",55,4,22
shanghai,routing_metrics,"shanghai-br-1|ipv6_route_change_total|prefix=""fd00:2:40::/64",55,4,22
shanghai,routing_metrics,"shanghai-br-1|ipv6_route_change_total|prefix=""fd00:3:40::/64",55,4,22
shanghai,routing_metrics,"shanghai-br-1|ipv6_route_change_total|prefix=""fd00:4:40::/64",55,4,22
shanghai,routing_metrics,"shanghai-br-1|ipv6_route_change_total|prefix=""fd00:5:40::/64",55,4,22
shanghai,routing_metrics,"shanghai-br-1|ipv6_route_change_total|prefix=""fd00:6:40::/64",55,4,22
shanghai,routing_metrics,"shanghai-br-1|ipv6_route_change_total|prefix=""fd00:7:40::/64",55,4,22
shanghai,routing_metrics,"shanghai-br-1|ipv6_route_change_total|prefix=""fd00:8:40::/64",55,4,22
shanghai,routing_metrics,"shanghai-br-1|ipv6_route_count|protocol=""all",55,4,22
shanghai,routing_metrics,"shanghai-br-1|ipv6_route_count|protocol=""bgp",55,4,22
shanghai,routing_metrics,"shanghai-br-1|ipv6_route_count|protocol=""kernel",55,4,22
shanghai,routing_metrics,"shanghai-br-1|ipv6_route_count|protocol=""ospf",55,4,22
shanghai,routing_metrics,"shanghai-br-1|ipv6_route_count|protocol=""unknown",55,4,22
shanghai,routing_metrics,"shanghai-br-1|ipv6_route_exists|prefix=""::/0",55,4,22
shanghai,routing_metrics,"shanghai-br-1|ipv6_route_exists|prefix=""fd00:1:40::/64",55,4,22
shanghai,routing_metrics,"shanghai-br-1|ipv6_route_exists|prefix=""fd00:2:40::/64",55,4,22
shanghai,routing_metrics,"shanghai-br-1|ipv6_route_exists|prefix=""fd00:3:40::/64",55,4,22
shanghai,routing_metrics,"shanghai-br-1|ipv6_route_exists|prefix=""fd00:4:40::/64",55,4,22
shanghai,routing_metrics,"shanghai-br-1|ipv6_route_exists|prefix=""fd00:5:40::/64",55,4,22
shanghai,routing_metrics,"shanghai-br-1|ipv6_route_exists|prefix=""fd00:6:40::/64",55,4,22
shanghai,routing_metrics,"shanghai-br-1|ipv6_route_exists|prefix=""fd00:7:40::/64",55,4,22
shanghai,routing_metrics,"shanghai-br-1|ipv6_route_exists|prefix=""fd00:8:40::/64",55,4,22
shanghai,routing_metrics,"shanghai-br-1|ipv6_route_nexthop_info|prefix=""::/0"",next_hop=""240a:a023::1"",dev=""ens4"",protocol=""unknown"",metric=""1024"",route_index=""0"",nh_index=""0",55,4,22
shanghai,routing_metrics,"shanghai-br-1|ipv6_route_nexthop_info|prefix=""fd00:1:40::/64"",next_hop=""fe80::100:10:1"",dev=""ens4"",protocol=""bgp"",metric=""20"",route_index=""0"",nh_index=""0",55,4,22
shanghai,routing_metrics,"shanghai-br-1|ipv6_route_nexthop_info|prefix=""fd00:3:40::/64"",next_hop=""fe80::100:10:41"",dev=""ens4"",protocol=""bgp"",metric=""20"",route_index=""0"",nh_index=""0",55,4,22
shanghai,routing_metrics,"shanghai-br-1|ipv6_route_nexthop_info|prefix=""fd00:4:40::/64"",next_hop=""fe80::100:10:41"",dev=""ens4"",protocol=""bgp"",metric=""20"",route_index=""0"",nh_index=""0",55,4,22
shanghai,routing_metrics,"shanghai-br-1|ipv6_route_nexthop_info|prefix=""fd00:5:40::/64"",next_hop=""fe80::100:10:41"",dev=""ens4"",protocol=""bgp"",metric=""20"",route_index=""0"",nh_index=""0",55,4,22
shanghai,routing_metrics,"shanghai-br-1|ipv6_route_nexthop_info|prefix=""fd00:6:40::/64"",next_hop=""fe80::6:20:11"",dev=""ens5"",protocol=""ospf"",metric=""20"",route_index=""0"",nh_index=""1",55,4,22
shanghai,routing_metrics,"shanghai-br-1|ipv6_route_nexthop_info|prefix=""fd00:6:40::/64"",next_hop=""fe80::6:20:12"",dev=""ens5"",protocol=""ospf"",metric=""20"",route_index=""0"",nh_index=""0",55,4,22
shanghai,routing_metrics,"shanghai-br-1|ipv6_route_nexthop_info|prefix=""fd00:7:40::/64"",next_hop=""fe80::100:10:61"",dev=""ens4"",protocol=""bgp"",metric=""20"",route_index=""0"",nh_index=""0",55,4,22
shanghai,routing_metrics,"shanghai-br-1|ospf6_interface_cost|interface=""ens5",55,4,22
shanghai,routing_metrics,"shanghai-br-1|ospf6_interface_enabled|interface=""ens10",55,4,22
shanghai,routing_metrics,"shanghai-br-1|ospf6_interface_enabled|interface=""ens11",55,4,22
shanghai,routing_metrics,"shanghai-br-1|ospf6_interface_enabled|interface=""ens12",55,4,22
shanghai,routing_metrics,"shanghai-br-1|ospf6_interface_enabled|interface=""ens3",55,4,22
shanghai,routing_metrics,"shanghai-br-1|ospf6_interface_enabled|interface=""ens4",55,4,22
shanghai,routing_metrics,"shanghai-br-1|ospf6_interface_enabled|interface=""ens5",55,4,22
shanghai,routing_metrics,"shanghai-br-1|ospf6_interface_enabled|interface=""ens6",55,4,22
shanghai,routing_metrics,"shanghai-br-1|ospf6_interface_enabled|interface=""ens7",55,4,22
shanghai,routing_metrics,"shanghai-br-1|ospf6_interface_enabled|interface=""ens8",55,4,22
shanghai,routing_metrics,"shanghai-br-1|ospf6_interface_enabled|interface=""ens9",55,4,22
shanghai,routing_metrics,"shanghai-br-1|ospf6_interface_enabled|interface=""lo",55,4,22
shanghai,routing_metrics,"shanghai-br-1|ospf6_interface_enabled|interface=""virbr0",55,4,22
shanghai,routing_metrics,"shanghai-br-1|ospf6_neighbor_state_code|state=""Full"",interface=""ens5"",neighbor_id=""6.6.6.11",55,4,22
shanghai,routing_metrics,"shanghai-br-1|ospf6_neighbor_state_code|state=""Full"",interface=""ens5"",neighbor_id=""6.6.6.12",55,4,22
shanghai,routing_metrics,"shanghai-br-1|ospf6_neighbor_state_code|state=""Twoway"",interface=""ens5"",neighbor_id=""6.6.6.2",55,4,22
shanghai,routing_metrics,"shanghai-br-2|bgp_command_success|command=""bgp_summary",54,4,21
shanghai,routing_metrics,shanghai-br-2|bgp_peer_count|,54,4,21
shanghai,routing_metrics,"shanghai-br-2|bgp_peer_prefix_received|peer=""fd00:100:10::2"",remote_as=""65001"",state=""Established",54,4,21
shanghai,routing_metrics,"shanghai-br-2|bgp_peer_prefix_received|peer=""fd00:100:10::42"",remote_as=""65005"",state=""Established",54,4,21
shanghai,routing_metrics,"shanghai-br-2|bgp_peer_prefix_sent|peer=""fd00:100:10::2"",remote_as=""65001"",state=""Established",54,4,21
shanghai,routing_metrics,"shanghai-br-2|bgp_peer_prefix_sent|peer=""fd00:100:10::42"",remote_as=""65005"",state=""Established",54,4,21
shanghai,routing_metrics,"shanghai-br-2|bgp_peer_uptime_seconds|peer=""fd00:100:10::2"",remote_as=""65001"",state=""Established",54,4,21
shanghai,routing_metrics,"shanghai-br-2|bgp_peer_uptime_seconds|peer=""fd00:100:10::42"",remote_as=""65005"",state=""Established",54,4,21
shanghai,routing_metrics,"shanghai-br-2|bgp_peer_up|peer=""fd00:100:10::2"",remote_as=""65001"",state=""Established",54,4,21
shanghai,routing_metrics,"shanghai-br-2|bgp_peer_up|peer=""fd00:100:10::42"",remote_as=""65005"",state=""Established",54,4,21
shanghai,routing_metrics,shanghai-br-2|ipv6_default_route_changed_total|,54,4,21
shanghai,routing_metrics,"shanghai-br-2|ipv6_default_route_info|next_hop=""240a:a023::1"",dev=""ens4"",protocol=""unknown"",metric=""1024"",route_index=""0"",nh_index=""0",54,4,21
shanghai,routing_metrics,"shanghai-br-2|ipv6_route_change_total|prefix=""::/0",54,4,21
shanghai,routing_metrics,"shanghai-br-2|ipv6_route_change_total|prefix=""fd00:1:40::/64",54,4,21
shanghai,routing_metrics,"shanghai-br-2|ipv6_route_change_total|prefix=""fd00:2:40::/64",54,4,21
shanghai,routing_metrics,"shanghai-br-2|ipv6_route_change_total|prefix=""fd00:3:40::/64",54,4,21
shanghai,routing_metrics,"shanghai-br-2|ipv6_route_change_total|prefix=""fd00:4:40::/64",54,4,21
shanghai,routing_metrics,"shanghai-br-2|ipv6_route_change_total|prefix=""fd00:5:40::/64",54,4,21
shanghai,routing_metrics,"shanghai-br-2|ipv6_route_change_total|prefix=""fd00:6:40::/64",54,4,21
shanghai,routing_metrics,"shanghai-br-2|ipv6_route_change_total|prefix=""fd00:7:40::/64",54,4,21
shanghai,routing_metrics,"shanghai-br-2|ipv6_route_change_total|prefix=""fd00:8:40::/64",54,4,21
shanghai,routing_metrics,"shanghai-br-2|ipv6_route_count|protocol=""all",54,4,21
shanghai,routing_metrics,"shanghai-br-2|ipv6_route_count|protocol=""bgp",54,4,21
shanghai,routing_metrics,"shanghai-br-2|ipv6_route_count|protocol=""kernel",54,4,21
shanghai,routing_metrics,"shanghai-br-2|ipv6_route_count|protocol=""ospf",54,4,21
shanghai,routing_metrics,"shanghai-br-2|ipv6_route_count|protocol=""unknown",54,4,21
shanghai,routing_metrics,"shanghai-br-2|ipv6_route_exists|prefix=""::/0",54,4,21
shanghai,routing_metrics,"shanghai-br-2|ipv6_route_exists|prefix=""fd00:1:40::/64",54,4,21
shanghai,routing_metrics,"shanghai-br-2|ipv6_route_exists|prefix=""fd00:2:40::/64",54,4,21
shanghai,routing_metrics,"shanghai-br-2|ipv6_route_exists|prefix=""fd00:3:40::/64",54,4,21
shanghai,routing_metrics,"shanghai-br-2|ipv6_route_exists|prefix=""fd00:4:40::/64",54,4,21
shanghai,routing_metrics,"shanghai-br-2|ipv6_route_exists|prefix=""fd00:5:40::/64",54,4,21
shanghai,routing_metrics,"shanghai-br-2|ipv6_route_exists|prefix=""fd00:6:40::/64",54,4,21
shanghai,routing_metrics,"shanghai-br-2|ipv6_route_exists|prefix=""fd00:7:40::/64",54,4,21
shanghai,routing_metrics,"shanghai-br-2|ipv6_route_exists|prefix=""fd00:8:40::/64",54,4,21
shanghai,routing_metrics,"shanghai-br-2|ipv6_route_nexthop_info|prefix=""::/0"",next_hop=""240a:a023::1"",dev=""ens4"",protocol=""unknown"",metric=""1024"",route_index=""0"",nh_index=""0",54,4,21
shanghai,routing_metrics,"shanghai-br-2|ipv6_route_nexthop_info|prefix=""fd00:1:40::/64"",next_hop=""fe80::100:10:2"",dev=""ens4"",protocol=""bgp"",metric=""20"",route_index=""0"",nh_index=""0",54,4,21
shanghai,routing_metrics,"shanghai-br-2|ipv6_route_nexthop_info|prefix=""fd00:3:40::/64"",next_hop=""fe80::100:10:42"",dev=""ens4"",protocol=""bgp"",metric=""20"",route_index=""0"",nh_index=""0",54,4,21
shanghai,routing_metrics,"shanghai-br-2|ipv6_route_nexthop_info|prefix=""fd00:4:40::/64"",next_hop=""fe80::100:10:42"",dev=""ens4"",protocol=""bgp"",metric=""20"",route_index=""0"",nh_index=""0",54,4,21
shanghai,routing_metrics,"shanghai-br-2|ipv6_route_nexthop_info|prefix=""fd00:5:40::/64"",next_hop=""fe80::100:10:42"",dev=""ens4"",protocol=""bgp"",metric=""20"",route_index=""0"",nh_index=""0",54,4,21
shanghai,routing_metrics,"shanghai-br-2|ipv6_route_nexthop_info|prefix=""fd00:6:40::/64"",next_hop=""fe80::6:20:11"",dev=""ens5"",protocol=""ospf"",metric=""20"",route_index=""0"",nh_index=""1",54,4,21
shanghai,routing_metrics,"shanghai-br-2|ipv6_route_nexthop_info|prefix=""fd00:6:40::/64"",next_hop=""fe80::6:20:12"",dev=""ens5"",protocol=""ospf"",metric=""20"",route_index=""0"",nh_index=""0",54,4,21
shanghai,routing_metrics,"shanghai-br-2|ospf6_interface_cost|interface=""ens5",54,4,21
shanghai,routing_metrics,"shanghai-br-2|ospf6_interface_enabled|interface=""ens10",54,4,21
shanghai,routing_metrics,"shanghai-br-2|ospf6_interface_enabled|interface=""ens11",54,4,21
shanghai,routing_metrics,"shanghai-br-2|ospf6_interface_enabled|interface=""ens12",54,4,21
shanghai,routing_metrics,"shanghai-br-2|ospf6_interface_enabled|interface=""ens3",54,4,21
shanghai,routing_metrics,"shanghai-br-2|ospf6_interface_enabled|interface=""ens4",54,4,21
shanghai,routing_metrics,"shanghai-br-2|ospf6_interface_enabled|interface=""ens5",54,4,21
shanghai,routing_metrics,"shanghai-br-2|ospf6_interface_enabled|interface=""ens6",54,4,21
shanghai,routing_metrics,"shanghai-br-2|ospf6_interface_enabled|interface=""ens7",54,4,21
shanghai,routing_metrics,"shanghai-br-2|ospf6_interface_enabled|interface=""ens8",54,4,21
shanghai,routing_metrics,"shanghai-br-2|ospf6_interface_enabled|interface=""ens9",54,4,21
shanghai,routing_metrics,"shanghai-br-2|ospf6_interface_enabled|interface=""lo",54,4,21
shanghai,routing_metrics,"shanghai-br-2|ospf6_interface_enabled|interface=""virbr0",54,4,21
shanghai,routing_metrics,"shanghai-br-2|ospf6_neighbor_state_code|state=""Full"",interface=""ens5"",neighbor_id=""6.6.6.11",54,4,21
shanghai,routing_metrics,"shanghai-br-2|ospf6_neighbor_state_code|state=""Full"",interface=""ens5"",neighbor_id=""6.6.6.12",54,4,21
shanghai,routing_metrics,"shanghai-br-2|ospf6_neighbor_state_code|state=""Twoway"",interface=""ens5"",neighbor_id=""6.6.6.1",54,4,21
shanghai,routing_metrics,"shanghai-cr-1|ospf6_neighbor_state_code|state=""Full"",interface=""ens5"",neighbor_id=""6.6.6.12",36,2,28
shanghai,routing_metrics,"shanghai-cr-2|ospf6_neighbor_state_code|state=""Full"",interface=""ens5"",neighbor_id=""6.6.6.11",36,2,28
shanghai,routing_metrics,"shanghai-br-2|bgp_peer_prefix_received|peer=""fd00:100:10::62"",remote_as=""65007"",state=""Idle (Admin)",3,2,2
shanghai,routing_metrics,"shanghai-br-2|bgp_peer_uptime_seconds|peer=""fd00:100:10::62"",remote_as=""65007"",state=""Idle (Admin)",3,2,2
shanghai,routing_metrics,"shanghai-br-2|bgp_peer_up|peer=""fd00:100:10::62"",remote_as=""65007"",state=""Idle (Admin)",3,2,2
shanghai,routing_metrics,"shanghai-br-2|ipv6_route_nexthop_info|prefix=""fd00:7:40::/64"",next_hop=""fe80::100:10:42"",dev=""ens4"",protocol=""bgp"",metric=""20"",route_index=""0"",nh_index=""0",3,2,2
shanghai,traffic_flow_metrics,3a207ed60b0265ef343479d9ecf6ea41ef4adf2e600212ed5ef4b94252c144db,19802,19,3195
shanghai,traffic_flow_metrics,5fa63072726861b0896ea2e2db4a9490f0d91a43ca257c9b3cf976ebdb6a69ea,19651,24,2053
shanghai,traffic_flow_metrics,e2815ff51ff661711de52c9950b22531125daed81e1bab26367e40cb1e2d7b6f,19559,20,3099
shanghai,traffic_flow_metrics,6e38a42c865d7d16929af1f9094dbf9cbbecf47eed52bc02da58a3efd46609e0,19513,17,3074
shanghai,traffic_flow_metrics,fdcb08bd08b1721dd31701cd21879585f52b4d127ad6a0574b4222d92765e9f8,19113,17,2741
shanghai,traffic_flow_metrics,6cbfdc9d8f06e98de865752def32e01c052e7072aa6aaf1bb86edb55771f510f,18978,13,3187
shanghai,traffic_flow_metrics,e4bfb42775a3555ef73db98635c5b293336b8a05ed8b26fa20446ae566e0c4e4,18942,21,3731
shanghai,traffic_flow_metrics,8e869056d69207810ba1a23ab76e3053d0ad5fdb54639d362616a7f578b052bf,18776,13,5603
shanghai,traffic_flow_metrics,17eb18b6e34fd3fb4ee0d3ecb6f52b6235d76bb724312f4f6180c0580155a5d7,18711,18,3461
shanghai,traffic_flow_metrics,847b4d0237653c78062d6c0c14efeaf731e3f0139795499001c592c68a5bdb34,18521,15,5811
shanghai,traffic_flow_metrics,a7cfd919c69b92cd6d91435480f5af32518bfef020c9f02593737fc9db73ca09,18431,20,2995
shanghai,traffic_flow_metrics,ee4cd0ba8957913b14eda758e0097d260905123bfb51d0281aacfd39a0d33e0a,18015,21,2183
shanghai,traffic_flow_metrics,0d66d5fab25122952fd39f4ffa7058e77d1ce4981159cd989326987b12dd701e,17844,12,5106
shanghai,traffic_flow_metrics,a08a5edeebe264a9028c0dfdb875f36136ee8ccecc1f9d4a246f8d35e755f033,17672,15,2578
shanghai,traffic_flow_metrics,9b6a2d3399779611d002678e0b72d8a3a274e7a28ada3daae6eef3dabdaff24c,16572,13,3229
shanghai,traffic_flow_metrics,f91b63a0744eda6056676da9aa85a7c59cb27d6fbd011516a6fdf2f6d816b61c,16378,18,4134
shanghai,traffic_flow_metrics,5d5a21bae5081709261a1c9c4b50c1eebf807c080f62e5edebbe28acb54a1985,16110,19,2086
shanghai,traffic_flow_metrics,c177f1838e317298c1bad1c1f1197bf28916041a62d3469ce13815b11ad0ed89,15973,7,3413
shanghai,traffic_flow_metrics,8b8c2a27a07ba517e14b5ed063a3386ccd82d4d3636af35e1f37867f212862bc,15919,11,3038
shanghai,traffic_flow_metrics,58ab0e64f30090a4a9d7d96eeb114fbcc7d239c4bd3bd4cd0598770203e0ab75,14286,17,3259
shanghai,traffic_flow_metrics,70f5a76faafa699c32256e45f34da88057e24c07af639444f59518e876846e6b,13872,20,2165
shanghai,traffic_flow_metrics,4f98c754942b378fbcdf90f81f78dd65a38fe045c296f0c7b2e87bad506861c3,6919,4073,17
shanghai,traffic_flow_metrics,b7d337676df9d939e69d34c2effed5591f1e7c7511429c14098da0934b9b2abd,1353,1229,17
shanghai,traffic_flow_metrics,ca1d595528ae993cac616303302a09855a8577f01dabc58770e618f60ac61a75,214,193,17
shenyang,interface_metrics,shenyang-traffic-vm|ens3,26,1,26
shenyang,interface_metrics,shenyang-traffic-vm|ens4,26,1,26
shenyang,interface_metrics,shenyang-traffic-vm|ens5,26,1,26
shenyang,interface_metrics,shenyang-traffic-vm|ens6,26,1,26
shenyang,interface_metrics,shenyang-br-1|ens10,21,1,21
shenyang,interface_metrics,shenyang-br-1|ens11,21,1,21
shenyang,interface_metrics,shenyang-br-1|ens12,21,1,21
shenyang,interface_metrics,shenyang-br-1|ens3,21,1,21
shenyang,interface_metrics,shenyang-br-1|ens4,21,1,21
shenyang,interface_metrics,shenyang-br-1|ens5,21,1,21
shenyang,interface_metrics,shenyang-br-1|ens6,21,1,21
shenyang,interface_metrics,shenyang-br-1|ens7,21,1,21
shenyang,interface_metrics,shenyang-br-1|ens8,21,1,21
shenyang,interface_metrics,shenyang-br-1|ens9,21,1,21
shenyang,interface_metrics,shenyang-br-2|ens10,21,1,21
shenyang,interface_metrics,shenyang-br-2|ens11,21,1,21
shenyang,interface_metrics,shenyang-br-2|ens12,21,1,21
shenyang,interface_metrics,shenyang-br-2|ens3,21,1,21
shenyang,interface_metrics,shenyang-br-2|ens4,21,1,21
shenyang,interface_metrics,shenyang-br-2|ens5,21,1,21
shenyang,interface_metrics,shenyang-br-2|ens6,21,1,21
shenyang,interface_metrics,shenyang-br-2|ens7,21,1,21
shenyang,interface_metrics,shenyang-br-2|ens8,21,1,21
shenyang,interface_metrics,shenyang-br-2|ens9,21,1,21
shenyang,node_metrics,shenyang-traffic-vm,26,1,26
shenyang,node_metrics,shenyang-br-1,21,1,21
shenyang,node_metrics,shenyang-br-2,21,1,21
shenyang,routing_metrics,"shenyang-br-2|bgp_peer_prefix_received|peer=""fd00:100:10::52"",remote_as=""65006"",state=""Idle (Admin)",6070,4,6063
shenyang,routing_metrics,"shenyang-br-2|bgp_peer_uptime_seconds|peer=""fd00:100:10::52"",remote_as=""65006"",state=""Idle (Admin)",6070,4,6063
shenyang,routing_metrics,"shenyang-br-2|bgp_peer_up|peer=""fd00:100:10::52"",remote_as=""65006"",state=""Idle (Admin)",6070,4,6063
shenyang,routing_metrics,"shenyang-br-2|ipv6_route_nexthop_info|prefix=""fd00:6:40::/64"",next_hop=""fe80::100:10:2"",dev=""ens4"",protocol=""bgp"",metric=""20"",route_index=""0"",nh_index=""0",6070,4,6063
shenyang,routing_metrics,"shenyang-br-2|ipv6_route_nexthop_info|prefix=""fd00:7:40::/64"",next_hop=""fe80::100:10:2"",dev=""ens4"",protocol=""bgp"",metric=""20"",route_index=""0"",nh_index=""0",6070,4,6063
shenyang,routing_metrics,"shenyang-br-2|ipv6_route_nexthop_info|prefix=""fd00:8:40::/64"",next_hop=""fe80::100:10:2"",dev=""ens4"",protocol=""bgp"",metric=""20"",route_index=""0"",nh_index=""0",6070,4,6063
shenyang,routing_metrics,"shenyang-br-2|bgp_peer_prefix_received|peer=""fd00:100:10::52"",remote_as=""65006"",state=""Established",48,6,22
shenyang,routing_metrics,"shenyang-br-2|bgp_peer_prefix_sent|peer=""fd00:100:10::52"",remote_as=""65006"",state=""Established",48,6,22
shenyang,routing_metrics,"shenyang-br-2|bgp_peer_uptime_seconds|peer=""fd00:100:10::52"",remote_as=""65006"",state=""Established",48,6,22
shenyang,routing_metrics,"shenyang-br-2|bgp_peer_up|peer=""fd00:100:10::52"",remote_as=""65006"",state=""Established",48,6,22
shenyang,routing_metrics,"shenyang-br-2|ipv6_route_nexthop_info|prefix=""fd00:6:40::/64"",next_hop=""fe80::100:10:52"",dev=""ens4"",protocol=""bgp"",metric=""20"",route_index=""0"",nh_index=""0",48,6,22
shenyang,routing_metrics,"shenyang-br-2|ipv6_route_nexthop_info|prefix=""fd00:7:40::/64"",next_hop=""fe80::100:10:52"",dev=""ens4"",protocol=""bgp"",metric=""20"",route_index=""0"",nh_index=""0",48,6,22
shenyang,routing_metrics,"shenyang-br-2|ipv6_route_nexthop_info|prefix=""fd00:8:40::/64"",next_hop=""fe80::100:10:52"",dev=""ens4"",protocol=""bgp"",metric=""20"",route_index=""0"",nh_index=""0",48,6,22
shenyang,routing_metrics,"shenyang-br-1|bgp_peer_prefix_received|peer=""fd00:100:10::51"",remote_as=""65006"",state=""Established",34,2,22
shenyang,routing_metrics,"shenyang-br-1|bgp_peer_prefix_sent|peer=""fd00:100:10::51"",remote_as=""65006"",state=""Established",34,2,22
shenyang,routing_metrics,"shenyang-br-1|bgp_peer_uptime_seconds|peer=""fd00:100:10::51"",remote_as=""65006"",state=""Established",34,2,22
shenyang,routing_metrics,"shenyang-br-1|bgp_peer_up|peer=""fd00:100:10::51"",remote_as=""65006"",state=""Established",34,2,22
shenyang,routing_metrics,"shenyang-br-1|ipv6_route_nexthop_info|prefix=""fd00:6:40::/64"",next_hop=""fe80::100:10:51"",dev=""ens4"",protocol=""bgp"",metric=""20"",route_index=""0"",nh_index=""0",34,2,22
shenyang,routing_metrics,"shenyang-br-1|ipv6_route_nexthop_info|prefix=""fd00:7:40::/64"",next_hop=""fe80::100:10:51"",dev=""ens4"",protocol=""bgp"",metric=""20"",route_index=""0"",nh_index=""0",34,2,22
shenyang,routing_metrics,"shenyang-br-1|ipv6_route_nexthop_info|prefix=""fd00:8:40::/64"",next_hop=""fe80::100:10:51"",dev=""ens4"",protocol=""bgp"",metric=""20"",route_index=""0"",nh_index=""0",34,2,22
shenyang,routing_metrics,"shenyang-cr-1|ospf6_neighbor_state_code|state=""Full"",interface=""ens5"",neighbor_id=""2.2.2.12",24,1,24
shenyang,routing_metrics,"shenyang-cr-2|ospf6_neighbor_state_code|state=""Full"",interface=""ens5"",neighbor_id=""2.2.2.11",24,1,24
shenyang,routing_metrics,"shenyang-br-1|bgp_command_success|command=""bgp_summary",22,1,22
shenyang,routing_metrics,shenyang-br-1|bgp_peer_count|,22,1,22
shenyang,routing_metrics,"shenyang-br-1|bgp_peer_prefix_received|peer=""fd00:100:10::1"",remote_as=""65001"",state=""Established",22,1,22
shenyang,routing_metrics,"shenyang-br-1|bgp_peer_prefix_sent|peer=""fd00:100:10::1"",remote_as=""65001"",state=""Established",22,1,22
shenyang,routing_metrics,"shenyang-br-1|bgp_peer_uptime_seconds|peer=""fd00:100:10::1"",remote_as=""65001"",state=""Established",22,1,22
shenyang,routing_metrics,"shenyang-br-1|bgp_peer_up|peer=""fd00:100:10::1"",remote_as=""65001"",state=""Established",22,1,22
shenyang,routing_metrics,shenyang-br-1|ipv6_default_route_changed_total|,22,1,22
shenyang,routing_metrics,"shenyang-br-1|ipv6_default_route_info|next_hop=""240a:a023::1"",dev=""ens4"",protocol=""unknown"",metric=""1024"",route_index=""0"",nh_index=""0",22,1,22
shenyang,routing_metrics,"shenyang-br-1|ipv6_route_change_total|prefix=""::/0",22,1,22
shenyang,routing_metrics,"shenyang-br-1|ipv6_route_change_total|prefix=""fd00:1:40::/64",22,1,22
shenyang,routing_metrics,"shenyang-br-1|ipv6_route_change_total|prefix=""fd00:2:40::/64",22,1,22
shenyang,routing_metrics,"shenyang-br-1|ipv6_route_change_total|prefix=""fd00:3:40::/64",22,1,22
shenyang,routing_metrics,"shenyang-br-1|ipv6_route_change_total|prefix=""fd00:4:40::/64",22,1,22
shenyang,routing_metrics,"shenyang-br-1|ipv6_route_change_total|prefix=""fd00:5:40::/64",22,1,22
shenyang,routing_metrics,"shenyang-br-1|ipv6_route_change_total|prefix=""fd00:6:40::/64",22,1,22
shenyang,routing_metrics,"shenyang-br-1|ipv6_route_change_total|prefix=""fd00:7:40::/64",22,1,22
shenyang,routing_metrics,"shenyang-br-1|ipv6_route_change_total|prefix=""fd00:8:40::/64",22,1,22
shenyang,routing_metrics,"shenyang-br-1|ipv6_route_count|protocol=""all",22,1,22
shenyang,routing_metrics,"shenyang-br-1|ipv6_route_count|protocol=""bgp",22,1,22
shenyang,routing_metrics,"shenyang-br-1|ipv6_route_count|protocol=""kernel",22,1,22
shenyang,routing_metrics,"shenyang-br-1|ipv6_route_count|protocol=""ospf",22,1,22
shenyang,routing_metrics,"shenyang-br-1|ipv6_route_count|protocol=""unknown",22,1,22
shenyang,routing_metrics,"shenyang-br-1|ipv6_route_exists|prefix=""::/0",22,1,22
shenyang,routing_metrics,"shenyang-br-1|ipv6_route_exists|prefix=""fd00:1:40::/64",22,1,22
shenyang,routing_metrics,"shenyang-br-1|ipv6_route_exists|prefix=""fd00:2:40::/64",22,1,22
shenyang,routing_metrics,"shenyang-br-1|ipv6_route_exists|prefix=""fd00:3:40::/64",22,1,22
shenyang,routing_metrics,"shenyang-br-1|ipv6_route_exists|prefix=""fd00:4:40::/64",22,1,22
shenyang,routing_metrics,"shenyang-br-1|ipv6_route_exists|prefix=""fd00:5:40::/64",22,1,22
shenyang,routing_metrics,"shenyang-br-1|ipv6_route_exists|prefix=""fd00:6:40::/64",22,1,22
shenyang,routing_metrics,"shenyang-br-1|ipv6_route_exists|prefix=""fd00:7:40::/64",22,1,22
shenyang,routing_metrics,"shenyang-br-1|ipv6_route_exists|prefix=""fd00:8:40::/64",22,1,22
shenyang,routing_metrics,"shenyang-br-1|ipv6_route_nexthop_info|prefix=""::/0"",next_hop=""240a:a023::1"",dev=""ens4"",protocol=""unknown"",metric=""1024"",route_index=""0"",nh_index=""0",22,1,22
shenyang,routing_metrics,"shenyang-br-1|ipv6_route_nexthop_info|prefix=""fd00:1:40::/64"",next_hop=""fe80::100:10:1"",dev=""ens4"",protocol=""bgp"",metric=""20"",route_index=""0"",nh_index=""0",22,1,22
shenyang,routing_metrics,"shenyang-br-1|ipv6_route_nexthop_info|prefix=""fd00:2:40::/64"",next_hop=""fe80::2:20:11"",dev=""ens5"",protocol=""ospf"",metric=""20"",route_index=""0"",nh_index=""0",22,1,22
shenyang,routing_metrics,"shenyang-br-1|ipv6_route_nexthop_info|prefix=""fd00:2:40::/64"",next_hop=""fe80::2:20:12"",dev=""ens5"",protocol=""ospf"",metric=""20"",route_index=""0"",nh_index=""1",22,1,22
shenyang,routing_metrics,"shenyang-br-1|ipv6_route_nexthop_info|prefix=""fd00:3:40::/64"",next_hop=""fe80::100:10:1"",dev=""ens4"",protocol=""bgp"",metric=""20"",route_index=""0"",nh_index=""0",22,1,22
shenyang,routing_metrics,"shenyang-br-1|ipv6_route_nexthop_info|prefix=""fd00:4:40::/64"",next_hop=""fe80::100:10:1"",dev=""ens4"",protocol=""bgp"",metric=""20"",route_index=""0"",nh_index=""0",22,1,22
shenyang,routing_metrics,"shenyang-br-1|ipv6_route_nexthop_info|prefix=""fd00:5:40::/64"",next_hop=""fe80::100:10:1"",dev=""ens4"",protocol=""bgp"",metric=""20"",route_index=""0"",nh_index=""0",22,1,22
shenyang,routing_metrics,"shenyang-br-1|ospf6_interface_cost|interface=""ens5",22,1,22
shenyang,routing_metrics,"shenyang-br-1|ospf6_interface_enabled|interface=""ens10",22,1,22
shenyang,routing_metrics,"shenyang-br-1|ospf6_interface_enabled|interface=""ens11",22,1,22
shenyang,routing_metrics,"shenyang-br-1|ospf6_interface_enabled|interface=""ens12",22,1,22
shenyang,routing_metrics,"shenyang-br-1|ospf6_interface_enabled|interface=""ens3",22,1,22
shenyang,routing_metrics,"shenyang-br-1|ospf6_interface_enabled|interface=""ens4",22,1,22
shenyang,routing_metrics,"shenyang-br-1|ospf6_interface_enabled|interface=""ens5",22,1,22
shenyang,routing_metrics,"shenyang-br-1|ospf6_interface_enabled|interface=""ens6",22,1,22
shenyang,routing_metrics,"shenyang-br-1|ospf6_interface_enabled|interface=""ens7",22,1,22
shenyang,routing_metrics,"shenyang-br-1|ospf6_interface_enabled|interface=""ens8",22,1,22
shenyang,routing_metrics,"shenyang-br-1|ospf6_interface_enabled|interface=""ens9",22,1,22
shenyang,routing_metrics,"shenyang-br-1|ospf6_interface_enabled|interface=""lo",22,1,22
shenyang,routing_metrics,"shenyang-br-1|ospf6_interface_enabled|interface=""virbr0",22,1,22
shenyang,routing_metrics,"shenyang-br-1|ospf6_neighbor_state_code|state=""Full"",interface=""ens5"",neighbor_id=""2.2.2.11",22,1,22
shenyang,routing_metrics,"shenyang-br-1|ospf6_neighbor_state_code|state=""Full"",interface=""ens5"",neighbor_id=""2.2.2.12",22,1,22
shenyang,routing_metrics,"shenyang-br-1|ospf6_neighbor_state_code|state=""Twoway"",interface=""ens5"",neighbor_id=""2.2.2.2",22,1,22
shenyang,routing_metrics,"shenyang-br-2|bgp_command_success|command=""bgp_summary",22,1,22
shenyang,routing_metrics,shenyang-br-2|bgp_peer_count|,22,1,22
shenyang,routing_metrics,"shenyang-br-2|bgp_peer_prefix_received|peer=""fd00:100:10::2"",remote_as=""65001"",state=""Established",22,1,22
shenyang,routing_metrics,"shenyang-br-2|bgp_peer_prefix_sent|peer=""fd00:100:10::2"",remote_as=""65001"",state=""Established",22,1,22
shenyang,routing_metrics,"shenyang-br-2|bgp_peer_uptime_seconds|peer=""fd00:100:10::2"",remote_as=""65001"",state=""Established",22,1,22
shenyang,routing_metrics,"shenyang-br-2|bgp_peer_up|peer=""fd00:100:10::2"",remote_as=""65001"",state=""Established",22,1,22
shenyang,routing_metrics,shenyang-br-2|ipv6_default_route_changed_total|,22,1,22
shenyang,routing_metrics,"shenyang-br-2|ipv6_default_route_info|next_hop=""240a:a023::1"",dev=""ens4"",protocol=""unknown"",metric=""1024"",route_index=""0"",nh_index=""0",22,1,22
shenyang,routing_metrics,"shenyang-br-2|ipv6_route_change_total|prefix=""::/0",22,1,22
shenyang,routing_metrics,"shenyang-br-2|ipv6_route_change_total|prefix=""fd00:1:40::/64",22,1,22
shenyang,routing_metrics,"shenyang-br-2|ipv6_route_change_total|prefix=""fd00:2:40::/64",22,1,22
shenyang,routing_metrics,"shenyang-br-2|ipv6_route_change_total|prefix=""fd00:3:40::/64",22,1,22
shenyang,routing_metrics,"shenyang-br-2|ipv6_route_change_total|prefix=""fd00:4:40::/64",22,1,22
shenyang,routing_metrics,"shenyang-br-2|ipv6_route_change_total|prefix=""fd00:5:40::/64",22,1,22
shenyang,routing_metrics,"shenyang-br-2|ipv6_route_change_total|prefix=""fd00:6:40::/64",22,1,22
shenyang,routing_metrics,"shenyang-br-2|ipv6_route_change_total|prefix=""fd00:7:40::/64",22,1,22
shenyang,routing_metrics,"shenyang-br-2|ipv6_route_change_total|prefix=""fd00:8:40::/64",22,1,22
shenyang,routing_metrics,"shenyang-br-2|ipv6_route_count|protocol=""all",22,1,22
shenyang,routing_metrics,"shenyang-br-2|ipv6_route_count|protocol=""bgp",22,1,22
shenyang,routing_metrics,"shenyang-br-2|ipv6_route_count|protocol=""kernel",22,1,22
shenyang,routing_metrics,"shenyang-br-2|ipv6_route_count|protocol=""ospf",22,1,22
shenyang,routing_metrics,"shenyang-br-2|ipv6_route_count|protocol=""unknown",22,1,22
shenyang,routing_metrics,"shenyang-br-2|ipv6_route_exists|prefix=""::/0",22,1,22
shenyang,routing_metrics,"shenyang-br-2|ipv6_route_exists|prefix=""fd00:1:40::/64",22,1,22
shenyang,routing_metrics,"shenyang-br-2|ipv6_route_exists|prefix=""fd00:2:40::/64",22,1,22
shenyang,routing_metrics,"shenyang-br-2|ipv6_route_exists|prefix=""fd00:3:40::/64",22,1,22
shenyang,routing_metrics,"shenyang-br-2|ipv6_route_exists|prefix=""fd00:4:40::/64",22,1,22
shenyang,routing_metrics,"shenyang-br-2|ipv6_route_exists|prefix=""fd00:5:40::/64",22,1,22
shenyang,routing_metrics,"shenyang-br-2|ipv6_route_exists|prefix=""fd00:6:40::/64",22,1,22
shenyang,routing_metrics,"shenyang-br-2|ipv6_route_exists|prefix=""fd00:7:40::/64",22,1,22
shenyang,routing_metrics,"shenyang-br-2|ipv6_route_exists|prefix=""fd00:8:40::/64",22,1,22
shenyang,routing_metrics,"shenyang-br-2|ipv6_route_nexthop_info|prefix=""::/0"",next_hop=""240a:a023::1"",dev=""ens4"",protocol=""unknown"",metric=""1024"",route_index=""0"",nh_index=""0",22,1,22
shenyang,routing_metrics,"shenyang-br-2|ipv6_route_nexthop_info|prefix=""fd00:1:40::/64"",next_hop=""fe80::100:10:2"",dev=""ens4"",protocol=""bgp"",metric=""20"",route_index=""0"",nh_index=""0",22,1,22
shenyang,routing_metrics,"shenyang-br-2|ipv6_route_nexthop_info|prefix=""fd00:2:40::/64"",next_hop=""fe80::2:20:11"",dev=""ens5"",protocol=""ospf"",metric=""20"",route_index=""0"",nh_index=""0",22,1,22
shenyang,routing_metrics,"shenyang-br-2|ipv6_route_nexthop_info|prefix=""fd00:2:40::/64"",next_hop=""fe80::2:20:12"",dev=""ens5"",protocol=""ospf"",metric=""20"",route_index=""0"",nh_index=""1",22,1,22
shenyang,routing_metrics,"shenyang-br-2|ipv6_route_nexthop_info|prefix=""fd00:3:40::/64"",next_hop=""fe80::100:10:2"",dev=""ens4"",protocol=""bgp"",metric=""20"",route_index=""0"",nh_index=""0",22,1,22
shenyang,routing_metrics,"shenyang-br-2|ipv6_route_nexthop_info|prefix=""fd00:4:40::/64"",next_hop=""fe80::100:10:2"",dev=""ens4"",protocol=""bgp"",metric=""20"",route_index=""0"",nh_index=""0",22,1,22
shenyang,routing_metrics,"shenyang-br-2|ipv6_route_nexthop_info|prefix=""fd00:5:40::/64"",next_hop=""fe80::100:10:2"",dev=""ens4"",protocol=""bgp"",metric=""20"",route_index=""0"",nh_index=""0",22,1,22
shenyang,routing_metrics,"shenyang-br-2|ospf6_interface_cost|interface=""ens5",22,1,22
shenyang,routing_metrics,"shenyang-br-2|ospf6_interface_enabled|interface=""ens10",22,1,22
shenyang,routing_metrics,"shenyang-br-2|ospf6_interface_enabled|interface=""ens11",22,1,22
shenyang,routing_metrics,"shenyang-br-2|ospf6_interface_enabled|interface=""ens12",22,1,22
shenyang,routing_metrics,"shenyang-br-2|ospf6_interface_enabled|interface=""ens3",22,1,22
shenyang,routing_metrics,"shenyang-br-2|ospf6_interface_enabled|interface=""ens4",22,1,22
shenyang,routing_metrics,"shenyang-br-2|ospf6_interface_enabled|interface=""ens5",22,1,22
shenyang,routing_metrics,"shenyang-br-2|ospf6_interface_enabled|interface=""ens6",22,1,22
shenyang,routing_metrics,"shenyang-br-2|ospf6_interface_enabled|interface=""ens7",22,1,22
shenyang,routing_metrics,"shenyang-br-2|ospf6_interface_enabled|interface=""ens8",22,1,22
shenyang,routing_metrics,"shenyang-br-2|ospf6_interface_enabled|interface=""ens9",22,1,22
shenyang,routing_metrics,"shenyang-br-2|ospf6_interface_enabled|interface=""lo",22,1,22
shenyang,routing_metrics,"shenyang-br-2|ospf6_interface_enabled|interface=""virbr0",22,1,22
shenyang,routing_metrics,"shenyang-br-2|ospf6_neighbor_state_code|state=""Full"",interface=""ens5"",neighbor_id=""2.2.2.11",22,1,22
shenyang,routing_metrics,"shenyang-br-2|ospf6_neighbor_state_code|state=""Full"",interface=""ens5"",neighbor_id=""2.2.2.12",22,1,22
shenyang,routing_metrics,"shenyang-br-2|ospf6_neighbor_state_code|state=""Twoway"",interface=""ens5"",neighbor_id=""2.2.2.1",22,1,22
shenyang,traffic_flow_metrics,41103da753a937c46b56c662482d6780bbd03cf5426356f85cfff3c600b82ce6,19770,17,2828
shenyang,traffic_flow_metrics,52c28d34b1c6e9fd063df7675d9da88b505baaedb899b86baf2dfb21958cbcab,19555,21,2679
shenyang,traffic_flow_metrics,f2dc3c74178bb663c4905f95449ac55741b51b650f53ecaf9eb414da7e6c82a7,19423,24,2751
shenyang,traffic_flow_metrics,2fa475b58a9c13642d75b873496bb38e2252c3a669ff81e594cf0dfa47a9c871,19219,19,3775
shenyang,traffic_flow_metrics,859edb02a3374163bbaf73bece137782890a342ce166b31b6673782cf9c188d1,19105,16,4520
shenyang,traffic_flow_metrics,52214646ec0197e19201d5a9467a2c5958165fa92f519700e1670475f3121dc0,18963,22,2506
shenyang,traffic_flow_metrics,695d53e3ea6f28ef5c68b7e695a7c009700b25c2ed41df206644bd1408fc57e0,18795,17,6406
shenyang,traffic_flow_metrics,1041f23f8058dff84302f05187e5eb90844b225fc94625a07cbf48d7f3a14709,18727,17,2762
shenyang,traffic_flow_metrics,0fb8702be4d16d6e57c8a5c56cafe9db0f531fb8e4ddbb861dccf8240ec8c092,18294,10,9281
shenyang,traffic_flow_metrics,d0524e5ab090ab99f16c0d247f69243094300033b949f7a869b722f917d6925f,18280,23,2841
shenyang,traffic_flow_metrics,f4b32c68613df9c195c58c4b1c2f55d653b5cc709f47e2ae904f29abaa35813e,18062,19,6216
shenyang,traffic_flow_metrics,4b6a74988c76dce7a3a5573a5b920bd0eaa09c06f295a83b86392e1f404f60a0,17949,20,4776
shenyang,traffic_flow_metrics,66d44614b5793e381407acf562d209c1afbb8746d27ae49e321d50fa1d849fb2,17912,13,5423
shenyang,traffic_flow_metrics,a49c90a9ea8380d034f17934d750723720b7b58d8515edb2906b84d2b9eea89a,17749,22,2546
shenyang,traffic_flow_metrics,52becac783742cf85019a896f53502d20ac4f92d41db95560be92c1fa04f6876,17426,12,4608
shenyang,traffic_flow_metrics,31febdddfcb6579592481b57bb783d5754c35787dbad1679af08a4506b0ce467,16970,16,4664
shenyang,traffic_flow_metrics,de1ccfe18ed1fecc611f23525e6790716247f459cef9349c3bef8575ea96aea8,16744,23,2427
shenyang,traffic_flow_metrics,a79b36673157aabf7cb9e5fa676ae62f8c2c4db153b3e37f0121f2b7cf9671ef,16712,16,4601
shenyang,traffic_flow_metrics,536fa05ad4b6ca188cc9900a3c98eb845736759f359d067a7ee35db2744f7fd2,16574,10,6239
shenyang,traffic_flow_metrics,f33559eea52cb5d972837a52c74a5e82b1d11c4fe3e1d5337a12962fd891ad31,16503,24,2483
shenyang,traffic_flow_metrics,9f8a62ee0100e098fb8ed9475bb7be32adf1e350888fba364cf4509b4de9869f,15178,14,2898
shenyang,traffic_flow_metrics,d3183735083153994ac0075fe8f0f933cbce3825ad64135901c74bc5891e865d,7057,4066,27
shenyang,traffic_flow_metrics,5819af0740b35da6c95da1ff0c3ec9208a7034a4c734987f31861aca67d5bef9,1355,1234,26
shenyang,traffic_flow_metrics,7dd7f60e387bad39e2b58078362c74a08a992d40e257324cf21089e87dcc0964,204,176,26
wuhan,interface_metrics,wuhan-br-1|ens10,38,3,26
wuhan,interface_metrics,wuhan-br-1|ens11,38,3,26
wuhan,interface_metrics,wuhan-br-1|ens12,38,3,26
wuhan,interface_metrics,wuhan-br-1|ens3,38,3,26
wuhan,interface_metrics,wuhan-br-1|ens4,38,3,26
wuhan,interface_metrics,wuhan-br-1|ens5,38,3,26
wuhan,interface_metrics,wuhan-br-1|ens6,38,3,26
wuhan,interface_metrics,wuhan-br-1|ens7,38,3,26
wuhan,interface_metrics,wuhan-br-1|ens8,38,3,26
wuhan,interface_metrics,wuhan-br-1|ens9,38,3,26
wuhan,interface_metrics,wuhan-br-2|ens10,38,3,26
wuhan,interface_metrics,wuhan-br-2|ens11,38,3,26
wuhan,interface_metrics,wuhan-br-2|ens12,38,3,26
wuhan,interface_metrics,wuhan-br-2|ens3,38,3,26
wuhan,interface_metrics,wuhan-br-2|ens4,38,3,26
wuhan,interface_metrics,wuhan-br-2|ens5,38,3,26
wuhan,interface_metrics,wuhan-br-2|ens6,38,3,26
wuhan,interface_metrics,wuhan-br-2|ens7,38,3,26
wuhan,interface_metrics,wuhan-br-2|ens8,38,3,26
wuhan,interface_metrics,wuhan-br-2|ens9,38,3,26
wuhan,node_metrics,wuhan-br-1,38,3,26
wuhan,node_metrics,wuhan-br-2,38,3,26
wuhan,routing_metrics,"wuhan-br-1|bgp_peer_prefix_received|peer=""fd00:100:10::61"",remote_as=""65007"",state=""Active",9077,1,9077
wuhan,routing_metrics,"wuhan-br-1|bgp_peer_uptime_seconds|peer=""fd00:100:10::61"",remote_as=""65007"",state=""Active",9077,1,9077
wuhan,routing_metrics,"wuhan-br-1|bgp_peer_up|peer=""fd00:100:10::61"",remote_as=""65007"",state=""Active",9077,1,9077
wuhan,routing_metrics,"wuhan-br-1|ipv6_route_nexthop_info|prefix=""fd00:7:40::/64"",next_hop=""fe80::100:10:51"",dev=""ens4"",protocol=""bgp"",metric=""20"",route_index=""0"",nh_index=""0",9077,1,9077
wuhan,routing_metrics,"wuhan-br-2|bgp_peer_prefix_received|peer=""fd00:100:10::62"",remote_as=""65007"",state=""Active",5889,8,5202
wuhan,routing_metrics,"wuhan-br-2|bgp_peer_uptime_seconds|peer=""fd00:100:10::62"",remote_as=""65007"",state=""Active",5889,8,5202
wuhan,routing_metrics,"wuhan-br-2|bgp_peer_up|peer=""fd00:100:10::62"",remote_as=""65007"",state=""Active",5889,8,5202
wuhan,routing_metrics,"wuhan-br-2|ipv6_route_nexthop_info|prefix=""fd00:7:40::/64"",next_hop=""fe80::100:10:52"",dev=""ens4"",protocol=""bgp"",metric=""20"",route_index=""0"",nh_index=""0",5889,8,5202
wuhan,routing_metrics,"wuhan-br-2|bgp_peer_prefix_received|peer=""fd00:100:10::72"",remote_as=""65008"",state=""Idle (Admin)",4607,1,4607
wuhan,routing_metrics,"wuhan-br-2|bgp_peer_uptime_seconds|peer=""fd00:100:10::72"",remote_as=""65008"",state=""Idle (Admin)",4607,1,4607
wuhan,routing_metrics,"wuhan-br-2|bgp_peer_up|peer=""fd00:100:10::72"",remote_as=""65008"",state=""Idle (Admin)",4607,1,4607
wuhan,routing_metrics,"wuhan-br-2|ipv6_route_nexthop_info|prefix=""fd00:8:40::/64"",next_hop=""fe80::100:10:52"",dev=""ens4"",protocol=""bgp"",metric=""20"",route_index=""0"",nh_index=""0",4607,1,4607
wuhan,routing_metrics,"wuhan-br-2|bgp_peer_prefix_received|peer=""fd00:100:10::62"",remote_as=""65007"",state=""Established",78,12,26
wuhan,routing_metrics,"wuhan-br-2|bgp_peer_prefix_sent|peer=""fd00:100:10::62"",remote_as=""65007"",state=""Established",78,12,26
wuhan,routing_metrics,"wuhan-br-2|bgp_peer_uptime_seconds|peer=""fd00:100:10::62"",remote_as=""65007"",state=""Established",78,12,26
wuhan,routing_metrics,"wuhan-br-2|bgp_peer_up|peer=""fd00:100:10::62"",remote_as=""65007"",state=""Established",78,12,26
wuhan,routing_metrics,"wuhan-br-2|ipv6_route_nexthop_info|prefix=""fd00:7:40::/64"",next_hop=""fe80::100:10:62"",dev=""ens4"",protocol=""bgp"",metric=""20"",route_index=""0"",nh_index=""0",78,12,26
wuhan,routing_metrics,"wuhan-br-2|bgp_peer_prefix_received|peer=""fd00:100:10::72"",remote_as=""65008"",state=""Established",69,5,26
wuhan,routing_metrics,"wuhan-br-2|bgp_peer_prefix_sent|peer=""fd00:100:10::72"",remote_as=""65008"",state=""Established",69,5,26
wuhan,routing_metrics,"wuhan-br-2|bgp_peer_uptime_seconds|peer=""fd00:100:10::72"",remote_as=""65008"",state=""Established",69,5,26
wuhan,routing_metrics,"wuhan-br-2|bgp_peer_up|peer=""fd00:100:10::72"",remote_as=""65008"",state=""Established",69,5,26
wuhan,routing_metrics,"wuhan-br-2|ipv6_route_nexthop_info|prefix=""fd00:8:40::/64"",next_hop=""fe80::100:10:72"",dev=""ens4"",protocol=""bgp"",metric=""20"",route_index=""0"",nh_index=""0",69,5,26
wuhan,routing_metrics,"wuhan-br-1|bgp_peer_prefix_received|peer=""fd00:100:10::61"",remote_as=""65007"",state=""Established",55,5,26
wuhan,routing_metrics,"wuhan-br-1|bgp_peer_prefix_sent|peer=""fd00:100:10::61"",remote_as=""65007"",state=""Established",55,5,26
wuhan,routing_metrics,"wuhan-br-1|bgp_peer_uptime_seconds|peer=""fd00:100:10::61"",remote_as=""65007"",state=""Established",55,5,26
wuhan,routing_metrics,"wuhan-br-1|bgp_peer_up|peer=""fd00:100:10::61"",remote_as=""65007"",state=""Established",55,5,26
wuhan,routing_metrics,"wuhan-br-1|ipv6_route_nexthop_info|prefix=""fd00:7:40::/64"",next_hop=""fe80::100:10:61"",dev=""ens4"",protocol=""bgp"",metric=""20"",route_index=""0"",nh_index=""0",55,5,26
wuhan,routing_metrics,"wuhan-cr-1|ospf6_neighbor_state_code|state=""Full"",interface=""ens5"",neighbor_id=""5.5.5.12",51,3,28
wuhan,routing_metrics,"wuhan-cr-2|ospf6_neighbor_state_code|state=""Full"",interface=""ens5"",neighbor_id=""5.5.5.11",51,3,28
wuhan,routing_metrics,"wuhan-br-1|bgp_peer_prefix_received|peer=""fd00:100:10::71"",remote_as=""65008"",state=""Established",42,7,26
wuhan,routing_metrics,"wuhan-br-1|bgp_peer_prefix_sent|peer=""fd00:100:10::71"",remote_as=""65008"",state=""Established",42,7,26
wuhan,routing_metrics,"wuhan-br-1|bgp_peer_uptime_seconds|peer=""fd00:100:10::71"",remote_as=""65008"",state=""Established",42,7,26
wuhan,routing_metrics,"wuhan-br-1|bgp_peer_up|peer=""fd00:100:10::71"",remote_as=""65008"",state=""Established",42,7,26
wuhan,routing_metrics,"wuhan-br-1|ipv6_route_nexthop_info|prefix=""fd00:8:40::/64"",next_hop=""fe80::100:10:71"",dev=""ens4"",protocol=""bgp"",metric=""20"",route_index=""0"",nh_index=""0",42,7,26
wuhan,routing_metrics,"wuhan-br-1|bgp_command_success|command=""bgp_summary",38,3,26
wuhan,routing_metrics,wuhan-br-1|bgp_peer_count|,38,3,26
wuhan,routing_metrics,"wuhan-br-1|bgp_peer_prefix_received|peer=""fd00:100:10::1"",remote_as=""65001"",state=""Established",38,3,26
wuhan,routing_metrics,"wuhan-br-1|bgp_peer_prefix_received|peer=""fd00:100:10::21"",remote_as=""65003"",state=""Established",38,3,26
wuhan,routing_metrics,"wuhan-br-1|bgp_peer_prefix_received|peer=""fd00:100:10::31"",remote_as=""65004"",state=""Established",38,3,26
wuhan,routing_metrics,"wuhan-br-1|bgp_peer_prefix_received|peer=""fd00:100:10::51"",remote_as=""65006"",state=""Established",38,3,26
wuhan,routing_metrics,"wuhan-br-1|bgp_peer_prefix_sent|peer=""fd00:100:10::1"",remote_as=""65001"",state=""Established",38,3,26
wuhan,routing_metrics,"wuhan-br-1|bgp_peer_prefix_sent|peer=""fd00:100:10::21"",remote_as=""65003"",state=""Established",38,3,26
wuhan,routing_metrics,"wuhan-br-1|bgp_peer_prefix_sent|peer=""fd00:100:10::31"",remote_as=""65004"",state=""Established",38,3,26
wuhan,routing_metrics,"wuhan-br-1|bgp_peer_prefix_sent|peer=""fd00:100:10::51"",remote_as=""65006"",state=""Established",38,3,26
wuhan,routing_metrics,"wuhan-br-1|bgp_peer_uptime_seconds|peer=""fd00:100:10::1"",remote_as=""65001"",state=""Established",38,3,26
wuhan,routing_metrics,"wuhan-br-1|bgp_peer_uptime_seconds|peer=""fd00:100:10::21"",remote_as=""65003"",state=""Established",38,3,26
wuhan,routing_metrics,"wuhan-br-1|bgp_peer_uptime_seconds|peer=""fd00:100:10::31"",remote_as=""65004"",state=""Established",38,3,26
wuhan,routing_metrics,"wuhan-br-1|bgp_peer_uptime_seconds|peer=""fd00:100:10::51"",remote_as=""65006"",state=""Established",38,3,26
wuhan,routing_metrics,"wuhan-br-1|bgp_peer_up|peer=""fd00:100:10::1"",remote_as=""65001"",state=""Established",38,3,26
wuhan,routing_metrics,"wuhan-br-1|bgp_peer_up|peer=""fd00:100:10::21"",remote_as=""65003"",state=""Established",38,3,26
wuhan,routing_metrics,"wuhan-br-1|bgp_peer_up|peer=""fd00:100:10::31"",remote_as=""65004"",state=""Established",38,3,26
wuhan,routing_metrics,"wuhan-br-1|bgp_peer_up|peer=""fd00:100:10::51"",remote_as=""65006"",state=""Established",38,3,26
wuhan,routing_metrics,wuhan-br-1|ipv6_default_route_changed_total|,38,3,26
wuhan,routing_metrics,"wuhan-br-1|ipv6_default_route_info|next_hop=""240a:a023::1"",dev=""ens4"",protocol=""unknown"",metric=""1024"",route_index=""0"",nh_index=""0",38,3,26
wuhan,routing_metrics,"wuhan-br-1|ipv6_route_change_total|prefix=""::/0",38,3,26
wuhan,routing_metrics,"wuhan-br-1|ipv6_route_change_total|prefix=""fd00:1:40::/64",38,3,26
wuhan,routing_metrics,"wuhan-br-1|ipv6_route_change_total|prefix=""fd00:2:40::/64",38,3,26
wuhan,routing_metrics,"wuhan-br-1|ipv6_route_change_total|prefix=""fd00:3:40::/64",38,3,26
wuhan,routing_metrics,"wuhan-br-1|ipv6_route_change_total|prefix=""fd00:4:40::/64",38,3,26
wuhan,routing_metrics,"wuhan-br-1|ipv6_route_change_total|prefix=""fd00:5:40::/64",38,3,26
wuhan,routing_metrics,"wuhan-br-1|ipv6_route_change_total|prefix=""fd00:6:40::/64",38,3,26
wuhan,routing_metrics,"wuhan-br-1|ipv6_route_change_total|prefix=""fd00:7:40::/64",38,3,26
wuhan,routing_metrics,"wuhan-br-1|ipv6_route_change_total|prefix=""fd00:8:40::/64",38,3,26
wuhan,routing_metrics,"wuhan-br-1|ipv6_route_count|protocol=""all",38,3,26
wuhan,routing_metrics,"wuhan-br-1|ipv6_route_count|protocol=""bgp",38,3,26
wuhan,routing_metrics,"wuhan-br-1|ipv6_route_count|protocol=""kernel",38,3,26
wuhan,routing_metrics,"wuhan-br-1|ipv6_route_count|protocol=""ospf",38,3,26
wuhan,routing_metrics,"wuhan-br-1|ipv6_route_count|protocol=""unknown",38,3,26
wuhan,routing_metrics,"wuhan-br-1|ipv6_route_exists|prefix=""::/0",38,3,26
wuhan,routing_metrics,"wuhan-br-1|ipv6_route_exists|prefix=""fd00:1:40::/64",38,3,26
wuhan,routing_metrics,"wuhan-br-1|ipv6_route_exists|prefix=""fd00:2:40::/64",38,3,26
wuhan,routing_metrics,"wuhan-br-1|ipv6_route_exists|prefix=""fd00:3:40::/64",38,3,26
wuhan,routing_metrics,"wuhan-br-1|ipv6_route_exists|prefix=""fd00:4:40::/64",38,3,26
wuhan,routing_metrics,"wuhan-br-1|ipv6_route_exists|prefix=""fd00:5:40::/64",38,3,26
wuhan,routing_metrics,"wuhan-br-1|ipv6_route_exists|prefix=""fd00:6:40::/64",38,3,26
wuhan,routing_metrics,"wuhan-br-1|ipv6_route_exists|prefix=""fd00:7:40::/64",38,3,26
wuhan,routing_metrics,"wuhan-br-1|ipv6_route_exists|prefix=""fd00:8:40::/64",38,3,26
wuhan,routing_metrics,"wuhan-br-1|ipv6_route_nexthop_info|prefix=""::/0"",next_hop=""240a:a023::1"",dev=""ens4"",protocol=""unknown"",metric=""1024"",route_index=""0"",nh_index=""0",38,3,26
wuhan,routing_metrics,"wuhan-br-1|ipv6_route_nexthop_info|prefix=""fd00:1:40::/64"",next_hop=""fe80::100:10:1"",dev=""ens4"",protocol=""bgp"",metric=""20"",route_index=""0"",nh_index=""0",38,3,26
wuhan,routing_metrics,"wuhan-br-1|ipv6_route_nexthop_info|prefix=""fd00:2:40::/64"",next_hop=""fe80::100:10:1"",dev=""ens4"",protocol=""bgp"",metric=""20"",route_index=""0"",nh_index=""0",38,3,26
wuhan,routing_metrics,"wuhan-br-1|ipv6_route_nexthop_info|prefix=""fd00:3:40::/64"",next_hop=""fe80::100:10:21"",dev=""ens4"",protocol=""bgp"",metric=""20"",route_index=""0"",nh_index=""0",38,3,26
wuhan,routing_metrics,"wuhan-br-1|ipv6_route_nexthop_info|prefix=""fd00:4:40::/64"",next_hop=""fe80::100:10:31"",dev=""ens4"",protocol=""bgp"",metric=""20"",route_index=""0"",nh_index=""0",38,3,26
wuhan,routing_metrics,"wuhan-br-1|ipv6_route_nexthop_info|prefix=""fd00:5:40::/64"",next_hop=""fe80::5:20:11"",dev=""ens5"",protocol=""ospf"",metric=""20"",route_index=""0"",nh_index=""0",38,3,26
wuhan,routing_metrics,"wuhan-br-1|ipv6_route_nexthop_info|prefix=""fd00:5:40::/64"",next_hop=""fe80::5:20:12"",dev=""ens5"",protocol=""ospf"",metric=""20"",route_index=""0"",nh_index=""1",38,3,26
wuhan,routing_metrics,"wuhan-br-1|ipv6_route_nexthop_info|prefix=""fd00:6:40::/64"",next_hop=""fe80::100:10:51"",dev=""ens4"",protocol=""bgp"",metric=""20"",route_index=""0"",nh_index=""0",38,3,26
wuhan,routing_metrics,"wuhan-br-1|ospf6_interface_cost|interface=""ens5",38,3,26
wuhan,routing_metrics,"wuhan-br-1|ospf6_interface_enabled|interface=""ens10",38,3,26
wuhan,routing_metrics,"wuhan-br-1|ospf6_interface_enabled|interface=""ens11",38,3,26
wuhan,routing_metrics,"wuhan-br-1|ospf6_interface_enabled|interface=""ens12",38,3,26
wuhan,routing_metrics,"wuhan-br-1|ospf6_interface_enabled|interface=""ens3",38,3,26
wuhan,routing_metrics,"wuhan-br-1|ospf6_interface_enabled|interface=""ens4",38,3,26
wuhan,routing_metrics,"wuhan-br-1|ospf6_interface_enabled|interface=""ens5",38,3,26
wuhan,routing_metrics,"wuhan-br-1|ospf6_interface_enabled|interface=""ens6",38,3,26
wuhan,routing_metrics,"wuhan-br-1|ospf6_interface_enabled|interface=""ens7",38,3,26
wuhan,routing_metrics,"wuhan-br-1|ospf6_interface_enabled|interface=""ens8",38,3,26
wuhan,routing_metrics,"wuhan-br-1|ospf6_interface_enabled|interface=""ens9",38,3,26
wuhan,routing_metrics,"wuhan-br-1|ospf6_interface_enabled|interface=""lo",38,3,26
wuhan,routing_metrics,"wuhan-br-1|ospf6_interface_enabled|interface=""virbr0",38,3,26
wuhan,routing_metrics,"wuhan-br-1|ospf6_neighbor_state_code|state=""Full"",interface=""ens5"",neighbor_id=""5.5.5.11",38,3,26
wuhan,routing_metrics,"wuhan-br-1|ospf6_neighbor_state_code|state=""Full"",interface=""ens5"",neighbor_id=""5.5.5.12",38,3,26
wuhan,routing_metrics,"wuhan-br-1|ospf6_neighbor_state_code|state=""Twoway"",interface=""ens5"",neighbor_id=""5.5.5.2",38,3,26
wuhan,routing_metrics,"wuhan-br-2|bgp_command_success|command=""bgp_summary",38,3,26
wuhan,routing_metrics,wuhan-br-2|bgp_peer_count|,38,3,26
wuhan,routing_metrics,"wuhan-br-2|bgp_peer_prefix_received|peer=""fd00:100:10::2"",remote_as=""65001"",state=""Established",38,3,26
wuhan,routing_metrics,"wuhan-br-2|bgp_peer_prefix_received|peer=""fd00:100:10::22"",remote_as=""65003"",state=""Established",38,3,26
wuhan,routing_metrics,"wuhan-br-2|bgp_peer_prefix_received|peer=""fd00:100:10::32"",remote_as=""65004"",state=""Established",38,3,26
wuhan,routing_metrics,"wuhan-br-2|bgp_peer_prefix_received|peer=""fd00:100:10::52"",remote_as=""65006"",state=""Established",38,3,26
wuhan,routing_metrics,"wuhan-br-2|bgp_peer_prefix_sent|peer=""fd00:100:10::2"",remote_as=""65001"",state=""Established",38,3,26
wuhan,routing_metrics,"wuhan-br-2|bgp_peer_prefix_sent|peer=""fd00:100:10::22"",remote_as=""65003"",state=""Established",38,3,26
wuhan,routing_metrics,"wuhan-br-2|bgp_peer_prefix_sent|peer=""fd00:100:10::32"",remote_as=""65004"",state=""Established",38,3,26
wuhan,routing_metrics,"wuhan-br-2|bgp_peer_prefix_sent|peer=""fd00:100:10::52"",remote_as=""65006"",state=""Established",38,3,26
wuhan,routing_metrics,"wuhan-br-2|bgp_peer_uptime_seconds|peer=""fd00:100:10::2"",remote_as=""65001"",state=""Established",38,3,26
wuhan,routing_metrics,"wuhan-br-2|bgp_peer_uptime_seconds|peer=""fd00:100:10::22"",remote_as=""65003"",state=""Established",38,3,26
wuhan,routing_metrics,"wuhan-br-2|bgp_peer_uptime_seconds|peer=""fd00:100:10::32"",remote_as=""65004"",state=""Established",38,3,26
wuhan,routing_metrics,"wuhan-br-2|bgp_peer_uptime_seconds|peer=""fd00:100:10::52"",remote_as=""65006"",state=""Established",38,3,26
wuhan,routing_metrics,"wuhan-br-2|bgp_peer_up|peer=""fd00:100:10::2"",remote_as=""65001"",state=""Established",38,3,26
wuhan,routing_metrics,"wuhan-br-2|bgp_peer_up|peer=""fd00:100:10::22"",remote_as=""65003"",state=""Established",38,3,26
wuhan,routing_metrics,"wuhan-br-2|bgp_peer_up|peer=""fd00:100:10::32"",remote_as=""65004"",state=""Established",38,3,26
wuhan,routing_metrics,"wuhan-br-2|bgp_peer_up|peer=""fd00:100:10::52"",remote_as=""65006"",state=""Established",38,3,26
wuhan,routing_metrics,wuhan-br-2|ipv6_default_route_changed_total|,38,3,26
wuhan,routing_metrics,"wuhan-br-2|ipv6_default_route_info|next_hop=""240a:a023::1"",dev=""ens4"",protocol=""unknown"",metric=""1024"",route_index=""0"",nh_index=""0",38,3,26
wuhan,routing_metrics,"wuhan-br-2|ipv6_route_change_total|prefix=""::/0",38,3,26
wuhan,routing_metrics,"wuhan-br-2|ipv6_route_change_total|prefix=""fd00:1:40::/64",38,3,26
wuhan,routing_metrics,"wuhan-br-2|ipv6_route_change_total|prefix=""fd00:2:40::/64",38,3,26
wuhan,routing_metrics,"wuhan-br-2|ipv6_route_change_total|prefix=""fd00:3:40::/64",38,3,26
wuhan,routing_metrics,"wuhan-br-2|ipv6_route_change_total|prefix=""fd00:4:40::/64",38,3,26
wuhan,routing_metrics,"wuhan-br-2|ipv6_route_change_total|prefix=""fd00:5:40::/64",38,3,26
wuhan,routing_metrics,"wuhan-br-2|ipv6_route_change_total|prefix=""fd00:6:40::/64",38,3,26
wuhan,routing_metrics,"wuhan-br-2|ipv6_route_change_total|prefix=""fd00:7:40::/64",38,3,26
wuhan,routing_metrics,"wuhan-br-2|ipv6_route_change_total|prefix=""fd00:8:40::/64",38,3,26
wuhan,routing_metrics,"wuhan-br-2|ipv6_route_count|protocol=""all",38,3,26
wuhan,routing_metrics,"wuhan-br-2|ipv6_route_count|protocol=""bgp",38,3,26
wuhan,routing_metrics,"wuhan-br-2|ipv6_route_count|protocol=""kernel",38,3,26
wuhan,routing_metrics,"wuhan-br-2|ipv6_route_count|protocol=""ospf",38,3,26
wuhan,routing_metrics,"wuhan-br-2|ipv6_route_count|protocol=""unknown",38,3,26
wuhan,routing_metrics,"wuhan-br-2|ipv6_route_exists|prefix=""::/0",38,3,26
wuhan,routing_metrics,"wuhan-br-2|ipv6_route_exists|prefix=""fd00:1:40::/64",38,3,26
wuhan,routing_metrics,"wuhan-br-2|ipv6_route_exists|prefix=""fd00:2:40::/64",38,3,26
wuhan,routing_metrics,"wuhan-br-2|ipv6_route_exists|prefix=""fd00:3:40::/64",38,3,26
wuhan,routing_metrics,"wuhan-br-2|ipv6_route_exists|prefix=""fd00:4:40::/64",38,3,26
wuhan,routing_metrics,"wuhan-br-2|ipv6_route_exists|prefix=""fd00:5:40::/64",38,3,26
wuhan,routing_metrics,"wuhan-br-2|ipv6_route_exists|prefix=""fd00:6:40::/64",38,3,26
wuhan,routing_metrics,"wuhan-br-2|ipv6_route_exists|prefix=""fd00:7:40::/64",38,3,26
wuhan,routing_metrics,"wuhan-br-2|ipv6_route_exists|prefix=""fd00:8:40::/64",38,3,26
wuhan,routing_metrics,"wuhan-br-2|ipv6_route_nexthop_info|prefix=""::/0"",next_hop=""240a:a023::1"",dev=""ens4"",protocol=""unknown"",metric=""1024"",route_index=""0"",nh_index=""0",38,3,26
wuhan,routing_metrics,"wuhan-br-2|ipv6_route_nexthop_info|prefix=""fd00:1:40::/64"",next_hop=""fe80::100:10:2"",dev=""ens4"",protocol=""bgp"",metric=""20"",route_index=""0"",nh_index=""0",38,3,26
wuhan,routing_metrics,"wuhan-br-2|ipv6_route_nexthop_info|prefix=""fd00:2:40::/64"",next_hop=""fe80::100:10:2"",dev=""ens4"",protocol=""bgp"",metric=""20"",route_index=""0"",nh_index=""0",38,3,26
wuhan,routing_metrics,"wuhan-br-2|ipv6_route_nexthop_info|prefix=""fd00:3:40::/64"",next_hop=""fe80::100:10:22"",dev=""ens4"",protocol=""bgp"",metric=""20"",route_index=""0"",nh_index=""0",38,3,26
wuhan,routing_metrics,"wuhan-br-2|ipv6_route_nexthop_info|prefix=""fd00:4:40::/64"",next_hop=""fe80::100:10:32"",dev=""ens4"",protocol=""bgp"",metric=""20"",route_index=""0"",nh_index=""0",38,3,26
wuhan,routing_metrics,"wuhan-br-2|ipv6_route_nexthop_info|prefix=""fd00:5:40::/64"",next_hop=""fe80::5:20:11"",dev=""ens5"",protocol=""ospf"",metric=""20"",route_index=""0"",nh_index=""0",38,3,26
wuhan,routing_metrics,"wuhan-br-2|ipv6_route_nexthop_info|prefix=""fd00:5:40::/64"",next_hop=""fe80::5:20:12"",dev=""ens5"",protocol=""ospf"",metric=""20"",route_index=""0"",nh_index=""1",38,3,26
wuhan,routing_metrics,"wuhan-br-2|ipv6_route_nexthop_info|prefix=""fd00:6:40::/64"",next_hop=""fe80::100:10:52"",dev=""ens4"",protocol=""bgp"",metric=""20"",route_index=""0"",nh_index=""0",38,3,26
wuhan,routing_metrics,"wuhan-br-2|ospf6_interface_cost|interface=""ens5",38,3,26
wuhan,routing_metrics,"wuhan-br-2|ospf6_interface_enabled|interface=""ens10",38,3,26
wuhan,routing_metrics,"wuhan-br-2|ospf6_interface_enabled|interface=""ens11",38,3,26
wuhan,routing_metrics,"wuhan-br-2|ospf6_interface_enabled|interface=""ens12",38,3,26
wuhan,routing_metrics,"wuhan-br-2|ospf6_interface_enabled|interface=""ens3",38,3,26
wuhan,routing_metrics,"wuhan-br-2|ospf6_interface_enabled|interface=""ens4",38,3,26
wuhan,routing_metrics,"wuhan-br-2|ospf6_interface_enabled|interface=""ens5",38,3,26
wuhan,routing_metrics,"wuhan-br-2|ospf6_interface_enabled|interface=""ens6",38,3,26
wuhan,routing_metrics,"wuhan-br-2|ospf6_interface_enabled|interface=""ens7",38,3,26
wuhan,routing_metrics,"wuhan-br-2|ospf6_interface_enabled|interface=""ens8",38,3,26
wuhan,routing_metrics,"wuhan-br-2|ospf6_interface_enabled|interface=""ens9",38,3,26
wuhan,routing_metrics,"wuhan-br-2|ospf6_interface_enabled|interface=""lo",38,3,26
wuhan,routing_metrics,"wuhan-br-2|ospf6_interface_enabled|interface=""virbr0",38,3,26
wuhan,routing_metrics,"wuhan-br-2|ospf6_neighbor_state_code|state=""Full"",interface=""ens5"",neighbor_id=""5.5.5.11",38,3,26
wuhan,routing_metrics,"wuhan-br-2|ospf6_neighbor_state_code|state=""Full"",interface=""ens5"",neighbor_id=""5.5.5.12",38,3,26
wuhan,routing_metrics,"wuhan-br-2|ospf6_neighbor_state_code|state=""Twoway"",interface=""ens5"",neighbor_id=""5.5.5.1",38,3,26
wuhan,routing_metrics,"wuhan-br-1|bgp_peer_prefix_received|peer=""fd00:100:10::71"",remote_as=""65008"",state=""Idle (Admin)",8,3,3
wuhan,routing_metrics,"wuhan-br-1|bgp_peer_uptime_seconds|peer=""fd00:100:10::71"",remote_as=""65008"",state=""Idle (Admin)",8,3,3
wuhan,routing_metrics,"wuhan-br-1|bgp_peer_up|peer=""fd00:100:10::71"",remote_as=""65008"",state=""Idle (Admin)",8,3,3
wuhan,routing_metrics,"wuhan-br-1|ipv6_route_nexthop_info|prefix=""fd00:8:40::/64"",next_hop=""fe80::100:10:51"",dev=""ens4"",protocol=""bgp"",metric=""20"",route_index=""0"",nh_index=""0",8,3,3
wuhan,traffic_flow_metrics,c8aef17539f33e5ee8c868555c6ffe5602a0893d88587ae35e67b994dcb5fa6e,19922,19,4486
wuhan,traffic_flow_metrics,d4b9c994b9df054606ae688badface34b68e9f64875720cd2c9e6fb9254c6b93,19748,19,3312
wuhan,traffic_flow_metrics,e7d552c067e1e1392cee18f0c9947d02a798ca561577a4e3225839f2a38ab019,19609,12,4159
wuhan,traffic_flow_metrics,5f475ab009888dafd021817d795e22aae51c53d040bfe12a3b8484610b3b2ebc,19313,23,4094
wuhan,traffic_flow_metrics,87bbd5ee23f9f1cbf32662b6ac1a56b226bbe1e30aeee31f2032033875a4a5b1,19227,20,4096
wuhan,traffic_flow_metrics,78b9d5068372925bcc2c07d4c7cf56b959a426588a19aee862c68a40c0698170,19223,11,4878
wuhan,traffic_flow_metrics,72adfe5be002206fc2eaa0d9cf7d891084dcd3da4713bc6edeae5b8999a4c19a,19141,18,2922
wuhan,traffic_flow_metrics,757e4332a68ec5f098f6c325f34bfbb0b27a27944c1dfeb300e157ef8b4ab0c3,18712,20,4622
wuhan,traffic_flow_metrics,9856bd9b06753cb0e4c1d0b22b1d6e1ef85ef7fd492a40b75d9dc5a9a6aca031,18647,23,1916
wuhan,traffic_flow_metrics,5d1de9f9894ba139dffbb27c2ce8395a137d9fcb6440eecd6101ab167ca21bbb,18493,24,2914
wuhan,traffic_flow_metrics,67f3f0ab908a1a784cc65a0ac5f7ac23f86d4f19d4c649729551c221a4697627,18483,21,2291
wuhan,traffic_flow_metrics,a0017f83a32764055f9b730d62dbbcc71b1a9ebc529d0e7d2d49378d2343c2f3,18431,19,4535
wuhan,traffic_flow_metrics,b9862c6fadf8feb4651f074b715904ac255dafba48d465e6e42cb9bcc560929c,18431,16,2930
wuhan,traffic_flow_metrics,a945650077211bd8a53ef36bf6bc05219fe32964fc579a200545e509e119292e,18226,17,3540
wuhan,traffic_flow_metrics,b1684f1b7b57e2cd9b9ed76c66b8293993d916e2dcd81030292df6bae8860d23,18071,16,4315
wuhan,traffic_flow_metrics,99ce5cf9c97aa81f46d12e17667b929d0cd048b78a72a22e5240850db5b1febd,17663,13,2695
wuhan,traffic_flow_metrics,714e7c50d50813ff2ed18e4aab423fdad649502eb7c36c47b2819904a78b7962,17224,23,2981
wuhan,traffic_flow_metrics,f99483a0c2a2f073b8171894bac57821b514058fc662fe100db7727cade6fa4a,16895,12,4008
wuhan,traffic_flow_metrics,15a9cb377ab760aab794c75ca0f9878a3333470b4171fdda773d33596f973967,16768,20,4992
wuhan,traffic_flow_metrics,85260da301259160310b548426c9e6292b24222169b1ad5c282ddd02907c65d0,16215,21,2325
wuhan,traffic_flow_metrics,6130609c0a2d4e259590e5f5bd60acd6c5c81bde886d6ed5cdddffa2a3bdfde4,14632,11,3666
wuhan,traffic_flow_metrics,82387ccbd3a90714b0714837d4ca6d8212d29fe25a7c0bd91af830bebc20227e,7037,4113,8
wuhan,traffic_flow_metrics,99209e5b1125550aa3101da5222463a7c360364c5f6ab9ec76a4719b450c9cff,1357,1257,3
wuhan,traffic_flow_metrics,55dcb21fe91a52bb73aec0b53eaf883b282e0b47746e654e2e5908a591c6baf4,191,190,2
xian,interface_metrics,xian-br-1|ens10,44,3,26
xian,interface_metrics,xian-br-1|ens11,44,3,26
xian,interface_metrics,xian-br-1|ens12,44,3,26
xian,interface_metrics,xian-br-1|ens3,44,3,26
xian,interface_metrics,xian-br-1|ens4,44,3,26
xian,interface_metrics,xian-br-1|ens5,44,3,26
xian,interface_metrics,xian-br-1|ens6,44,3,26
xian,interface_metrics,xian-br-1|ens7,44,3,26
xian,interface_metrics,xian-br-1|ens8,44,3,26
xian,interface_metrics,xian-br-1|ens9,44,3,26
xian,interface_metrics,xian-br-2|ens10,44,3,26
xian,interface_metrics,xian-br-2|ens11,44,3,26
xian,interface_metrics,xian-br-2|ens12,44,3,26
xian,interface_metrics,xian-br-2|ens3,44,3,26
xian,interface_metrics,xian-br-2|ens4,44,3,26
xian,interface_metrics,xian-br-2|ens5,44,3,26
xian,interface_metrics,xian-br-2|ens6,44,3,26
xian,interface_metrics,xian-br-2|ens7,44,3,26
xian,interface_metrics,xian-br-2|ens8,44,3,26
xian,interface_metrics,xian-br-2|ens9,44,3,26
xian,node_metrics,xian-br-1,44,3,26
xian,node_metrics,xian-br-2,44,3,26
xian,routing_metrics,"xian-br-1|bgp_peer_prefix_received|peer=""fd00:100:10::1"",remote_as=""65001"",state=""Active",16681,2,16170
xian,routing_metrics,"xian-br-1|bgp_peer_uptime_seconds|peer=""fd00:100:10::1"",remote_as=""65001"",state=""Active",16681,2,16170
xian,routing_metrics,"xian-br-1|bgp_peer_up|peer=""fd00:100:10::1"",remote_as=""65001"",state=""Active",16681,2,16170
xian,routing_metrics,"xian-br-1|ipv6_route_nexthop_info|prefix=""fd00:1:40::/64"",next_hop=""fe80::100:10:41"",dev=""ens4"",protocol=""bgp"",metric=""20"",route_index=""0"",nh_index=""0",16681,2,16170
xian,routing_metrics,"xian-br-1|ipv6_route_nexthop_info|prefix=""fd00:2:40::/64"",next_hop=""fe80::100:10:41"",dev=""ens4"",protocol=""bgp"",metric=""20"",route_index=""0"",nh_index=""0",16681,2,16170
xian,routing_metrics,"xian-br-1|bgp_peer_prefix_received|peer=""fd00:100:10::31"",remote_as=""65004"",state=""Active",12907,5,12900
xian,routing_metrics,"xian-br-1|bgp_peer_uptime_seconds|peer=""fd00:100:10::31"",remote_as=""65004"",state=""Active",12907,5,12900
xian,routing_metrics,"xian-br-1|bgp_peer_up|peer=""fd00:100:10::31"",remote_as=""65004"",state=""Active",12907,5,12900
xian,routing_metrics,"xian-br-1|ipv6_route_nexthop_info|prefix=""fd00:4:40::/64"",next_hop=""fe80::100:10:41"",dev=""ens4"",protocol=""bgp"",metric=""20"",route_index=""0"",nh_index=""0",12898,6,6771
xian,routing_metrics,"xian-br-2|bgp_peer_prefix_received|peer=""fd00:100:10::2"",remote_as=""65001"",state=""Active",1977,3,1973
xian,routing_metrics,"xian-br-2|bgp_peer_uptime_seconds|peer=""fd00:100:10::2"",remote_as=""65001"",state=""Active",1977,3,1973
xian,routing_metrics,"xian-br-2|bgp_peer_up|peer=""fd00:100:10::2"",remote_as=""65001"",state=""Active",1977,3,1973
xian,routing_metrics,"xian-br-2|ipv6_route_nexthop_info|prefix=""fd00:1:40::/64"",next_hop=""fe80::100:10:42"",dev=""ens4"",protocol=""bgp"",metric=""20"",route_index=""0"",nh_index=""0",1977,3,1973
xian,routing_metrics,"xian-br-2|ipv6_route_nexthop_info|prefix=""fd00:2:40::/64"",next_hop=""fe80::100:10:42"",dev=""ens4"",protocol=""bgp"",metric=""20"",route_index=""0"",nh_index=""0",1977,3,1973
xian,routing_metrics,"xian-br-2|bgp_peer_prefix_received|peer=""fd00:100:10::32"",remote_as=""65004"",state=""Idle (Admin)",685,3,681
xian,routing_metrics,"xian-br-2|bgp_peer_uptime_seconds|peer=""fd00:100:10::32"",remote_as=""65004"",state=""Idle (Admin)",685,3,681
xian,routing_metrics,"xian-br-2|bgp_peer_up|peer=""fd00:100:10::32"",remote_as=""65004"",state=""Idle (Admin)",685,3,681
xian,routing_metrics,"xian-br-2|ipv6_route_nexthop_info|prefix=""fd00:4:40::/64"",next_hop=""fe80::100:10:42"",dev=""ens4"",protocol=""bgp"",metric=""20"",route_index=""0"",nh_index=""0",685,3,681
xian,routing_metrics,"xian-br-1|bgp_peer_prefix_received|peer=""fd00:100:10::31"",remote_as=""65004"",state=""Established",72,10,26
xian,routing_metrics,"xian-br-1|bgp_peer_prefix_sent|peer=""fd00:100:10::31"",remote_as=""65004"",state=""Established",72,10,26
xian,routing_metrics,"xian-br-1|bgp_peer_uptime_seconds|peer=""fd00:100:10::31"",remote_as=""65004"",state=""Established",72,10,26
xian,routing_metrics,"xian-br-1|bgp_peer_up|peer=""fd00:100:10::31"",remote_as=""65004"",state=""Established",72,10,26
xian,routing_metrics,"xian-br-1|ipv6_route_nexthop_info|prefix=""fd00:1:40::/64"",next_hop=""fe80::100:10:1"",dev=""ens4"",protocol=""bgp"",metric=""20"",route_index=""0"",nh_index=""0",72,6,26
xian,routing_metrics,"xian-br-1|ipv6_route_nexthop_info|prefix=""fd00:2:40::/64"",next_hop=""fe80::100:10:1"",dev=""ens4"",protocol=""bgp"",metric=""20"",route_index=""0"",nh_index=""0",72,6,26
xian,routing_metrics,"xian-br-1|ipv6_route_nexthop_info|prefix=""fd00:4:40::/64"",next_hop=""fe80::100:10:31"",dev=""ens4"",protocol=""bgp"",metric=""20"",route_index=""0"",nh_index=""0",72,10,26
xian,routing_metrics,"xian-br-1|bgp_peer_prefix_received|peer=""fd00:100:10::1"",remote_as=""65001"",state=""Established",71,6,26
xian,routing_metrics,"xian-br-1|bgp_peer_prefix_sent|peer=""fd00:100:10::1"",remote_as=""65001"",state=""Established",71,6,26
xian,routing_metrics,"xian-br-1|bgp_peer_uptime_seconds|peer=""fd00:100:10::1"",remote_as=""65001"",state=""Established",71,6,26
xian,routing_metrics,"xian-br-1|bgp_peer_up|peer=""fd00:100:10::1"",remote_as=""65001"",state=""Established",71,6,26
xian,routing_metrics,"xian-br-2|bgp_peer_prefix_received|peer=""fd00:100:10::2"",remote_as=""65001"",state=""Established",55,7,26
xian,routing_metrics,"xian-br-2|bgp_peer_prefix_sent|peer=""fd00:100:10::2"",remote_as=""65001"",state=""Established",55,7,26
xian,routing_metrics,"xian-br-2|bgp_peer_uptime_seconds|peer=""fd00:100:10::2"",remote_as=""65001"",state=""Established",55,7,26
xian,routing_metrics,"xian-br-2|bgp_peer_up|peer=""fd00:100:10::2"",remote_as=""65001"",state=""Established",55,7,26
xian,routing_metrics,"xian-br-2|ipv6_route_nexthop_info|prefix=""fd00:1:40::/64"",next_hop=""fe80::100:10:2"",dev=""ens4"",protocol=""bgp"",metric=""20"",route_index=""0"",nh_index=""0",55,7,26
xian,routing_metrics,"xian-br-2|ipv6_route_nexthop_info|prefix=""fd00:2:40::/64"",next_hop=""fe80::100:10:2"",dev=""ens4"",protocol=""bgp"",metric=""20"",route_index=""0"",nh_index=""0",55,7,26
xian,routing_metrics,"xian-br-2|bgp_peer_prefix_received|peer=""fd00:100:10::32"",remote_as=""65004"",state=""Established",52,7,26
xian,routing_metrics,"xian-br-2|bgp_peer_prefix_sent|peer=""fd00:100:10::32"",remote_as=""65004"",state=""Established",52,7,26
xian,routing_metrics,"xian-br-2|bgp_peer_uptime_seconds|peer=""fd00:100:10::32"",remote_as=""65004"",state=""Established",52,7,26
xian,routing_metrics,"xian-br-2|bgp_peer_up|peer=""fd00:100:10::32"",remote_as=""65004"",state=""Established",52,7,26
xian,routing_metrics,"xian-br-2|ipv6_route_nexthop_info|prefix=""fd00:4:40::/64"",next_hop=""fe80::100:10:32"",dev=""ens4"",protocol=""bgp"",metric=""20"",route_index=""0"",nh_index=""0",52,7,26
xian,routing_metrics,"xian-br-1|bgp_command_success|command=""bgp_summary",45,3,26
xian,routing_metrics,xian-br-1|bgp_peer_count|,45,3,26
xian,routing_metrics,"xian-br-1|bgp_peer_prefix_received|peer=""fd00:100:10::41"",remote_as=""65005"",state=""Established",45,3,26
xian,routing_metrics,"xian-br-1|bgp_peer_prefix_sent|peer=""fd00:100:10::41"",remote_as=""65005"",state=""Established",45,3,26
xian,routing_metrics,"xian-br-1|bgp_peer_uptime_seconds|peer=""fd00:100:10::41"",remote_as=""65005"",state=""Established",45,3,26
xian,routing_metrics,"xian-br-1|bgp_peer_up|peer=""fd00:100:10::41"",remote_as=""65005"",state=""Established",45,3,26
xian,routing_metrics,xian-br-1|ipv6_default_route_changed_total|,45,3,26
xian,routing_metrics,"xian-br-1|ipv6_default_route_info|next_hop=""240a:a023::1"",dev=""ens4"",protocol=""unknown"",metric=""1024"",route_index=""0"",nh_index=""0",45,3,26
xian,routing_metrics,"xian-br-1|ipv6_route_change_total|prefix=""::/0",45,3,26
xian,routing_metrics,"xian-br-1|ipv6_route_change_total|prefix=""fd00:1:40::/64",45,3,26
xian,routing_metrics,"xian-br-1|ipv6_route_change_total|prefix=""fd00:2:40::/64",45,3,26
xian,routing_metrics,"xian-br-1|ipv6_route_change_total|prefix=""fd00:3:40::/64",45,3,26
xian,routing_metrics,"xian-br-1|ipv6_route_change_total|prefix=""fd00:4:40::/64",45,3,26
xian,routing_metrics,"xian-br-1|ipv6_route_change_total|prefix=""fd00:5:40::/64",45,3,26
xian,routing_metrics,"xian-br-1|ipv6_route_change_total|prefix=""fd00:6:40::/64",45,3,26
xian,routing_metrics,"xian-br-1|ipv6_route_change_total|prefix=""fd00:7:40::/64",45,3,26
xian,routing_metrics,"xian-br-1|ipv6_route_change_total|prefix=""fd00:8:40::/64",45,3,26
xian,routing_metrics,"xian-br-1|ipv6_route_count|protocol=""all",45,3,26
xian,routing_metrics,"xian-br-1|ipv6_route_count|protocol=""bgp",45,3,26
xian,routing_metrics,"xian-br-1|ipv6_route_count|protocol=""kernel",45,3,26
xian,routing_metrics,"xian-br-1|ipv6_route_count|protocol=""ospf",45,3,26
xian,routing_metrics,"xian-br-1|ipv6_route_count|protocol=""unknown",45,3,26
xian,routing_metrics,"xian-br-1|ipv6_route_exists|prefix=""::/0",45,3,26
xian,routing_metrics,"xian-br-1|ipv6_route_exists|prefix=""fd00:1:40::/64",45,3,26
xian,routing_metrics,"xian-br-1|ipv6_route_exists|prefix=""fd00:2:40::/64",45,3,26
xian,routing_metrics,"xian-br-1|ipv6_route_exists|prefix=""fd00:3:40::/64",45,3,26
xian,routing_metrics,"xian-br-1|ipv6_route_exists|prefix=""fd00:4:40::/64",45,3,26
xian,routing_metrics,"xian-br-1|ipv6_route_exists|prefix=""fd00:5:40::/64",45,3,26
xian,routing_metrics,"xian-br-1|ipv6_route_exists|prefix=""fd00:6:40::/64",45,3,26
xian,routing_metrics,"xian-br-1|ipv6_route_exists|prefix=""fd00:7:40::/64",45,3,26
xian,routing_metrics,"xian-br-1|ipv6_route_exists|prefix=""fd00:8:40::/64",45,3,26
xian,routing_metrics,"xian-br-1|ipv6_route_nexthop_info|prefix=""::/0"",next_hop=""240a:a023::1"",dev=""ens4"",protocol=""unknown"",metric=""1024"",route_index=""0"",nh_index=""0",45,3,26
xian,routing_metrics,"xian-br-1|ipv6_route_nexthop_info|prefix=""fd00:3:40::/64"",next_hop=""fe80::3:20:11"",dev=""ens5"",protocol=""ospf"",metric=""20"",route_index=""0"",nh_index=""0",45,3,26
xian,routing_metrics,"xian-br-1|ipv6_route_nexthop_info|prefix=""fd00:3:40::/64"",next_hop=""fe80::3:20:12"",dev=""ens5"",protocol=""ospf"",metric=""20"",route_index=""0"",nh_index=""1",45,3,26
xian,routing_metrics,"xian-br-1|ipv6_route_nexthop_info|prefix=""fd00:5:40::/64"",next_hop=""fe80::100:10:41"",dev=""ens4"",protocol=""bgp"",metric=""20"",route_index=""0"",nh_index=""0",45,3,26
xian,routing_metrics,"xian-br-1|ipv6_route_nexthop_info|prefix=""fd00:6:40::/64"",next_hop=""fe80::100:10:41"",dev=""ens4"",protocol=""bgp"",metric=""20"",route_index=""0"",nh_index=""0",45,3,26
xian,routing_metrics,"xian-br-1|ipv6_route_nexthop_info|prefix=""fd00:7:40::/64"",next_hop=""fe80::100:10:41"",dev=""ens4"",protocol=""bgp"",metric=""20"",route_index=""0"",nh_index=""0",45,3,26
xian,routing_metrics,"xian-br-1|ipv6_route_nexthop_info|prefix=""fd00:8:40::/64"",next_hop=""fe80::100:10:41"",dev=""ens4"",protocol=""bgp"",metric=""20"",route_index=""0"",nh_index=""0",45,3,26
xian,routing_metrics,"xian-br-1|ospf6_interface_cost|interface=""ens5",45,3,26
xian,routing_metrics,"xian-br-1|ospf6_interface_enabled|interface=""ens10",45,3,26
xian,routing_metrics,"xian-br-1|ospf6_interface_enabled|interface=""ens11",45,3,26
xian,routing_metrics,"xian-br-1|ospf6_interface_enabled|interface=""ens12",45,3,26
xian,routing_metrics,"xian-br-1|ospf6_interface_enabled|interface=""ens3",45,3,26
xian,routing_metrics,"xian-br-1|ospf6_interface_enabled|interface=""ens4",45,3,26
xian,routing_metrics,"xian-br-1|ospf6_interface_enabled|interface=""ens5",45,3,26
xian,routing_metrics,"xian-br-1|ospf6_interface_enabled|interface=""ens6",45,3,26
xian,routing_metrics,"xian-br-1|ospf6_interface_enabled|interface=""ens7",45,3,26
xian,routing_metrics,"xian-br-1|ospf6_interface_enabled|interface=""ens8",45,3,26
xian,routing_metrics,"xian-br-1|ospf6_interface_enabled|interface=""ens9",45,3,26
xian,routing_metrics,"xian-br-1|ospf6_interface_enabled|interface=""lo",45,3,26
xian,routing_metrics,"xian-br-1|ospf6_interface_enabled|interface=""virbr0",45,3,26
xian,routing_metrics,"xian-br-1|ospf6_neighbor_state_code|state=""Full"",interface=""ens5"",neighbor_id=""3.3.3.12",45,3,26
xian,routing_metrics,"xian-br-1|ospf6_neighbor_state_code|state=""Full"",interface=""ens5"",neighbor_id=""3.3.3.2",45,3,26
xian,routing_metrics,"xian-br-2|bgp_command_success|command=""bgp_summary",45,3,26
xian,routing_metrics,xian-br-2|bgp_peer_count|,45,3,26
xian,routing_metrics,"xian-br-2|bgp_peer_prefix_received|peer=""fd00:100:10::42"",remote_as=""65005"",state=""Established",45,3,26
xian,routing_metrics,"xian-br-2|bgp_peer_prefix_sent|peer=""fd00:100:10::42"",remote_as=""65005"",state=""Established",45,3,26
xian,routing_metrics,"xian-br-2|bgp_peer_uptime_seconds|peer=""fd00:100:10::42"",remote_as=""65005"",state=""Established",45,3,26
xian,routing_metrics,"xian-br-2|bgp_peer_up|peer=""fd00:100:10::42"",remote_as=""65005"",state=""Established",45,3,26
xian,routing_metrics,xian-br-2|ipv6_default_route_changed_total|,45,3,26
xian,routing_metrics,"xian-br-2|ipv6_default_route_info|next_hop=""240a:a023::1"",dev=""ens4"",protocol=""unknown"",metric=""1024"",route_index=""0"",nh_index=""0",45,3,26
xian,routing_metrics,"xian-br-2|ipv6_route_change_total|prefix=""::/0",45,3,26
xian,routing_metrics,"xian-br-2|ipv6_route_change_total|prefix=""fd00:1:40::/64",45,3,26
xian,routing_metrics,"xian-br-2|ipv6_route_change_total|prefix=""fd00:2:40::/64",45,3,26
xian,routing_metrics,"xian-br-2|ipv6_route_change_total|prefix=""fd00:3:40::/64",45,3,26
xian,routing_metrics,"xian-br-2|ipv6_route_change_total|prefix=""fd00:4:40::/64",45,3,26
xian,routing_metrics,"xian-br-2|ipv6_route_change_total|prefix=""fd00:5:40::/64",45,3,26
xian,routing_metrics,"xian-br-2|ipv6_route_change_total|prefix=""fd00:6:40::/64",45,3,26
xian,routing_metrics,"xian-br-2|ipv6_route_change_total|prefix=""fd00:7:40::/64",45,3,26
xian,routing_metrics,"xian-br-2|ipv6_route_change_total|prefix=""fd00:8:40::/64",45,3,26
xian,routing_metrics,"xian-br-2|ipv6_route_count|protocol=""all",45,3,26
xian,routing_metrics,"xian-br-2|ipv6_route_count|protocol=""bgp",45,3,26
xian,routing_metrics,"xian-br-2|ipv6_route_count|protocol=""kernel",45,3,26
xian,routing_metrics,"xian-br-2|ipv6_route_count|protocol=""ospf",45,3,26
xian,routing_metrics,"xian-br-2|ipv6_route_count|protocol=""unknown",45,3,26
xian,routing_metrics,"xian-br-2|ipv6_route_exists|prefix=""::/0",45,3,26
xian,routing_metrics,"xian-br-2|ipv6_route_exists|prefix=""fd00:1:40::/64",45,3,26
xian,routing_metrics,"xian-br-2|ipv6_route_exists|prefix=""fd00:2:40::/64",45,3,26
xian,routing_metrics,"xian-br-2|ipv6_route_exists|prefix=""fd00:3:40::/64",45,3,26
xian,routing_metrics,"xian-br-2|ipv6_route_exists|prefix=""fd00:4:40::/64",45,3,26
xian,routing_metrics,"xian-br-2|ipv6_route_exists|prefix=""fd00:5:40::/64",45,3,26
xian,routing_metrics,"xian-br-2|ipv6_route_exists|prefix=""fd00:6:40::/64",45,3,26
xian,routing_metrics,"xian-br-2|ipv6_route_exists|prefix=""fd00:7:40::/64",45,3,26
xian,routing_metrics,"xian-br-2|ipv6_route_exists|prefix=""fd00:8:40::/64",45,3,26
xian,routing_metrics,"xian-br-2|ipv6_route_nexthop_info|prefix=""::/0"",next_hop=""240a:a023::1"",dev=""ens4"",protocol=""unknown"",metric=""1024"",route_index=""0"",nh_index=""0",45,3,26
xian,routing_metrics,"xian-br-2|ipv6_route_nexthop_info|prefix=""fd00:3:40::/64"",next_hop=""fe80::3:20:11"",dev=""ens5"",protocol=""ospf"",metric=""20"",route_index=""0"",nh_index=""0",45,3,26
xian,routing_metrics,"xian-br-2|ipv6_route_nexthop_info|prefix=""fd00:3:40::/64"",next_hop=""fe80::3:20:12"",dev=""ens5"",protocol=""ospf"",metric=""20"",route_index=""0"",nh_index=""1",45,3,26
xian,routing_metrics,"xian-br-2|ipv6_route_nexthop_info|prefix=""fd00:5:40::/64"",next_hop=""fe80::100:10:42"",dev=""ens4"",protocol=""bgp"",metric=""20"",route_index=""0"",nh_index=""0",45,3,26
xian,routing_metrics,"xian-br-2|ipv6_route_nexthop_info|prefix=""fd00:6:40::/64"",next_hop=""fe80::100:10:42"",dev=""ens4"",protocol=""bgp"",metric=""20"",route_index=""0"",nh_index=""0",45,3,26
xian,routing_metrics,"xian-br-2|ipv6_route_nexthop_info|prefix=""fd00:7:40::/64"",next_hop=""fe80::100:10:42"",dev=""ens4"",protocol=""bgp"",metric=""20"",route_index=""0"",nh_index=""0",45,3,26
xian,routing_metrics,"xian-br-2|ipv6_route_nexthop_info|prefix=""fd00:8:40::/64"",next_hop=""fe80::100:10:42"",dev=""ens4"",protocol=""bgp"",metric=""20"",route_index=""0"",nh_index=""0",45,3,26
xian,routing_metrics,"xian-br-2|ospf6_interface_cost|interface=""ens5",45,3,26
xian,routing_metrics,"xian-br-2|ospf6_interface_enabled|interface=""ens10",45,3,26
xian,routing_metrics,"xian-br-2|ospf6_interface_enabled|interface=""ens11",45,3,26
xian,routing_metrics,"xian-br-2|ospf6_interface_enabled|interface=""ens12",45,3,26
xian,routing_metrics,"xian-br-2|ospf6_interface_enabled|interface=""ens3",45,3,26
xian,routing_metrics,"xian-br-2|ospf6_interface_enabled|interface=""ens4",45,3,26
xian,routing_metrics,"xian-br-2|ospf6_interface_enabled|interface=""ens5",45,3,26
xian,routing_metrics,"xian-br-2|ospf6_interface_enabled|interface=""ens6",45,3,26
xian,routing_metrics,"xian-br-2|ospf6_interface_enabled|interface=""ens7",45,3,26
xian,routing_metrics,"xian-br-2|ospf6_interface_enabled|interface=""ens8",45,3,26
xian,routing_metrics,"xian-br-2|ospf6_interface_enabled|interface=""ens9",45,3,26
xian,routing_metrics,"xian-br-2|ospf6_interface_enabled|interface=""lo",45,3,26
xian,routing_metrics,"xian-br-2|ospf6_interface_enabled|interface=""virbr0",45,3,26
xian,routing_metrics,"xian-br-2|ospf6_neighbor_state_code|state=""Full"",interface=""ens5"",neighbor_id=""3.3.3.1",45,3,26
xian,routing_metrics,"xian-br-2|ospf6_neighbor_state_code|state=""Full"",interface=""ens5"",neighbor_id=""3.3.3.12",45,3,26
xian,traffic_flow_metrics,cc98f9d9b35dd141a056a4446c1702830de1157af66baf36d451651a6a7d3a53,19903,24,2810
xian,traffic_flow_metrics,6c3e3267da727b5c9e165848c846380a775b6b2325854aa15b5495b7d2323095,19762,19,3717
xian,traffic_flow_metrics,8c75d006d496f06c14bbf34d222e5499194e9b22f7667afc407663f17a0465f2,19415,15,4070
xian,traffic_flow_metrics,0335fdf54e8278b00e44c49819ef9007dabbe90c0cb8c998f4d72b3096d94bcb,19158,19,2596
xian,traffic_flow_metrics,1dbee0d45667dbfcffe95ba8d5d3a6696f8b5d00f8e911d177216f3b17219fa3,18857,23,2490
xian,traffic_flow_metrics,e9884e48aff5f7f3fc28832434de8ad5b15ed9efc21efad7117f24d694bc311c,18833,20,2448
xian,traffic_flow_metrics,d1a637639ddf0c713cd74c7c22bbcfe0ca7706d3a2f90043ea556902d716fc5e,18796,22,2930
xian,traffic_flow_metrics,bbd35d81a2555e6b43f8d2ab7e0cb20ea6cf99712f7c5f991d49cc7d157cd3f7,18482,18,4237
xian,traffic_flow_metrics,9bd2f566a7fcdfa3cc97762addfc825a53c0b4b71846610d238005da96dc7a8d,18481,14,3224
xian,traffic_flow_metrics,37af66d93b7f493f5a64662b34f4fd6b709acdd4bb2698f00e459e82146e8430,18380,11,3689
xian,traffic_flow_metrics,9800add0599ab5f0247690f4232753c632110bb09ca20696434fe935bc52dd35,18270,15,4573
xian,traffic_flow_metrics,27dad4a452311ee69deca08d55ff1fdb6f47ee4c5953a1f76cea179e1403a923,18113,16,4595
xian,traffic_flow_metrics,5e4c185045620b2173fbe11c569913782a438bdd606b93ef57afccfe2fa13925,18035,15,3085
xian,traffic_flow_metrics,8d90cf6b2eb0d1b0a7ababd572a6e4a756c576f8bf5d575340a1a8d4a031201c,17645,18,3680
xian,traffic_flow_metrics,b40dc2b257e311883e2be7a64813ac9ff6e4ecf4e87d3c81a6a7c90c1645903b,17491,14,3614
xian,traffic_flow_metrics,0d6f978a5a1623f83047753ee91888d2d17dc70b8ad0d5aa64f771dfefd4246e,17421,20,5419
xian,traffic_flow_metrics,6d1be201a58788b14b1201f4c09901784ad436b45ea36ecd6f0951c53297f446,17392,12,4124
xian,traffic_flow_metrics,bbf54ad251f50a670656a21ddf3e9f01ed3884990515c920b81bd52f78550383,17379,16,4791
xian,traffic_flow_metrics,2e0f1ec4b443bfaafedbbd8c1023cf7964dabe097942664aca1763238177c534,15902,14,3500
xian,traffic_flow_metrics,67408c235cd8e13551cf46f1d436221240dbafb3021b65f1bf484df8f2efd40a,14430,12,3201
xian,traffic_flow_metrics,0401594b5b5ec8d097dda9d915a6c699640b6ab2f85478fd3827850f06eebf3f,7838,8,2599
xian,traffic_flow_metrics,013d963713e8b7df5f2039eb9a367da8ad151fa2b42c4278cc543aa1c37f0dcb,6893,4033,9
xian,traffic_flow_metrics,1d4d84935def3c96b5787efe5fa835477b463eb6c24aaf1c2539132d82f45482,1454,1351,4
xian,traffic_flow_metrics,62bd43a4f9b977d605ef263c405a584a22e9339d9cdf485b8e45a2231171034c,199,196,2
beida,netflow_5tuple,beida-br-1|ens4,877,877,1
beida,netflow_5tuple,beida-br-1|ens5,303,303,1
beida,netflow_5tuple,beida-br-2|ens4,939,939,1
beida,netflow_5tuple,beida-br-2|ens5,225,225,1
beida,netflow_5tuple,beida-cr-1|ens4,242,242,1
beida,netflow_5tuple,beida-cr-1|ens5,253,253,1
beida,netflow_5tuple,beida-cr-2|ens4,261,261,1
beida,netflow_5tuple,beida-cr-2|ens5,223,223,1
chengdu,netflow_5tuple,chengdu-br-1|ens4,1123,1123,1
chengdu,netflow_5tuple,chengdu-br-1|ens5,605,605,1
chengdu,netflow_5tuple,chengdu-br-2|ens4,1451,1451,1
chengdu,netflow_5tuple,chengdu-br-2|ens5,565,565,1
chengdu,netflow_5tuple,chengdu-cr-1|ens4,679,679,1
chengdu,netflow_5tuple,chengdu-cr-1|ens5,468,468,1
chengdu,netflow_5tuple,chengdu-cr-2|ens4,542,542,1
chengdu,netflow_5tuple,chengdu-cr-2|ens5,530,530,1
guangzhou,netflow_5tuple,guangzhou-br-1|ens4,1370,1370,1
guangzhou,netflow_5tuple,guangzhou-br-1|ens5,417,417,1
guangzhou,netflow_5tuple,guangzhou-br-2|ens4,1200,1200,1
guangzhou,netflow_5tuple,guangzhou-br-2|ens5,248,248,1
guangzhou,netflow_5tuple,guangzhou-cr-1|ens4,192,192,1
guangzhou,netflow_5tuple,guangzhou-cr-1|ens5,215,215,1
guangzhou,netflow_5tuple,guangzhou-cr-2|ens4,300,300,1
guangzhou,netflow_5tuple,guangzhou-cr-2|ens5,1016,1016,1
nanjing,netflow_5tuple,nanjing-br-1|ens4,1188,1188,1
nanjing,netflow_5tuple,nanjing-br-1|ens5,357,357,1
nanjing,netflow_5tuple,nanjing-br-2|ens4,1495,1495,1
nanjing,netflow_5tuple,nanjing-br-2|ens5,533,533,1
nanjing,netflow_5tuple,nanjing-cr-1|ens4,435,435,1
nanjing,netflow_5tuple,nanjing-cr-1|ens5,559,559,1
nanjing,netflow_5tuple,nanjing-cr-2|ens4,360,360,1
nanjing,netflow_5tuple,nanjing-cr-2|ens5,418,418,1
shanghai,netflow_5tuple,shanghai-br-1|ens4,388,388,1
shanghai,netflow_5tuple,shanghai-br-1|ens5,136,136,1
shanghai,netflow_5tuple,shanghai-br-2|ens4,243,243,1
shanghai,netflow_5tuple,shanghai-br-2|ens5,131,131,1
shanghai,netflow_5tuple,shanghai-cr-1|ens4,159,159,1
shanghai,netflow_5tuple,shanghai-cr-1|ens5,127,127,1
shanghai,netflow_5tuple,shanghai-cr-2|ens4,170,170,1
shanghai,netflow_5tuple,shanghai-cr-2|ens5,153,153,1
shenyang,netflow_5tuple,shenyang-br-1|ens4,1208,1208,1
shenyang,netflow_5tuple,shenyang-br-1|ens5,390,390,1
shenyang,netflow_5tuple,shenyang-br-2|ens4,1649,1649,1
shenyang,netflow_5tuple,shenyang-br-2|ens5,546,546,1
shenyang,netflow_5tuple,shenyang-cr-1|ens4,456,456,1
shenyang,netflow_5tuple,shenyang-cr-1|ens5,419,419,1
shenyang,netflow_5tuple,shenyang-cr-2|ens4,510,510,1
shenyang,netflow_5tuple,shenyang-cr-2|ens5,421,421,1
wuhan,netflow_5tuple,wuhan-br-1|ens4,387,387,1
wuhan,netflow_5tuple,wuhan-br-1|ens5,347,347,1
wuhan,netflow_5tuple,wuhan-br-2|ens4,747,747,1
wuhan,netflow_5tuple,wuhan-br-2|ens5,418,418,1
wuhan,netflow_5tuple,wuhan-cr-1|ens4,336,336,1
wuhan,netflow_5tuple,wuhan-cr-1|ens5,331,331,1
wuhan,netflow_5tuple,wuhan-cr-2|ens4,397,397,1
wuhan,netflow_5tuple,wuhan-cr-2|ens5,372,372,1
xian,netflow_5tuple,xian-br-1|ens4,1125,1125,1
xian,netflow_5tuple,xian-br-1|ens5,590,590,1
xian,netflow_5tuple,xian-br-2|ens4,1120,1120,1
xian,netflow_5tuple,xian-br-2|ens5,526,526,1
xian,netflow_5tuple,xian-cr-1|ens4,686,686,1
xian,netflow_5tuple,xian-cr-1|ens5,537,537,1
xian,netflow_5tuple,xian-cr-2|ens4,419,419,1
xian,netflow_5tuple,xian-cr-2|ens5,442,442,1
