relation_type,subject_id,object_id,observation_source,provenance,evidence_fields,supporting_metrics,interpretation
observes_netflow_interface,beida-br-1,interface:beida-br-1:ens4,netflow,edge_registry,node|interface_id,netflow.bytes.protocol_0|netflow.bytes.protocol_17|netflow.bytes.protocol_255|netflow.bytes.protocol_58|netflow.bytes.protocol_6|netflow.flow_records.protocol_0|netflow.flow_records.protocol_17|netflow.flow_records.protocol_255|netflow.flow_records.protocol_58|netflow.flow_records.protocol_6|netflow.packets.protocol_0|netflow.packets.protocol_17|netflow.packets.protocol_255|netflow.packets.protocol_58|netflow.packets.protocol_6|netflow.protocol_byte_share.protocol_0|netflow.protocol_byte_share.protocol_17|netflow.protocol_byte_share.protocol_255|netflow.protocol_byte_share.protocol_58|netflow.protocol_byte_share.protocol_6|netflow.unique_destination_ports.protocol_0|netflow.unique_destination_ports.protocol_17|netflow.unique_destination_ports.protocol_255|netflow.unique_destination_ports.protocol_58|netflow.unique_destination_ports.protocol_6|netflow.unique_destinations.protocol_0|netflow.unique_destinations.protocol_17|netflow.unique_destinations.protocol_255|netflow.unique_destinations.protocol_58|netflow.unique_destinations.protocol_6|netflow.unique_source_ports.protocol_0|netflow.unique_source_ports.protocol_17|netflow.unique_source_ports.protocol_255|netflow.unique_source_ports.protocol_58|netflow.unique_source_ports.protocol_6|netflow.unique_sources.protocol_0|netflow.unique_sources.protocol_17|netflow.unique_sources.protocol_255|netflow.unique_sources.protocol_58|netflow.unique_sources.protocol_6,flow observer interface; physical peer is unverified
observes_netflow_interface,beida-br-1,interface:beida-br-1:ens5,netflow,edge_registry,node|interface_id,netflow.bytes.protocol_17|netflow.bytes.protocol_58|netflow.bytes.protocol_6|netflow.bytes.protocol_89|netflow.flow_records.protocol_17|netflow.flow_records.protocol_58|netflow.flow_records.protocol_6|netflow.flow_records.protocol_89|netflow.packets.protocol_17|netflow.packets.protocol_58|netflow.packets.protocol_6|netflow.packets.protocol_89|netflow.protocol_byte_share.protocol_17|netflow.protocol_byte_share.protocol_58|netflow.protocol_byte_share.protocol_6|netflow.protocol_byte_share.protocol_89|netflow.unique_destination_ports.protocol_17|netflow.unique_destination_ports.protocol_58|netflow.unique_destination_ports.protocol_6|netflow.unique_destination_ports.protocol_89|netflow.unique_destinations.protocol_17|netflow.unique_destinations.protocol_58|netflow.unique_destinations.protocol_6|netflow.unique_destinations.protocol_89|netflow.unique_source_ports.protocol_17|netflow.unique_source_ports.protocol_58|netflow.unique_source_ports.protocol_6|netflow.unique_source_ports.protocol_89|netflow.unique_sources.protocol_17|netflow.unique_sources.protocol_58|netflow.unique_sources.protocol_6|netflow.unique_sources.protocol_89,flow observer interface; physical peer is unverified
observes_netflow_interface,beida-br-2,interface:beida-br-2:ens4,netflow,edge_registry,node|interface_id,netflow.bytes.protocol_17|netflow.bytes.protocol_255|netflow.bytes.protocol_58|netflow.bytes.protocol_6|netflow.flow_records.protocol_17|netflow.flow_records.protocol_255|netflow.flow_records.protocol_58|netflow.flow_records.protocol_6|netflow.packets.protocol_17|netflow.packets.protocol_255|netflow.packets.protocol_58|netflow.packets.protocol_6|netflow.protocol_byte_share.protocol_17|netflow.protocol_byte_share.protocol_255|netflow.protocol_byte_share.protocol_58|netflow.protocol_byte_share.protocol_6|netflow.unique_destination_ports.protocol_17|netflow.unique_destination_ports.protocol_255|netflow.unique_destination_ports.protocol_58|netflow.unique_destination_ports.protocol_6|netflow.unique_destinations.protocol_17|netflow.unique_destinations.protocol_255|netflow.unique_destinations.protocol_58|netflow.unique_destinations.protocol_6|netflow.unique_source_ports.protocol_17|netflow.unique_source_ports.protocol_255|netflow.unique_source_ports.protocol_58|netflow.unique_source_ports.protocol_6|netflow.unique_sources.protocol_17|netflow.unique_sources.protocol_255|netflow.unique_sources.protocol_58|netflow.unique_sources.protocol_6,flow observer interface; physical peer is unverified
observes_netflow_interface,beida-br-2,interface:beida-br-2:ens5,netflow,edge_registry,node|interface_id,netflow.bytes.protocol_17|netflow.bytes.protocol_58|netflow.bytes.protocol_6|netflow.bytes.protocol_89|netflow.flow_records.protocol_17|netflow.flow_records.protocol_58|netflow.flow_records.protocol_6|netflow.flow_records.protocol_89|netflow.packets.protocol_17|netflow.packets.protocol_58|netflow.packets.protocol_6|netflow.packets.protocol_89|netflow.protocol_byte_share.protocol_17|netflow.protocol_byte_share.protocol_58|netflow.protocol_byte_share.protocol_6|netflow.protocol_byte_share.protocol_89|netflow.unique_destination_ports.protocol_17|netflow.unique_destination_ports.protocol_58|netflow.unique_destination_ports.protocol_6|netflow.unique_destination_ports.protocol_89|netflow.unique_destinations.protocol_17|netflow.unique_destinations.protocol_58|netflow.unique_destinations.protocol_6|netflow.unique_destinations.protocol_89|netflow.unique_source_ports.protocol_17|netflow.unique_source_ports.protocol_58|netflow.unique_source_ports.protocol_6|netflow.unique_source_ports.protocol_89|netflow.unique_sources.protocol_17|netflow.unique_sources.protocol_58|netflow.unique_sources.protocol_6|netflow.unique_sources.protocol_89,flow observer interface; physical peer is unverified
observes_netflow_interface,beida-cr-1,interface:beida-cr-1:ens4,netflow,edge_registry,node|interface_id,netflow.bytes.protocol_17|netflow.bytes.protocol_58|netflow.bytes.protocol_6|netflow.bytes.protocol_89|netflow.flow_records.protocol_17|netflow.flow_records.protocol_58|netflow.flow_records.protocol_6|netflow.flow_records.protocol_89|netflow.packets.protocol_17|netflow.packets.protocol_58|netflow.packets.protocol_6|netflow.packets.protocol_89|netflow.protocol_byte_share.protocol_17|netflow.protocol_byte_share.protocol_58|netflow.protocol_byte_share.protocol_6|netflow.protocol_byte_share.protocol_89|netflow.unique_destination_ports.protocol_17|netflow.unique_destination_ports.protocol_58|netflow.unique_destination_ports.protocol_6|netflow.unique_destination_ports.protocol_89|netflow.unique_destinations.protocol_17|netflow.unique_destinations.protocol_58|netflow.unique_destinations.protocol_6|netflow.unique_destinations.protocol_89|netflow.unique_source_ports.protocol_17|netflow.unique_source_ports.protocol_58|netflow.unique_source_ports.protocol_6|netflow.unique_source_ports.protocol_89|netflow.unique_sources.protocol_17|netflow.unique_sources.protocol_58|netflow.unique_sources.protocol_6|netflow.unique_sources.protocol_89,flow observer interface; physical peer is unverified
observes_netflow_interface,beida-cr-1,interface:beida-cr-1:ens5,netflow,edge_registry,node|interface_id,netflow.bytes.protocol_17|netflow.bytes.protocol_58|netflow.bytes.protocol_6|netflow.bytes.protocol_89|netflow.flow_records.protocol_17|netflow.flow_records.protocol_58|netflow.flow_records.protocol_6|netflow.flow_records.protocol_89|netflow.packets.protocol_17|netflow.packets.protocol_58|netflow.packets.protocol_6|netflow.packets.protocol_89|netflow.protocol_byte_share.protocol_17|netflow.protocol_byte_share.protocol_58|netflow.protocol_byte_share.protocol_6|netflow.protocol_byte_share.protocol_89|netflow.unique_destination_ports.protocol_17|netflow.unique_destination_ports.protocol_58|netflow.unique_destination_ports.protocol_6|netflow.unique_destination_ports.protocol_89|netflow.unique_destinations.protocol_17|netflow.unique_destinations.protocol_58|netflow.unique_destinations.protocol_6|netflow.unique_destinations.protocol_89|netflow.unique_source_ports.protocol_17|netflow.unique_source_ports.protocol_58|netflow.unique_source_ports.protocol_6|netflow.unique_source_ports.protocol_89|netflow.unique_sources.protocol_17|netflow.unique_sources.protocol_58|netflow.unique_sources.protocol_6|netflow.unique_sources.protocol_89,flow observer interface; physical peer is unverified
observes_netflow_interface,beida-cr-2,interface:beida-cr-2:ens4,netflow,edge_registry,node|interface_id,netflow.bytes.protocol_17|netflow.bytes.protocol_58|netflow.bytes.protocol_6|netflow.bytes.protocol_89|netflow.flow_records.protocol_17|netflow.flow_records.protocol_58|netflow.flow_records.protocol_6|netflow.flow_records.protocol_89|netflow.packets.protocol_17|netflow.packets.protocol_58|netflow.packets.protocol_6|netflow.packets.protocol_89|netflow.protocol_byte_share.protocol_17|netflow.protocol_byte_share.protocol_58|netflow.protocol_byte_share.protocol_6|netflow.protocol_byte_share.protocol_89|netflow.unique_destination_ports.protocol_17|netflow.unique_destination_ports.protocol_58|netflow.unique_destination_ports.protocol_6|netflow.unique_destination_ports.protocol_89|netflow.unique_destinations.protocol_17|netflow.unique_destinations.protocol_58|netflow.unique_destinations.protocol_6|netflow.unique_destinations.protocol_89|netflow.unique_source_ports.protocol_17|netflow.unique_source_ports.protocol_58|netflow.unique_source_ports.protocol_6|netflow.unique_source_ports.protocol_89|netflow.unique_sources.protocol_17|netflow.unique_sources.protocol_58|netflow.unique_sources.protocol_6|netflow.unique_sources.protocol_89,flow observer interface; physical peer is unverified
observes_netflow_interface,beida-cr-2,interface:beida-cr-2:ens5,netflow,edge_registry,node|interface_id,netflow.bytes.protocol_17|netflow.bytes.protocol_58|netflow.bytes.protocol_6|netflow.bytes.protocol_89|netflow.flow_records.protocol_17|netflow.flow_records.protocol_58|netflow.flow_records.protocol_6|netflow.flow_records.protocol_89|netflow.packets.protocol_17|netflow.packets.protocol_58|netflow.packets.protocol_6|netflow.packets.protocol_89|netflow.protocol_byte_share.protocol_17|netflow.protocol_byte_share.protocol_58|netflow.protocol_byte_share.protocol_6|netflow.protocol_byte_share.protocol_89|netflow.unique_destination_ports.protocol_17|netflow.unique_destination_ports.protocol_58|netflow.unique_destination_ports.protocol_6|netflow.unique_destination_ports.protocol_89|netflow.unique_destinations.protocol_17|netflow.unique_destinations.protocol_58|netflow.unique_destinations.protocol_6|netflow.unique_destinations.protocol_89|netflow.unique_source_ports.protocol_17|netflow.unique_source_ports.protocol_58|netflow.unique_source_ports.protocol_6|netflow.unique_source_ports.protocol_89|netflow.unique_sources.protocol_17|netflow.unique_sources.protocol_58|netflow.unique_sources.protocol_6|netflow.unique_sources.protocol_89,flow observer interface; physical peer is unverified
observes_netflow_interface,chengdu-br-1,interface:chengdu-br-1:ens4,netflow,edge_registry,node|interface_id,netflow.bytes.protocol_17|netflow.bytes.protocol_255|netflow.bytes.protocol_58|netflow.bytes.protocol_6|netflow.flow_records.protocol_17|netflow.flow_records.protocol_255|netflow.flow_records.protocol_58|netflow.flow_records.protocol_6|netflow.packets.protocol_17|netflow.packets.protocol_255|netflow.packets.protocol_58|netflow.packets.protocol_6|netflow.protocol_byte_share.protocol_17|netflow.protocol_byte_share.protocol_255|netflow.protocol_byte_share.protocol_58|netflow.protocol_byte_share.protocol_6|netflow.unique_destination_ports.protocol_17|netflow.unique_destination_ports.protocol_255|netflow.unique_destination_ports.protocol_58|netflow.unique_destination_ports.protocol_6|netflow.unique_destinations.protocol_17|netflow.unique_destinations.protocol_255|netflow.unique_destinations.protocol_58|netflow.unique_destinations.protocol_6|netflow.unique_source_ports.protocol_17|netflow.unique_source_ports.protocol_255|netflow.unique_source_ports.protocol_58|netflow.unique_source_ports.protocol_6|netflow.unique_sources.protocol_17|netflow.unique_sources.protocol_255|netflow.unique_sources.protocol_58|netflow.unique_sources.protocol_6,flow observer interface; physical peer is unverified
observes_netflow_interface,chengdu-br-1,interface:chengdu-br-1:ens5,netflow,edge_registry,node|interface_id,netflow.bytes.protocol_17|netflow.bytes.protocol_58|netflow.bytes.protocol_6|netflow.bytes.protocol_89|netflow.flow_records.protocol_17|netflow.flow_records.protocol_58|netflow.flow_records.protocol_6|netflow.flow_records.protocol_89|netflow.packets.protocol_17|netflow.packets.protocol_58|netflow.packets.protocol_6|netflow.packets.protocol_89|netflow.protocol_byte_share.protocol_17|netflow.protocol_byte_share.protocol_58|netflow.protocol_byte_share.protocol_6|netflow.protocol_byte_share.protocol_89|netflow.unique_destination_ports.protocol_17|netflow.unique_destination_ports.protocol_58|netflow.unique_destination_ports.protocol_6|netflow.unique_destination_ports.protocol_89|netflow.unique_destinations.protocol_17|netflow.unique_destinations.protocol_58|netflow.unique_destinations.protocol_6|netflow.unique_destinations.protocol_89|netflow.unique_source_ports.protocol_17|netflow.unique_source_ports.protocol_58|netflow.unique_source_ports.protocol_6|netflow.unique_source_ports.protocol_89|netflow.unique_sources.protocol_17|netflow.unique_sources.protocol_58|netflow.unique_sources.protocol_6|netflow.unique_sources.protocol_89,flow observer interface; physical peer is unverified
observes_netflow_interface,chengdu-br-2,interface:chengdu-br-2:ens4,netflow,edge_registry,node|interface_id,netflow.bytes.protocol_17|netflow.bytes.protocol_255|netflow.bytes.protocol_58|netflow.bytes.protocol_6|netflow.flow_records.protocol_17|netflow.flow_records.protocol_255|netflow.flow_records.protocol_58|netflow.flow_records.protocol_6|netflow.packets.protocol_17|netflow.packets.protocol_255|netflow.packets.protocol_58|netflow.packets.protocol_6|netflow.protocol_byte_share.protocol_17|netflow.protocol_byte_share.protocol_255|netflow.protocol_byte_share.protocol_58|netflow.protocol_byte_share.protocol_6|netflow.unique_destination_ports.protocol_17|netflow.unique_destination_ports.protocol_255|netflow.unique_destination_ports.protocol_58|netflow.unique_destination_ports.protocol_6|netflow.unique_destinations.protocol_17|netflow.unique_destinations.protocol_255|netflow.unique_destinations.protocol_58|netflow.unique_destinations.protocol_6|netflow.unique_source_ports.protocol_17|netflow.unique_source_ports.protocol_255|netflow.unique_source_ports.protocol_58|netflow.unique_source_ports.protocol_6|netflow.unique_sources.protocol_17|netflow.unique_sources.protocol_255|netflow.unique_sources.protocol_58|netflow.unique_sources.protocol_6,flow observer interface; physical peer is unverified
observes_netflow_interface,chengdu-br-2,interface:chengdu-br-2:ens5,netflow,edge_registry,node|interface_id,netflow.bytes.protocol_17|netflow.bytes.protocol_58|netflow.bytes.protocol_6|netflow.bytes.protocol_89|netflow.flow_records.protocol_17|netflow.flow_records.protocol_58|netflow.flow_records.protocol_6|netflow.flow_records.protocol_89|netflow.packets.protocol_17|netflow.packets.protocol_58|netflow.packets.protocol_6|netflow.packets.protocol_89|netflow.protocol_byte_share.protocol_17|netflow.protocol_byte_share.protocol_58|netflow.protocol_byte_share.protocol_6|netflow.protocol_byte_share.protocol_89|netflow.unique_destination_ports.protocol_17|netflow.unique_destination_ports.protocol_58|netflow.unique_destination_ports.protocol_6|netflow.unique_destination_ports.protocol_89|netflow.unique_destinations.protocol_17|netflow.unique_destinations.protocol_58|netflow.unique_destinations.protocol_6|netflow.unique_destinations.protocol_89|netflow.unique_source_ports.protocol_17|netflow.unique_source_ports.protocol_58|netflow.unique_source_ports.protocol_6|netflow.unique_source_ports.protocol_89|netflow.unique_sources.protocol_17|netflow.unique_sources.protocol_58|netflow.unique_sources.protocol_6|netflow.unique_sources.protocol_89,flow observer interface; physical peer is unverified
observes_netflow_interface,chengdu-cr-1,interface:chengdu-cr-1:ens4,netflow,edge_registry,node|interface_id,netflow.bytes.protocol_17|netflow.bytes.protocol_58|netflow.bytes.protocol_6|netflow.bytes.protocol_89|netflow.flow_records.protocol_17|netflow.flow_records.protocol_58|netflow.flow_records.protocol_6|netflow.flow_records.protocol_89|netflow.packets.protocol_17|netflow.packets.protocol_58|netflow.packets.protocol_6|netflow.packets.protocol_89|netflow.protocol_byte_share.protocol_17|netflow.protocol_byte_share.protocol_58|netflow.protocol_byte_share.protocol_6|netflow.protocol_byte_share.protocol_89|netflow.unique_destination_ports.protocol_17|netflow.unique_destination_ports.protocol_58|netflow.unique_destination_ports.protocol_6|netflow.unique_destination_ports.protocol_89|netflow.unique_destinations.protocol_17|netflow.unique_destinations.protocol_58|netflow.unique_destinations.protocol_6|netflow.unique_destinations.protocol_89|netflow.unique_source_ports.protocol_17|netflow.unique_source_ports.protocol_58|netflow.unique_source_ports.protocol_6|netflow.unique_source_ports.protocol_89|netflow.unique_sources.protocol_17|netflow.unique_sources.protocol_58|netflow.unique_sources.protocol_6|netflow.unique_sources.protocol_89,flow observer interface; physical peer is unverified
observes_netflow_interface,chengdu-cr-1,interface:chengdu-cr-1:ens5,netflow,edge_registry,node|interface_id,netflow.bytes.protocol_17|netflow.bytes.protocol_58|netflow.bytes.protocol_6|netflow.bytes.protocol_89|netflow.flow_records.protocol_17|netflow.flow_records.protocol_58|netflow.flow_records.protocol_6|netflow.flow_records.protocol_89|netflow.packets.protocol_17|netflow.packets.protocol_58|netflow.packets.protocol_6|netflow.packets.protocol_89|netflow.protocol_byte_share.protocol_17|netflow.protocol_byte_share.protocol_58|netflow.protocol_byte_share.protocol_6|netflow.protocol_byte_share.protocol_89|netflow.unique_destination_ports.protocol_17|netflow.unique_destination_ports.protocol_58|netflow.unique_destination_ports.protocol_6|netflow.unique_destination_ports.protocol_89|netflow.unique_destinations.protocol_17|netflow.unique_destinations.protocol_58|netflow.unique_destinations.protocol_6|netflow.unique_destinations.protocol_89|netflow.unique_source_ports.protocol_17|netflow.unique_source_ports.protocol_58|netflow.unique_source_ports.protocol_6|netflow.unique_source_ports.protocol_89|netflow.unique_sources.protocol_17|netflow.unique_sources.protocol_58|netflow.unique_sources.protocol_6|netflow.unique_sources.protocol_89,flow observer interface; physical peer is unverified
observes_netflow_interface,chengdu-cr-2,interface:chengdu-cr-2:ens4,netflow,edge_registry,node|interface_id,netflow.bytes.protocol_17|netflow.bytes.protocol_58|netflow.bytes.protocol_6|netflow.bytes.protocol_89|netflow.flow_records.protocol_17|netflow.flow_records.protocol_58|netflow.flow_records.protocol_6|netflow.flow_records.protocol_89|netflow.packets.protocol_17|netflow.packets.protocol_58|netflow.packets.protocol_6|netflow.packets.protocol_89|netflow.protocol_byte_share.protocol_17|netflow.protocol_byte_share.protocol_58|netflow.protocol_byte_share.protocol_6|netflow.protocol_byte_share.protocol_89|netflow.unique_destination_ports.protocol_17|netflow.unique_destination_ports.protocol_58|netflow.unique_destination_ports.protocol_6|netflow.unique_destination_ports.protocol_89|netflow.unique_destinations.protocol_17|netflow.unique_destinations.protocol_58|netflow.unique_destinations.protocol_6|netflow.unique_destinations.protocol_89|netflow.unique_source_ports.protocol_17|netflow.unique_source_ports.protocol_58|netflow.unique_source_ports.protocol_6|netflow.unique_source_ports.protocol_89|netflow.unique_sources.protocol_17|netflow.unique_sources.protocol_58|netflow.unique_sources.protocol_6|netflow.unique_sources.protocol_89,flow observer interface; physical peer is unverified
observes_netflow_interface,chengdu-cr-2,interface:chengdu-cr-2:ens5,netflow,edge_registry,node|interface_id,netflow.bytes.protocol_17|netflow.bytes.protocol_58|netflow.bytes.protocol_6|netflow.bytes.protocol_89|netflow.flow_records.protocol_17|netflow.flow_records.protocol_58|netflow.flow_records.protocol_6|netflow.flow_records.protocol_89|netflow.packets.protocol_17|netflow.packets.protocol_58|netflow.packets.protocol_6|netflow.packets.protocol_89|netflow.protocol_byte_share.protocol_17|netflow.protocol_byte_share.protocol_58|netflow.protocol_byte_share.protocol_6|netflow.protocol_byte_share.protocol_89|netflow.unique_destination_ports.protocol_17|netflow.unique_destination_ports.protocol_58|netflow.unique_destination_ports.protocol_6|netflow.unique_destination_ports.protocol_89|netflow.unique_destinations.protocol_17|netflow.unique_destinations.protocol_58|netflow.unique_destinations.protocol_6|netflow.unique_destinations.protocol_89|netflow.unique_source_ports.protocol_17|netflow.unique_source_ports.protocol_58|netflow.unique_source_ports.protocol_6|netflow.unique_source_ports.protocol_89|netflow.unique_sources.protocol_17|netflow.unique_sources.protocol_58|netflow.unique_sources.protocol_6|netflow.unique_sources.protocol_89,flow observer interface; physical peer is unverified
observes_netflow_interface,guangzhou-br-1,interface:guangzhou-br-1:ens4,netflow,edge_registry,node|interface_id,netflow.bytes.protocol_17|netflow.bytes.protocol_255|netflow.bytes.protocol_58|netflow.bytes.protocol_6|netflow.flow_records.protocol_17|netflow.flow_records.protocol_255|netflow.flow_records.protocol_58|netflow.flow_records.protocol_6|netflow.packets.protocol_17|netflow.packets.protocol_255|netflow.packets.protocol_58|netflow.packets.protocol_6|netflow.protocol_byte_share.protocol_17|netflow.protocol_byte_share.protocol_255|netflow.protocol_byte_share.protocol_58|netflow.protocol_byte_share.protocol_6|netflow.unique_destination_ports.protocol_17|netflow.unique_destination_ports.protocol_255|netflow.unique_destination_ports.protocol_58|netflow.unique_destination_ports.protocol_6|netflow.unique_destinations.protocol_17|netflow.unique_destinations.protocol_255|netflow.unique_destinations.protocol_58|netflow.unique_destinations.protocol_6|netflow.unique_source_ports.protocol_17|netflow.unique_source_ports.protocol_255|netflow.unique_source_ports.protocol_58|netflow.unique_source_ports.protocol_6|netflow.unique_sources.protocol_17|netflow.unique_sources.protocol_255|netflow.unique_sources.protocol_58|netflow.unique_sources.protocol_6,flow observer interface; physical peer is unverified
observes_netflow_interface,guangzhou-br-1,interface:guangzhou-br-1:ens5,netflow,edge_registry,node|interface_id,netflow.bytes.protocol_17|netflow.bytes.protocol_58|netflow.bytes.protocol_6|netflow.bytes.protocol_89|netflow.flow_records.protocol_17|netflow.flow_records.protocol_58|netflow.flow_records.protocol_6|netflow.flow_records.protocol_89|netflow.packets.protocol_17|netflow.packets.protocol_58|netflow.packets.protocol_6|netflow.packets.protocol_89|netflow.protocol_byte_share.protocol_17|netflow.protocol_byte_share.protocol_58|netflow.protocol_byte_share.protocol_6|netflow.protocol_byte_share.protocol_89|netflow.unique_destination_ports.protocol_17|netflow.unique_destination_ports.protocol_58|netflow.unique_destination_ports.protocol_6|netflow.unique_destination_ports.protocol_89|netflow.unique_destinations.protocol_17|netflow.unique_destinations.protocol_58|netflow.unique_destinations.protocol_6|netflow.unique_destinations.protocol_89|netflow.unique_source_ports.protocol_17|netflow.unique_source_ports.protocol_58|netflow.unique_source_ports.protocol_6|netflow.unique_source_ports.protocol_89|netflow.unique_sources.protocol_17|netflow.unique_sources.protocol_58|netflow.unique_sources.protocol_6|netflow.unique_sources.protocol_89,flow observer interface; physical peer is unverified
observes_netflow_interface,guangzhou-br-2,interface:guangzhou-br-2:ens4,netflow,edge_registry,node|interface_id,netflow.bytes.protocol_17|netflow.bytes.protocol_255|netflow.bytes.protocol_58|netflow.bytes.protocol_6|netflow.flow_records.protocol_17|netflow.flow_records.protocol_255|netflow.flow_records.protocol_58|netflow.flow_records.protocol_6|netflow.packets.protocol_17|netflow.packets.protocol_255|netflow.packets.protocol_58|netflow.packets.protocol_6|netflow.protocol_byte_share.protocol_17|netflow.protocol_byte_share.protocol_255|netflow.protocol_byte_share.protocol_58|netflow.protocol_byte_share.protocol_6|netflow.unique_destination_ports.protocol_17|netflow.unique_destination_ports.protocol_255|netflow.unique_destination_ports.protocol_58|netflow.unique_destination_ports.protocol_6|netflow.unique_destinations.protocol_17|netflow.unique_destinations.protocol_255|netflow.unique_destinations.protocol_58|netflow.unique_destinations.protocol_6|netflow.unique_source_ports.protocol_17|netflow.unique_source_ports.protocol_255|netflow.unique_source_ports.protocol_58|netflow.unique_source_ports.protocol_6|netflow.unique_sources.protocol_17|netflow.unique_sources.protocol_255|netflow.unique_sources.protocol_58|netflow.unique_sources.protocol_6,flow observer interface; physical peer is unverified
observes_netflow_interface,guangzhou-br-2,interface:guangzhou-br-2:ens5,netflow,edge_registry,node|interface_id,netflow.bytes.protocol_17|netflow.bytes.protocol_58|netflow.bytes.protocol_6|netflow.bytes.protocol_89|netflow.flow_records.protocol_17|netflow.flow_records.protocol_58|netflow.flow_records.protocol_6|netflow.flow_records.protocol_89|netflow.packets.protocol_17|netflow.packets.protocol_58|netflow.packets.protocol_6|netflow.packets.protocol_89|netflow.protocol_byte_share.protocol_17|netflow.protocol_byte_share.protocol_58|netflow.protocol_byte_share.protocol_6|netflow.protocol_byte_share.protocol_89|netflow.unique_destination_ports.protocol_17|netflow.unique_destination_ports.protocol_58|netflow.unique_destination_ports.protocol_6|netflow.unique_destination_ports.protocol_89|netflow.unique_destinations.protocol_17|netflow.unique_destinations.protocol_58|netflow.unique_destinations.protocol_6|netflow.unique_destinations.protocol_89|netflow.unique_source_ports.protocol_17|netflow.unique_source_ports.protocol_58|netflow.unique_source_ports.protocol_6|netflow.unique_source_ports.protocol_89|netflow.unique_sources.protocol_17|netflow.unique_sources.protocol_58|netflow.unique_sources.protocol_6|netflow.unique_sources.protocol_89,flow observer interface; physical peer is unverified
observes_netflow_interface,guangzhou-cr-1,interface:guangzhou-cr-1:ens4,netflow,edge_registry,node|interface_id,netflow.bytes.protocol_17|netflow.bytes.protocol_58|netflow.bytes.protocol_6|netflow.bytes.protocol_89|netflow.flow_records.protocol_17|netflow.flow_records.protocol_58|netflow.flow_records.protocol_6|netflow.flow_records.protocol_89|netflow.packets.protocol_17|netflow.packets.protocol_58|netflow.packets.protocol_6|netflow.packets.protocol_89|netflow.protocol_byte_share.protocol_17|netflow.protocol_byte_share.protocol_58|netflow.protocol_byte_share.protocol_6|netflow.protocol_byte_share.protocol_89|netflow.unique_destination_ports.protocol_17|netflow.unique_destination_ports.protocol_58|netflow.unique_destination_ports.protocol_6|netflow.unique_destination_ports.protocol_89|netflow.unique_destinations.protocol_17|netflow.unique_destinations.protocol_58|netflow.unique_destinations.protocol_6|netflow.unique_destinations.protocol_89|netflow.unique_source_ports.protocol_17|netflow.unique_source_ports.protocol_58|netflow.unique_source_ports.protocol_6|netflow.unique_source_ports.protocol_89|netflow.unique_sources.protocol_17|netflow.unique_sources.protocol_58|netflow.unique_sources.protocol_6|netflow.unique_sources.protocol_89,flow observer interface; physical peer is unverified
observes_netflow_interface,guangzhou-cr-1,interface:guangzhou-cr-1:ens5,netflow,edge_registry,node|interface_id,netflow.bytes.protocol_17|netflow.bytes.protocol_58|netflow.bytes.protocol_6|netflow.bytes.protocol_89|netflow.flow_records.protocol_17|netflow.flow_records.protocol_58|netflow.flow_records.protocol_6|netflow.flow_records.protocol_89|netflow.packets.protocol_17|netflow.packets.protocol_58|netflow.packets.protocol_6|netflow.packets.protocol_89|netflow.protocol_byte_share.protocol_17|netflow.protocol_byte_share.protocol_58|netflow.protocol_byte_share.protocol_6|netflow.protocol_byte_share.protocol_89|netflow.unique_destination_ports.protocol_17|netflow.unique_destination_ports.protocol_58|netflow.unique_destination_ports.protocol_6|netflow.unique_destination_ports.protocol_89|netflow.unique_destinations.protocol_17|netflow.unique_destinations.protocol_58|netflow.unique_destinations.protocol_6|netflow.unique_destinations.protocol_89|netflow.unique_source_ports.protocol_17|netflow.unique_source_ports.protocol_58|netflow.unique_source_ports.protocol_6|netflow.unique_source_ports.protocol_89|netflow.unique_sources.protocol_17|netflow.unique_sources.protocol_58|netflow.unique_sources.protocol_6|netflow.unique_sources.protocol_89,flow observer interface; physical peer is unverified
observes_netflow_interface,guangzhou-cr-2,interface:guangzhou-cr-2:ens4,netflow,edge_registry,node|interface_id,netflow.bytes.protocol_17|netflow.bytes.protocol_58|netflow.bytes.protocol_6|netflow.bytes.protocol_89|netflow.flow_records.protocol_17|netflow.flow_records.protocol_58|netflow.flow_records.protocol_6|netflow.flow_records.protocol_89|netflow.packets.protocol_17|netflow.packets.protocol_58|netflow.packets.protocol_6|netflow.packets.protocol_89|netflow.protocol_byte_share.protocol_17|netflow.protocol_byte_share.protocol_58|netflow.protocol_byte_share.protocol_6|netflow.protocol_byte_share.protocol_89|netflow.unique_destination_ports.protocol_17|netflow.unique_destination_ports.protocol_58|netflow.unique_destination_ports.protocol_6|netflow.unique_destination_ports.protocol_89|netflow.unique_destinations.protocol_17|netflow.unique_destinations.protocol_58|netflow.unique_destinations.protocol_6|netflow.unique_destinations.protocol_89|netflow.unique_source_ports.protocol_17|netflow.unique_source_ports.protocol_58|netflow.unique_source_ports.protocol_6|netflow.unique_source_ports.protocol_89|netflow.unique_sources.protocol_17|netflow.unique_sources.protocol_58|netflow.unique_sources.protocol_6|netflow.unique_sources.protocol_89,flow observer interface; physical peer is unverified
observes_netflow_interface,guangzhou-cr-2,interface:guangzhou-cr-2:ens5,netflow,edge_registry,node|interface_id,netflow.bytes.protocol_17|netflow.bytes.protocol_58|netflow.bytes.protocol_6|netflow.bytes.protocol_89|netflow.flow_records.protocol_17|netflow.flow_records.protocol_58|netflow.flow_records.protocol_6|netflow.flow_records.protocol_89|netflow.packets.protocol_17|netflow.packets.protocol_58|netflow.packets.protocol_6|netflow.packets.protocol_89|netflow.protocol_byte_share.protocol_17|netflow.protocol_byte_share.protocol_58|netflow.protocol_byte_share.protocol_6|netflow.protocol_byte_share.protocol_89|netflow.unique_destination_ports.protocol_17|netflow.unique_destination_ports.protocol_58|netflow.unique_destination_ports.protocol_6|netflow.unique_destination_ports.protocol_89|netflow.unique_destinations.protocol_17|netflow.unique_destinations.protocol_58|netflow.unique_destinations.protocol_6|netflow.unique_destinations.protocol_89|netflow.unique_source_ports.protocol_17|netflow.unique_source_ports.protocol_58|netflow.unique_source_ports.protocol_6|netflow.unique_source_ports.protocol_89|netflow.unique_sources.protocol_17|netflow.unique_sources.protocol_58|netflow.unique_sources.protocol_6|netflow.unique_sources.protocol_89,flow observer interface; physical peer is unverified
observes_netflow_interface,nanjing-br-1,interface:nanjing-br-1:ens4,netflow,edge_registry,node|interface_id,netflow.bytes.protocol_17|netflow.bytes.protocol_255|netflow.bytes.protocol_58|netflow.bytes.protocol_6|netflow.flow_records.protocol_17|netflow.flow_records.protocol_255|netflow.flow_records.protocol_58|netflow.flow_records.protocol_6|netflow.packets.protocol_17|netflow.packets.protocol_255|netflow.packets.protocol_58|netflow.packets.protocol_6|netflow.protocol_byte_share.protocol_17|netflow.protocol_byte_share.protocol_255|netflow.protocol_byte_share.protocol_58|netflow.protocol_byte_share.protocol_6|netflow.unique_destination_ports.protocol_17|netflow.unique_destination_ports.protocol_255|netflow.unique_destination_ports.protocol_58|netflow.unique_destination_ports.protocol_6|netflow.unique_destinations.protocol_17|netflow.unique_destinations.protocol_255|netflow.unique_destinations.protocol_58|netflow.unique_destinations.protocol_6|netflow.unique_source_ports.protocol_17|netflow.unique_source_ports.protocol_255|netflow.unique_source_ports.protocol_58|netflow.unique_source_ports.protocol_6|netflow.unique_sources.protocol_17|netflow.unique_sources.protocol_255|netflow.unique_sources.protocol_58|netflow.unique_sources.protocol_6,flow observer interface; physical peer is unverified
observes_netflow_interface,nanjing-br-1,interface:nanjing-br-1:ens5,netflow,edge_registry,node|interface_id,netflow.bytes.protocol_17|netflow.bytes.protocol_58|netflow.bytes.protocol_6|netflow.bytes.protocol_89|netflow.flow_records.protocol_17|netflow.flow_records.protocol_58|netflow.flow_records.protocol_6|netflow.flow_records.protocol_89|netflow.packets.protocol_17|netflow.packets.protocol_58|netflow.packets.protocol_6|netflow.packets.protocol_89|netflow.protocol_byte_share.protocol_17|netflow.protocol_byte_share.protocol_58|netflow.protocol_byte_share.protocol_6|netflow.protocol_byte_share.protocol_89|netflow.unique_destination_ports.protocol_17|netflow.unique_destination_ports.protocol_58|netflow.unique_destination_ports.protocol_6|netflow.unique_destination_ports.protocol_89|netflow.unique_destinations.protocol_17|netflow.unique_destinations.protocol_58|netflow.unique_destinations.protocol_6|netflow.unique_destinations.protocol_89|netflow.unique_source_ports.protocol_17|netflow.unique_source_ports.protocol_58|netflow.unique_source_ports.protocol_6|netflow.unique_source_ports.protocol_89|netflow.unique_sources.protocol_17|netflow.unique_sources.protocol_58|netflow.unique_sources.protocol_6|netflow.unique_sources.protocol_89,flow observer interface; physical peer is unverified
observes_netflow_interface,nanjing-br-2,interface:nanjing-br-2:ens4,netflow,edge_registry,node|interface_id,netflow.bytes.protocol_17|netflow.bytes.protocol_255|netflow.bytes.protocol_58|netflow.bytes.protocol_6|netflow.flow_records.protocol_17|netflow.flow_records.protocol_255|netflow.flow_records.protocol_58|netflow.flow_records.protocol_6|netflow.packets.protocol_17|netflow.packets.protocol_255|netflow.packets.protocol_58|netflow.packets.protocol_6|netflow.protocol_byte_share.protocol_17|netflow.protocol_byte_share.protocol_255|netflow.protocol_byte_share.protocol_58|netflow.protocol_byte_share.protocol_6|netflow.unique_destination_ports.protocol_17|netflow.unique_destination_ports.protocol_255|netflow.unique_destination_ports.protocol_58|netflow.unique_destination_ports.protocol_6|netflow.unique_destinations.protocol_17|netflow.unique_destinations.protocol_255|netflow.unique_destinations.protocol_58|netflow.unique_destinations.protocol_6|netflow.unique_source_ports.protocol_17|netflow.unique_source_ports.protocol_255|netflow.unique_source_ports.protocol_58|netflow.unique_source_ports.protocol_6|netflow.unique_sources.protocol_17|netflow.unique_sources.protocol_255|netflow.unique_sources.protocol_58|netflow.unique_sources.protocol_6,flow observer interface; physical peer is unverified
observes_netflow_interface,nanjing-br-2,interface:nanjing-br-2:ens5,netflow,edge_registry,node|interface_id,netflow.bytes.protocol_17|netflow.bytes.protocol_58|netflow.bytes.protocol_6|netflow.bytes.protocol_89|netflow.flow_records.protocol_17|netflow.flow_records.protocol_58|netflow.flow_records.protocol_6|netflow.flow_records.protocol_89|netflow.packets.protocol_17|netflow.packets.protocol_58|netflow.packets.protocol_6|netflow.packets.protocol_89|netflow.protocol_byte_share.protocol_17|netflow.protocol_byte_share.protocol_58|netflow.protocol_byte_share.protocol_6|netflow.protocol_byte_share.protocol_89|netflow.unique_destination_ports.protocol_17|netflow.unique_destination_ports.protocol_58|netflow.unique_destination_ports.protocol_6|netflow.unique_destination_ports.protocol_89|netflow.unique_destinations.protocol_17|netflow.unique_destinations.protocol_58|netflow.unique_destinations.protocol_6|netflow.unique_destinations.protocol_89|netflow.unique_source_ports.protocol_17|netflow.unique_source_ports.protocol_58|netflow.unique_source_ports.protocol_6|netflow.unique_source_ports.protocol_89|netflow.unique_sources.protocol_17|netflow.unique_sources.protocol_58|netflow.unique_sources.protocol_6|netflow.unique_sources.protocol_89,flow observer interface; physical peer is unverified
observes_netflow_interface,nanjing-cr-1,interface:nanjing-cr-1:ens4,netflow,edge_registry,node|interface_id,netflow.bytes.protocol_17|netflow.bytes.protocol_58|netflow.bytes.protocol_6|netflow.bytes.protocol_89|netflow.flow_records.protocol_17|netflow.flow_records.protocol_58|netflow.flow_records.protocol_6|netflow.flow_records.protocol_89|netflow.packets.protocol_17|netflow.packets.protocol_58|netflow.packets.protocol_6|netflow.packets.protocol_89|netflow.protocol_byte_share.protocol_17|netflow.protocol_byte_share.protocol_58|netflow.protocol_byte_share.protocol_6|netflow.protocol_byte_share.protocol_89|netflow.unique_destination_ports.protocol_17|netflow.unique_destination_ports.protocol_58|netflow.unique_destination_ports.protocol_6|netflow.unique_destination_ports.protocol_89|netflow.unique_destinations.protocol_17|netflow.unique_destinations.protocol_58|netflow.unique_destinations.protocol_6|netflow.unique_destinations.protocol_89|netflow.unique_source_ports.protocol_17|netflow.unique_source_ports.protocol_58|netflow.unique_source_ports.protocol_6|netflow.unique_source_ports.protocol_89|netflow.unique_sources.protocol_17|netflow.unique_sources.protocol_58|netflow.unique_sources.protocol_6|netflow.unique_sources.protocol_89,flow observer interface; physical peer is unverified
observes_netflow_interface,nanjing-cr-1,interface:nanjing-cr-1:ens5,netflow,edge_registry,node|interface_id,netflow.bytes.protocol_17|netflow.bytes.protocol_58|netflow.bytes.protocol_6|netflow.bytes.protocol_89|netflow.flow_records.protocol_17|netflow.flow_records.protocol_58|netflow.flow_records.protocol_6|netflow.flow_records.protocol_89|netflow.packets.protocol_17|netflow.packets.protocol_58|netflow.packets.protocol_6|netflow.packets.protocol_89|netflow.protocol_byte_share.protocol_17|netflow.protocol_byte_share.protocol_58|netflow.protocol_byte_share.protocol_6|netflow.protocol_byte_share.protocol_89|netflow.unique_destination_ports.protocol_17|netflow.unique_destination_ports.protocol_58|netflow.unique_destination_ports.protocol_6|netflow.unique_destination_ports.protocol_89|netflow.unique_destinations.protocol_17|netflow.unique_destinations.protocol_58|netflow.unique_destinations.protocol_6|netflow.unique_destinations.protocol_89|netflow.unique_source_ports.protocol_17|netflow.unique_source_ports.protocol_58|netflow.unique_source_ports.protocol_6|netflow.unique_source_ports.protocol_89|netflow.unique_sources.protocol_17|netflow.unique_sources.protocol_58|netflow.unique_sources.protocol_6|netflow.unique_sources.protocol_89,flow observer interface; physical peer is unverified
observes_netflow_interface,nanjing-cr-2,interface:nanjing-cr-2:ens4,netflow,edge_registry,node|interface_id,netflow.bytes.protocol_17|netflow.bytes.protocol_58|netflow.bytes.protocol_6|netflow.bytes.protocol_89|netflow.flow_records.protocol_17|netflow.flow_records.protocol_58|netflow.flow_records.protocol_6|netflow.flow_records.protocol_89|netflow.packets.protocol_17|netflow.packets.protocol_58|netflow.packets.protocol_6|netflow.packets.protocol_89|netflow.protocol_byte_share.protocol_17|netflow.protocol_byte_share.protocol_58|netflow.protocol_byte_share.protocol_6|netflow.protocol_byte_share.protocol_89|netflow.unique_destination_ports.protocol_17|netflow.unique_destination_ports.protocol_58|netflow.unique_destination_ports.protocol_6|netflow.unique_destination_ports.protocol_89|netflow.unique_destinations.protocol_17|netflow.unique_destinations.protocol_58|netflow.unique_destinations.protocol_6|netflow.unique_destinations.protocol_89|netflow.unique_source_ports.protocol_17|netflow.unique_source_ports.protocol_58|netflow.unique_source_ports.protocol_6|netflow.unique_source_ports.protocol_89|netflow.unique_sources.protocol_17|netflow.unique_sources.protocol_58|netflow.unique_sources.protocol_6|netflow.unique_sources.protocol_89,flow observer interface; physical peer is unverified
observes_netflow_interface,nanjing-cr-2,interface:nanjing-cr-2:ens5,netflow,edge_registry,node|interface_id,netflow.bytes.protocol_17|netflow.bytes.protocol_58|netflow.bytes.protocol_6|netflow.bytes.protocol_89|netflow.flow_records.protocol_17|netflow.flow_records.protocol_58|netflow.flow_records.protocol_6|netflow.flow_records.protocol_89|netflow.packets.protocol_17|netflow.packets.protocol_58|netflow.packets.protocol_6|netflow.packets.protocol_89|netflow.protocol_byte_share.protocol_17|netflow.protocol_byte_share.protocol_58|netflow.protocol_byte_share.protocol_6|netflow.protocol_byte_share.protocol_89|netflow.unique_destination_ports.protocol_17|netflow.unique_destination_ports.protocol_58|netflow.unique_destination_ports.protocol_6|netflow.unique_destination_ports.protocol_89|netflow.unique_destinations.protocol_17|netflow.unique_destinations.protocol_58|netflow.unique_destinations.protocol_6|netflow.unique_destinations.protocol_89|netflow.unique_source_ports.protocol_17|netflow.unique_source_ports.protocol_58|netflow.unique_source_ports.protocol_6|netflow.unique_source_ports.protocol_89|netflow.unique_sources.protocol_17|netflow.unique_sources.protocol_58|netflow.unique_sources.protocol_6|netflow.unique_sources.protocol_89,flow observer interface; physical peer is unverified
observes_netflow_interface,shanghai-br-1,interface:shanghai-br-1:ens4,netflow,edge_registry,node|interface_id,netflow.bytes.protocol_17|netflow.bytes.protocol_255|netflow.bytes.protocol_58|netflow.bytes.protocol_6|netflow.flow_records.protocol_17|netflow.flow_records.protocol_255|netflow.flow_records.protocol_58|netflow.flow_records.protocol_6|netflow.packets.protocol_17|netflow.packets.protocol_255|netflow.packets.protocol_58|netflow.packets.protocol_6|netflow.protocol_byte_share.protocol_17|netflow.protocol_byte_share.protocol_255|netflow.protocol_byte_share.protocol_58|netflow.protocol_byte_share.protocol_6|netflow.unique_destination_ports.protocol_17|netflow.unique_destination_ports.protocol_255|netflow.unique_destination_ports.protocol_58|netflow.unique_destination_ports.protocol_6|netflow.unique_destinations.protocol_17|netflow.unique_destinations.protocol_255|netflow.unique_destinations.protocol_58|netflow.unique_destinations.protocol_6|netflow.unique_source_ports.protocol_17|netflow.unique_source_ports.protocol_255|netflow.unique_source_ports.protocol_58|netflow.unique_source_ports.protocol_6|netflow.unique_sources.protocol_17|netflow.unique_sources.protocol_255|netflow.unique_sources.protocol_58|netflow.unique_sources.protocol_6,flow observer interface; physical peer is unverified
observes_netflow_interface,shanghai-br-1,interface:shanghai-br-1:ens5,netflow,edge_registry,node|interface_id,netflow.bytes.protocol_17|netflow.bytes.protocol_58|netflow.bytes.protocol_6|netflow.bytes.protocol_89|netflow.flow_records.protocol_17|netflow.flow_records.protocol_58|netflow.flow_records.protocol_6|netflow.flow_records.protocol_89|netflow.packets.protocol_17|netflow.packets.protocol_58|netflow.packets.protocol_6|netflow.packets.protocol_89|netflow.protocol_byte_share.protocol_17|netflow.protocol_byte_share.protocol_58|netflow.protocol_byte_share.protocol_6|netflow.protocol_byte_share.protocol_89|netflow.unique_destination_ports.protocol_17|netflow.unique_destination_ports.protocol_58|netflow.unique_destination_ports.protocol_6|netflow.unique_destination_ports.protocol_89|netflow.unique_destinations.protocol_17|netflow.unique_destinations.protocol_58|netflow.unique_destinations.protocol_6|netflow.unique_destinations.protocol_89|netflow.unique_source_ports.protocol_17|netflow.unique_source_ports.protocol_58|netflow.unique_source_ports.protocol_6|netflow.unique_source_ports.protocol_89|netflow.unique_sources.protocol_17|netflow.unique_sources.protocol_58|netflow.unique_sources.protocol_6|netflow.unique_sources.protocol_89,flow observer interface; physical peer is unverified
observes_netflow_interface,shanghai-br-2,interface:shanghai-br-2:ens4,netflow,edge_registry,node|interface_id,netflow.bytes.protocol_17|netflow.bytes.protocol_255|netflow.bytes.protocol_58|netflow.bytes.protocol_6|netflow.flow_records.protocol_17|netflow.flow_records.protocol_255|netflow.flow_records.protocol_58|netflow.flow_records.protocol_6|netflow.packets.protocol_17|netflow.packets.protocol_255|netflow.packets.protocol_58|netflow.packets.protocol_6|netflow.protocol_byte_share.protocol_17|netflow.protocol_byte_share.protocol_255|netflow.protocol_byte_share.protocol_58|netflow.protocol_byte_share.protocol_6|netflow.unique_destination_ports.protocol_17|netflow.unique_destination_ports.protocol_255|netflow.unique_destination_ports.protocol_58|netflow.unique_destination_ports.protocol_6|netflow.unique_destinations.protocol_17|netflow.unique_destinations.protocol_255|netflow.unique_destinations.protocol_58|netflow.unique_destinations.protocol_6|netflow.unique_source_ports.protocol_17|netflow.unique_source_ports.protocol_255|netflow.unique_source_ports.protocol_58|netflow.unique_source_ports.protocol_6|netflow.unique_sources.protocol_17|netflow.unique_sources.protocol_255|netflow.unique_sources.protocol_58|netflow.unique_sources.protocol_6,flow observer interface; physical peer is unverified
observes_netflow_interface,shanghai-br-2,interface:shanghai-br-2:ens5,netflow,edge_registry,node|interface_id,netflow.bytes.protocol_17|netflow.bytes.protocol_58|netflow.bytes.protocol_6|netflow.bytes.protocol_89|netflow.flow_records.protocol_17|netflow.flow_records.protocol_58|netflow.flow_records.protocol_6|netflow.flow_records.protocol_89|netflow.packets.protocol_17|netflow.packets.protocol_58|netflow.packets.protocol_6|netflow.packets.protocol_89|netflow.protocol_byte_share.protocol_17|netflow.protocol_byte_share.protocol_58|netflow.protocol_byte_share.protocol_6|netflow.protocol_byte_share.protocol_89|netflow.unique_destination_ports.protocol_17|netflow.unique_destination_ports.protocol_58|netflow.unique_destination_ports.protocol_6|netflow.unique_destination_ports.protocol_89|netflow.unique_destinations.protocol_17|netflow.unique_destinations.protocol_58|netflow.unique_destinations.protocol_6|netflow.unique_destinations.protocol_89|netflow.unique_source_ports.protocol_17|netflow.unique_source_ports.protocol_58|netflow.unique_source_ports.protocol_6|netflow.unique_source_ports.protocol_89|netflow.unique_sources.protocol_17|netflow.unique_sources.protocol_58|netflow.unique_sources.protocol_6|netflow.unique_sources.protocol_89,flow observer interface; physical peer is unverified
observes_netflow_interface,shanghai-cr-1,interface:shanghai-cr-1:ens4,netflow,edge_registry,node|interface_id,netflow.bytes.protocol_17|netflow.bytes.protocol_58|netflow.bytes.protocol_6|netflow.bytes.protocol_89|netflow.flow_records.protocol_17|netflow.flow_records.protocol_58|netflow.flow_records.protocol_6|netflow.flow_records.protocol_89|netflow.packets.protocol_17|netflow.packets.protocol_58|netflow.packets.protocol_6|netflow.packets.protocol_89|netflow.protocol_byte_share.protocol_17|netflow.protocol_byte_share.protocol_58|netflow.protocol_byte_share.protocol_6|netflow.protocol_byte_share.protocol_89|netflow.unique_destination_ports.protocol_17|netflow.unique_destination_ports.protocol_58|netflow.unique_destination_ports.protocol_6|netflow.unique_destination_ports.protocol_89|netflow.unique_destinations.protocol_17|netflow.unique_destinations.protocol_58|netflow.unique_destinations.protocol_6|netflow.unique_destinations.protocol_89|netflow.unique_source_ports.protocol_17|netflow.unique_source_ports.protocol_58|netflow.unique_source_ports.protocol_6|netflow.unique_source_ports.protocol_89|netflow.unique_sources.protocol_17|netflow.unique_sources.protocol_58|netflow.unique_sources.protocol_6|netflow.unique_sources.protocol_89,flow observer interface; physical peer is unverified
observes_netflow_interface,shanghai-cr-1,interface:shanghai-cr-1:ens5,netflow,edge_registry,node|interface_id,netflow.bytes.protocol_17|netflow.bytes.protocol_58|netflow.bytes.protocol_6|netflow.bytes.protocol_89|netflow.flow_records.protocol_17|netflow.flow_records.protocol_58|netflow.flow_records.protocol_6|netflow.flow_records.protocol_89|netflow.packets.protocol_17|netflow.packets.protocol_58|netflow.packets.protocol_6|netflow.packets.protocol_89|netflow.protocol_byte_share.protocol_17|netflow.protocol_byte_share.protocol_58|netflow.protocol_byte_share.protocol_6|netflow.protocol_byte_share.protocol_89|netflow.unique_destination_ports.protocol_17|netflow.unique_destination_ports.protocol_58|netflow.unique_destination_ports.protocol_6|netflow.unique_destination_ports.protocol_89|netflow.unique_destinations.protocol_17|netflow.unique_destinations.protocol_58|netflow.unique_destinations.protocol_6|netflow.unique_destinations.protocol_89|netflow.unique_source_ports.protocol_17|netflow.unique_source_ports.protocol_58|netflow.unique_source_ports.protocol_6|netflow.unique_source_ports.protocol_89|netflow.unique_sources.protocol_17|netflow.unique_sources.protocol_58|netflow.unique_sources.protocol_6|netflow.unique_sources.protocol_89,flow observer interface; physical peer is unverified
observes_netflow_interface,shanghai-cr-2,interface:shanghai-cr-2:ens4,netflow,edge_registry,node|interface_id,netflow.bytes.protocol_17|netflow.bytes.protocol_58|netflow.bytes.protocol_6|netflow.bytes.protocol_89|netflow.flow_records.protocol_17|netflow.flow_records.protocol_58|netflow.flow_records.protocol_6|netflow.flow_records.protocol_89|netflow.packets.protocol_17|netflow.packets.protocol_58|netflow.packets.protocol_6|netflow.packets.protocol_89|netflow.protocol_byte_share.protocol_17|netflow.protocol_byte_share.protocol_58|netflow.protocol_byte_share.protocol_6|netflow.protocol_byte_share.protocol_89|netflow.unique_destination_ports.protocol_17|netflow.unique_destination_ports.protocol_58|netflow.unique_destination_ports.protocol_6|netflow.unique_destination_ports.protocol_89|netflow.unique_destinations.protocol_17|netflow.unique_destinations.protocol_58|netflow.unique_destinations.protocol_6|netflow.unique_destinations.protocol_89|netflow.unique_source_ports.protocol_17|netflow.unique_source_ports.protocol_58|netflow.unique_source_ports.protocol_6|netflow.unique_source_ports.protocol_89|netflow.unique_sources.protocol_17|netflow.unique_sources.protocol_58|netflow.unique_sources.protocol_6|netflow.unique_sources.protocol_89,flow observer interface; physical peer is unverified
observes_netflow_interface,shanghai-cr-2,interface:shanghai-cr-2:ens5,netflow,edge_registry,node|interface_id,netflow.bytes.protocol_17|netflow.bytes.protocol_58|netflow.bytes.protocol_6|netflow.bytes.protocol_89|netflow.flow_records.protocol_17|netflow.flow_records.protocol_58|netflow.flow_records.protocol_6|netflow.flow_records.protocol_89|netflow.packets.protocol_17|netflow.packets.protocol_58|netflow.packets.protocol_6|netflow.packets.protocol_89|netflow.protocol_byte_share.protocol_17|netflow.protocol_byte_share.protocol_58|netflow.protocol_byte_share.protocol_6|netflow.protocol_byte_share.protocol_89|netflow.unique_destination_ports.protocol_17|netflow.unique_destination_ports.protocol_58|netflow.unique_destination_ports.protocol_6|netflow.unique_destination_ports.protocol_89|netflow.unique_destinations.protocol_17|netflow.unique_destinations.protocol_58|netflow.unique_destinations.protocol_6|netflow.unique_destinations.protocol_89|netflow.unique_source_ports.protocol_17|netflow.unique_source_ports.protocol_58|netflow.unique_source_ports.protocol_6|netflow.unique_source_ports.protocol_89|netflow.unique_sources.protocol_17|netflow.unique_sources.protocol_58|netflow.unique_sources.protocol_6|netflow.unique_sources.protocol_89,flow observer interface; physical peer is unverified
observes_netflow_interface,shenyang-br-1,interface:shenyang-br-1:ens4,netflow,edge_registry,node|interface_id,netflow.bytes.protocol_17|netflow.bytes.protocol_255|netflow.bytes.protocol_58|netflow.bytes.protocol_6|netflow.flow_records.protocol_17|netflow.flow_records.protocol_255|netflow.flow_records.protocol_58|netflow.flow_records.protocol_6|netflow.packets.protocol_17|netflow.packets.protocol_255|netflow.packets.protocol_58|netflow.packets.protocol_6|netflow.protocol_byte_share.protocol_17|netflow.protocol_byte_share.protocol_255|netflow.protocol_byte_share.protocol_58|netflow.protocol_byte_share.protocol_6|netflow.unique_destination_ports.protocol_17|netflow.unique_destination_ports.protocol_255|netflow.unique_destination_ports.protocol_58|netflow.unique_destination_ports.protocol_6|netflow.unique_destinations.protocol_17|netflow.unique_destinations.protocol_255|netflow.unique_destinations.protocol_58|netflow.unique_destinations.protocol_6|netflow.unique_source_ports.protocol_17|netflow.unique_source_ports.protocol_255|netflow.unique_source_ports.protocol_58|netflow.unique_source_ports.protocol_6|netflow.unique_sources.protocol_17|netflow.unique_sources.protocol_255|netflow.unique_sources.protocol_58|netflow.unique_sources.protocol_6,flow observer interface; physical peer is unverified
observes_netflow_interface,shenyang-br-1,interface:shenyang-br-1:ens5,netflow,edge_registry,node|interface_id,netflow.bytes.protocol_17|netflow.bytes.protocol_58|netflow.bytes.protocol_6|netflow.bytes.protocol_89|netflow.flow_records.protocol_17|netflow.flow_records.protocol_58|netflow.flow_records.protocol_6|netflow.flow_records.protocol_89|netflow.packets.protocol_17|netflow.packets.protocol_58|netflow.packets.protocol_6|netflow.packets.protocol_89|netflow.protocol_byte_share.protocol_17|netflow.protocol_byte_share.protocol_58|netflow.protocol_byte_share.protocol_6|netflow.protocol_byte_share.protocol_89|netflow.unique_destination_ports.protocol_17|netflow.unique_destination_ports.protocol_58|netflow.unique_destination_ports.protocol_6|netflow.unique_destination_ports.protocol_89|netflow.unique_destinations.protocol_17|netflow.unique_destinations.protocol_58|netflow.unique_destinations.protocol_6|netflow.unique_destinations.protocol_89|netflow.unique_source_ports.protocol_17|netflow.unique_source_ports.protocol_58|netflow.unique_source_ports.protocol_6|netflow.unique_source_ports.protocol_89|netflow.unique_sources.protocol_17|netflow.unique_sources.protocol_58|netflow.unique_sources.protocol_6|netflow.unique_sources.protocol_89,flow observer interface; physical peer is unverified
observes_netflow_interface,shenyang-br-2,interface:shenyang-br-2:ens4,netflow,edge_registry,node|interface_id,netflow.bytes.protocol_17|netflow.bytes.protocol_255|netflow.bytes.protocol_58|netflow.bytes.protocol_6|netflow.flow_records.protocol_17|netflow.flow_records.protocol_255|netflow.flow_records.protocol_58|netflow.flow_records.protocol_6|netflow.packets.protocol_17|netflow.packets.protocol_255|netflow.packets.protocol_58|netflow.packets.protocol_6|netflow.protocol_byte_share.protocol_17|netflow.protocol_byte_share.protocol_255|netflow.protocol_byte_share.protocol_58|netflow.protocol_byte_share.protocol_6|netflow.unique_destination_ports.protocol_17|netflow.unique_destination_ports.protocol_255|netflow.unique_destination_ports.protocol_58|netflow.unique_destination_ports.protocol_6|netflow.unique_destinations.protocol_17|netflow.unique_destinations.protocol_255|netflow.unique_destinations.protocol_58|netflow.unique_destinations.protocol_6|netflow.unique_source_ports.protocol_17|netflow.unique_source_ports.protocol_255|netflow.unique_source_ports.protocol_58|netflow.unique_source_ports.protocol_6|netflow.unique_sources.protocol_17|netflow.unique_sources.protocol_255|netflow.unique_sources.protocol_58|netflow.unique_sources.protocol_6,flow observer interface; physical peer is unverified
observes_netflow_interface,shenyang-br-2,interface:shenyang-br-2:ens5,netflow,edge_registry,node|interface_id,netflow.bytes.protocol_17|netflow.bytes.protocol_58|netflow.bytes.protocol_6|netflow.bytes.protocol_89|netflow.flow_records.protocol_17|netflow.flow_records.protocol_58|netflow.flow_records.protocol_6|netflow.flow_records.protocol_89|netflow.packets.protocol_17|netflow.packets.protocol_58|netflow.packets.protocol_6|netflow.packets.protocol_89|netflow.protocol_byte_share.protocol_17|netflow.protocol_byte_share.protocol_58|netflow.protocol_byte_share.protocol_6|netflow.protocol_byte_share.protocol_89|netflow.unique_destination_ports.protocol_17|netflow.unique_destination_ports.protocol_58|netflow.unique_destination_ports.protocol_6|netflow.unique_destination_ports.protocol_89|netflow.unique_destinations.protocol_17|netflow.unique_destinations.protocol_58|netflow.unique_destinations.protocol_6|netflow.unique_destinations.protocol_89|netflow.unique_source_ports.protocol_17|netflow.unique_source_ports.protocol_58|netflow.unique_source_ports.protocol_6|netflow.unique_source_ports.protocol_89|netflow.unique_sources.protocol_17|netflow.unique_sources.protocol_58|netflow.unique_sources.protocol_6|netflow.unique_sources.protocol_89,flow observer interface; physical peer is unverified
observes_netflow_interface,shenyang-cr-1,interface:shenyang-cr-1:ens4,netflow,edge_registry,node|interface_id,netflow.bytes.protocol_17|netflow.bytes.protocol_58|netflow.bytes.protocol_6|netflow.bytes.protocol_89|netflow.flow_records.protocol_17|netflow.flow_records.protocol_58|netflow.flow_records.protocol_6|netflow.flow_records.protocol_89|netflow.packets.protocol_17|netflow.packets.protocol_58|netflow.packets.protocol_6|netflow.packets.protocol_89|netflow.protocol_byte_share.protocol_17|netflow.protocol_byte_share.protocol_58|netflow.protocol_byte_share.protocol_6|netflow.protocol_byte_share.protocol_89|netflow.unique_destination_ports.protocol_17|netflow.unique_destination_ports.protocol_58|netflow.unique_destination_ports.protocol_6|netflow.unique_destination_ports.protocol_89|netflow.unique_destinations.protocol_17|netflow.unique_destinations.protocol_58|netflow.unique_destinations.protocol_6|netflow.unique_destinations.protocol_89|netflow.unique_source_ports.protocol_17|netflow.unique_source_ports.protocol_58|netflow.unique_source_ports.protocol_6|netflow.unique_source_ports.protocol_89|netflow.unique_sources.protocol_17|netflow.unique_sources.protocol_58|netflow.unique_sources.protocol_6|netflow.unique_sources.protocol_89,flow observer interface; physical peer is unverified
observes_netflow_interface,shenyang-cr-1,interface:shenyang-cr-1:ens5,netflow,edge_registry,node|interface_id,netflow.bytes.protocol_17|netflow.bytes.protocol_58|netflow.bytes.protocol_6|netflow.bytes.protocol_89|netflow.flow_records.protocol_17|netflow.flow_records.protocol_58|netflow.flow_records.protocol_6|netflow.flow_records.protocol_89|netflow.packets.protocol_17|netflow.packets.protocol_58|netflow.packets.protocol_6|netflow.packets.protocol_89|netflow.protocol_byte_share.protocol_17|netflow.protocol_byte_share.protocol_58|netflow.protocol_byte_share.protocol_6|netflow.protocol_byte_share.protocol_89|netflow.unique_destination_ports.protocol_17|netflow.unique_destination_ports.protocol_58|netflow.unique_destination_ports.protocol_6|netflow.unique_destination_ports.protocol_89|netflow.unique_destinations.protocol_17|netflow.unique_destinations.protocol_58|netflow.unique_destinations.protocol_6|netflow.unique_destinations.protocol_89|netflow.unique_source_ports.protocol_17|netflow.unique_source_ports.protocol_58|netflow.unique_source_ports.protocol_6|netflow.unique_source_ports.protocol_89|netflow.unique_sources.protocol_17|netflow.unique_sources.protocol_58|netflow.unique_sources.protocol_6|netflow.unique_sources.protocol_89,flow observer interface; physical peer is unverified
observes_netflow_interface,shenyang-cr-2,interface:shenyang-cr-2:ens4,netflow,edge_registry,node|interface_id,netflow.bytes.protocol_17|netflow.bytes.protocol_58|netflow.bytes.protocol_6|netflow.bytes.protocol_89|netflow.flow_records.protocol_17|netflow.flow_records.protocol_58|netflow.flow_records.protocol_6|netflow.flow_records.protocol_89|netflow.packets.protocol_17|netflow.packets.protocol_58|netflow.packets.protocol_6|netflow.packets.protocol_89|netflow.protocol_byte_share.protocol_17|netflow.protocol_byte_share.protocol_58|netflow.protocol_byte_share.protocol_6|netflow.protocol_byte_share.protocol_89|netflow.unique_destination_ports.protocol_17|netflow.unique_destination_ports.protocol_58|netflow.unique_destination_ports.protocol_6|netflow.unique_destination_ports.protocol_89|netflow.unique_destinations.protocol_17|netflow.unique_destinations.protocol_58|netflow.unique_destinations.protocol_6|netflow.unique_destinations.protocol_89|netflow.unique_source_ports.protocol_17|netflow.unique_source_ports.protocol_58|netflow.unique_source_ports.protocol_6|netflow.unique_source_ports.protocol_89|netflow.unique_sources.protocol_17|netflow.unique_sources.protocol_58|netflow.unique_sources.protocol_6|netflow.unique_sources.protocol_89,flow observer interface; physical peer is unverified
observes_netflow_interface,shenyang-cr-2,interface:shenyang-cr-2:ens5,netflow,edge_registry,node|interface_id,netflow.bytes.protocol_17|netflow.bytes.protocol_58|netflow.bytes.protocol_6|netflow.bytes.protocol_89|netflow.flow_records.protocol_17|netflow.flow_records.protocol_58|netflow.flow_records.protocol_6|netflow.flow_records.protocol_89|netflow.packets.protocol_17|netflow.packets.protocol_58|netflow.packets.protocol_6|netflow.packets.protocol_89|netflow.protocol_byte_share.protocol_17|netflow.protocol_byte_share.protocol_58|netflow.protocol_byte_share.protocol_6|netflow.protocol_byte_share.protocol_89|netflow.unique_destination_ports.protocol_17|netflow.unique_destination_ports.protocol_58|netflow.unique_destination_ports.protocol_6|netflow.unique_destination_ports.protocol_89|netflow.unique_destinations.protocol_17|netflow.unique_destinations.protocol_58|netflow.unique_destinations.protocol_6|netflow.unique_destinations.protocol_89|netflow.unique_source_ports.protocol_17|netflow.unique_source_ports.protocol_58|netflow.unique_source_ports.protocol_6|netflow.unique_source_ports.protocol_89|netflow.unique_sources.protocol_17|netflow.unique_sources.protocol_58|netflow.unique_sources.protocol_6|netflow.unique_sources.protocol_89,flow observer interface; physical peer is unverified
observes_netflow_interface,wuhan-br-1,interface:wuhan-br-1:ens4,netflow,edge_registry,node|interface_id,netflow.bytes.protocol_17|netflow.bytes.protocol_255|netflow.bytes.protocol_58|netflow.bytes.protocol_6|netflow.flow_records.protocol_17|netflow.flow_records.protocol_255|netflow.flow_records.protocol_58|netflow.flow_records.protocol_6|netflow.packets.protocol_17|netflow.packets.protocol_255|netflow.packets.protocol_58|netflow.packets.protocol_6|netflow.protocol_byte_share.protocol_17|netflow.protocol_byte_share.protocol_255|netflow.protocol_byte_share.protocol_58|netflow.protocol_byte_share.protocol_6|netflow.unique_destination_ports.protocol_17|netflow.unique_destination_ports.protocol_255|netflow.unique_destination_ports.protocol_58|netflow.unique_destination_ports.protocol_6|netflow.unique_destinations.protocol_17|netflow.unique_destinations.protocol_255|netflow.unique_destinations.protocol_58|netflow.unique_destinations.protocol_6|netflow.unique_source_ports.protocol_17|netflow.unique_source_ports.protocol_255|netflow.unique_source_ports.protocol_58|netflow.unique_source_ports.protocol_6|netflow.unique_sources.protocol_17|netflow.unique_sources.protocol_255|netflow.unique_sources.protocol_58|netflow.unique_sources.protocol_6,flow observer interface; physical peer is unverified
observes_netflow_interface,wuhan-br-1,interface:wuhan-br-1:ens5,netflow,edge_registry,node|interface_id,netflow.bytes.protocol_17|netflow.bytes.protocol_58|netflow.bytes.protocol_6|netflow.bytes.protocol_89|netflow.flow_records.protocol_17|netflow.flow_records.protocol_58|netflow.flow_records.protocol_6|netflow.flow_records.protocol_89|netflow.packets.protocol_17|netflow.packets.protocol_58|netflow.packets.protocol_6|netflow.packets.protocol_89|netflow.protocol_byte_share.protocol_17|netflow.protocol_byte_share.protocol_58|netflow.protocol_byte_share.protocol_6|netflow.protocol_byte_share.protocol_89|netflow.unique_destination_ports.protocol_17|netflow.unique_destination_ports.protocol_58|netflow.unique_destination_ports.protocol_6|netflow.unique_destination_ports.protocol_89|netflow.unique_destinations.protocol_17|netflow.unique_destinations.protocol_58|netflow.unique_destinations.protocol_6|netflow.unique_destinations.protocol_89|netflow.unique_source_ports.protocol_17|netflow.unique_source_ports.protocol_58|netflow.unique_source_ports.protocol_6|netflow.unique_source_ports.protocol_89|netflow.unique_sources.protocol_17|netflow.unique_sources.protocol_58|netflow.unique_sources.protocol_6|netflow.unique_sources.protocol_89,flow observer interface; physical peer is unverified
observes_netflow_interface,wuhan-br-2,interface:wuhan-br-2:ens4,netflow,edge_registry,node|interface_id,netflow.bytes.protocol_17|netflow.bytes.protocol_255|netflow.bytes.protocol_58|netflow.bytes.protocol_6|netflow.flow_records.protocol_17|netflow.flow_records.protocol_255|netflow.flow_records.protocol_58|netflow.flow_records.protocol_6|netflow.packets.protocol_17|netflow.packets.protocol_255|netflow.packets.protocol_58|netflow.packets.protocol_6|netflow.protocol_byte_share.protocol_17|netflow.protocol_byte_share.protocol_255|netflow.protocol_byte_share.protocol_58|netflow.protocol_byte_share.protocol_6|netflow.unique_destination_ports.protocol_17|netflow.unique_destination_ports.protocol_255|netflow.unique_destination_ports.protocol_58|netflow.unique_destination_ports.protocol_6|netflow.unique_destinations.protocol_17|netflow.unique_destinations.protocol_255|netflow.unique_destinations.protocol_58|netflow.unique_destinations.protocol_6|netflow.unique_source_ports.protocol_17|netflow.unique_source_ports.protocol_255|netflow.unique_source_ports.protocol_58|netflow.unique_source_ports.protocol_6|netflow.unique_sources.protocol_17|netflow.unique_sources.protocol_255|netflow.unique_sources.protocol_58|netflow.unique_sources.protocol_6,flow observer interface; physical peer is unverified
observes_netflow_interface,wuhan-br-2,interface:wuhan-br-2:ens5,netflow,edge_registry,node|interface_id,netflow.bytes.protocol_17|netflow.bytes.protocol_58|netflow.bytes.protocol_6|netflow.bytes.protocol_89|netflow.flow_records.protocol_17|netflow.flow_records.protocol_58|netflow.flow_records.protocol_6|netflow.flow_records.protocol_89|netflow.packets.protocol_17|netflow.packets.protocol_58|netflow.packets.protocol_6|netflow.packets.protocol_89|netflow.protocol_byte_share.protocol_17|netflow.protocol_byte_share.protocol_58|netflow.protocol_byte_share.protocol_6|netflow.protocol_byte_share.protocol_89|netflow.unique_destination_ports.protocol_17|netflow.unique_destination_ports.protocol_58|netflow.unique_destination_ports.protocol_6|netflow.unique_destination_ports.protocol_89|netflow.unique_destinations.protocol_17|netflow.unique_destinations.protocol_58|netflow.unique_destinations.protocol_6|netflow.unique_destinations.protocol_89|netflow.unique_source_ports.protocol_17|netflow.unique_source_ports.protocol_58|netflow.unique_source_ports.protocol_6|netflow.unique_source_ports.protocol_89|netflow.unique_sources.protocol_17|netflow.unique_sources.protocol_58|netflow.unique_sources.protocol_6|netflow.unique_sources.protocol_89,flow observer interface; physical peer is unverified
observes_netflow_interface,wuhan-cr-1,interface:wuhan-cr-1:ens4,netflow,edge_registry,node|interface_id,netflow.bytes.protocol_17|netflow.bytes.protocol_58|netflow.bytes.protocol_6|netflow.bytes.protocol_89|netflow.flow_records.protocol_17|netflow.flow_records.protocol_58|netflow.flow_records.protocol_6|netflow.flow_records.protocol_89|netflow.packets.protocol_17|netflow.packets.protocol_58|netflow.packets.protocol_6|netflow.packets.protocol_89|netflow.protocol_byte_share.protocol_17|netflow.protocol_byte_share.protocol_58|netflow.protocol_byte_share.protocol_6|netflow.protocol_byte_share.protocol_89|netflow.unique_destination_ports.protocol_17|netflow.unique_destination_ports.protocol_58|netflow.unique_destination_ports.protocol_6|netflow.unique_destination_ports.protocol_89|netflow.unique_destinations.protocol_17|netflow.unique_destinations.protocol_58|netflow.unique_destinations.protocol_6|netflow.unique_destinations.protocol_89|netflow.unique_source_ports.protocol_17|netflow.unique_source_ports.protocol_58|netflow.unique_source_ports.protocol_6|netflow.unique_source_ports.protocol_89|netflow.unique_sources.protocol_17|netflow.unique_sources.protocol_58|netflow.unique_sources.protocol_6|netflow.unique_sources.protocol_89,flow observer interface; physical peer is unverified
observes_netflow_interface,wuhan-cr-1,interface:wuhan-cr-1:ens5,netflow,edge_registry,node|interface_id,netflow.bytes.protocol_17|netflow.bytes.protocol_58|netflow.bytes.protocol_6|netflow.bytes.protocol_89|netflow.flow_records.protocol_17|netflow.flow_records.protocol_58|netflow.flow_records.protocol_6|netflow.flow_records.protocol_89|netflow.packets.protocol_17|netflow.packets.protocol_58|netflow.packets.protocol_6|netflow.packets.protocol_89|netflow.protocol_byte_share.protocol_17|netflow.protocol_byte_share.protocol_58|netflow.protocol_byte_share.protocol_6|netflow.protocol_byte_share.protocol_89|netflow.unique_destination_ports.protocol_17|netflow.unique_destination_ports.protocol_58|netflow.unique_destination_ports.protocol_6|netflow.unique_destination_ports.protocol_89|netflow.unique_destinations.protocol_17|netflow.unique_destinations.protocol_58|netflow.unique_destinations.protocol_6|netflow.unique_destinations.protocol_89|netflow.unique_source_ports.protocol_17|netflow.unique_source_ports.protocol_58|netflow.unique_source_ports.protocol_6|netflow.unique_source_ports.protocol_89|netflow.unique_sources.protocol_17|netflow.unique_sources.protocol_58|netflow.unique_sources.protocol_6|netflow.unique_sources.protocol_89,flow observer interface; physical peer is unverified
observes_netflow_interface,wuhan-cr-2,interface:wuhan-cr-2:ens4,netflow,edge_registry,node|interface_id,netflow.bytes.protocol_17|netflow.bytes.protocol_58|netflow.bytes.protocol_6|netflow.bytes.protocol_89|netflow.flow_records.protocol_17|netflow.flow_records.protocol_58|netflow.flow_records.protocol_6|netflow.flow_records.protocol_89|netflow.packets.protocol_17|netflow.packets.protocol_58|netflow.packets.protocol_6|netflow.packets.protocol_89|netflow.protocol_byte_share.protocol_17|netflow.protocol_byte_share.protocol_58|netflow.protocol_byte_share.protocol_6|netflow.protocol_byte_share.protocol_89|netflow.unique_destination_ports.protocol_17|netflow.unique_destination_ports.protocol_58|netflow.unique_destination_ports.protocol_6|netflow.unique_destination_ports.protocol_89|netflow.unique_destinations.protocol_17|netflow.unique_destinations.protocol_58|netflow.unique_destinations.protocol_6|netflow.unique_destinations.protocol_89|netflow.unique_source_ports.protocol_17|netflow.unique_source_ports.protocol_58|netflow.unique_source_ports.protocol_6|netflow.unique_source_ports.protocol_89|netflow.unique_sources.protocol_17|netflow.unique_sources.protocol_58|netflow.unique_sources.protocol_6|netflow.unique_sources.protocol_89,flow observer interface; physical peer is unverified
observes_netflow_interface,wuhan-cr-2,interface:wuhan-cr-2:ens5,netflow,edge_registry,node|interface_id,netflow.bytes.protocol_17|netflow.bytes.protocol_58|netflow.bytes.protocol_6|netflow.bytes.protocol_89|netflow.flow_records.protocol_17|netflow.flow_records.protocol_58|netflow.flow_records.protocol_6|netflow.flow_records.protocol_89|netflow.packets.protocol_17|netflow.packets.protocol_58|netflow.packets.protocol_6|netflow.packets.protocol_89|netflow.protocol_byte_share.protocol_17|netflow.protocol_byte_share.protocol_58|netflow.protocol_byte_share.protocol_6|netflow.protocol_byte_share.protocol_89|netflow.unique_destination_ports.protocol_17|netflow.unique_destination_ports.protocol_58|netflow.unique_destination_ports.protocol_6|netflow.unique_destination_ports.protocol_89|netflow.unique_destinations.protocol_17|netflow.unique_destinations.protocol_58|netflow.unique_destinations.protocol_6|netflow.unique_destinations.protocol_89|netflow.unique_source_ports.protocol_17|netflow.unique_source_ports.protocol_58|netflow.unique_source_ports.protocol_6|netflow.unique_source_ports.protocol_89|netflow.unique_sources.protocol_17|netflow.unique_sources.protocol_58|netflow.unique_sources.protocol_6|netflow.unique_sources.protocol_89,flow observer interface; physical peer is unverified
observes_netflow_interface,xian-br-1,interface:xian-br-1:ens4,netflow,edge_registry,node|interface_id,netflow.bytes.protocol_17|netflow.bytes.protocol_255|netflow.bytes.protocol_58|netflow.bytes.protocol_6|netflow.flow_records.protocol_17|netflow.flow_records.protocol_255|netflow.flow_records.protocol_58|netflow.flow_records.protocol_6|netflow.packets.protocol_17|netflow.packets.protocol_255|netflow.packets.protocol_58|netflow.packets.protocol_6|netflow.protocol_byte_share.protocol_17|netflow.protocol_byte_share.protocol_255|netflow.protocol_byte_share.protocol_58|netflow.protocol_byte_share.protocol_6|netflow.unique_destination_ports.protocol_17|netflow.unique_destination_ports.protocol_255|netflow.unique_destination_ports.protocol_58|netflow.unique_destination_ports.protocol_6|netflow.unique_destinations.protocol_17|netflow.unique_destinations.protocol_255|netflow.unique_destinations.protocol_58|netflow.unique_destinations.protocol_6|netflow.unique_source_ports.protocol_17|netflow.unique_source_ports.protocol_255|netflow.unique_source_ports.protocol_58|netflow.unique_source_ports.protocol_6|netflow.unique_sources.protocol_17|netflow.unique_sources.protocol_255|netflow.unique_sources.protocol_58|netflow.unique_sources.protocol_6,flow observer interface; physical peer is unverified
observes_netflow_interface,xian-br-1,interface:xian-br-1:ens5,netflow,edge_registry,node|interface_id,netflow.bytes.protocol_17|netflow.bytes.protocol_58|netflow.bytes.protocol_6|netflow.bytes.protocol_89|netflow.flow_records.protocol_17|netflow.flow_records.protocol_58|netflow.flow_records.protocol_6|netflow.flow_records.protocol_89|netflow.packets.protocol_17|netflow.packets.protocol_58|netflow.packets.protocol_6|netflow.packets.protocol_89|netflow.protocol_byte_share.protocol_17|netflow.protocol_byte_share.protocol_58|netflow.protocol_byte_share.protocol_6|netflow.protocol_byte_share.protocol_89|netflow.unique_destination_ports.protocol_17|netflow.unique_destination_ports.protocol_58|netflow.unique_destination_ports.protocol_6|netflow.unique_destination_ports.protocol_89|netflow.unique_destinations.protocol_17|netflow.unique_destinations.protocol_58|netflow.unique_destinations.protocol_6|netflow.unique_destinations.protocol_89|netflow.unique_source_ports.protocol_17|netflow.unique_source_ports.protocol_58|netflow.unique_source_ports.protocol_6|netflow.unique_source_ports.protocol_89|netflow.unique_sources.protocol_17|netflow.unique_sources.protocol_58|netflow.unique_sources.protocol_6|netflow.unique_sources.protocol_89,flow observer interface; physical peer is unverified
observes_netflow_interface,xian-br-2,interface:xian-br-2:ens4,netflow,edge_registry,node|interface_id,netflow.bytes.protocol_17|netflow.bytes.protocol_255|netflow.bytes.protocol_58|netflow.bytes.protocol_6|netflow.flow_records.protocol_17|netflow.flow_records.protocol_255|netflow.flow_records.protocol_58|netflow.flow_records.protocol_6|netflow.packets.protocol_17|netflow.packets.protocol_255|netflow.packets.protocol_58|netflow.packets.protocol_6|netflow.protocol_byte_share.protocol_17|netflow.protocol_byte_share.protocol_255|netflow.protocol_byte_share.protocol_58|netflow.protocol_byte_share.protocol_6|netflow.unique_destination_ports.protocol_17|netflow.unique_destination_ports.protocol_255|netflow.unique_destination_ports.protocol_58|netflow.unique_destination_ports.protocol_6|netflow.unique_destinations.protocol_17|netflow.unique_destinations.protocol_255|netflow.unique_destinations.protocol_58|netflow.unique_destinations.protocol_6|netflow.unique_source_ports.protocol_17|netflow.unique_source_ports.protocol_255|netflow.unique_source_ports.protocol_58|netflow.unique_source_ports.protocol_6|netflow.unique_sources.protocol_17|netflow.unique_sources.protocol_255|netflow.unique_sources.protocol_58|netflow.unique_sources.protocol_6,flow observer interface; physical peer is unverified
observes_netflow_interface,xian-br-2,interface:xian-br-2:ens5,netflow,edge_registry,node|interface_id,netflow.bytes.protocol_17|netflow.bytes.protocol_58|netflow.bytes.protocol_6|netflow.bytes.protocol_89|netflow.flow_records.protocol_17|netflow.flow_records.protocol_58|netflow.flow_records.protocol_6|netflow.flow_records.protocol_89|netflow.packets.protocol_17|netflow.packets.protocol_58|netflow.packets.protocol_6|netflow.packets.protocol_89|netflow.protocol_byte_share.protocol_17|netflow.protocol_byte_share.protocol_58|netflow.protocol_byte_share.protocol_6|netflow.protocol_byte_share.protocol_89|netflow.unique_destination_ports.protocol_17|netflow.unique_destination_ports.protocol_58|netflow.unique_destination_ports.protocol_6|netflow.unique_destination_ports.protocol_89|netflow.unique_destinations.protocol_17|netflow.unique_destinations.protocol_58|netflow.unique_destinations.protocol_6|netflow.unique_destinations.protocol_89|netflow.unique_source_ports.protocol_17|netflow.unique_source_ports.protocol_58|netflow.unique_source_ports.protocol_6|netflow.unique_source_ports.protocol_89|netflow.unique_sources.protocol_17|netflow.unique_sources.protocol_58|netflow.unique_sources.protocol_6|netflow.unique_sources.protocol_89,flow observer interface; physical peer is unverified
observes_netflow_interface,xian-cr-1,interface:xian-cr-1:ens4,netflow,edge_registry,node|interface_id,netflow.bytes.protocol_17|netflow.bytes.protocol_58|netflow.bytes.protocol_6|netflow.bytes.protocol_89|netflow.flow_records.protocol_17|netflow.flow_records.protocol_58|netflow.flow_records.protocol_6|netflow.flow_records.protocol_89|netflow.packets.protocol_17|netflow.packets.protocol_58|netflow.packets.protocol_6|netflow.packets.protocol_89|netflow.protocol_byte_share.protocol_17|netflow.protocol_byte_share.protocol_58|netflow.protocol_byte_share.protocol_6|netflow.protocol_byte_share.protocol_89|netflow.unique_destination_ports.protocol_17|netflow.unique_destination_ports.protocol_58|netflow.unique_destination_ports.protocol_6|netflow.unique_destination_ports.protocol_89|netflow.unique_destinations.protocol_17|netflow.unique_destinations.protocol_58|netflow.unique_destinations.protocol_6|netflow.unique_destinations.protocol_89|netflow.unique_source_ports.protocol_17|netflow.unique_source_ports.protocol_58|netflow.unique_source_ports.protocol_6|netflow.unique_source_ports.protocol_89|netflow.unique_sources.protocol_17|netflow.unique_sources.protocol_58|netflow.unique_sources.protocol_6|netflow.unique_sources.protocol_89,flow observer interface; physical peer is unverified
observes_netflow_interface,xian-cr-1,interface:xian-cr-1:ens5,netflow,edge_registry,node|interface_id,netflow.bytes.protocol_17|netflow.bytes.protocol_58|netflow.bytes.protocol_6|netflow.bytes.protocol_89|netflow.flow_records.protocol_17|netflow.flow_records.protocol_58|netflow.flow_records.protocol_6|netflow.flow_records.protocol_89|netflow.packets.protocol_17|netflow.packets.protocol_58|netflow.packets.protocol_6|netflow.packets.protocol_89|netflow.protocol_byte_share.protocol_17|netflow.protocol_byte_share.protocol_58|netflow.protocol_byte_share.protocol_6|netflow.protocol_byte_share.protocol_89|netflow.unique_destination_ports.protocol_17|netflow.unique_destination_ports.protocol_58|netflow.unique_destination_ports.protocol_6|netflow.unique_destination_ports.protocol_89|netflow.unique_destinations.protocol_17|netflow.unique_destinations.protocol_58|netflow.unique_destinations.protocol_6|netflow.unique_destinations.protocol_89|netflow.unique_source_ports.protocol_17|netflow.unique_source_ports.protocol_58|netflow.unique_source_ports.protocol_6|netflow.unique_source_ports.protocol_89|netflow.unique_sources.protocol_17|netflow.unique_sources.protocol_58|netflow.unique_sources.protocol_6|netflow.unique_sources.protocol_89,flow observer interface; physical peer is unverified
observes_netflow_interface,xian-cr-2,interface:xian-cr-2:ens4,netflow,edge_registry,node|interface_id,netflow.bytes.protocol_17|netflow.bytes.protocol_58|netflow.bytes.protocol_6|netflow.bytes.protocol_89|netflow.flow_records.protocol_17|netflow.flow_records.protocol_58|netflow.flow_records.protocol_6|netflow.flow_records.protocol_89|netflow.packets.protocol_17|netflow.packets.protocol_58|netflow.packets.protocol_6|netflow.packets.protocol_89|netflow.protocol_byte_share.protocol_17|netflow.protocol_byte_share.protocol_58|netflow.protocol_byte_share.protocol_6|netflow.protocol_byte_share.protocol_89|netflow.unique_destination_ports.protocol_17|netflow.unique_destination_ports.protocol_58|netflow.unique_destination_ports.protocol_6|netflow.unique_destination_ports.protocol_89|netflow.unique_destinations.protocol_17|netflow.unique_destinations.protocol_58|netflow.unique_destinations.protocol_6|netflow.unique_destinations.protocol_89|netflow.unique_source_ports.protocol_17|netflow.unique_source_ports.protocol_58|netflow.unique_source_ports.protocol_6|netflow.unique_source_ports.protocol_89|netflow.unique_sources.protocol_17|netflow.unique_sources.protocol_58|netflow.unique_sources.protocol_6|netflow.unique_sources.protocol_89,flow observer interface; physical peer is unverified
observes_netflow_interface,xian-cr-2,interface:xian-cr-2:ens5,netflow,edge_registry,node|interface_id,netflow.bytes.protocol_17|netflow.bytes.protocol_58|netflow.bytes.protocol_6|netflow.bytes.protocol_89|netflow.flow_records.protocol_17|netflow.flow_records.protocol_58|netflow.flow_records.protocol_6|netflow.flow_records.protocol_89|netflow.packets.protocol_17|netflow.packets.protocol_58|netflow.packets.protocol_6|netflow.packets.protocol_89|netflow.protocol_byte_share.protocol_17|netflow.protocol_byte_share.protocol_58|netflow.protocol_byte_share.protocol_6|netflow.protocol_byte_share.protocol_89|netflow.unique_destination_ports.protocol_17|netflow.unique_destination_ports.protocol_58|netflow.unique_destination_ports.protocol_6|netflow.unique_destination_ports.protocol_89|netflow.unique_destinations.protocol_17|netflow.unique_destinations.protocol_58|netflow.unique_destinations.protocol_6|netflow.unique_destinations.protocol_89|netflow.unique_source_ports.protocol_17|netflow.unique_source_ports.protocol_58|netflow.unique_source_ports.protocol_6|netflow.unique_source_ports.protocol_89|netflow.unique_sources.protocol_17|netflow.unique_sources.protocol_58|netflow.unique_sources.protocol_6|netflow.unique_sources.protocol_89,flow observer interface; physical peer is unverified
owns_observed_interface,beida-br-1,interface:beida-br-1:ens10,interface,dimension_sidecar,interface_id,interface.carrier_changes|interface.rx_bytes_rate|interface.rx_drop_rate|interface.rx_error_rate|interface.rx_packets_rate|interface.tx_bytes_rate|interface.tx_drop_rate|interface.tx_error_rate|interface.tx_packets_rate,same observation names node and interface; peer is unverified
owns_observed_interface,beida-br-1,interface:beida-br-1:ens11,interface,dimension_sidecar,interface_id,interface.carrier_changes|interface.rx_bytes_rate|interface.rx_drop_rate|interface.rx_error_rate|interface.rx_packets_rate|interface.tx_bytes_rate|interface.tx_drop_rate|interface.tx_error_rate|interface.tx_packets_rate,same observation names node and interface; peer is unverified
owns_observed_interface,beida-br-1,interface:beida-br-1:ens12,interface,dimension_sidecar,interface_id,interface.carrier_changes|interface.rx_bytes_rate|interface.rx_drop_rate|interface.rx_error_rate|interface.rx_packets_rate|interface.tx_bytes_rate|interface.tx_drop_rate|interface.tx_error_rate|interface.tx_packets_rate,same observation names node and interface; peer is unverified
owns_observed_interface,beida-br-1,interface:beida-br-1:ens3,interface,dimension_sidecar,interface_id,interface.carrier_changes|interface.rx_bytes_rate|interface.rx_drop_rate|interface.rx_error_rate|interface.rx_packets_rate|interface.tx_bytes_rate|interface.tx_drop_rate|interface.tx_error_rate|interface.tx_packets_rate,same observation names node and interface; peer is unverified
owns_observed_interface,beida-br-1,interface:beida-br-1:ens4,interface,dimension_sidecar,interface_id,interface.carrier_changes|interface.rx_bytes_rate|interface.rx_drop_rate|interface.rx_error_rate|interface.rx_packets_rate|interface.tx_bytes_rate|interface.tx_drop_rate|interface.tx_error_rate|interface.tx_packets_rate,same observation names node and interface; peer is unverified
owns_observed_interface,beida-br-1,interface:beida-br-1:ens5,interface,dimension_sidecar,interface_id,interface.carrier_changes|interface.rx_bytes_rate|interface.rx_drop_rate|interface.rx_error_rate|interface.rx_packets_rate|interface.tx_bytes_rate|interface.tx_drop_rate|interface.tx_error_rate|interface.tx_packets_rate,same observation names node and interface; peer is unverified
owns_observed_interface,beida-br-1,interface:beida-br-1:ens6,interface,dimension_sidecar,interface_id,interface.carrier_changes|interface.rx_bytes_rate|interface.rx_drop_rate|interface.rx_error_rate|interface.rx_packets_rate|interface.tx_bytes_rate|interface.tx_drop_rate|interface.tx_error_rate|interface.tx_packets_rate,same observation names node and interface; peer is unverified
owns_observed_interface,beida-br-1,interface:beida-br-1:ens7,interface,dimension_sidecar,interface_id,interface.carrier_changes|interface.rx_bytes_rate|interface.rx_drop_rate|interface.rx_error_rate|interface.rx_packets_rate|interface.tx_bytes_rate|interface.tx_drop_rate|interface.tx_error_rate|interface.tx_packets_rate,same observation names node and interface; peer is unverified
owns_observed_interface,beida-br-1,interface:beida-br-1:ens8,interface,dimension_sidecar,interface_id,interface.carrier_changes|interface.rx_bytes_rate|interface.rx_drop_rate|interface.rx_error_rate|interface.rx_packets_rate|interface.tx_bytes_rate|interface.tx_drop_rate|interface.tx_error_rate|interface.tx_packets_rate,same observation names node and interface; peer is unverified
owns_observed_interface,beida-br-1,interface:beida-br-1:ens9,interface,dimension_sidecar,interface_id,interface.carrier_changes|interface.rx_bytes_rate|interface.rx_drop_rate|interface.rx_error_rate|interface.rx_packets_rate|interface.tx_bytes_rate|interface.tx_drop_rate|interface.tx_error_rate|interface.tx_packets_rate,same observation names node and interface; peer is unverified
owns_observed_interface,beida-br-2,interface:beida-br-2:ens10,interface,dimension_sidecar,interface_id,interface.carrier_changes|interface.rx_bytes_rate|interface.rx_drop_rate|interface.rx_error_rate|interface.rx_packets_rate|interface.tx_bytes_rate|interface.tx_drop_rate|interface.tx_error_rate|interface.tx_packets_rate,same observation names node and interface; peer is unverified
owns_observed_interface,beida-br-2,interface:beida-br-2:ens11,interface,dimension_sidecar,interface_id,interface.carrier_changes|interface.rx_bytes_rate|interface.rx_drop_rate|interface.rx_error_rate|interface.rx_packets_rate|interface.tx_bytes_rate|interface.tx_drop_rate|interface.tx_error_rate|interface.tx_packets_rate,same observation names node and interface; peer is unverified
owns_observed_interface,beida-br-2,interface:beida-br-2:ens12,interface,dimension_sidecar,interface_id,interface.carrier_changes|interface.rx_bytes_rate|interface.rx_drop_rate|interface.rx_error_rate|interface.rx_packets_rate|interface.tx_bytes_rate|interface.tx_drop_rate|interface.tx_error_rate|interface.tx_packets_rate,same observation names node and interface; peer is unverified
owns_observed_interface,beida-br-2,interface:beida-br-2:ens3,interface,dimension_sidecar,interface_id,interface.carrier_changes|interface.rx_bytes_rate|interface.rx_drop_rate|interface.rx_error_rate|interface.rx_packets_rate|interface.tx_bytes_rate|interface.tx_drop_rate|interface.tx_error_rate|interface.tx_packets_rate,same observation names node and interface; peer is unverified
owns_observed_interface,beida-br-2,interface:beida-br-2:ens4,interface,dimension_sidecar,interface_id,interface.carrier_changes|interface.rx_bytes_rate|interface.rx_drop_rate|interface.rx_error_rate|interface.rx_packets_rate|interface.tx_bytes_rate|interface.tx_drop_rate|interface.tx_error_rate|interface.tx_packets_rate,same observation names node and interface; peer is unverified
owns_observed_interface,beida-br-2,interface:beida-br-2:ens5,interface,dimension_sidecar,interface_id,interface.carrier_changes|interface.rx_bytes_rate|interface.rx_drop_rate|interface.rx_error_rate|interface.rx_packets_rate|interface.tx_bytes_rate|interface.tx_drop_rate|interface.tx_error_rate|interface.tx_packets_rate,same observation names node and interface; peer is unverified
owns_observed_interface,beida-br-2,interface:beida-br-2:ens6,interface,dimension_sidecar,interface_id,interface.carrier_changes|interface.rx_bytes_rate|interface.rx_drop_rate|interface.rx_error_rate|interface.rx_packets_rate|interface.tx_bytes_rate|interface.tx_drop_rate|interface.tx_error_rate|interface.tx_packets_rate,same observation names node and interface; peer is unverified
owns_observed_interface,beida-br-2,interface:beida-br-2:ens7,interface,dimension_sidecar,interface_id,interface.carrier_changes|interface.rx_bytes_rate|interface.rx_drop_rate|interface.rx_error_rate|interface.rx_packets_rate|interface.tx_bytes_rate|interface.tx_drop_rate|interface.tx_error_rate|interface.tx_packets_rate,same observation names node and interface; peer is unverified
owns_observed_interface,beida-br-2,interface:beida-br-2:ens8,interface,dimension_sidecar,interface_id,interface.carrier_changes|interface.rx_bytes_rate|interface.rx_drop_rate|interface.rx_error_rate|interface.rx_packets_rate|interface.tx_bytes_rate|interface.tx_drop_rate|interface.tx_error_rate|interface.tx_packets_rate,same observation names node and interface; peer is unverified
owns_observed_interface,beida-br-2,interface:beida-br-2:ens9,interface,dimension_sidecar,interface_id,interface.carrier_changes|interface.rx_bytes_rate|interface.rx_drop_rate|interface.rx_error_rate|interface.rx_packets_rate|interface.tx_bytes_rate|interface.tx_drop_rate|interface.tx_error_rate|interface.tx_packets_rate,same observation names node and interface; peer is unverified
owns_observed_interface,beida-cr-1,interface:beida-cr-1:ens10,interface,dimension_sidecar,interface_id,interface.carrier_changes|interface.rx_bytes_rate|interface.rx_drop_rate|interface.rx_error_rate|interface.rx_packets_rate|interface.tx_bytes_rate|interface.tx_drop_rate|interface.tx_error_rate|interface.tx_packets_rate,same observation names node and interface; peer is unverified
owns_observed_interface,beida-cr-1,interface:beida-cr-1:ens11,interface,dimension_sidecar,interface_id,interface.carrier_changes|interface.rx_bytes_rate|interface.rx_drop_rate|interface.rx_error_rate|interface.rx_packets_rate|interface.tx_bytes_rate|interface.tx_drop_rate|interface.tx_error_rate|interface.tx_packets_rate,same observation names node and interface; peer is unverified
owns_observed_interface,beida-cr-1,interface:beida-cr-1:ens12,interface,dimension_sidecar,interface_id,interface.carrier_changes|interface.rx_bytes_rate|interface.rx_drop_rate|interface.rx_error_rate|interface.rx_packets_rate|interface.tx_bytes_rate|interface.tx_drop_rate|interface.tx_error_rate|interface.tx_packets_rate,same observation names node and interface; peer is unverified
owns_observed_interface,beida-cr-1,interface:beida-cr-1:ens3,interface,dimension_sidecar,interface_id,interface.carrier_changes|interface.rx_bytes_rate|interface.rx_drop_rate|interface.rx_error_rate|interface.rx_packets_rate|interface.tx_bytes_rate|interface.tx_drop_rate|interface.tx_error_rate|interface.tx_packets_rate,same observation names node and interface; peer is unverified
owns_observed_interface,beida-cr-1,interface:beida-cr-1:ens4,interface,dimension_sidecar,interface_id,interface.carrier_changes|interface.rx_bytes_rate|interface.rx_drop_rate|interface.rx_error_rate|interface.rx_packets_rate|interface.tx_bytes_rate|interface.tx_drop_rate|interface.tx_error_rate|interface.tx_packets_rate,same observation names node and interface; peer is unverified
owns_observed_interface,beida-cr-1,interface:beida-cr-1:ens5,interface,dimension_sidecar,interface_id,interface.carrier_changes|interface.rx_bytes_rate|interface.rx_drop_rate|interface.rx_error_rate|interface.rx_packets_rate|interface.tx_bytes_rate|interface.tx_drop_rate|interface.tx_error_rate|interface.tx_packets_rate,same observation names node and interface; peer is unverified
owns_observed_interface,beida-cr-1,interface:beida-cr-1:ens6,interface,dimension_sidecar,interface_id,interface.carrier_changes|interface.rx_bytes_rate|interface.rx_drop_rate|interface.rx_error_rate|interface.rx_packets_rate|interface.tx_bytes_rate|interface.tx_drop_rate|interface.tx_error_rate|interface.tx_packets_rate,same observation names node and interface; peer is unverified
owns_observed_interface,beida-cr-1,interface:beida-cr-1:ens7,interface,dimension_sidecar,interface_id,interface.carrier_changes|interface.rx_bytes_rate|interface.rx_drop_rate|interface.rx_error_rate|interface.rx_packets_rate|interface.tx_bytes_rate|interface.tx_drop_rate|interface.tx_error_rate|interface.tx_packets_rate,same observation names node and interface; peer is unverified
owns_observed_interface,beida-cr-1,interface:beida-cr-1:ens8,interface,dimension_sidecar,interface_id,interface.carrier_changes|interface.rx_bytes_rate|interface.rx_drop_rate|interface.rx_error_rate|interface.rx_packets_rate|interface.tx_bytes_rate|interface.tx_drop_rate|interface.tx_error_rate|interface.tx_packets_rate,same observation names node and interface; peer is unverified
owns_observed_interface,beida-cr-1,interface:beida-cr-1:ens9,interface,dimension_sidecar,interface_id,interface.carrier_changes|interface.rx_bytes_rate|interface.rx_drop_rate|interface.rx_error_rate|interface.rx_packets_rate|interface.tx_bytes_rate|interface.tx_drop_rate|interface.tx_error_rate|interface.tx_packets_rate,same observation names node and interface; peer is unverified
owns_observed_interface,beida-cr-2,interface:beida-cr-2:ens10,interface,dimension_sidecar,interface_id,interface.carrier_changes|interface.rx_bytes_rate|interface.rx_drop_rate|interface.rx_error_rate|interface.rx_packets_rate|interface.tx_bytes_rate|interface.tx_drop_rate|interface.tx_error_rate|interface.tx_packets_rate,same observation names node and interface; peer is unverified
owns_observed_interface,beida-cr-2,interface:beida-cr-2:ens11,interface,dimension_sidecar,interface_id,interface.carrier_changes|interface.rx_bytes_rate|interface.rx_drop_rate|interface.rx_error_rate|interface.rx_packets_rate|interface.tx_bytes_rate|interface.tx_drop_rate|interface.tx_error_rate|interface.tx_packets_rate,same observation names node and interface; peer is unverified
owns_observed_interface,beida-cr-2,interface:beida-cr-2:ens12,interface,dimension_sidecar,interface_id,interface.carrier_changes|interface.rx_bytes_rate|interface.rx_drop_rate|interface.rx_error_rate|interface.rx_packets_rate|interface.tx_bytes_rate|interface.tx_drop_rate|interface.tx_error_rate|interface.tx_packets_rate,same observation names node and interface; peer is unverified
owns_observed_interface,beida-cr-2,interface:beida-cr-2:ens3,interface,dimension_sidecar,interface_id,interface.carrier_changes|interface.rx_bytes_rate|interface.rx_drop_rate|interface.rx_error_rate|interface.rx_packets_rate|interface.tx_bytes_rate|interface.tx_drop_rate|interface.tx_error_rate|interface.tx_packets_rate,same observation names node and interface; peer is unverified
owns_observed_interface,beida-cr-2,interface:beida-cr-2:ens4,interface,dimension_sidecar,interface_id,interface.carrier_changes|interface.rx_bytes_rate|interface.rx_drop_rate|interface.rx_error_rate|interface.rx_packets_rate|interface.tx_bytes_rate|interface.tx_drop_rate|interface.tx_error_rate|interface.tx_packets_rate,same observation names node and interface; peer is unverified
owns_observed_interface,beida-cr-2,interface:beida-cr-2:ens5,interface,dimension_sidecar,interface_id,interface.carrier_changes|interface.rx_bytes_rate|interface.rx_drop_rate|interface.rx_error_rate|interface.rx_packets_rate|interface.tx_bytes_rate|interface.tx_drop_rate|interface.tx_error_rate|interface.tx_packets_rate,same observation names node and interface; peer is unverified
owns_observed_interface,beida-cr-2,interface:beida-cr-2:ens6,interface,dimension_sidecar,interface_id,interface.carrier_changes|interface.rx_bytes_rate|interface.rx_drop_rate|interface.rx_error_rate|interface.rx_packets_rate|interface.tx_bytes_rate|interface.tx_drop_rate|interface.tx_error_rate|interface.tx_packets_rate,same observation names node and interface; peer is unverified
owns_observed_interface,beida-cr-2,interface:beida-cr-2:ens7,interface,dimension_sidecar,interface_id,interface.carrier_changes|interface.rx_bytes_rate|interface.rx_drop_rate|interface.rx_error_rate|interface.rx_packets_rate|interface.tx_bytes_rate|interface.tx_drop_rate|interface.tx_error_rate|interface.tx_packets_rate,same observation names node and interface; peer is unverified
owns_observed_interface,beida-cr-2,interface:beida-cr-2:ens8,interface,dimension_sidecar,interface_id,interface.carrier_changes|interface.rx_bytes_rate|interface.rx_drop_rate|interface.rx_error_rate|interface.rx_packets_rate|interface.tx_bytes_rate|interface.tx_drop_rate|interface.tx_error_rate|interface.tx_packets_rate,same observation names node and interface; peer is unverified
owns_observed_interface,beida-cr-2,interface:beida-cr-2:ens9,interface,dimension_sidecar,interface_id,interface.carrier_changes|interface.rx_bytes_rate|interface.rx_drop_rate|interface.rx_error_rate|interface.rx_packets_rate|interface.tx_bytes_rate|interface.tx_drop_rate|interface.tx_error_rate|interface.tx_packets_rate,same observation names node and interface; peer is unverified
owns_observed_interface,beida-fw,interface:beida-fw:ens3,interface,dimension_sidecar,interface_id,interface.carrier_changes|interface.rx_bytes_rate|interface.rx_drop_rate|interface.rx_error_rate|interface.rx_packets_rate|interface.tx_bytes_rate|interface.tx_drop_rate|interface.tx_error_rate|interface.tx_packets_rate,same observation names node and interface; peer is unverified
owns_observed_interface,beida-fw,interface:beida-fw:ens4,interface,dimension_sidecar,interface_id,interface.carrier_changes|interface.rx_bytes_rate|interface.rx_drop_rate|interface.rx_error_rate|interface.rx_packets_rate|interface.tx_bytes_rate|interface.tx_drop_rate|interface.tx_error_rate|interface.tx_packets_rate,same observation names node and interface; peer is unverified
owns_observed_interface,beida-fw,interface:beida-fw:ens5,interface,dimension_sidecar,interface_id,interface.carrier_changes|interface.rx_bytes_rate|interface.rx_drop_rate|interface.rx_error_rate|interface.rx_packets_rate|interface.tx_bytes_rate|interface.tx_drop_rate|interface.tx_error_rate|interface.tx_packets_rate,same observation names node and interface; peer is unverified
owns_observed_interface,beida-fw,interface:beida-fw:ens6,interface,dimension_sidecar,interface_id,interface.carrier_changes|interface.rx_bytes_rate|interface.rx_drop_rate|interface.rx_error_rate|interface.rx_packets_rate|interface.tx_bytes_rate|interface.tx_drop_rate|interface.tx_error_rate|interface.tx_packets_rate,same observation names node and interface; peer is unverified
owns_observed_interface,beida-service-vm-1,interface:beida-service-vm-1:ens3,interface,dimension_sidecar,interface_id,interface.carrier_changes|interface.rx_bytes_rate|interface.rx_drop_rate|interface.rx_error_rate|interface.rx_packets_rate|interface.tx_bytes_rate|interface.tx_drop_rate|interface.tx_error_rate|interface.tx_packets_rate,same observation names node and interface; peer is unverified
owns_observed_interface,beida-service-vm-1,interface:beida-service-vm-1:ens4,interface,dimension_sidecar,interface_id,interface.carrier_changes|interface.rx_bytes_rate|interface.rx_drop_rate|interface.rx_error_rate|interface.rx_packets_rate|interface.tx_bytes_rate|interface.tx_drop_rate|interface.tx_error_rate|interface.tx_packets_rate,same observation names node and interface; peer is unverified
owns_observed_interface,beida-service-vm-1,interface:beida-service-vm-1:ens5,interface,dimension_sidecar,interface_id,interface.carrier_changes|interface.rx_bytes_rate|interface.rx_drop_rate|interface.rx_error_rate|interface.rx_packets_rate|interface.tx_bytes_rate|interface.tx_drop_rate|interface.tx_error_rate|interface.tx_packets_rate,same observation names node and interface; peer is unverified
owns_observed_interface,beida-service-vm-1,interface:beida-service-vm-1:ens6,interface,dimension_sidecar,interface_id,interface.carrier_changes|interface.rx_bytes_rate|interface.rx_drop_rate|interface.rx_error_rate|interface.rx_packets_rate|interface.tx_bytes_rate|interface.tx_drop_rate|interface.tx_error_rate|interface.tx_packets_rate,same observation names node and interface; peer is unverified
owns_observed_interface,beida-service-vm-2,interface:beida-service-vm-2:ens3,interface,dimension_sidecar,interface_id,interface.carrier_changes|interface.rx_bytes_rate|interface.rx_drop_rate|interface.rx_error_rate|interface.rx_packets_rate|interface.tx_bytes_rate|interface.tx_drop_rate|interface.tx_error_rate|interface.tx_packets_rate,same observation names node and interface; peer is unverified
owns_observed_interface,beida-service-vm-2,interface:beida-service-vm-2:ens4,interface,dimension_sidecar,interface_id,interface.carrier_changes|interface.rx_bytes_rate|interface.rx_drop_rate|interface.rx_error_rate|interface.rx_packets_rate|interface.tx_bytes_rate|interface.tx_drop_rate|interface.tx_error_rate|interface.tx_packets_rate,same observation names node and interface; peer is unverified
owns_observed_interface,beida-service-vm-2,interface:beida-service-vm-2:ens5,interface,dimension_sidecar,interface_id,interface.carrier_changes|interface.rx_bytes_rate|interface.rx_drop_rate|interface.rx_error_rate|interface.rx_packets_rate|interface.tx_bytes_rate|interface.tx_drop_rate|interface.tx_error_rate|interface.tx_packets_rate,same observation names node and interface; peer is unverified
owns_observed_interface,beida-service-vm-2,interface:beida-service-vm-2:ens6,interface,dimension_sidecar,interface_id,interface.carrier_changes|interface.rx_bytes_rate|interface.rx_drop_rate|interface.rx_error_rate|interface.rx_packets_rate|interface.tx_bytes_rate|interface.tx_drop_rate|interface.tx_error_rate|interface.tx_packets_rate,same observation names node and interface; peer is unverified
owns_observed_interface,beida-service-vm-3,interface:beida-service-vm-3:ens3,interface,dimension_sidecar,interface_id,interface.carrier_changes|interface.rx_bytes_rate|interface.rx_drop_rate|interface.rx_error_rate|interface.rx_packets_rate|interface.tx_bytes_rate|interface.tx_drop_rate|interface.tx_error_rate|interface.tx_packets_rate,same observation names node and interface; peer is unverified
owns_observed_interface,beida-service-vm-3,interface:beida-service-vm-3:ens4,interface,dimension_sidecar,interface_id,interface.carrier_changes|interface.rx_bytes_rate|interface.rx_drop_rate|interface.rx_error_rate|interface.rx_packets_rate|interface.tx_bytes_rate|interface.tx_drop_rate|interface.tx_error_rate|interface.tx_packets_rate,same observation names node and interface; peer is unverified
owns_observed_interface,beida-service-vm-3,interface:beida-service-vm-3:ens5,interface,dimension_sidecar,interface_id,interface.carrier_changes|interface.rx_bytes_rate|interface.rx_drop_rate|interface.rx_error_rate|interface.rx_packets_rate|interface.tx_bytes_rate|interface.tx_drop_rate|interface.tx_error_rate|interface.tx_packets_rate,same observation names node and interface; peer is unverified
owns_observed_interface,beida-service-vm-3,interface:beida-service-vm-3:ens6,interface,dimension_sidecar,interface_id,interface.carrier_changes|interface.rx_bytes_rate|interface.rx_drop_rate|interface.rx_error_rate|interface.rx_packets_rate|interface.tx_bytes_rate|interface.tx_drop_rate|interface.tx_error_rate|interface.tx_packets_rate,same observation names node and interface; peer is unverified
owns_observed_interface,beida-traffic-vm,interface:beida-traffic-vm:ens3,interface,dimension_sidecar,interface_id,interface.carrier_changes|interface.rx_bytes_rate|interface.rx_drop_rate|interface.rx_error_rate|interface.rx_packets_rate|interface.tx_bytes_rate|interface.tx_drop_rate|interface.tx_error_rate|interface.tx_packets_rate,same observation names node and interface; peer is unverified
owns_observed_interface,beida-traffic-vm,interface:beida-traffic-vm:ens4,interface,dimension_sidecar,interface_id,interface.carrier_changes|interface.rx_bytes_rate|interface.rx_drop_rate|interface.rx_error_rate|interface.rx_packets_rate|interface.tx_bytes_rate|interface.tx_drop_rate|interface.tx_error_rate|interface.tx_packets_rate,same observation names node and interface; peer is unverified
owns_observed_interface,beida-traffic-vm,interface:beida-traffic-vm:ens5,interface,dimension_sidecar,interface_id,interface.carrier_changes|interface.rx_bytes_rate|interface.rx_drop_rate|interface.rx_error_rate|interface.rx_packets_rate|interface.tx_bytes_rate|interface.tx_drop_rate|interface.tx_error_rate|interface.tx_packets_rate,same observation names node and interface; peer is unverified
owns_observed_interface,beida-traffic-vm,interface:beida-traffic-vm:ens6,interface,dimension_sidecar,interface_id,interface.carrier_changes|interface.rx_bytes_rate|interface.rx_drop_rate|interface.rx_error_rate|interface.rx_packets_rate|interface.tx_bytes_rate|interface.tx_drop_rate|interface.tx_error_rate|interface.tx_packets_rate,same observation names node and interface; peer is unverified
owns_observed_interface,chengdu-br-1,interface:chengdu-br-1:ens10,interface,dimension_sidecar,interface_id,interface.carrier_changes|interface.rx_bytes_rate|interface.rx_drop_rate|interface.rx_error_rate|interface.rx_packets_rate|interface.tx_bytes_rate|interface.tx_drop_rate|interface.tx_error_rate|interface.tx_packets_rate,same observation names node and interface; peer is unverified
owns_observed_interface,chengdu-br-1,interface:chengdu-br-1:ens11,interface,dimension_sidecar,interface_id,interface.carrier_changes|interface.rx_bytes_rate|interface.rx_drop_rate|interface.rx_error_rate|interface.rx_packets_rate|interface.tx_bytes_rate|interface.tx_drop_rate|interface.tx_error_rate|interface.tx_packets_rate,same observation names node and interface; peer is unverified
owns_observed_interface,chengdu-br-1,interface:chengdu-br-1:ens12,interface,dimension_sidecar,interface_id,interface.carrier_changes|interface.rx_bytes_rate|interface.rx_drop_rate|interface.rx_error_rate|interface.rx_packets_rate|interface.tx_bytes_rate|interface.tx_drop_rate|interface.tx_error_rate|interface.tx_packets_rate,same observation names node and interface; peer is unverified
owns_observed_interface,chengdu-br-1,interface:chengdu-br-1:ens3,interface,dimension_sidecar,interface_id,interface.carrier_changes|interface.rx_bytes_rate|interface.rx_drop_rate|interface.rx_error_rate|interface.rx_packets_rate|interface.tx_bytes_rate|interface.tx_drop_rate|interface.tx_error_rate|interface.tx_packets_rate,same observation names node and interface; peer is unverified
owns_observed_interface,chengdu-br-1,interface:chengdu-br-1:ens4,interface,dimension_sidecar,interface_id,interface.carrier_changes|interface.rx_bytes_rate|interface.rx_drop_rate|interface.rx_error_rate|interface.rx_packets_rate|interface.tx_bytes_rate|interface.tx_drop_rate|interface.tx_error_rate|interface.tx_packets_rate,same observation names node and interface; peer is unverified
owns_observed_interface,chengdu-br-1,interface:chengdu-br-1:ens5,interface,dimension_sidecar,interface_id,interface.carrier_changes|interface.rx_bytes_rate|interface.rx_drop_rate|interface.rx_error_rate|interface.rx_packets_rate|interface.tx_bytes_rate|interface.tx_drop_rate|interface.tx_error_rate|interface.tx_packets_rate,same observation names node and interface; peer is unverified
owns_observed_interface,chengdu-br-1,interface:chengdu-br-1:ens6,interface,dimension_sidecar,interface_id,interface.carrier_changes|interface.rx_bytes_rate|interface.rx_drop_rate|interface.rx_error_rate|interface.rx_packets_rate|interface.tx_bytes_rate|interface.tx_drop_rate|interface.tx_error_rate|interface.tx_packets_rate,same observation names node and interface; peer is unverified
owns_observed_interface,chengdu-br-1,interface:chengdu-br-1:ens7,interface,dimension_sidecar,interface_id,interface.carrier_changes|interface.rx_bytes_rate|interface.rx_drop_rate|interface.rx_error_rate|interface.rx_packets_rate|interface.tx_bytes_rate|interface.tx_drop_rate|interface.tx_error_rate|interface.tx_packets_rate,same observation names node and interface; peer is unverified
owns_observed_interface,chengdu-br-1,interface:chengdu-br-1:ens8,interface,dimension_sidecar,interface_id,interface.carrier_changes|interface.rx_bytes_rate|interface.rx_drop_rate|interface.rx_error_rate|interface.rx_packets_rate|interface.tx_bytes_rate|interface.tx_drop_rate|interface.tx_error_rate|interface.tx_packets_rate,same observation names node and interface; peer is unverified
owns_observed_interface,chengdu-br-1,interface:chengdu-br-1:ens9,interface,dimension_sidecar,interface_id,interface.carrier_changes|interface.rx_bytes_rate|interface.rx_drop_rate|interface.rx_error_rate|interface.rx_packets_rate|interface.tx_bytes_rate|interface.tx_drop_rate|interface.tx_error_rate|interface.tx_packets_rate,same observation names node and interface; peer is unverified
owns_observed_interface,chengdu-br-2,interface:chengdu-br-2:ens10,interface,dimension_sidecar,interface_id,interface.carrier_changes|interface.rx_bytes_rate|interface.rx_drop_rate|interface.rx_error_rate|interface.rx_packets_rate|interface.tx_bytes_rate|interface.tx_drop_rate|interface.tx_error_rate|interface.tx_packets_rate,same observation names node and interface; peer is unverified
owns_observed_interface,chengdu-br-2,interface:chengdu-br-2:ens11,interface,dimension_sidecar,interface_id,interface.carrier_changes|interface.rx_bytes_rate|interface.rx_drop_rate|interface.rx_error_rate|interface.rx_packets_rate|interface.tx_bytes_rate|interface.tx_drop_rate|interface.tx_error_rate|interface.tx_packets_rate,same observation names node and interface; peer is unverified
owns_observed_interface,chengdu-br-2,interface:chengdu-br-2:ens12,interface,dimension_sidecar,interface_id,interface.carrier_changes|interface.rx_bytes_rate|interface.rx_drop_rate|interface.rx_error_rate|interface.rx_packets_rate|interface.tx_bytes_rate|interface.tx_drop_rate|interface.tx_error_rate|interface.tx_packets_rate,same observation names node and interface; peer is unverified
owns_observed_interface,chengdu-br-2,interface:chengdu-br-2:ens3,interface,dimension_sidecar,interface_id,interface.carrier_changes|interface.rx_bytes_rate|interface.rx_drop_rate|interface.rx_error_rate|interface.rx_packets_rate|interface.tx_bytes_rate|interface.tx_drop_rate|interface.tx_error_rate|interface.tx_packets_rate,same observation names node and interface; peer is unverified
owns_observed_interface,chengdu-br-2,interface:chengdu-br-2:ens4,interface,dimension_sidecar,interface_id,interface.carrier_changes|interface.rx_bytes_rate|interface.rx_drop_rate|interface.rx_error_rate|interface.rx_packets_rate|interface.tx_bytes_rate|interface.tx_drop_rate|interface.tx_error_rate|interface.tx_packets_rate,same observation names node and interface; peer is unverified
owns_observed_interface,chengdu-br-2,interface:chengdu-br-2:ens5,interface,dimension_sidecar,interface_id,interface.carrier_changes|interface.rx_bytes_rate|interface.rx_drop_rate|interface.rx_error_rate|interface.rx_packets_rate|interface.tx_bytes_rate|interface.tx_drop_rate|interface.tx_error_rate|interface.tx_packets_rate,same observation names node and interface; peer is unverified
owns_observed_interface,chengdu-br-2,interface:chengdu-br-2:ens6,interface,dimension_sidecar,interface_id,interface.carrier_changes|interface.rx_bytes_rate|interface.rx_drop_rate|interface.rx_error_rate|interface.rx_packets_rate|interface.tx_bytes_rate|interface.tx_drop_rate|interface.tx_error_rate|interface.tx_packets_rate,same observation names node and interface; peer is unverified
owns_observed_interface,chengdu-br-2,interface:chengdu-br-2:ens7,interface,dimension_sidecar,interface_id,interface.carrier_changes|interface.rx_bytes_rate|interface.rx_drop_rate|interface.rx_error_rate|interface.rx_packets_rate|interface.tx_bytes_rate|interface.tx_drop_rate|interface.tx_error_rate|interface.tx_packets_rate,same observation names node and interface; peer is unverified
owns_observed_interface,chengdu-br-2,interface:chengdu-br-2:ens8,interface,dimension_sidecar,interface_id,interface.carrier_changes|interface.rx_bytes_rate|interface.rx_drop_rate|interface.rx_error_rate|interface.rx_packets_rate|interface.tx_bytes_rate|interface.tx_drop_rate|interface.tx_error_rate|interface.tx_packets_rate,same observation names node and interface; peer is unverified
owns_observed_interface,chengdu-br-2,interface:chengdu-br-2:ens9,interface,dimension_sidecar,interface_id,interface.carrier_changes|interface.rx_bytes_rate|interface.rx_drop_rate|interface.rx_error_rate|interface.rx_packets_rate|interface.tx_bytes_rate|interface.tx_drop_rate|interface.tx_error_rate|interface.tx_packets_rate,same observation names node and interface; peer is unverified
owns_observed_interface,chengdu-cr-1,interface:chengdu-cr-1:ens10,interface,dimension_sidecar,interface_id,interface.carrier_changes|interface.rx_bytes_rate|interface.rx_drop_rate|interface.rx_error_rate|interface.rx_packets_rate|interface.tx_bytes_rate|interface.tx_drop_rate|interface.tx_error_rate|interface.tx_packets_rate,same observation names node and interface; peer is unverified
owns_observed_interface,chengdu-cr-1,interface:chengdu-cr-1:ens11,interface,dimension_sidecar,interface_id,interface.carrier_changes|interface.rx_bytes_rate|interface.rx_drop_rate|interface.rx_error_rate|interface.rx_packets_rate|interface.tx_bytes_rate|interface.tx_drop_rate|interface.tx_error_rate|interface.tx_packets_rate,same observation names node and interface; peer is unverified
owns_observed_interface,chengdu-cr-1,interface:chengdu-cr-1:ens12,interface,dimension_sidecar,interface_id,interface.carrier_changes|interface.rx_bytes_rate|interface.rx_drop_rate|interface.rx_error_rate|interface.rx_packets_rate|interface.tx_bytes_rate|interface.tx_drop_rate|interface.tx_error_rate|interface.tx_packets_rate,same observation names node and interface; peer is unverified
owns_observed_interface,chengdu-cr-1,interface:chengdu-cr-1:ens3,interface,dimension_sidecar,interface_id,interface.carrier_changes|interface.rx_bytes_rate|interface.rx_drop_rate|interface.rx_error_rate|interface.rx_packets_rate|interface.tx_bytes_rate|interface.tx_drop_rate|interface.tx_error_rate|interface.tx_packets_rate,same observation names node and interface; peer is unverified
owns_observed_interface,chengdu-cr-1,interface:chengdu-cr-1:ens4,interface,dimension_sidecar,interface_id,interface.carrier_changes|interface.rx_bytes_rate|interface.rx_drop_rate|interface.rx_error_rate|interface.rx_packets_rate|interface.tx_bytes_rate|interface.tx_drop_rate|interface.tx_error_rate|interface.tx_packets_rate,same observation names node and interface; peer is unverified
owns_observed_interface,chengdu-cr-1,interface:chengdu-cr-1:ens5,interface,dimension_sidecar,interface_id,interface.carrier_changes|interface.rx_bytes_rate|interface.rx_drop_rate|interface.rx_error_rate|interface.rx_packets_rate|interface.tx_bytes_rate|interface.tx_drop_rate|interface.tx_error_rate|interface.tx_packets_rate,same observation names node and interface; peer is unverified
owns_observed_interface,chengdu-cr-1,interface:chengdu-cr-1:ens6,interface,dimension_sidecar,interface_id,interface.carrier_changes|interface.rx_bytes_rate|interface.rx_drop_rate|interface.rx_error_rate|interface.rx_packets_rate|interface.tx_bytes_rate|interface.tx_drop_rate|interface.tx_error_rate|interface.tx_packets_rate,same observation names node and interface; peer is unverified
owns_observed_interface,chengdu-cr-1,interface:chengdu-cr-1:ens7,interface,dimension_sidecar,interface_id,interface.carrier_changes|interface.rx_bytes_rate|interface.rx_drop_rate|interface.rx_error_rate|interface.rx_packets_rate|interface.tx_bytes_rate|interface.tx_drop_rate|interface.tx_error_rate|interface.tx_packets_rate,same observation names node and interface; peer is unverified
owns_observed_interface,chengdu-cr-1,interface:chengdu-cr-1:ens8,interface,dimension_sidecar,interface_id,interface.carrier_changes|interface.rx_bytes_rate|interface.rx_drop_rate|interface.rx_error_rate|interface.rx_packets_rate|interface.tx_bytes_rate|interface.tx_drop_rate|interface.tx_error_rate|interface.tx_packets_rate,same observation names node and interface; peer is unverified
owns_observed_interface,chengdu-cr-1,interface:chengdu-cr-1:ens9,interface,dimension_sidecar,interface_id,interface.carrier_changes|interface.rx_bytes_rate|interface.rx_drop_rate|interface.rx_error_rate|interface.rx_packets_rate|interface.tx_bytes_rate|interface.tx_drop_rate|interface.tx_error_rate|interface.tx_packets_rate,same observation names node and interface; peer is unverified
owns_observed_interface,chengdu-cr-2,interface:chengdu-cr-2:ens10,interface,dimension_sidecar,interface_id,interface.carrier_changes|interface.rx_bytes_rate|interface.rx_drop_rate|interface.rx_error_rate|interface.rx_packets_rate|interface.tx_bytes_rate|interface.tx_drop_rate|interface.tx_error_rate|interface.tx_packets_rate,same observation names node and interface; peer is unverified
owns_observed_interface,chengdu-cr-2,interface:chengdu-cr-2:ens11,interface,dimension_sidecar,interface_id,interface.carrier_changes|interface.rx_bytes_rate|interface.rx_drop_rate|interface.rx_error_rate|interface.rx_packets_rate|interface.tx_bytes_rate|interface.tx_drop_rate|interface.tx_error_rate|interface.tx_packets_rate,same observation names node and interface; peer is unverified
owns_observed_interface,chengdu-cr-2,interface:chengdu-cr-2:ens12,interface,dimension_sidecar,interface_id,interface.carrier_changes|interface.rx_bytes_rate|interface.rx_drop_rate|interface.rx_error_rate|interface.rx_packets_rate|interface.tx_bytes_rate|interface.tx_drop_rate|interface.tx_error_rate|interface.tx_packets_rate,same observation names node and interface; peer is unverified
owns_observed_interface,chengdu-cr-2,interface:chengdu-cr-2:ens3,interface,dimension_sidecar,interface_id,interface.carrier_changes|interface.rx_bytes_rate|interface.rx_drop_rate|interface.rx_error_rate|interface.rx_packets_rate|interface.tx_bytes_rate|interface.tx_drop_rate|interface.tx_error_rate|interface.tx_packets_rate,same observation names node and interface; peer is unverified
owns_observed_interface,chengdu-cr-2,interface:chengdu-cr-2:ens4,interface,dimension_sidecar,interface_id,interface.carrier_changes|interface.rx_bytes_rate|interface.rx_drop_rate|interface.rx_error_rate|interface.rx_packets_rate|interface.tx_bytes_rate|interface.tx_drop_rate|interface.tx_error_rate|interface.tx_packets_rate,same observation names node and interface; peer is unverified
owns_observed_interface,chengdu-cr-2,interface:chengdu-cr-2:ens5,interface,dimension_sidecar,interface_id,interface.carrier_changes|interface.rx_bytes_rate|interface.rx_drop_rate|interface.rx_error_rate|interface.rx_packets_rate|interface.tx_bytes_rate|interface.tx_drop_rate|interface.tx_error_rate|interface.tx_packets_rate,same observation names node and interface; peer is unverified
owns_observed_interface,chengdu-cr-2,interface:chengdu-cr-2:ens6,interface,dimension_sidecar,interface_id,interface.carrier_changes|interface.rx_bytes_rate|interface.rx_drop_rate|interface.rx_error_rate|interface.rx_packets_rate|interface.tx_bytes_rate|interface.tx_drop_rate|interface.tx_error_rate|interface.tx_packets_rate,same observation names node and interface; peer is unverified
owns_observed_interface,chengdu-cr-2,interface:chengdu-cr-2:ens7,interface,dimension_sidecar,interface_id,interface.carrier_changes|interface.rx_bytes_rate|interface.rx_drop_rate|interface.rx_error_rate|interface.rx_packets_rate|interface.tx_bytes_rate|interface.tx_drop_rate|interface.tx_error_rate|interface.tx_packets_rate,same observation names node and interface; peer is unverified
owns_observed_interface,chengdu-cr-2,interface:chengdu-cr-2:ens8,interface,dimension_sidecar,interface_id,interface.carrier_changes|interface.rx_bytes_rate|interface.rx_drop_rate|interface.rx_error_rate|interface.rx_packets_rate|interface.tx_bytes_rate|interface.tx_drop_rate|interface.tx_error_rate|interface.tx_packets_rate,same observation names node and interface; peer is unverified
owns_observed_interface,chengdu-cr-2,interface:chengdu-cr-2:ens9,interface,dimension_sidecar,interface_id,interface.carrier_changes|interface.rx_bytes_rate|interface.rx_drop_rate|interface.rx_error_rate|interface.rx_packets_rate|interface.tx_bytes_rate|interface.tx_drop_rate|interface.tx_error_rate|interface.tx_packets_rate,same observation names node and interface; peer is unverified
owns_observed_interface,chengdu-fw,interface:chengdu-fw:ens3,interface,dimension_sidecar,interface_id,interface.carrier_changes|interface.rx_bytes_rate|interface.rx_drop_rate|interface.rx_error_rate|interface.rx_packets_rate|interface.tx_bytes_rate|interface.tx_drop_rate|interface.tx_error_rate|interface.tx_packets_rate,same observation names node and interface; peer is unverified
owns_observed_interface,chengdu-fw,interface:chengdu-fw:ens4,interface,dimension_sidecar,interface_id,interface.carrier_changes|interface.rx_bytes_rate|interface.rx_drop_rate|interface.rx_error_rate|interface.rx_packets_rate|interface.tx_bytes_rate|interface.tx_drop_rate|interface.tx_error_rate|interface.tx_packets_rate,same observation names node and interface; peer is unverified
owns_observed_interface,chengdu-fw,interface:chengdu-fw:ens5,interface,dimension_sidecar,interface_id,interface.carrier_changes|interface.rx_bytes_rate|interface.rx_drop_rate|interface.rx_error_rate|interface.rx_packets_rate|interface.tx_bytes_rate|interface.tx_drop_rate|interface.tx_error_rate|interface.tx_packets_rate,same observation names node and interface; peer is unverified
owns_observed_interface,chengdu-fw,interface:chengdu-fw:ens6,interface,dimension_sidecar,interface_id,interface.carrier_changes|interface.rx_bytes_rate|interface.rx_drop_rate|interface.rx_error_rate|interface.rx_packets_rate|interface.tx_bytes_rate|interface.tx_drop_rate|interface.tx_error_rate|interface.tx_packets_rate,same observation names node and interface; peer is unverified
owns_observed_interface,chengdu-service-vm-1,interface:chengdu-service-vm-1:ens3,interface,dimension_sidecar,interface_id,interface.carrier_changes|interface.rx_bytes_rate|interface.rx_drop_rate|interface.rx_error_rate|interface.rx_packets_rate|interface.tx_bytes_rate|interface.tx_drop_rate|interface.tx_error_rate|interface.tx_packets_rate,same observation names node and interface; peer is unverified
owns_observed_interface,chengdu-service-vm-1,interface:chengdu-service-vm-1:ens4,interface,dimension_sidecar,interface_id,interface.carrier_changes|interface.rx_bytes_rate|interface.rx_drop_rate|interface.rx_error_rate|interface.rx_packets_rate|interface.tx_bytes_rate|interface.tx_drop_rate|interface.tx_error_rate|interface.tx_packets_rate,same observation names node and interface; peer is unverified
owns_observed_interface,chengdu-service-vm-1,interface:chengdu-service-vm-1:ens5,interface,dimension_sidecar,interface_id,interface.carrier_changes|interface.rx_bytes_rate|interface.rx_drop_rate|interface.rx_error_rate|interface.rx_packets_rate|interface.tx_bytes_rate|interface.tx_drop_rate|interface.tx_error_rate|interface.tx_packets_rate,same observation names node and interface; peer is unverified
owns_observed_interface,chengdu-service-vm-1,interface:chengdu-service-vm-1:ens6,interface,dimension_sidecar,interface_id,interface.carrier_changes|interface.rx_bytes_rate|interface.rx_drop_rate|interface.rx_error_rate|interface.rx_packets_rate|interface.tx_bytes_rate|interface.tx_drop_rate|interface.tx_error_rate|interface.tx_packets_rate,same observation names node and interface; peer is unverified
owns_observed_interface,chengdu-service-vm-2,interface:chengdu-service-vm-2:ens3,interface,dimension_sidecar,interface_id,interface.carrier_changes|interface.rx_bytes_rate|interface.rx_drop_rate|interface.rx_error_rate|interface.rx_packets_rate|interface.tx_bytes_rate|interface.tx_drop_rate|interface.tx_error_rate|interface.tx_packets_rate,same observation names node and interface; peer is unverified
owns_observed_interface,chengdu-service-vm-2,interface:chengdu-service-vm-2:ens4,interface,dimension_sidecar,interface_id,interface.carrier_changes|interface.rx_bytes_rate|interface.rx_drop_rate|interface.rx_error_rate|interface.rx_packets_rate|interface.tx_bytes_rate|interface.tx_drop_rate|interface.tx_error_rate|interface.tx_packets_rate,same observation names node and interface; peer is unverified
owns_observed_interface,chengdu-service-vm-2,interface:chengdu-service-vm-2:ens5,interface,dimension_sidecar,interface_id,interface.carrier_changes|interface.rx_bytes_rate|interface.rx_drop_rate|interface.rx_error_rate|interface.rx_packets_rate|interface.tx_bytes_rate|interface.tx_drop_rate|interface.tx_error_rate|interface.tx_packets_rate,same observation names node and interface; peer is unverified
owns_observed_interface,chengdu-service-vm-2,interface:chengdu-service-vm-2:ens6,interface,dimension_sidecar,interface_id,interface.carrier_changes|interface.rx_bytes_rate|interface.rx_drop_rate|interface.rx_error_rate|interface.rx_packets_rate|interface.tx_bytes_rate|interface.tx_drop_rate|interface.tx_error_rate|interface.tx_packets_rate,same observation names node and interface; peer is unverified
owns_observed_interface,chengdu-service-vm-3,interface:chengdu-service-vm-3:ens3,interface,dimension_sidecar,interface_id,interface.carrier_changes|interface.rx_bytes_rate|interface.rx_drop_rate|interface.rx_error_rate|interface.rx_packets_rate|interface.tx_bytes_rate|interface.tx_drop_rate|interface.tx_error_rate|interface.tx_packets_rate,same observation names node and interface; peer is unverified
owns_observed_interface,chengdu-service-vm-3,interface:chengdu-service-vm-3:ens4,interface,dimension_sidecar,interface_id,interface.carrier_changes|interface.rx_bytes_rate|interface.rx_drop_rate|interface.rx_error_rate|interface.rx_packets_rate|interface.tx_bytes_rate|interface.tx_drop_rate|interface.tx_error_rate|interface.tx_packets_rate,same observation names node and interface; peer is unverified
owns_observed_interface,chengdu-service-vm-3,interface:chengdu-service-vm-3:ens5,interface,dimension_sidecar,interface_id,interface.carrier_changes|interface.rx_bytes_rate|interface.rx_drop_rate|interface.rx_error_rate|interface.rx_packets_rate|interface.tx_bytes_rate|interface.tx_drop_rate|interface.tx_error_rate|interface.tx_packets_rate,same observation names node and interface; peer is unverified
owns_observed_interface,chengdu-service-vm-3,interface:chengdu-service-vm-3:ens6,interface,dimension_sidecar,interface_id,interface.carrier_changes|interface.rx_bytes_rate|interface.rx_drop_rate|interface.rx_error_rate|interface.rx_packets_rate|interface.tx_bytes_rate|interface.tx_drop_rate|interface.tx_error_rate|interface.tx_packets_rate,same observation names node and interface; peer is unverified
owns_observed_interface,chengdu-traffic-vm,interface:chengdu-traffic-vm:ens3,interface,dimension_sidecar,interface_id,interface.carrier_changes|interface.rx_bytes_rate|interface.rx_drop_rate|interface.rx_error_rate|interface.rx_packets_rate|interface.tx_bytes_rate|interface.tx_drop_rate|interface.tx_error_rate|interface.tx_packets_rate,same observation names node and interface; peer is unverified
owns_observed_interface,chengdu-traffic-vm,interface:chengdu-traffic-vm:ens4,interface,dimension_sidecar,interface_id,interface.carrier_changes|interface.rx_bytes_rate|interface.rx_drop_rate|interface.rx_error_rate|interface.rx_packets_rate|interface.tx_bytes_rate|interface.tx_drop_rate|interface.tx_error_rate|interface.tx_packets_rate,same observation names node and interface; peer is unverified
owns_observed_interface,chengdu-traffic-vm,interface:chengdu-traffic-vm:ens5,interface,dimension_sidecar,interface_id,interface.carrier_changes|interface.rx_bytes_rate|interface.rx_drop_rate|interface.rx_error_rate|interface.rx_packets_rate|interface.tx_bytes_rate|interface.tx_drop_rate|interface.tx_error_rate|interface.tx_packets_rate,same observation names node and interface; peer is unverified
owns_observed_interface,chengdu-traffic-vm,interface:chengdu-traffic-vm:ens6,interface,dimension_sidecar,interface_id,interface.carrier_changes|interface.rx_bytes_rate|interface.rx_drop_rate|interface.rx_error_rate|interface.rx_packets_rate|interface.tx_bytes_rate|interface.tx_drop_rate|interface.tx_error_rate|interface.tx_packets_rate,same observation names node and interface; peer is unverified
owns_observed_interface,guangzhou-br-1,interface:guangzhou-br-1:ens10,interface,dimension_sidecar,interface_id,interface.carrier_changes|interface.rx_bytes_rate|interface.rx_drop_rate|interface.rx_error_rate|interface.rx_packets_rate|interface.tx_bytes_rate|interface.tx_drop_rate|interface.tx_error_rate|interface.tx_packets_rate,same observation names node and interface; peer is unverified
owns_observed_interface,guangzhou-br-1,interface:guangzhou-br-1:ens11,interface,dimension_sidecar,interface_id,interface.carrier_changes|interface.rx_bytes_rate|interface.rx_drop_rate|interface.rx_error_rate|interface.rx_packets_rate|interface.tx_bytes_rate|interface.tx_drop_rate|interface.tx_error_rate|interface.tx_packets_rate,same observation names node and interface; peer is unverified
owns_observed_interface,guangzhou-br-1,interface:guangzhou-br-1:ens12,interface,dimension_sidecar,interface_id,interface.carrier_changes|interface.rx_bytes_rate|interface.rx_drop_rate|interface.rx_error_rate|interface.rx_packets_rate|interface.tx_bytes_rate|interface.tx_drop_rate|interface.tx_error_rate|interface.tx_packets_rate,same observation names node and interface; peer is unverified
owns_observed_interface,guangzhou-br-1,interface:guangzhou-br-1:ens3,interface,dimension_sidecar,interface_id,interface.carrier_changes|interface.rx_bytes_rate|interface.rx_drop_rate|interface.rx_error_rate|interface.rx_packets_rate|interface.tx_bytes_rate|interface.tx_drop_rate|interface.tx_error_rate|interface.tx_packets_rate,same observation names node and interface; peer is unverified
owns_observed_interface,guangzhou-br-1,interface:guangzhou-br-1:ens4,interface,dimension_sidecar,interface_id,interface.carrier_changes|interface.rx_bytes_rate|interface.rx_drop_rate|interface.rx_error_rate|interface.rx_packets_rate|interface.tx_bytes_rate|interface.tx_drop_rate|interface.tx_error_rate|interface.tx_packets_rate,same observation names node and interface; peer is unverified
owns_observed_interface,guangzhou-br-1,interface:guangzhou-br-1:ens5,interface,dimension_sidecar,interface_id,interface.carrier_changes|interface.rx_bytes_rate|interface.rx_drop_rate|interface.rx_error_rate|interface.rx_packets_rate|interface.tx_bytes_rate|interface.tx_drop_rate|interface.tx_error_rate|interface.tx_packets_rate,same observation names node and interface; peer is unverified
owns_observed_interface,guangzhou-br-1,interface:guangzhou-br-1:ens6,interface,dimension_sidecar,interface_id,interface.carrier_changes|interface.rx_bytes_rate|interface.rx_drop_rate|interface.rx_error_rate|interface.rx_packets_rate|interface.tx_bytes_rate|interface.tx_drop_rate|interface.tx_error_rate|interface.tx_packets_rate,same observation names node and interface; peer is unverified
owns_observed_interface,guangzhou-br-1,interface:guangzhou-br-1:ens7,interface,dimension_sidecar,interface_id,interface.carrier_changes|interface.rx_bytes_rate|interface.rx_drop_rate|interface.rx_error_rate|interface.rx_packets_rate|interface.tx_bytes_rate|interface.tx_drop_rate|interface.tx_error_rate|interface.tx_packets_rate,same observation names node and interface; peer is unverified
owns_observed_interface,guangzhou-br-1,interface:guangzhou-br-1:ens8,interface,dimension_sidecar,interface_id,interface.carrier_changes|interface.rx_bytes_rate|interface.rx_drop_rate|interface.rx_error_rate|interface.rx_packets_rate|interface.tx_bytes_rate|interface.tx_drop_rate|interface.tx_error_rate|interface.tx_packets_rate,same observation names node and interface; peer is unverified
owns_observed_interface,guangzhou-br-1,interface:guangzhou-br-1:ens9,interface,dimension_sidecar,interface_id,interface.carrier_changes|interface.rx_bytes_rate|interface.rx_drop_rate|interface.rx_error_rate|interface.rx_packets_rate|interface.tx_bytes_rate|interface.tx_drop_rate|interface.tx_error_rate|interface.tx_packets_rate,same observation names node and interface; peer is unverified
owns_observed_interface,guangzhou-br-2,interface:guangzhou-br-2:ens10,interface,dimension_sidecar,interface_id,interface.carrier_changes|interface.rx_bytes_rate|interface.rx_drop_rate|interface.rx_error_rate|interface.rx_packets_rate|interface.tx_bytes_rate|interface.tx_drop_rate|interface.tx_error_rate|interface.tx_packets_rate,same observation names node and interface; peer is unverified
owns_observed_interface,guangzhou-br-2,interface:guangzhou-br-2:ens11,interface,dimension_sidecar,interface_id,interface.carrier_changes|interface.rx_bytes_rate|interface.rx_drop_rate|interface.rx_error_rate|interface.rx_packets_rate|interface.tx_bytes_rate|interface.tx_drop_rate|interface.tx_error_rate|interface.tx_packets_rate,same observation names node and interface; peer is unverified
owns_observed_interface,guangzhou-br-2,interface:guangzhou-br-2:ens12,interface,dimension_sidecar,interface_id,interface.carrier_changes|interface.rx_bytes_rate|interface.rx_drop_rate|interface.rx_error_rate|interface.rx_packets_rate|interface.tx_bytes_rate|interface.tx_drop_rate|interface.tx_error_rate|interface.tx_packets_rate,same observation names node and interface; peer is unverified
owns_observed_interface,guangzhou-br-2,interface:guangzhou-br-2:ens3,interface,dimension_sidecar,interface_id,interface.carrier_changes|interface.rx_bytes_rate|interface.rx_drop_rate|interface.rx_error_rate|interface.rx_packets_rate|interface.tx_bytes_rate|interface.tx_drop_rate|interface.tx_error_rate|interface.tx_packets_rate,same observation names node and interface; peer is unverified
owns_observed_interface,guangzhou-br-2,interface:guangzhou-br-2:ens4,interface,dimension_sidecar,interface_id,interface.carrier_changes|interface.rx_bytes_rate|interface.rx_drop_rate|interface.rx_error_rate|interface.rx_packets_rate|interface.tx_bytes_rate|interface.tx_drop_rate|interface.tx_error_rate|interface.tx_packets_rate,same observation names node and interface; peer is unverified
owns_observed_interface,guangzhou-br-2,interface:guangzhou-br-2:ens5,interface,dimension_sidecar,interface_id,interface.carrier_changes|interface.rx_bytes_rate|interface.rx_drop_rate|interface.rx_error_rate|interface.rx_packets_rate|interface.tx_bytes_rate|interface.tx_drop_rate|interface.tx_error_rate|interface.tx_packets_rate,same observation names node and interface; peer is unverified
owns_observed_interface,guangzhou-br-2,interface:guangzhou-br-2:ens6,interface,dimension_sidecar,interface_id,interface.carrier_changes|interface.rx_bytes_rate|interface.rx_drop_rate|interface.rx_error_rate|interface.rx_packets_rate|interface.tx_bytes_rate|interface.tx_drop_rate|interface.tx_error_rate|interface.tx_packets_rate,same observation names node and interface; peer is unverified
owns_observed_interface,guangzhou-br-2,interface:guangzhou-br-2:ens7,interface,dimension_sidecar,interface_id,interface.carrier_changes|interface.rx_bytes_rate|interface.rx_drop_rate|interface.rx_error_rate|interface.rx_packets_rate|interface.tx_bytes_rate|interface.tx_drop_rate|interface.tx_error_rate|interface.tx_packets_rate,same observation names node and interface; peer is unverified
owns_observed_interface,guangzhou-br-2,interface:guangzhou-br-2:ens8,interface,dimension_sidecar,interface_id,interface.carrier_changes|interface.rx_bytes_rate|interface.rx_drop_rate|interface.rx_error_rate|interface.rx_packets_rate|interface.tx_bytes_rate|interface.tx_drop_rate|interface.tx_error_rate|interface.tx_packets_rate,same observation names node and interface; peer is unverified
owns_observed_interface,guangzhou-br-2,interface:guangzhou-br-2:ens9,interface,dimension_sidecar,interface_id,interface.carrier_changes|interface.rx_bytes_rate|interface.rx_drop_rate|interface.rx_error_rate|interface.rx_packets_rate|interface.tx_bytes_rate|interface.tx_drop_rate|interface.tx_error_rate|interface.tx_packets_rate,same observation names node and interface; peer is unverified
owns_observed_interface,guangzhou-cr-1,interface:guangzhou-cr-1:ens10,interface,dimension_sidecar,interface_id,interface.carrier_changes|interface.rx_bytes_rate|interface.rx_drop_rate|interface.rx_error_rate|interface.rx_packets_rate|interface.tx_bytes_rate|interface.tx_drop_rate|interface.tx_error_rate|interface.tx_packets_rate,same observation names node and interface; peer is unverified
owns_observed_interface,guangzhou-cr-1,interface:guangzhou-cr-1:ens11,interface,dimension_sidecar,interface_id,interface.carrier_changes|interface.rx_bytes_rate|interface.rx_drop_rate|interface.rx_error_rate|interface.rx_packets_rate|interface.tx_bytes_rate|interface.tx_drop_rate|interface.tx_error_rate|interface.tx_packets_rate,same observation names node and interface; peer is unverified
owns_observed_interface,guangzhou-cr-1,interface:guangzhou-cr-1:ens12,interface,dimension_sidecar,interface_id,interface.carrier_changes|interface.rx_bytes_rate|interface.rx_drop_rate|interface.rx_error_rate|interface.rx_packets_rate|interface.tx_bytes_rate|interface.tx_drop_rate|interface.tx_error_rate|interface.tx_packets_rate,same observation names node and interface; peer is unverified
owns_observed_interface,guangzhou-cr-1,interface:guangzhou-cr-1:ens3,interface,dimension_sidecar,interface_id,interface.carrier_changes|interface.rx_bytes_rate|interface.rx_drop_rate|interface.rx_error_rate|interface.rx_packets_rate|interface.tx_bytes_rate|interface.tx_drop_rate|interface.tx_error_rate|interface.tx_packets_rate,same observation names node and interface; peer is unverified
owns_observed_interface,guangzhou-cr-1,interface:guangzhou-cr-1:ens4,interface,dimension_sidecar,interface_id,interface.carrier_changes|interface.rx_bytes_rate|interface.rx_drop_rate|interface.rx_error_rate|interface.rx_packets_rate|interface.tx_bytes_rate|interface.tx_drop_rate|interface.tx_error_rate|interface.tx_packets_rate,same observation names node and interface; peer is unverified
owns_observed_interface,guangzhou-cr-1,interface:guangzhou-cr-1:ens5,interface,dimension_sidecar,interface_id,interface.carrier_changes|interface.rx_bytes_rate|interface.rx_drop_rate|interface.rx_error_rate|interface.rx_packets_rate|interface.tx_bytes_rate|interface.tx_drop_rate|interface.tx_error_rate|interface.tx_packets_rate,same observation names node and interface; peer is unverified
owns_observed_interface,guangzhou-cr-1,interface:guangzhou-cr-1:ens6,interface,dimension_sidecar,interface_id,interface.carrier_changes|interface.rx_bytes_rate|interface.rx_drop_rate|interface.rx_error_rate|interface.rx_packets_rate|interface.tx_bytes_rate|interface.tx_drop_rate|interface.tx_error_rate|interface.tx_packets_rate,same observation names node and interface; peer is unverified
owns_observed_interface,guangzhou-cr-1,interface:guangzhou-cr-1:ens7,interface,dimension_sidecar,interface_id,interface.carrier_changes|interface.rx_bytes_rate|interface.rx_drop_rate|interface.rx_error_rate|interface.rx_packets_rate|interface.tx_bytes_rate|interface.tx_drop_rate|interface.tx_error_rate|interface.tx_packets_rate,same observation names node and interface; peer is unverified
owns_observed_interface,guangzhou-cr-1,interface:guangzhou-cr-1:ens8,interface,dimension_sidecar,interface_id,interface.carrier_changes|interface.rx_bytes_rate|interface.rx_drop_rate|interface.rx_error_rate|interface.rx_packets_rate|interface.tx_bytes_rate|interface.tx_drop_rate|interface.tx_error_rate|interface.tx_packets_rate,same observation names node and interface; peer is unverified
owns_observed_interface,guangzhou-cr-1,interface:guangzhou-cr-1:ens9,interface,dimension_sidecar,interface_id,interface.carrier_changes|interface.rx_bytes_rate|interface.rx_drop_rate|interface.rx_error_rate|interface.rx_packets_rate|interface.tx_bytes_rate|interface.tx_drop_rate|interface.tx_error_rate|interface.tx_packets_rate,same observation names node and interface; peer is unverified
owns_observed_interface,guangzhou-cr-2,interface:guangzhou-cr-2:ens10,interface,dimension_sidecar,interface_id,interface.carrier_changes|interface.rx_bytes_rate|interface.rx_drop_rate|interface.rx_error_rate|interface.rx_packets_rate|interface.tx_bytes_rate|interface.tx_drop_rate|interface.tx_error_rate|interface.tx_packets_rate,same observation names node and interface; peer is unverified
owns_observed_interface,guangzhou-cr-2,interface:guangzhou-cr-2:ens11,interface,dimension_sidecar,interface_id,interface.carrier_changes|interface.rx_bytes_rate|interface.rx_drop_rate|interface.rx_error_rate|interface.rx_packets_rate|interface.tx_bytes_rate|interface.tx_drop_rate|interface.tx_error_rate|interface.tx_packets_rate,same observation names node and interface; peer is unverified
owns_observed_interface,guangzhou-cr-2,interface:guangzhou-cr-2:ens12,interface,dimension_sidecar,interface_id,interface.carrier_changes|interface.rx_bytes_rate|interface.rx_drop_rate|interface.rx_error_rate|interface.rx_packets_rate|interface.tx_bytes_rate|interface.tx_drop_rate|interface.tx_error_rate|interface.tx_packets_rate,same observation names node and interface; peer is unverified
owns_observed_interface,guangzhou-cr-2,interface:guangzhou-cr-2:ens3,interface,dimension_sidecar,interface_id,interface.carrier_changes|interface.rx_bytes_rate|interface.rx_drop_rate|interface.rx_error_rate|interface.rx_packets_rate|interface.tx_bytes_rate|interface.tx_drop_rate|interface.tx_error_rate|interface.tx_packets_rate,same observation names node and interface; peer is unverified
owns_observed_interface,guangzhou-cr-2,interface:guangzhou-cr-2:ens4,interface,dimension_sidecar,interface_id,interface.carrier_changes|interface.rx_bytes_rate|interface.rx_drop_rate|interface.rx_error_rate|interface.rx_packets_rate|interface.tx_bytes_rate|interface.tx_drop_rate|interface.tx_error_rate|interface.tx_packets_rate,same observation names node and interface; peer is unverified
owns_observed_interface,guangzhou-cr-2,interface:guangzhou-cr-2:ens5,interface,dimension_sidecar,interface_id,interface.carrier_changes|interface.rx_bytes_rate|interface.rx_drop_rate|interface.rx_error_rate|interface.rx_packets_rate|interface.tx_bytes_rate|interface.tx_drop_rate|interface.tx_error_rate|interface.tx_packets_rate,same observation names node and interface; peer is unverified
owns_observed_interface,guangzhou-cr-2,interface:guangzhou-cr-2:ens6,interface,dimension_sidecar,interface_id,interface.carrier_changes|interface.rx_bytes_rate|interface.rx_drop_rate|interface.rx_error_rate|interface.rx_packets_rate|interface.tx_bytes_rate|interface.tx_drop_rate|interface.tx_error_rate|interface.tx_packets_rate,same observation names node and interface; peer is unverified
owns_observed_interface,guangzhou-cr-2,interface:guangzhou-cr-2:ens7,interface,dimension_sidecar,interface_id,interface.carrier_changes|interface.rx_bytes_rate|interface.rx_drop_rate|interface.rx_error_rate|interface.rx_packets_rate|interface.tx_bytes_rate|interface.tx_drop_rate|interface.tx_error_rate|interface.tx_packets_rate,same observation names node and interface; peer is unverified
owns_observed_interface,guangzhou-cr-2,interface:guangzhou-cr-2:ens8,interface,dimension_sidecar,interface_id,interface.carrier_changes|interface.rx_bytes_rate|interface.rx_drop_rate|interface.rx_error_rate|interface.rx_packets_rate|interface.tx_bytes_rate|interface.tx_drop_rate|interface.tx_error_rate|interface.tx_packets_rate,same observation names node and interface; peer is unverified
owns_observed_interface,guangzhou-cr-2,interface:guangzhou-cr-2:ens9,interface,dimension_sidecar,interface_id,interface.carrier_changes|interface.rx_bytes_rate|interface.rx_drop_rate|interface.rx_error_rate|interface.rx_packets_rate|interface.tx_bytes_rate|interface.tx_drop_rate|interface.tx_error_rate|interface.tx_packets_rate,same observation names node and interface; peer is unverified
owns_observed_interface,guangzhou-fw,interface:guangzhou-fw:ens3,interface,dimension_sidecar,interface_id,interface.carrier_changes|interface.rx_bytes_rate|interface.rx_drop_rate|interface.rx_error_rate|interface.rx_packets_rate|interface.tx_bytes_rate|interface.tx_drop_rate|interface.tx_error_rate|interface.tx_packets_rate,same observation names node and interface; peer is unverified
owns_observed_interface,guangzhou-fw,interface:guangzhou-fw:ens4,interface,dimension_sidecar,interface_id,interface.carrier_changes|interface.rx_bytes_rate|interface.rx_drop_rate|interface.rx_error_rate|interface.rx_packets_rate|interface.tx_bytes_rate|interface.tx_drop_rate|interface.tx_error_rate|interface.tx_packets_rate,same observation names node and interface; peer is unverified
owns_observed_interface,guangzhou-fw,interface:guangzhou-fw:ens5,interface,dimension_sidecar,interface_id,interface.carrier_changes|interface.rx_bytes_rate|interface.rx_drop_rate|interface.rx_error_rate|interface.rx_packets_rate|interface.tx_bytes_rate|interface.tx_drop_rate|interface.tx_error_rate|interface.tx_packets_rate,same observation names node and interface; peer is unverified
owns_observed_interface,guangzhou-fw,interface:guangzhou-fw:ens6,interface,dimension_sidecar,interface_id,interface.carrier_changes|interface.rx_bytes_rate|interface.rx_drop_rate|interface.rx_error_rate|interface.rx_packets_rate|interface.tx_bytes_rate|interface.tx_drop_rate|interface.tx_error_rate|interface.tx_packets_rate,same observation names node and interface; peer is unverified
owns_observed_interface,guangzhou-service-vm-1,interface:guangzhou-service-vm-1:ens3,interface,dimension_sidecar,interface_id,interface.carrier_changes|interface.rx_bytes_rate|interface.rx_drop_rate|interface.rx_error_rate|interface.rx_packets_rate|interface.tx_bytes_rate|interface.tx_drop_rate|interface.tx_error_rate|interface.tx_packets_rate,same observation names node and interface; peer is unverified
owns_observed_interface,guangzhou-service-vm-1,interface:guangzhou-service-vm-1:ens4,interface,dimension_sidecar,interface_id,interface.carrier_changes|interface.rx_bytes_rate|interface.rx_drop_rate|interface.rx_error_rate|interface.rx_packets_rate|interface.tx_bytes_rate|interface.tx_drop_rate|interface.tx_error_rate|interface.tx_packets_rate,same observation names node and interface; peer is unverified
owns_observed_interface,guangzhou-service-vm-1,interface:guangzhou-service-vm-1:ens5,interface,dimension_sidecar,interface_id,interface.carrier_changes|interface.rx_bytes_rate|interface.rx_drop_rate|interface.rx_error_rate|interface.rx_packets_rate|interface.tx_bytes_rate|interface.tx_drop_rate|interface.tx_error_rate|interface.tx_packets_rate,same observation names node and interface; peer is unverified
owns_observed_interface,guangzhou-service-vm-1,interface:guangzhou-service-vm-1:ens6,interface,dimension_sidecar,interface_id,interface.carrier_changes|interface.rx_bytes_rate|interface.rx_drop_rate|interface.rx_error_rate|interface.rx_packets_rate|interface.tx_bytes_rate|interface.tx_drop_rate|interface.tx_error_rate|interface.tx_packets_rate,same observation names node and interface; peer is unverified
owns_observed_interface,guangzhou-service-vm-2,interface:guangzhou-service-vm-2:ens3,interface,dimension_sidecar,interface_id,interface.carrier_changes|interface.rx_bytes_rate|interface.rx_drop_rate|interface.rx_error_rate|interface.rx_packets_rate|interface.tx_bytes_rate|interface.tx_drop_rate|interface.tx_error_rate|interface.tx_packets_rate,same observation names node and interface; peer is unverified
owns_observed_interface,guangzhou-service-vm-2,interface:guangzhou-service-vm-2:ens4,interface,dimension_sidecar,interface_id,interface.carrier_changes|interface.rx_bytes_rate|interface.rx_drop_rate|interface.rx_error_rate|interface.rx_packets_rate|interface.tx_bytes_rate|interface.tx_drop_rate|interface.tx_error_rate|interface.tx_packets_rate,same observation names node and interface; peer is unverified
owns_observed_interface,guangzhou-service-vm-2,interface:guangzhou-service-vm-2:ens5,interface,dimension_sidecar,interface_id,interface.carrier_changes|interface.rx_bytes_rate|interface.rx_drop_rate|interface.rx_error_rate|interface.rx_packets_rate|interface.tx_bytes_rate|interface.tx_drop_rate|interface.tx_error_rate|interface.tx_packets_rate,same observation names node and interface; peer is unverified
owns_observed_interface,guangzhou-service-vm-2,interface:guangzhou-service-vm-2:ens6,interface,dimension_sidecar,interface_id,interface.carrier_changes|interface.rx_bytes_rate|interface.rx_drop_rate|interface.rx_error_rate|interface.rx_packets_rate|interface.tx_bytes_rate|interface.tx_drop_rate|interface.tx_error_rate|interface.tx_packets_rate,same observation names node and interface; peer is unverified
owns_observed_interface,guangzhou-service-vm-3,interface:guangzhou-service-vm-3:ens3,interface,dimension_sidecar,interface_id,interface.carrier_changes|interface.rx_bytes_rate|interface.rx_drop_rate|interface.rx_error_rate|interface.rx_packets_rate|interface.tx_bytes_rate|interface.tx_drop_rate|interface.tx_error_rate|interface.tx_packets_rate,same observation names node and interface; peer is unverified
owns_observed_interface,guangzhou-service-vm-3,interface:guangzhou-service-vm-3:ens4,interface,dimension_sidecar,interface_id,interface.carrier_changes|interface.rx_bytes_rate|interface.rx_drop_rate|interface.rx_error_rate|interface.rx_packets_rate|interface.tx_bytes_rate|interface.tx_drop_rate|interface.tx_error_rate|interface.tx_packets_rate,same observation names node and interface; peer is unverified
owns_observed_interface,guangzhou-service-vm-3,interface:guangzhou-service-vm-3:ens5,interface,dimension_sidecar,interface_id,interface.carrier_changes|interface.rx_bytes_rate|interface.rx_drop_rate|interface.rx_error_rate|interface.rx_packets_rate|interface.tx_bytes_rate|interface.tx_drop_rate|interface.tx_error_rate|interface.tx_packets_rate,same observation names node and interface; peer is unverified
owns_observed_interface,guangzhou-service-vm-3,interface:guangzhou-service-vm-3:ens6,interface,dimension_sidecar,interface_id,interface.carrier_changes|interface.rx_bytes_rate|interface.rx_drop_rate|interface.rx_error_rate|interface.rx_packets_rate|interface.tx_bytes_rate|interface.tx_drop_rate|interface.tx_error_rate|interface.tx_packets_rate,same observation names node and interface; peer is unverified
owns_observed_interface,guangzhou-traffic-vm,interface:guangzhou-traffic-vm:ens3,interface,dimension_sidecar,interface_id,interface.carrier_changes|interface.rx_bytes_rate|interface.rx_drop_rate|interface.rx_error_rate|interface.rx_packets_rate|interface.tx_bytes_rate|interface.tx_drop_rate|interface.tx_error_rate|interface.tx_packets_rate,same observation names node and interface; peer is unverified
owns_observed_interface,guangzhou-traffic-vm,interface:guangzhou-traffic-vm:ens4,interface,dimension_sidecar,interface_id,interface.carrier_changes|interface.rx_bytes_rate|interface.rx_drop_rate|interface.rx_error_rate|interface.rx_packets_rate|interface.tx_bytes_rate|interface.tx_drop_rate|interface.tx_error_rate|interface.tx_packets_rate,same observation names node and interface; peer is unverified
owns_observed_interface,guangzhou-traffic-vm,interface:guangzhou-traffic-vm:ens5,interface,dimension_sidecar,interface_id,interface.carrier_changes|interface.rx_bytes_rate|interface.rx_drop_rate|interface.rx_error_rate|interface.rx_packets_rate|interface.tx_bytes_rate|interface.tx_drop_rate|interface.tx_error_rate|interface.tx_packets_rate,same observation names node and interface; peer is unverified
owns_observed_interface,guangzhou-traffic-vm,interface:guangzhou-traffic-vm:ens6,interface,dimension_sidecar,interface_id,interface.carrier_changes|interface.rx_bytes_rate|interface.rx_drop_rate|interface.rx_error_rate|interface.rx_packets_rate|interface.tx_bytes_rate|interface.tx_drop_rate|interface.tx_error_rate|interface.tx_packets_rate,same observation names node and interface; peer is unverified
owns_observed_interface,nanjing-br-1,interface:nanjing-br-1:ens10,interface,dimension_sidecar,interface_id,interface.carrier_changes|interface.rx_bytes_rate|interface.rx_drop_rate|interface.rx_error_rate|interface.rx_packets_rate|interface.tx_bytes_rate|interface.tx_drop_rate|interface.tx_error_rate|interface.tx_packets_rate,same observation names node and interface; peer is unverified
owns_observed_interface,nanjing-br-1,interface:nanjing-br-1:ens11,interface,dimension_sidecar,interface_id,interface.carrier_changes|interface.rx_bytes_rate|interface.rx_drop_rate|interface.rx_error_rate|interface.rx_packets_rate|interface.tx_bytes_rate|interface.tx_drop_rate|interface.tx_error_rate|interface.tx_packets_rate,same observation names node and interface; peer is unverified
owns_observed_interface,nanjing-br-1,interface:nanjing-br-1:ens12,interface,dimension_sidecar,interface_id,interface.carrier_changes|interface.rx_bytes_rate|interface.rx_drop_rate|interface.rx_error_rate|interface.rx_packets_rate|interface.tx_bytes_rate|interface.tx_drop_rate|interface.tx_error_rate|interface.tx_packets_rate,same observation names node and interface; peer is unverified
owns_observed_interface,nanjing-br-1,interface:nanjing-br-1:ens3,interface,dimension_sidecar,interface_id,interface.carrier_changes|interface.rx_bytes_rate|interface.rx_drop_rate|interface.rx_error_rate|interface.rx_packets_rate|interface.tx_bytes_rate|interface.tx_drop_rate|interface.tx_error_rate|interface.tx_packets_rate,same observation names node and interface; peer is unverified
owns_observed_interface,nanjing-br-1,interface:nanjing-br-1:ens4,interface,dimension_sidecar,interface_id,interface.carrier_changes|interface.rx_bytes_rate|interface.rx_drop_rate|interface.rx_error_rate|interface.rx_packets_rate|interface.tx_bytes_rate|interface.tx_drop_rate|interface.tx_error_rate|interface.tx_packets_rate,same observation names node and interface; peer is unverified
owns_observed_interface,nanjing-br-1,interface:nanjing-br-1:ens5,interface,dimension_sidecar,interface_id,interface.carrier_changes|interface.rx_bytes_rate|interface.rx_drop_rate|interface.rx_error_rate|interface.rx_packets_rate|interface.tx_bytes_rate|interface.tx_drop_rate|interface.tx_error_rate|interface.tx_packets_rate,same observation names node and interface; peer is unverified
owns_observed_interface,nanjing-br-1,interface:nanjing-br-1:ens6,interface,dimension_sidecar,interface_id,interface.carrier_changes|interface.rx_bytes_rate|interface.rx_drop_rate|interface.rx_error_rate|interface.rx_packets_rate|interface.tx_bytes_rate|interface.tx_drop_rate|interface.tx_error_rate|interface.tx_packets_rate,same observation names node and interface; peer is unverified
owns_observed_interface,nanjing-br-1,interface:nanjing-br-1:ens7,interface,dimension_sidecar,interface_id,interface.carrier_changes|interface.rx_bytes_rate|interface.rx_drop_rate|interface.rx_error_rate|interface.rx_packets_rate|interface.tx_bytes_rate|interface.tx_drop_rate|interface.tx_error_rate|interface.tx_packets_rate,same observation names node and interface; peer is unverified
owns_observed_interface,nanjing-br-1,interface:nanjing-br-1:ens8,interface,dimension_sidecar,interface_id,interface.carrier_changes|interface.rx_bytes_rate|interface.rx_drop_rate|interface.rx_error_rate|interface.rx_packets_rate|interface.tx_bytes_rate|interface.tx_drop_rate|interface.tx_error_rate|interface.tx_packets_rate,same observation names node and interface; peer is unverified
owns_observed_interface,nanjing-br-1,interface:nanjing-br-1:ens9,interface,dimension_sidecar,interface_id,interface.carrier_changes|interface.rx_bytes_rate|interface.rx_drop_rate|interface.rx_error_rate|interface.rx_packets_rate|interface.tx_bytes_rate|interface.tx_drop_rate|interface.tx_error_rate|interface.tx_packets_rate,same observation names node and interface; peer is unverified
owns_observed_interface,nanjing-br-2,interface:nanjing-br-2:ens10,interface,dimension_sidecar,interface_id,interface.carrier_changes|interface.rx_bytes_rate|interface.rx_drop_rate|interface.rx_error_rate|interface.rx_packets_rate|interface.tx_bytes_rate|interface.tx_drop_rate|interface.tx_error_rate|interface.tx_packets_rate,same observation names node and interface; peer is unverified
owns_observed_interface,nanjing-br-2,interface:nanjing-br-2:ens11,interface,dimension_sidecar,interface_id,interface.carrier_changes|interface.rx_bytes_rate|interface.rx_drop_rate|interface.rx_error_rate|interface.rx_packets_rate|interface.tx_bytes_rate|interface.tx_drop_rate|interface.tx_error_rate|interface.tx_packets_rate,same observation names node and interface; peer is unverified
owns_observed_interface,nanjing-br-2,interface:nanjing-br-2:ens12,interface,dimension_sidecar,interface_id,interface.carrier_changes|interface.rx_bytes_rate|interface.rx_drop_rate|interface.rx_error_rate|interface.rx_packets_rate|interface.tx_bytes_rate|interface.tx_drop_rate|interface.tx_error_rate|interface.tx_packets_rate,same observation names node and interface; peer is unverified
owns_observed_interface,nanjing-br-2,interface:nanjing-br-2:ens3,interface,dimension_sidecar,interface_id,interface.carrier_changes|interface.rx_bytes_rate|interface.rx_drop_rate|interface.rx_error_rate|interface.rx_packets_rate|interface.tx_bytes_rate|interface.tx_drop_rate|interface.tx_error_rate|interface.tx_packets_rate,same observation names node and interface; peer is unverified
owns_observed_interface,nanjing-br-2,interface:nanjing-br-2:ens4,interface,dimension_sidecar,interface_id,interface.carrier_changes|interface.rx_bytes_rate|interface.rx_drop_rate|interface.rx_error_rate|interface.rx_packets_rate|interface.tx_bytes_rate|interface.tx_drop_rate|interface.tx_error_rate|interface.tx_packets_rate,same observation names node and interface; peer is unverified
owns_observed_interface,nanjing-br-2,interface:nanjing-br-2:ens5,interface,dimension_sidecar,interface_id,interface.carrier_changes|interface.rx_bytes_rate|interface.rx_drop_rate|interface.rx_error_rate|interface.rx_packets_rate|interface.tx_bytes_rate|interface.tx_drop_rate|interface.tx_error_rate|interface.tx_packets_rate,same observation names node and interface; peer is unverified
owns_observed_interface,nanjing-br-2,interface:nanjing-br-2:ens6,interface,dimension_sidecar,interface_id,interface.carrier_changes|interface.rx_bytes_rate|interface.rx_drop_rate|interface.rx_error_rate|interface.rx_packets_rate|interface.tx_bytes_rate|interface.tx_drop_rate|interface.tx_error_rate|interface.tx_packets_rate,same observation names node and interface; peer is unverified
owns_observed_interface,nanjing-br-2,interface:nanjing-br-2:ens7,interface,dimension_sidecar,interface_id,interface.carrier_changes|interface.rx_bytes_rate|interface.rx_drop_rate|interface.rx_error_rate|interface.rx_packets_rate|interface.tx_bytes_rate|interface.tx_drop_rate|interface.tx_error_rate|interface.tx_packets_rate,same observation names node and interface; peer is unverified
owns_observed_interface,nanjing-br-2,interface:nanjing-br-2:ens8,interface,dimension_sidecar,interface_id,interface.carrier_changes|interface.rx_bytes_rate|interface.rx_drop_rate|interface.rx_error_rate|interface.rx_packets_rate|interface.tx_bytes_rate|interface.tx_drop_rate|interface.tx_error_rate|interface.tx_packets_rate,same observation names node and interface; peer is unverified
owns_observed_interface,nanjing-br-2,interface:nanjing-br-2:ens9,interface,dimension_sidecar,interface_id,interface.carrier_changes|interface.rx_bytes_rate|interface.rx_drop_rate|interface.rx_error_rate|interface.rx_packets_rate|interface.tx_bytes_rate|interface.tx_drop_rate|interface.tx_error_rate|interface.tx_packets_rate,same observation names node and interface; peer is unverified
owns_observed_interface,nanjing-cr-1,interface:nanjing-cr-1:ens10,interface,dimension_sidecar,interface_id,interface.carrier_changes|interface.rx_bytes_rate|interface.rx_drop_rate|interface.rx_error_rate|interface.rx_packets_rate|interface.tx_bytes_rate|interface.tx_drop_rate|interface.tx_error_rate|interface.tx_packets_rate,same observation names node and interface; peer is unverified
owns_observed_interface,nanjing-cr-1,interface:nanjing-cr-1:ens11,interface,dimension_sidecar,interface_id,interface.carrier_changes|interface.rx_bytes_rate|interface.rx_drop_rate|interface.rx_error_rate|interface.rx_packets_rate|interface.tx_bytes_rate|interface.tx_drop_rate|interface.tx_error_rate|interface.tx_packets_rate,same observation names node and interface; peer is unverified
owns_observed_interface,nanjing-cr-1,interface:nanjing-cr-1:ens12,interface,dimension_sidecar,interface_id,interface.carrier_changes|interface.rx_bytes_rate|interface.rx_drop_rate|interface.rx_error_rate|interface.rx_packets_rate|interface.tx_bytes_rate|interface.tx_drop_rate|interface.tx_error_rate|interface.tx_packets_rate,same observation names node and interface; peer is unverified
owns_observed_interface,nanjing-cr-1,interface:nanjing-cr-1:ens3,interface,dimension_sidecar,interface_id,interface.carrier_changes|interface.rx_bytes_rate|interface.rx_drop_rate|interface.rx_error_rate|interface.rx_packets_rate|interface.tx_bytes_rate|interface.tx_drop_rate|interface.tx_error_rate|interface.tx_packets_rate,same observation names node and interface; peer is unverified
owns_observed_interface,nanjing-cr-1,interface:nanjing-cr-1:ens4,interface,dimension_sidecar,interface_id,interface.carrier_changes|interface.rx_bytes_rate|interface.rx_drop_rate|interface.rx_error_rate|interface.rx_packets_rate|interface.tx_bytes_rate|interface.tx_drop_rate|interface.tx_error_rate|interface.tx_packets_rate,same observation names node and interface; peer is unverified
owns_observed_interface,nanjing-cr-1,interface:nanjing-cr-1:ens5,interface,dimension_sidecar,interface_id,interface.carrier_changes|interface.rx_bytes_rate|interface.rx_drop_rate|interface.rx_error_rate|interface.rx_packets_rate|interface.tx_bytes_rate|interface.tx_drop_rate|interface.tx_error_rate|interface.tx_packets_rate,same observation names node and interface; peer is unverified
owns_observed_interface,nanjing-cr-1,interface:nanjing-cr-1:ens6,interface,dimension_sidecar,interface_id,interface.carrier_changes|interface.rx_bytes_rate|interface.rx_drop_rate|interface.rx_error_rate|interface.rx_packets_rate|interface.tx_bytes_rate|interface.tx_drop_rate|interface.tx_error_rate|interface.tx_packets_rate,same observation names node and interface; peer is unverified
owns_observed_interface,nanjing-cr-1,interface:nanjing-cr-1:ens7,interface,dimension_sidecar,interface_id,interface.carrier_changes|interface.rx_bytes_rate|interface.rx_drop_rate|interface.rx_error_rate|interface.rx_packets_rate|interface.tx_bytes_rate|interface.tx_drop_rate|interface.tx_error_rate|interface.tx_packets_rate,same observation names node and interface; peer is unverified
owns_observed_interface,nanjing-cr-1,interface:nanjing-cr-1:ens8,interface,dimension_sidecar,interface_id,interface.carrier_changes|interface.rx_bytes_rate|interface.rx_drop_rate|interface.rx_error_rate|interface.rx_packets_rate|interface.tx_bytes_rate|interface.tx_drop_rate|interface.tx_error_rate|interface.tx_packets_rate,same observation names node and interface; peer is unverified
owns_observed_interface,nanjing-cr-1,interface:nanjing-cr-1:ens9,interface,dimension_sidecar,interface_id,interface.carrier_changes|interface.rx_bytes_rate|interface.rx_drop_rate|interface.rx_error_rate|interface.rx_packets_rate|interface.tx_bytes_rate|interface.tx_drop_rate|interface.tx_error_rate|interface.tx_packets_rate,same observation names node and interface; peer is unverified
owns_observed_interface,nanjing-cr-1,interface:nanjing-cr-1:vxlan100,interface,dimension_sidecar,interface_id,interface.carrier_changes|interface.rx_bytes_rate|interface.rx_drop_rate|interface.rx_error_rate|interface.rx_packets_rate|interface.tx_bytes_rate|interface.tx_drop_rate|interface.tx_error_rate|interface.tx_packets_rate,same observation names node and interface; peer is unverified
owns_observed_interface,nanjing-cr-2,interface:nanjing-cr-2:ens10,interface,dimension_sidecar,interface_id,interface.carrier_changes|interface.rx_bytes_rate|interface.rx_drop_rate|interface.rx_error_rate|interface.rx_packets_rate|interface.tx_bytes_rate|interface.tx_drop_rate|interface.tx_error_rate|interface.tx_packets_rate,same observation names node and interface; peer is unverified
owns_observed_interface,nanjing-cr-2,interface:nanjing-cr-2:ens11,interface,dimension_sidecar,interface_id,interface.carrier_changes|interface.rx_bytes_rate|interface.rx_drop_rate|interface.rx_error_rate|interface.rx_packets_rate|interface.tx_bytes_rate|interface.tx_drop_rate|interface.tx_error_rate|interface.tx_packets_rate,same observation names node and interface; peer is unverified
owns_observed_interface,nanjing-cr-2,interface:nanjing-cr-2:ens12,interface,dimension_sidecar,interface_id,interface.carrier_changes|interface.rx_bytes_rate|interface.rx_drop_rate|interface.rx_error_rate|interface.rx_packets_rate|interface.tx_bytes_rate|interface.tx_drop_rate|interface.tx_error_rate|interface.tx_packets_rate,same observation names node and interface; peer is unverified
owns_observed_interface,nanjing-cr-2,interface:nanjing-cr-2:ens3,interface,dimension_sidecar,interface_id,interface.carrier_changes|interface.rx_bytes_rate|interface.rx_drop_rate|interface.rx_error_rate|interface.rx_packets_rate|interface.tx_bytes_rate|interface.tx_drop_rate|interface.tx_error_rate|interface.tx_packets_rate,same observation names node and interface; peer is unverified
owns_observed_interface,nanjing-cr-2,interface:nanjing-cr-2:ens4,interface,dimension_sidecar,interface_id,interface.carrier_changes|interface.rx_bytes_rate|interface.rx_drop_rate|interface.rx_error_rate|interface.rx_packets_rate|interface.tx_bytes_rate|interface.tx_drop_rate|interface.tx_error_rate|interface.tx_packets_rate,same observation names node and interface; peer is unverified
owns_observed_interface,nanjing-cr-2,interface:nanjing-cr-2:ens5,interface,dimension_sidecar,interface_id,interface.carrier_changes|interface.rx_bytes_rate|interface.rx_drop_rate|interface.rx_error_rate|interface.rx_packets_rate|interface.tx_bytes_rate|interface.tx_drop_rate|interface.tx_error_rate|interface.tx_packets_rate,same observation names node and interface; peer is unverified
owns_observed_interface,nanjing-cr-2,interface:nanjing-cr-2:ens6,interface,dimension_sidecar,interface_id,interface.carrier_changes|interface.rx_bytes_rate|interface.rx_drop_rate|interface.rx_error_rate|interface.rx_packets_rate|interface.tx_bytes_rate|interface.tx_drop_rate|interface.tx_error_rate|interface.tx_packets_rate,same observation names node and interface; peer is unverified
owns_observed_interface,nanjing-cr-2,interface:nanjing-cr-2:ens7,interface,dimension_sidecar,interface_id,interface.carrier_changes|interface.rx_bytes_rate|interface.rx_drop_rate|interface.rx_error_rate|interface.rx_packets_rate|interface.tx_bytes_rate|interface.tx_drop_rate|interface.tx_error_rate|interface.tx_packets_rate,same observation names node and interface; peer is unverified
owns_observed_interface,nanjing-cr-2,interface:nanjing-cr-2:ens8,interface,dimension_sidecar,interface_id,interface.carrier_changes|interface.rx_bytes_rate|interface.rx_drop_rate|interface.rx_error_rate|interface.rx_packets_rate|interface.tx_bytes_rate|interface.tx_drop_rate|interface.tx_error_rate|interface.tx_packets_rate,same observation names node and interface; peer is unverified
owns_observed_interface,nanjing-cr-2,interface:nanjing-cr-2:ens9,interface,dimension_sidecar,interface_id,interface.carrier_changes|interface.rx_bytes_rate|interface.rx_drop_rate|interface.rx_error_rate|interface.rx_packets_rate|interface.tx_bytes_rate|interface.tx_drop_rate|interface.tx_error_rate|interface.tx_packets_rate,same observation names node and interface; peer is unverified
owns_observed_interface,nanjing-fw,interface:nanjing-fw:ens3,interface,dimension_sidecar,interface_id,interface.carrier_changes|interface.rx_bytes_rate|interface.rx_drop_rate|interface.rx_error_rate|interface.rx_packets_rate|interface.tx_bytes_rate|interface.tx_drop_rate|interface.tx_error_rate|interface.tx_packets_rate,same observation names node and interface; peer is unverified
owns_observed_interface,nanjing-fw,interface:nanjing-fw:ens4,interface,dimension_sidecar,interface_id,interface.carrier_changes|interface.rx_bytes_rate|interface.rx_drop_rate|interface.rx_error_rate|interface.rx_packets_rate|interface.tx_bytes_rate|interface.tx_drop_rate|interface.tx_error_rate|interface.tx_packets_rate,same observation names node and interface; peer is unverified
owns_observed_interface,nanjing-fw,interface:nanjing-fw:ens5,interface,dimension_sidecar,interface_id,interface.carrier_changes|interface.rx_bytes_rate|interface.rx_drop_rate|interface.rx_error_rate|interface.rx_packets_rate|interface.tx_bytes_rate|interface.tx_drop_rate|interface.tx_error_rate|interface.tx_packets_rate,same observation names node and interface; peer is unverified
owns_observed_interface,nanjing-fw,interface:nanjing-fw:ens6,interface,dimension_sidecar,interface_id,interface.carrier_changes|interface.rx_bytes_rate|interface.rx_drop_rate|interface.rx_error_rate|interface.rx_packets_rate|interface.tx_bytes_rate|interface.tx_drop_rate|interface.tx_error_rate|interface.tx_packets_rate,same observation names node and interface; peer is unverified
owns_observed_interface,nanjing-fw,interface:nanjing-fw:vxlan100,interface,dimension_sidecar,interface_id,interface.carrier_changes|interface.rx_bytes_rate|interface.rx_drop_rate|interface.rx_error_rate|interface.rx_packets_rate|interface.tx_bytes_rate|interface.tx_drop_rate|interface.tx_error_rate|interface.tx_packets_rate,same observation names node and interface; peer is unverified
owns_observed_interface,nanjing-service-vm-1,interface:nanjing-service-vm-1:ens3,interface,dimension_sidecar,interface_id,interface.carrier_changes|interface.rx_bytes_rate|interface.rx_drop_rate|interface.rx_error_rate|interface.rx_packets_rate|interface.tx_bytes_rate|interface.tx_drop_rate|interface.tx_error_rate|interface.tx_packets_rate,same observation names node and interface; peer is unverified
owns_observed_interface,nanjing-service-vm-1,interface:nanjing-service-vm-1:ens4,interface,dimension_sidecar,interface_id,interface.carrier_changes|interface.rx_bytes_rate|interface.rx_drop_rate|interface.rx_error_rate|interface.rx_packets_rate|interface.tx_bytes_rate|interface.tx_drop_rate|interface.tx_error_rate|interface.tx_packets_rate,same observation names node and interface; peer is unverified
owns_observed_interface,nanjing-service-vm-1,interface:nanjing-service-vm-1:ens5,interface,dimension_sidecar,interface_id,interface.carrier_changes|interface.rx_bytes_rate|interface.rx_drop_rate|interface.rx_error_rate|interface.rx_packets_rate|interface.tx_bytes_rate|interface.tx_drop_rate|interface.tx_error_rate|interface.tx_packets_rate,same observation names node and interface; peer is unverified
owns_observed_interface,nanjing-service-vm-1,interface:nanjing-service-vm-1:ens6,interface,dimension_sidecar,interface_id,interface.carrier_changes|interface.rx_bytes_rate|interface.rx_drop_rate|interface.rx_error_rate|interface.rx_packets_rate|interface.tx_bytes_rate|interface.tx_drop_rate|interface.tx_error_rate|interface.tx_packets_rate,same observation names node and interface; peer is unverified
owns_observed_interface,nanjing-service-vm-2,interface:nanjing-service-vm-2:ens3,interface,dimension_sidecar,interface_id,interface.carrier_changes|interface.rx_bytes_rate|interface.rx_drop_rate|interface.rx_error_rate|interface.rx_packets_rate|interface.tx_bytes_rate|interface.tx_drop_rate|interface.tx_error_rate|interface.tx_packets_rate,same observation names node and interface; peer is unverified
owns_observed_interface,nanjing-service-vm-2,interface:nanjing-service-vm-2:ens4,interface,dimension_sidecar,interface_id,interface.carrier_changes|interface.rx_bytes_rate|interface.rx_drop_rate|interface.rx_error_rate|interface.rx_packets_rate|interface.tx_bytes_rate|interface.tx_drop_rate|interface.tx_error_rate|interface.tx_packets_rate,same observation names node and interface; peer is unverified
owns_observed_interface,nanjing-service-vm-2,interface:nanjing-service-vm-2:ens5,interface,dimension_sidecar,interface_id,interface.carrier_changes|interface.rx_bytes_rate|interface.rx_drop_rate|interface.rx_error_rate|interface.rx_packets_rate|interface.tx_bytes_rate|interface.tx_drop_rate|interface.tx_error_rate|interface.tx_packets_rate,same observation names node and interface; peer is unverified
owns_observed_interface,nanjing-service-vm-2,interface:nanjing-service-vm-2:ens6,interface,dimension_sidecar,interface_id,interface.carrier_changes|interface.rx_bytes_rate|interface.rx_drop_rate|interface.rx_error_rate|interface.rx_packets_rate|interface.tx_bytes_rate|interface.tx_drop_rate|interface.tx_error_rate|interface.tx_packets_rate,same observation names node and interface; peer is unverified
owns_observed_interface,nanjing-service-vm-3,interface:nanjing-service-vm-3:ens3,interface,dimension_sidecar,interface_id,interface.carrier_changes|interface.rx_bytes_rate|interface.rx_drop_rate|interface.rx_error_rate|interface.rx_packets_rate|interface.tx_bytes_rate|interface.tx_drop_rate|interface.tx_error_rate|interface.tx_packets_rate,same observation names node and interface; peer is unverified
owns_observed_interface,nanjing-service-vm-3,interface:nanjing-service-vm-3:ens4,interface,dimension_sidecar,interface_id,interface.carrier_changes|interface.rx_bytes_rate|interface.rx_drop_rate|interface.rx_error_rate|interface.rx_packets_rate|interface.tx_bytes_rate|interface.tx_drop_rate|interface.tx_error_rate|interface.tx_packets_rate,same observation names node and interface; peer is unverified
owns_observed_interface,nanjing-service-vm-3,interface:nanjing-service-vm-3:ens5,interface,dimension_sidecar,interface_id,interface.carrier_changes|interface.rx_bytes_rate|interface.rx_drop_rate|interface.rx_error_rate|interface.rx_packets_rate|interface.tx_bytes_rate|interface.tx_drop_rate|interface.tx_error_rate|interface.tx_packets_rate,same observation names node and interface; peer is unverified
owns_observed_interface,nanjing-service-vm-3,interface:nanjing-service-vm-3:ens6,interface,dimension_sidecar,interface_id,interface.carrier_changes|interface.rx_bytes_rate|interface.rx_drop_rate|interface.rx_error_rate|interface.rx_packets_rate|interface.tx_bytes_rate|interface.tx_drop_rate|interface.tx_error_rate|interface.tx_packets_rate,same observation names node and interface; peer is unverified
owns_observed_interface,nanjing-traffic-vm,interface:nanjing-traffic-vm:ens3,interface,dimension_sidecar,interface_id,interface.carrier_changes|interface.rx_bytes_rate|interface.rx_drop_rate|interface.rx_error_rate|interface.rx_packets_rate|interface.tx_bytes_rate|interface.tx_drop_rate|interface.tx_error_rate|interface.tx_packets_rate,same observation names node and interface; peer is unverified
owns_observed_interface,nanjing-traffic-vm,interface:nanjing-traffic-vm:ens4,interface,dimension_sidecar,interface_id,interface.carrier_changes|interface.rx_bytes_rate|interface.rx_drop_rate|interface.rx_error_rate|interface.rx_packets_rate|interface.tx_bytes_rate|interface.tx_drop_rate|interface.tx_error_rate|interface.tx_packets_rate,same observation names node and interface; peer is unverified
owns_observed_interface,nanjing-traffic-vm,interface:nanjing-traffic-vm:ens5,interface,dimension_sidecar,interface_id,interface.carrier_changes|interface.rx_bytes_rate|interface.rx_drop_rate|interface.rx_error_rate|interface.rx_packets_rate|interface.tx_bytes_rate|interface.tx_drop_rate|interface.tx_error_rate|interface.tx_packets_rate,same observation names node and interface; peer is unverified
owns_observed_interface,nanjing-traffic-vm,interface:nanjing-traffic-vm:ens6,interface,dimension_sidecar,interface_id,interface.carrier_changes|interface.rx_bytes_rate|interface.rx_drop_rate|interface.rx_error_rate|interface.rx_packets_rate|interface.tx_bytes_rate|interface.tx_drop_rate|interface.tx_error_rate|interface.tx_packets_rate,same observation names node and interface; peer is unverified
owns_observed_interface,shanghai-br-1,interface:shanghai-br-1:ens10,interface,dimension_sidecar,interface_id,interface.carrier_changes|interface.rx_bytes_rate|interface.rx_drop_rate|interface.rx_error_rate|interface.rx_packets_rate|interface.tx_bytes_rate|interface.tx_drop_rate|interface.tx_error_rate|interface.tx_packets_rate,same observation names node and interface; peer is unverified
owns_observed_interface,shanghai-br-1,interface:shanghai-br-1:ens11,interface,dimension_sidecar,interface_id,interface.carrier_changes|interface.rx_bytes_rate|interface.rx_drop_rate|interface.rx_error_rate|interface.rx_packets_rate|interface.tx_bytes_rate|interface.tx_drop_rate|interface.tx_error_rate|interface.tx_packets_rate,same observation names node and interface; peer is unverified
owns_observed_interface,shanghai-br-1,interface:shanghai-br-1:ens12,interface,dimension_sidecar,interface_id,interface.carrier_changes|interface.rx_bytes_rate|interface.rx_drop_rate|interface.rx_error_rate|interface.rx_packets_rate|interface.tx_bytes_rate|interface.tx_drop_rate|interface.tx_error_rate|interface.tx_packets_rate,same observation names node and interface; peer is unverified
owns_observed_interface,shanghai-br-1,interface:shanghai-br-1:ens3,interface,dimension_sidecar,interface_id,interface.carrier_changes|interface.rx_bytes_rate|interface.rx_drop_rate|interface.rx_error_rate|interface.rx_packets_rate|interface.tx_bytes_rate|interface.tx_drop_rate|interface.tx_error_rate|interface.tx_packets_rate,same observation names node and interface; peer is unverified
owns_observed_interface,shanghai-br-1,interface:shanghai-br-1:ens4,interface,dimension_sidecar,interface_id,interface.carrier_changes|interface.rx_bytes_rate|interface.rx_drop_rate|interface.rx_error_rate|interface.rx_packets_rate|interface.tx_bytes_rate|interface.tx_drop_rate|interface.tx_error_rate|interface.tx_packets_rate,same observation names node and interface; peer is unverified
owns_observed_interface,shanghai-br-1,interface:shanghai-br-1:ens5,interface,dimension_sidecar,interface_id,interface.carrier_changes|interface.rx_bytes_rate|interface.rx_drop_rate|interface.rx_error_rate|interface.rx_packets_rate|interface.tx_bytes_rate|interface.tx_drop_rate|interface.tx_error_rate|interface.tx_packets_rate,same observation names node and interface; peer is unverified
owns_observed_interface,shanghai-br-1,interface:shanghai-br-1:ens6,interface,dimension_sidecar,interface_id,interface.carrier_changes|interface.rx_bytes_rate|interface.rx_drop_rate|interface.rx_error_rate|interface.rx_packets_rate|interface.tx_bytes_rate|interface.tx_drop_rate|interface.tx_error_rate|interface.tx_packets_rate,same observation names node and interface; peer is unverified
owns_observed_interface,shanghai-br-1,interface:shanghai-br-1:ens7,interface,dimension_sidecar,interface_id,interface.carrier_changes|interface.rx_bytes_rate|interface.rx_drop_rate|interface.rx_error_rate|interface.rx_packets_rate|interface.tx_bytes_rate|interface.tx_drop_rate|interface.tx_error_rate|interface.tx_packets_rate,same observation names node and interface; peer is unverified
owns_observed_interface,shanghai-br-1,interface:shanghai-br-1:ens8,interface,dimension_sidecar,interface_id,interface.carrier_changes|interface.rx_bytes_rate|interface.rx_drop_rate|interface.rx_error_rate|interface.rx_packets_rate|interface.tx_bytes_rate|interface.tx_drop_rate|interface.tx_error_rate|interface.tx_packets_rate,same observation names node and interface; peer is unverified
owns_observed_interface,shanghai-br-1,interface:shanghai-br-1:ens9,interface,dimension_sidecar,interface_id,interface.carrier_changes|interface.rx_bytes_rate|interface.rx_drop_rate|interface.rx_error_rate|interface.rx_packets_rate|interface.tx_bytes_rate|interface.tx_drop_rate|interface.tx_error_rate|interface.tx_packets_rate,same observation names node and interface; peer is unverified
owns_observed_interface,shanghai-br-2,interface:shanghai-br-2:ens10,interface,dimension_sidecar,interface_id,interface.carrier_changes|interface.rx_bytes_rate|interface.rx_drop_rate|interface.rx_error_rate|interface.rx_packets_rate|interface.tx_bytes_rate|interface.tx_drop_rate|interface.tx_error_rate|interface.tx_packets_rate,same observation names node and interface; peer is unverified
owns_observed_interface,shanghai-br-2,interface:shanghai-br-2:ens11,interface,dimension_sidecar,interface_id,interface.carrier_changes|interface.rx_bytes_rate|interface.rx_drop_rate|interface.rx_error_rate|interface.rx_packets_rate|interface.tx_bytes_rate|interface.tx_drop_rate|interface.tx_error_rate|interface.tx_packets_rate,same observation names node and interface; peer is unverified
owns_observed_interface,shanghai-br-2,interface:shanghai-br-2:ens12,interface,dimension_sidecar,interface_id,interface.carrier_changes|interface.rx_bytes_rate|interface.rx_drop_rate|interface.rx_error_rate|interface.rx_packets_rate|interface.tx_bytes_rate|interface.tx_drop_rate|interface.tx_error_rate|interface.tx_packets_rate,same observation names node and interface; peer is unverified
owns_observed_interface,shanghai-br-2,interface:shanghai-br-2:ens3,interface,dimension_sidecar,interface_id,interface.carrier_changes|interface.rx_bytes_rate|interface.rx_drop_rate|interface.rx_error_rate|interface.rx_packets_rate|interface.tx_bytes_rate|interface.tx_drop_rate|interface.tx_error_rate|interface.tx_packets_rate,same observation names node and interface; peer is unverified
owns_observed_interface,shanghai-br-2,interface:shanghai-br-2:ens4,interface,dimension_sidecar,interface_id,interface.carrier_changes|interface.rx_bytes_rate|interface.rx_drop_rate|interface.rx_error_rate|interface.rx_packets_rate|interface.tx_bytes_rate|interface.tx_drop_rate|interface.tx_error_rate|interface.tx_packets_rate,same observation names node and interface; peer is unverified
owns_observed_interface,shanghai-br-2,interface:shanghai-br-2:ens5,interface,dimension_sidecar,interface_id,interface.carrier_changes|interface.rx_bytes_rate|interface.rx_drop_rate|interface.rx_error_rate|interface.rx_packets_rate|interface.tx_bytes_rate|interface.tx_drop_rate|interface.tx_error_rate|interface.tx_packets_rate,same observation names node and interface; peer is unverified
owns_observed_interface,shanghai-br-2,interface:shanghai-br-2:ens6,interface,dimension_sidecar,interface_id,interface.carrier_changes|interface.rx_bytes_rate|interface.rx_drop_rate|interface.rx_error_rate|interface.rx_packets_rate|interface.tx_bytes_rate|interface.tx_drop_rate|interface.tx_error_rate|interface.tx_packets_rate,same observation names node and interface; peer is unverified
owns_observed_interface,shanghai-br-2,interface:shanghai-br-2:ens7,interface,dimension_sidecar,interface_id,interface.carrier_changes|interface.rx_bytes_rate|interface.rx_drop_rate|interface.rx_error_rate|interface.rx_packets_rate|interface.tx_bytes_rate|interface.tx_drop_rate|interface.tx_error_rate|interface.tx_packets_rate,same observation names node and interface; peer is unverified
owns_observed_interface,shanghai-br-2,interface:shanghai-br-2:ens8,interface,dimension_sidecar,interface_id,interface.carrier_changes|interface.rx_bytes_rate|interface.rx_drop_rate|interface.rx_error_rate|interface.rx_packets_rate|interface.tx_bytes_rate|interface.tx_drop_rate|interface.tx_error_rate|interface.tx_packets_rate,same observation names node and interface; peer is unverified
owns_observed_interface,shanghai-br-2,interface:shanghai-br-2:ens9,interface,dimension_sidecar,interface_id,interface.carrier_changes|interface.rx_bytes_rate|interface.rx_drop_rate|interface.rx_error_rate|interface.rx_packets_rate|interface.tx_bytes_rate|interface.tx_drop_rate|interface.tx_error_rate|interface.tx_packets_rate,same observation names node and interface; peer is unverified
owns_observed_interface,shanghai-cr-1,interface:shanghai-cr-1:ens10,interface,dimension_sidecar,interface_id,interface.carrier_changes|interface.rx_bytes_rate|interface.rx_drop_rate|interface.rx_error_rate|interface.rx_packets_rate|interface.tx_bytes_rate|interface.tx_drop_rate|interface.tx_error_rate|interface.tx_packets_rate,same observation names node and interface; peer is unverified
owns_observed_interface,shanghai-cr-1,interface:shanghai-cr-1:ens11,interface,dimension_sidecar,interface_id,interface.carrier_changes|interface.rx_bytes_rate|interface.rx_drop_rate|interface.rx_error_rate|interface.rx_packets_rate|interface.tx_bytes_rate|interface.tx_drop_rate|interface.tx_error_rate|interface.tx_packets_rate,same observation names node and interface; peer is unverified
owns_observed_interface,shanghai-cr-1,interface:shanghai-cr-1:ens12,interface,dimension_sidecar,interface_id,interface.carrier_changes|interface.rx_bytes_rate|interface.rx_drop_rate|interface.rx_error_rate|interface.rx_packets_rate|interface.tx_bytes_rate|interface.tx_drop_rate|interface.tx_error_rate|interface.tx_packets_rate,same observation names node and interface; peer is unverified
owns_observed_interface,shanghai-cr-1,interface:shanghai-cr-1:ens3,interface,dimension_sidecar,interface_id,interface.carrier_changes|interface.rx_bytes_rate|interface.rx_drop_rate|interface.rx_error_rate|interface.rx_packets_rate|interface.tx_bytes_rate|interface.tx_drop_rate|interface.tx_error_rate|interface.tx_packets_rate,same observation names node and interface; peer is unverified
owns_observed_interface,shanghai-cr-1,interface:shanghai-cr-1:ens4,interface,dimension_sidecar,interface_id,interface.carrier_changes|interface.rx_bytes_rate|interface.rx_drop_rate|interface.rx_error_rate|interface.rx_packets_rate|interface.tx_bytes_rate|interface.tx_drop_rate|interface.tx_error_rate|interface.tx_packets_rate,same observation names node and interface; peer is unverified
owns_observed_interface,shanghai-cr-1,interface:shanghai-cr-1:ens5,interface,dimension_sidecar,interface_id,interface.carrier_changes|interface.rx_bytes_rate|interface.rx_drop_rate|interface.rx_error_rate|interface.rx_packets_rate|interface.tx_bytes_rate|interface.tx_drop_rate|interface.tx_error_rate|interface.tx_packets_rate,same observation names node and interface; peer is unverified
owns_observed_interface,shanghai-cr-1,interface:shanghai-cr-1:ens6,interface,dimension_sidecar,interface_id,interface.carrier_changes|interface.rx_bytes_rate|interface.rx_drop_rate|interface.rx_error_rate|interface.rx_packets_rate|interface.tx_bytes_rate|interface.tx_drop_rate|interface.tx_error_rate|interface.tx_packets_rate,same observation names node and interface; peer is unverified
owns_observed_interface,shanghai-cr-1,interface:shanghai-cr-1:ens7,interface,dimension_sidecar,interface_id,interface.carrier_changes|interface.rx_bytes_rate|interface.rx_drop_rate|interface.rx_error_rate|interface.rx_packets_rate|interface.tx_bytes_rate|interface.tx_drop_rate|interface.tx_error_rate|interface.tx_packets_rate,same observation names node and interface; peer is unverified
owns_observed_interface,shanghai-cr-1,interface:shanghai-cr-1:ens8,interface,dimension_sidecar,interface_id,interface.carrier_changes|interface.rx_bytes_rate|interface.rx_drop_rate|interface.rx_error_rate|interface.rx_packets_rate|interface.tx_bytes_rate|interface.tx_drop_rate|interface.tx_error_rate|interface.tx_packets_rate,same observation names node and interface; peer is unverified
owns_observed_interface,shanghai-cr-1,interface:shanghai-cr-1:ens9,interface,dimension_sidecar,interface_id,interface.carrier_changes|interface.rx_bytes_rate|interface.rx_drop_rate|interface.rx_error_rate|interface.rx_packets_rate|interface.tx_bytes_rate|interface.tx_drop_rate|interface.tx_error_rate|interface.tx_packets_rate,same observation names node and interface; peer is unverified
owns_observed_interface,shanghai-cr-2,interface:shanghai-cr-2:ens10,interface,dimension_sidecar,interface_id,interface.carrier_changes|interface.rx_bytes_rate|interface.rx_drop_rate|interface.rx_error_rate|interface.rx_packets_rate|interface.tx_bytes_rate|interface.tx_drop_rate|interface.tx_error_rate|interface.tx_packets_rate,same observation names node and interface; peer is unverified
owns_observed_interface,shanghai-cr-2,interface:shanghai-cr-2:ens11,interface,dimension_sidecar,interface_id,interface.carrier_changes|interface.rx_bytes_rate|interface.rx_drop_rate|interface.rx_error_rate|interface.rx_packets_rate|interface.tx_bytes_rate|interface.tx_drop_rate|interface.tx_error_rate|interface.tx_packets_rate,same observation names node and interface; peer is unverified
owns_observed_interface,shanghai-cr-2,interface:shanghai-cr-2:ens12,interface,dimension_sidecar,interface_id,interface.carrier_changes|interface.rx_bytes_rate|interface.rx_drop_rate|interface.rx_error_rate|interface.rx_packets_rate|interface.tx_bytes_rate|interface.tx_drop_rate|interface.tx_error_rate|interface.tx_packets_rate,same observation names node and interface; peer is unverified
owns_observed_interface,shanghai-cr-2,interface:shanghai-cr-2:ens3,interface,dimension_sidecar,interface_id,interface.carrier_changes|interface.rx_bytes_rate|interface.rx_drop_rate|interface.rx_error_rate|interface.rx_packets_rate|interface.tx_bytes_rate|interface.tx_drop_rate|interface.tx_error_rate|interface.tx_packets_rate,same observation names node and interface; peer is unverified
owns_observed_interface,shanghai-cr-2,interface:shanghai-cr-2:ens4,interface,dimension_sidecar,interface_id,interface.carrier_changes|interface.rx_bytes_rate|interface.rx_drop_rate|interface.rx_error_rate|interface.rx_packets_rate|interface.tx_bytes_rate|interface.tx_drop_rate|interface.tx_error_rate|interface.tx_packets_rate,same observation names node and interface; peer is unverified
owns_observed_interface,shanghai-cr-2,interface:shanghai-cr-2:ens5,interface,dimension_sidecar,interface_id,interface.carrier_changes|interface.rx_bytes_rate|interface.rx_drop_rate|interface.rx_error_rate|interface.rx_packets_rate|interface.tx_bytes_rate|interface.tx_drop_rate|interface.tx_error_rate|interface.tx_packets_rate,same observation names node and interface; peer is unverified
owns_observed_interface,shanghai-cr-2,interface:shanghai-cr-2:ens6,interface,dimension_sidecar,interface_id,interface.carrier_changes|interface.rx_bytes_rate|interface.rx_drop_rate|interface.rx_error_rate|interface.rx_packets_rate|interface.tx_bytes_rate|interface.tx_drop_rate|interface.tx_error_rate|interface.tx_packets_rate,same observation names node and interface; peer is unverified
owns_observed_interface,shanghai-cr-2,interface:shanghai-cr-2:ens7,interface,dimension_sidecar,interface_id,interface.carrier_changes|interface.rx_bytes_rate|interface.rx_drop_rate|interface.rx_error_rate|interface.rx_packets_rate|interface.tx_bytes_rate|interface.tx_drop_rate|interface.tx_error_rate|interface.tx_packets_rate,same observation names node and interface; peer is unverified
owns_observed_interface,shanghai-cr-2,interface:shanghai-cr-2:ens8,interface,dimension_sidecar,interface_id,interface.carrier_changes|interface.rx_bytes_rate|interface.rx_drop_rate|interface.rx_error_rate|interface.rx_packets_rate|interface.tx_bytes_rate|interface.tx_drop_rate|interface.tx_error_rate|interface.tx_packets_rate,same observation names node and interface; peer is unverified
owns_observed_interface,shanghai-cr-2,interface:shanghai-cr-2:ens9,interface,dimension_sidecar,interface_id,interface.carrier_changes|interface.rx_bytes_rate|interface.rx_drop_rate|interface.rx_error_rate|interface.rx_packets_rate|interface.tx_bytes_rate|interface.tx_drop_rate|interface.tx_error_rate|interface.tx_packets_rate,same observation names node and interface; peer is unverified
owns_observed_interface,shanghai-fw,interface:shanghai-fw:ens3,interface,dimension_sidecar,interface_id,interface.carrier_changes|interface.rx_bytes_rate|interface.rx_drop_rate|interface.rx_error_rate|interface.rx_packets_rate|interface.tx_bytes_rate|interface.tx_drop_rate|interface.tx_error_rate|interface.tx_packets_rate,same observation names node and interface; peer is unverified
owns_observed_interface,shanghai-fw,interface:shanghai-fw:ens4,interface,dimension_sidecar,interface_id,interface.carrier_changes|interface.rx_bytes_rate|interface.rx_drop_rate|interface.rx_error_rate|interface.rx_packets_rate|interface.tx_bytes_rate|interface.tx_drop_rate|interface.tx_error_rate|interface.tx_packets_rate,same observation names node and interface; peer is unverified
owns_observed_interface,shanghai-fw,interface:shanghai-fw:ens5,interface,dimension_sidecar,interface_id,interface.carrier_changes|interface.rx_bytes_rate|interface.rx_drop_rate|interface.rx_error_rate|interface.rx_packets_rate|interface.tx_bytes_rate|interface.tx_drop_rate|interface.tx_error_rate|interface.tx_packets_rate,same observation names node and interface; peer is unverified
owns_observed_interface,shanghai-fw,interface:shanghai-fw:ens6,interface,dimension_sidecar,interface_id,interface.carrier_changes|interface.rx_bytes_rate|interface.rx_drop_rate|interface.rx_error_rate|interface.rx_packets_rate|interface.tx_bytes_rate|interface.tx_drop_rate|interface.tx_error_rate|interface.tx_packets_rate,same observation names node and interface; peer is unverified
owns_observed_interface,shanghai-service-vm-1,interface:shanghai-service-vm-1:ens3,interface,dimension_sidecar,interface_id,interface.carrier_changes|interface.rx_bytes_rate|interface.rx_drop_rate|interface.rx_error_rate|interface.rx_packets_rate|interface.tx_bytes_rate|interface.tx_drop_rate|interface.tx_error_rate|interface.tx_packets_rate,same observation names node and interface; peer is unverified
owns_observed_interface,shanghai-service-vm-1,interface:shanghai-service-vm-1:ens4,interface,dimension_sidecar,interface_id,interface.carrier_changes|interface.rx_bytes_rate|interface.rx_drop_rate|interface.rx_error_rate|interface.rx_packets_rate|interface.tx_bytes_rate|interface.tx_drop_rate|interface.tx_error_rate|interface.tx_packets_rate,same observation names node and interface; peer is unverified
owns_observed_interface,shanghai-service-vm-1,interface:shanghai-service-vm-1:ens5,interface,dimension_sidecar,interface_id,interface.carrier_changes|interface.rx_bytes_rate|interface.rx_drop_rate|interface.rx_error_rate|interface.rx_packets_rate|interface.tx_bytes_rate|interface.tx_drop_rate|interface.tx_error_rate|interface.tx_packets_rate,same observation names node and interface; peer is unverified
owns_observed_interface,shanghai-service-vm-1,interface:shanghai-service-vm-1:ens6,interface,dimension_sidecar,interface_id,interface.carrier_changes|interface.rx_bytes_rate|interface.rx_drop_rate|interface.rx_error_rate|interface.rx_packets_rate|interface.tx_bytes_rate|interface.tx_drop_rate|interface.tx_error_rate|interface.tx_packets_rate,same observation names node and interface; peer is unverified
owns_observed_interface,shanghai-service-vm-2,interface:shanghai-service-vm-2:ens3,interface,dimension_sidecar,interface_id,interface.carrier_changes|interface.rx_bytes_rate|interface.rx_drop_rate|interface.rx_error_rate|interface.rx_packets_rate|interface.tx_bytes_rate|interface.tx_drop_rate|interface.tx_error_rate|interface.tx_packets_rate,same observation names node and interface; peer is unverified
owns_observed_interface,shanghai-service-vm-2,interface:shanghai-service-vm-2:ens4,interface,dimension_sidecar,interface_id,interface.carrier_changes|interface.rx_bytes_rate|interface.rx_drop_rate|interface.rx_error_rate|interface.rx_packets_rate|interface.tx_bytes_rate|interface.tx_drop_rate|interface.tx_error_rate|interface.tx_packets_rate,same observation names node and interface; peer is unverified
owns_observed_interface,shanghai-service-vm-2,interface:shanghai-service-vm-2:ens5,interface,dimension_sidecar,interface_id,interface.carrier_changes|interface.rx_bytes_rate|interface.rx_drop_rate|interface.rx_error_rate|interface.rx_packets_rate|interface.tx_bytes_rate|interface.tx_drop_rate|interface.tx_error_rate|interface.tx_packets_rate,same observation names node and interface; peer is unverified
owns_observed_interface,shanghai-service-vm-2,interface:shanghai-service-vm-2:ens6,interface,dimension_sidecar,interface_id,interface.carrier_changes|interface.rx_bytes_rate|interface.rx_drop_rate|interface.rx_error_rate|interface.rx_packets_rate|interface.tx_bytes_rate|interface.tx_drop_rate|interface.tx_error_rate|interface.tx_packets_rate,same observation names node and interface; peer is unverified
owns_observed_interface,shanghai-service-vm-3,interface:shanghai-service-vm-3:ens3,interface,dimension_sidecar,interface_id,interface.carrier_changes|interface.rx_bytes_rate|interface.rx_drop_rate|interface.rx_error_rate|interface.rx_packets_rate|interface.tx_bytes_rate|interface.tx_drop_rate|interface.tx_error_rate|interface.tx_packets_rate,same observation names node and interface; peer is unverified
owns_observed_interface,shanghai-service-vm-3,interface:shanghai-service-vm-3:ens4,interface,dimension_sidecar,interface_id,interface.carrier_changes|interface.rx_bytes_rate|interface.rx_drop_rate|interface.rx_error_rate|interface.rx_packets_rate|interface.tx_bytes_rate|interface.tx_drop_rate|interface.tx_error_rate|interface.tx_packets_rate,same observation names node and interface; peer is unverified
owns_observed_interface,shanghai-service-vm-3,interface:shanghai-service-vm-3:ens5,interface,dimension_sidecar,interface_id,interface.carrier_changes|interface.rx_bytes_rate|interface.rx_drop_rate|interface.rx_error_rate|interface.rx_packets_rate|interface.tx_bytes_rate|interface.tx_drop_rate|interface.tx_error_rate|interface.tx_packets_rate,same observation names node and interface; peer is unverified
owns_observed_interface,shanghai-service-vm-3,interface:shanghai-service-vm-3:ens6,interface,dimension_sidecar,interface_id,interface.carrier_changes|interface.rx_bytes_rate|interface.rx_drop_rate|interface.rx_error_rate|interface.rx_packets_rate|interface.tx_bytes_rate|interface.tx_drop_rate|interface.tx_error_rate|interface.tx_packets_rate,same observation names node and interface; peer is unverified
owns_observed_interface,shanghai-traffic-vm,interface:shanghai-traffic-vm:ens3,interface,dimension_sidecar,interface_id,interface.carrier_changes|interface.rx_bytes_rate|interface.rx_drop_rate|interface.rx_error_rate|interface.rx_packets_rate|interface.tx_bytes_rate|interface.tx_drop_rate|interface.tx_error_rate|interface.tx_packets_rate,same observation names node and interface; peer is unverified
owns_observed_interface,shanghai-traffic-vm,interface:shanghai-traffic-vm:ens4,interface,dimension_sidecar,interface_id,interface.carrier_changes|interface.rx_bytes_rate|interface.rx_drop_rate|interface.rx_error_rate|interface.rx_packets_rate|interface.tx_bytes_rate|interface.tx_drop_rate|interface.tx_error_rate|interface.tx_packets_rate,same observation names node and interface; peer is unverified
owns_observed_interface,shanghai-traffic-vm,interface:shanghai-traffic-vm:ens5,interface,dimension_sidecar,interface_id,interface.carrier_changes|interface.rx_bytes_rate|interface.rx_drop_rate|interface.rx_error_rate|interface.rx_packets_rate|interface.tx_bytes_rate|interface.tx_drop_rate|interface.tx_error_rate|interface.tx_packets_rate,same observation names node and interface; peer is unverified
owns_observed_interface,shanghai-traffic-vm,interface:shanghai-traffic-vm:ens6,interface,dimension_sidecar,interface_id,interface.carrier_changes|interface.rx_bytes_rate|interface.rx_drop_rate|interface.rx_error_rate|interface.rx_packets_rate|interface.tx_bytes_rate|interface.tx_drop_rate|interface.tx_error_rate|interface.tx_packets_rate,same observation names node and interface; peer is unverified
owns_observed_interface,shenyang-br-1,interface:shenyang-br-1:ens10,interface,dimension_sidecar,interface_id,interface.carrier_changes|interface.rx_bytes_rate|interface.rx_drop_rate|interface.rx_error_rate|interface.rx_packets_rate|interface.tx_bytes_rate|interface.tx_drop_rate|interface.tx_error_rate|interface.tx_packets_rate,same observation names node and interface; peer is unverified
owns_observed_interface,shenyang-br-1,interface:shenyang-br-1:ens11,interface,dimension_sidecar,interface_id,interface.carrier_changes|interface.rx_bytes_rate|interface.rx_drop_rate|interface.rx_error_rate|interface.rx_packets_rate|interface.tx_bytes_rate|interface.tx_drop_rate|interface.tx_error_rate|interface.tx_packets_rate,same observation names node and interface; peer is unverified
owns_observed_interface,shenyang-br-1,interface:shenyang-br-1:ens12,interface,dimension_sidecar,interface_id,interface.carrier_changes|interface.rx_bytes_rate|interface.rx_drop_rate|interface.rx_error_rate|interface.rx_packets_rate|interface.tx_bytes_rate|interface.tx_drop_rate|interface.tx_error_rate|interface.tx_packets_rate,same observation names node and interface; peer is unverified
owns_observed_interface,shenyang-br-1,interface:shenyang-br-1:ens3,interface,dimension_sidecar,interface_id,interface.carrier_changes|interface.rx_bytes_rate|interface.rx_drop_rate|interface.rx_error_rate|interface.rx_packets_rate|interface.tx_bytes_rate|interface.tx_drop_rate|interface.tx_error_rate|interface.tx_packets_rate,same observation names node and interface; peer is unverified
owns_observed_interface,shenyang-br-1,interface:shenyang-br-1:ens4,interface,dimension_sidecar,interface_id,interface.carrier_changes|interface.rx_bytes_rate|interface.rx_drop_rate|interface.rx_error_rate|interface.rx_packets_rate|interface.tx_bytes_rate|interface.tx_drop_rate|interface.tx_error_rate|interface.tx_packets_rate,same observation names node and interface; peer is unverified
owns_observed_interface,shenyang-br-1,interface:shenyang-br-1:ens5,interface,dimension_sidecar,interface_id,interface.carrier_changes|interface.rx_bytes_rate|interface.rx_drop_rate|interface.rx_error_rate|interface.rx_packets_rate|interface.tx_bytes_rate|interface.tx_drop_rate|interface.tx_error_rate|interface.tx_packets_rate,same observation names node and interface; peer is unverified
owns_observed_interface,shenyang-br-1,interface:shenyang-br-1:ens6,interface,dimension_sidecar,interface_id,interface.carrier_changes|interface.rx_bytes_rate|interface.rx_drop_rate|interface.rx_error_rate|interface.rx_packets_rate|interface.tx_bytes_rate|interface.tx_drop_rate|interface.tx_error_rate|interface.tx_packets_rate,same observation names node and interface; peer is unverified
owns_observed_interface,shenyang-br-1,interface:shenyang-br-1:ens7,interface,dimension_sidecar,interface_id,interface.carrier_changes|interface.rx_bytes_rate|interface.rx_drop_rate|interface.rx_error_rate|interface.rx_packets_rate|interface.tx_bytes_rate|interface.tx_drop_rate|interface.tx_error_rate|interface.tx_packets_rate,same observation names node and interface; peer is unverified
owns_observed_interface,shenyang-br-1,interface:shenyang-br-1:ens8,interface,dimension_sidecar,interface_id,interface.carrier_changes|interface.rx_bytes_rate|interface.rx_drop_rate|interface.rx_error_rate|interface.rx_packets_rate|interface.tx_bytes_rate|interface.tx_drop_rate|interface.tx_error_rate|interface.tx_packets_rate,same observation names node and interface; peer is unverified
owns_observed_interface,shenyang-br-1,interface:shenyang-br-1:ens9,interface,dimension_sidecar,interface_id,interface.carrier_changes|interface.rx_bytes_rate|interface.rx_drop_rate|interface.rx_error_rate|interface.rx_packets_rate|interface.tx_bytes_rate|interface.tx_drop_rate|interface.tx_error_rate|interface.tx_packets_rate,same observation names node and interface; peer is unverified
owns_observed_interface,shenyang-br-2,interface:shenyang-br-2:ens10,interface,dimension_sidecar,interface_id,interface.carrier_changes|interface.rx_bytes_rate|interface.rx_drop_rate|interface.rx_error_rate|interface.rx_packets_rate|interface.tx_bytes_rate|interface.tx_drop_rate|interface.tx_error_rate|interface.tx_packets_rate,same observation names node and interface; peer is unverified
owns_observed_interface,shenyang-br-2,interface:shenyang-br-2:ens11,interface,dimension_sidecar,interface_id,interface.carrier_changes|interface.rx_bytes_rate|interface.rx_drop_rate|interface.rx_error_rate|interface.rx_packets_rate|interface.tx_bytes_rate|interface.tx_drop_rate|interface.tx_error_rate|interface.tx_packets_rate,same observation names node and interface; peer is unverified
owns_observed_interface,shenyang-br-2,interface:shenyang-br-2:ens12,interface,dimension_sidecar,interface_id,interface.carrier_changes|interface.rx_bytes_rate|interface.rx_drop_rate|interface.rx_error_rate|interface.rx_packets_rate|interface.tx_bytes_rate|interface.tx_drop_rate|interface.tx_error_rate|interface.tx_packets_rate,same observation names node and interface; peer is unverified
owns_observed_interface,shenyang-br-2,interface:shenyang-br-2:ens3,interface,dimension_sidecar,interface_id,interface.carrier_changes|interface.rx_bytes_rate|interface.rx_drop_rate|interface.rx_error_rate|interface.rx_packets_rate|interface.tx_bytes_rate|interface.tx_drop_rate|interface.tx_error_rate|interface.tx_packets_rate,same observation names node and interface; peer is unverified
owns_observed_interface,shenyang-br-2,interface:shenyang-br-2:ens4,interface,dimension_sidecar,interface_id,interface.carrier_changes|interface.rx_bytes_rate|interface.rx_drop_rate|interface.rx_error_rate|interface.rx_packets_rate|interface.tx_bytes_rate|interface.tx_drop_rate|interface.tx_error_rate|interface.tx_packets_rate,same observation names node and interface; peer is unverified
owns_observed_interface,shenyang-br-2,interface:shenyang-br-2:ens5,interface,dimension_sidecar,interface_id,interface.carrier_changes|interface.rx_bytes_rate|interface.rx_drop_rate|interface.rx_error_rate|interface.rx_packets_rate|interface.tx_bytes_rate|interface.tx_drop_rate|interface.tx_error_rate|interface.tx_packets_rate,same observation names node and interface; peer is unverified
owns_observed_interface,shenyang-br-2,interface:shenyang-br-2:ens6,interface,dimension_sidecar,interface_id,interface.carrier_changes|interface.rx_bytes_rate|interface.rx_drop_rate|interface.rx_error_rate|interface.rx_packets_rate|interface.tx_bytes_rate|interface.tx_drop_rate|interface.tx_error_rate|interface.tx_packets_rate,same observation names node and interface; peer is unverified
owns_observed_interface,shenyang-br-2,interface:shenyang-br-2:ens7,interface,dimension_sidecar,interface_id,interface.carrier_changes|interface.rx_bytes_rate|interface.rx_drop_rate|interface.rx_error_rate|interface.rx_packets_rate|interface.tx_bytes_rate|interface.tx_drop_rate|interface.tx_error_rate|interface.tx_packets_rate,same observation names node and interface; peer is unverified
owns_observed_interface,shenyang-br-2,interface:shenyang-br-2:ens8,interface,dimension_sidecar,interface_id,interface.carrier_changes|interface.rx_bytes_rate|interface.rx_drop_rate|interface.rx_error_rate|interface.rx_packets_rate|interface.tx_bytes_rate|interface.tx_drop_rate|interface.tx_error_rate|interface.tx_packets_rate,same observation names node and interface; peer is unverified
owns_observed_interface,shenyang-br-2,interface:shenyang-br-2:ens9,interface,dimension_sidecar,interface_id,interface.carrier_changes|interface.rx_bytes_rate|interface.rx_drop_rate|interface.rx_error_rate|interface.rx_packets_rate|interface.tx_bytes_rate|interface.tx_drop_rate|interface.tx_error_rate|interface.tx_packets_rate,same observation names node and interface; peer is unverified
owns_observed_interface,shenyang-cr-1,interface:shenyang-cr-1:ens10,interface,dimension_sidecar,interface_id,interface.carrier_changes|interface.rx_bytes_rate|interface.rx_drop_rate|interface.rx_error_rate|interface.rx_packets_rate|interface.tx_bytes_rate|interface.tx_drop_rate|interface.tx_error_rate|interface.tx_packets_rate,same observation names node and interface; peer is unverified
owns_observed_interface,shenyang-cr-1,interface:shenyang-cr-1:ens11,interface,dimension_sidecar,interface_id,interface.carrier_changes|interface.rx_bytes_rate|interface.rx_drop_rate|interface.rx_error_rate|interface.rx_packets_rate|interface.tx_bytes_rate|interface.tx_drop_rate|interface.tx_error_rate|interface.tx_packets_rate,same observation names node and interface; peer is unverified
owns_observed_interface,shenyang-cr-1,interface:shenyang-cr-1:ens12,interface,dimension_sidecar,interface_id,interface.carrier_changes|interface.rx_bytes_rate|interface.rx_drop_rate|interface.rx_error_rate|interface.rx_packets_rate|interface.tx_bytes_rate|interface.tx_drop_rate|interface.tx_error_rate|interface.tx_packets_rate,same observation names node and interface; peer is unverified
owns_observed_interface,shenyang-cr-1,interface:shenyang-cr-1:ens3,interface,dimension_sidecar,interface_id,interface.carrier_changes|interface.rx_bytes_rate|interface.rx_drop_rate|interface.rx_error_rate|interface.rx_packets_rate|interface.tx_bytes_rate|interface.tx_drop_rate|interface.tx_error_rate|interface.tx_packets_rate,same observation names node and interface; peer is unverified
owns_observed_interface,shenyang-cr-1,interface:shenyang-cr-1:ens4,interface,dimension_sidecar,interface_id,interface.carrier_changes|interface.rx_bytes_rate|interface.rx_drop_rate|interface.rx_error_rate|interface.rx_packets_rate|interface.tx_bytes_rate|interface.tx_drop_rate|interface.tx_error_rate|interface.tx_packets_rate,same observation names node and interface; peer is unverified
owns_observed_interface,shenyang-cr-1,interface:shenyang-cr-1:ens5,interface,dimension_sidecar,interface_id,interface.carrier_changes|interface.rx_bytes_rate|interface.rx_drop_rate|interface.rx_error_rate|interface.rx_packets_rate|interface.tx_bytes_rate|interface.tx_drop_rate|interface.tx_error_rate|interface.tx_packets_rate,same observation names node and interface; peer is unverified
owns_observed_interface,shenyang-cr-1,interface:shenyang-cr-1:ens6,interface,dimension_sidecar,interface_id,interface.carrier_changes|interface.rx_bytes_rate|interface.rx_drop_rate|interface.rx_error_rate|interface.rx_packets_rate|interface.tx_bytes_rate|interface.tx_drop_rate|interface.tx_error_rate|interface.tx_packets_rate,same observation names node and interface; peer is unverified
owns_observed_interface,shenyang-cr-1,interface:shenyang-cr-1:ens7,interface,dimension_sidecar,interface_id,interface.carrier_changes|interface.rx_bytes_rate|interface.rx_drop_rate|interface.rx_error_rate|interface.rx_packets_rate|interface.tx_bytes_rate|interface.tx_drop_rate|interface.tx_error_rate|interface.tx_packets_rate,same observation names node and interface; peer is unverified
owns_observed_interface,shenyang-cr-1,interface:shenyang-cr-1:ens8,interface,dimension_sidecar,interface_id,interface.carrier_changes|interface.rx_bytes_rate|interface.rx_drop_rate|interface.rx_error_rate|interface.rx_packets_rate|interface.tx_bytes_rate|interface.tx_drop_rate|interface.tx_error_rate|interface.tx_packets_rate,same observation names node and interface; peer is unverified
owns_observed_interface,shenyang-cr-1,interface:shenyang-cr-1:ens9,interface,dimension_sidecar,interface_id,interface.carrier_changes|interface.rx_bytes_rate|interface.rx_drop_rate|interface.rx_error_rate|interface.rx_packets_rate|interface.tx_bytes_rate|interface.tx_drop_rate|interface.tx_error_rate|interface.tx_packets_rate,same observation names node and interface; peer is unverified
owns_observed_interface,shenyang-cr-2,interface:shenyang-cr-2:ens10,interface,dimension_sidecar,interface_id,interface.carrier_changes|interface.rx_bytes_rate|interface.rx_drop_rate|interface.rx_error_rate|interface.rx_packets_rate|interface.tx_bytes_rate|interface.tx_drop_rate|interface.tx_error_rate|interface.tx_packets_rate,same observation names node and interface; peer is unverified
owns_observed_interface,shenyang-cr-2,interface:shenyang-cr-2:ens11,interface,dimension_sidecar,interface_id,interface.carrier_changes|interface.rx_bytes_rate|interface.rx_drop_rate|interface.rx_error_rate|interface.rx_packets_rate|interface.tx_bytes_rate|interface.tx_drop_rate|interface.tx_error_rate|interface.tx_packets_rate,same observation names node and interface; peer is unverified
owns_observed_interface,shenyang-cr-2,interface:shenyang-cr-2:ens12,interface,dimension_sidecar,interface_id,interface.carrier_changes|interface.rx_bytes_rate|interface.rx_drop_rate|interface.rx_error_rate|interface.rx_packets_rate|interface.tx_bytes_rate|interface.tx_drop_rate|interface.tx_error_rate|interface.tx_packets_rate,same observation names node and interface; peer is unverified
owns_observed_interface,shenyang-cr-2,interface:shenyang-cr-2:ens3,interface,dimension_sidecar,interface_id,interface.carrier_changes|interface.rx_bytes_rate|interface.rx_drop_rate|interface.rx_error_rate|interface.rx_packets_rate|interface.tx_bytes_rate|interface.tx_drop_rate|interface.tx_error_rate|interface.tx_packets_rate,same observation names node and interface; peer is unverified
owns_observed_interface,shenyang-cr-2,interface:shenyang-cr-2:ens4,interface,dimension_sidecar,interface_id,interface.carrier_changes|interface.rx_bytes_rate|interface.rx_drop_rate|interface.rx_error_rate|interface.rx_packets_rate|interface.tx_bytes_rate|interface.tx_drop_rate|interface.tx_error_rate|interface.tx_packets_rate,same observation names node and interface; peer is unverified
owns_observed_interface,shenyang-cr-2,interface:shenyang-cr-2:ens5,interface,dimension_sidecar,interface_id,interface.carrier_changes|interface.rx_bytes_rate|interface.rx_drop_rate|interface.rx_error_rate|interface.rx_packets_rate|interface.tx_bytes_rate|interface.tx_drop_rate|interface.tx_error_rate|interface.tx_packets_rate,same observation names node and interface; peer is unverified
owns_observed_interface,shenyang-cr-2,interface:shenyang-cr-2:ens6,interface,dimension_sidecar,interface_id,interface.carrier_changes|interface.rx_bytes_rate|interface.rx_drop_rate|interface.rx_error_rate|interface.rx_packets_rate|interface.tx_bytes_rate|interface.tx_drop_rate|interface.tx_error_rate|interface.tx_packets_rate,same observation names node and interface; peer is unverified
owns_observed_interface,shenyang-cr-2,interface:shenyang-cr-2:ens7,interface,dimension_sidecar,interface_id,interface.carrier_changes|interface.rx_bytes_rate|interface.rx_drop_rate|interface.rx_error_rate|interface.rx_packets_rate|interface.tx_bytes_rate|interface.tx_drop_rate|interface.tx_error_rate|interface.tx_packets_rate,same observation names node and interface; peer is unverified
owns_observed_interface,shenyang-cr-2,interface:shenyang-cr-2:ens8,interface,dimension_sidecar,interface_id,interface.carrier_changes|interface.rx_bytes_rate|interface.rx_drop_rate|interface.rx_error_rate|interface.rx_packets_rate|interface.tx_bytes_rate|interface.tx_drop_rate|interface.tx_error_rate|interface.tx_packets_rate,same observation names node and interface; peer is unverified
owns_observed_interface,shenyang-cr-2,interface:shenyang-cr-2:ens9,interface,dimension_sidecar,interface_id,interface.carrier_changes|interface.rx_bytes_rate|interface.rx_drop_rate|interface.rx_error_rate|interface.rx_packets_rate|interface.tx_bytes_rate|interface.tx_drop_rate|interface.tx_error_rate|interface.tx_packets_rate,same observation names node and interface; peer is unverified
owns_observed_interface,shenyang-fw,interface:shenyang-fw:ens3,interface,dimension_sidecar,interface_id,interface.carrier_changes|interface.rx_bytes_rate|interface.rx_drop_rate|interface.rx_error_rate|interface.rx_packets_rate|interface.tx_bytes_rate|interface.tx_drop_rate|interface.tx_error_rate|interface.tx_packets_rate,same observation names node and interface; peer is unverified
owns_observed_interface,shenyang-fw,interface:shenyang-fw:ens4,interface,dimension_sidecar,interface_id,interface.carrier_changes|interface.rx_bytes_rate|interface.rx_drop_rate|interface.rx_error_rate|interface.rx_packets_rate|interface.tx_bytes_rate|interface.tx_drop_rate|interface.tx_error_rate|interface.tx_packets_rate,same observation names node and interface; peer is unverified
owns_observed_interface,shenyang-fw,interface:shenyang-fw:ens5,interface,dimension_sidecar,interface_id,interface.carrier_changes|interface.rx_bytes_rate|interface.rx_drop_rate|interface.rx_error_rate|interface.rx_packets_rate|interface.tx_bytes_rate|interface.tx_drop_rate|interface.tx_error_rate|interface.tx_packets_rate,same observation names node and interface; peer is unverified
owns_observed_interface,shenyang-fw,interface:shenyang-fw:ens6,interface,dimension_sidecar,interface_id,interface.carrier_changes|interface.rx_bytes_rate|interface.rx_drop_rate|interface.rx_error_rate|interface.rx_packets_rate|interface.tx_bytes_rate|interface.tx_drop_rate|interface.tx_error_rate|interface.tx_packets_rate,same observation names node and interface; peer is unverified
owns_observed_interface,shenyang-service-vm-1,interface:shenyang-service-vm-1:ens3,interface,dimension_sidecar,interface_id,interface.carrier_changes|interface.rx_bytes_rate|interface.rx_drop_rate|interface.rx_error_rate|interface.rx_packets_rate|interface.tx_bytes_rate|interface.tx_drop_rate|interface.tx_error_rate|interface.tx_packets_rate,same observation names node and interface; peer is unverified
owns_observed_interface,shenyang-service-vm-1,interface:shenyang-service-vm-1:ens4,interface,dimension_sidecar,interface_id,interface.carrier_changes|interface.rx_bytes_rate|interface.rx_drop_rate|interface.rx_error_rate|interface.rx_packets_rate|interface.tx_bytes_rate|interface.tx_drop_rate|interface.tx_error_rate|interface.tx_packets_rate,same observation names node and interface; peer is unverified
owns_observed_interface,shenyang-service-vm-1,interface:shenyang-service-vm-1:ens5,interface,dimension_sidecar,interface_id,interface.carrier_changes|interface.rx_bytes_rate|interface.rx_drop_rate|interface.rx_error_rate|interface.rx_packets_rate|interface.tx_bytes_rate|interface.tx_drop_rate|interface.tx_error_rate|interface.tx_packets_rate,same observation names node and interface; peer is unverified
owns_observed_interface,shenyang-service-vm-1,interface:shenyang-service-vm-1:ens6,interface,dimension_sidecar,interface_id,interface.carrier_changes|interface.rx_bytes_rate|interface.rx_drop_rate|interface.rx_error_rate|interface.rx_packets_rate|interface.tx_bytes_rate|interface.tx_drop_rate|interface.tx_error_rate|interface.tx_packets_rate,same observation names node and interface; peer is unverified
owns_observed_interface,shenyang-service-vm-2,interface:shenyang-service-vm-2:ens3,interface,dimension_sidecar,interface_id,interface.carrier_changes|interface.rx_bytes_rate|interface.rx_drop_rate|interface.rx_error_rate|interface.rx_packets_rate|interface.tx_bytes_rate|interface.tx_drop_rate|interface.tx_error_rate|interface.tx_packets_rate,same observation names node and interface; peer is unverified
owns_observed_interface,shenyang-service-vm-2,interface:shenyang-service-vm-2:ens4,interface,dimension_sidecar,interface_id,interface.carrier_changes|interface.rx_bytes_rate|interface.rx_drop_rate|interface.rx_error_rate|interface.rx_packets_rate|interface.tx_bytes_rate|interface.tx_drop_rate|interface.tx_error_rate|interface.tx_packets_rate,same observation names node and interface; peer is unverified
owns_observed_interface,shenyang-service-vm-2,interface:shenyang-service-vm-2:ens5,interface,dimension_sidecar,interface_id,interface.carrier_changes|interface.rx_bytes_rate|interface.rx_drop_rate|interface.rx_error_rate|interface.rx_packets_rate|interface.tx_bytes_rate|interface.tx_drop_rate|interface.tx_error_rate|interface.tx_packets_rate,same observation names node and interface; peer is unverified
owns_observed_interface,shenyang-service-vm-2,interface:shenyang-service-vm-2:ens6,interface,dimension_sidecar,interface_id,interface.carrier_changes|interface.rx_bytes_rate|interface.rx_drop_rate|interface.rx_error_rate|interface.rx_packets_rate|interface.tx_bytes_rate|interface.tx_drop_rate|interface.tx_error_rate|interface.tx_packets_rate,same observation names node and interface; peer is unverified
owns_observed_interface,shenyang-service-vm-3,interface:shenyang-service-vm-3:ens3,interface,dimension_sidecar,interface_id,interface.carrier_changes|interface.rx_bytes_rate|interface.rx_drop_rate|interface.rx_error_rate|interface.rx_packets_rate|interface.tx_bytes_rate|interface.tx_drop_rate|interface.tx_error_rate|interface.tx_packets_rate,same observation names node and interface; peer is unverified
owns_observed_interface,shenyang-service-vm-3,interface:shenyang-service-vm-3:ens4,interface,dimension_sidecar,interface_id,interface.carrier_changes|interface.rx_bytes_rate|interface.rx_drop_rate|interface.rx_error_rate|interface.rx_packets_rate|interface.tx_bytes_rate|interface.tx_drop_rate|interface.tx_error_rate|interface.tx_packets_rate,same observation names node and interface; peer is unverified
owns_observed_interface,shenyang-service-vm-3,interface:shenyang-service-vm-3:ens5,interface,dimension_sidecar,interface_id,interface.carrier_changes|interface.rx_bytes_rate|interface.rx_drop_rate|interface.rx_error_rate|interface.rx_packets_rate|interface.tx_bytes_rate|interface.tx_drop_rate|interface.tx_error_rate|interface.tx_packets_rate,same observation names node and interface; peer is unverified
owns_observed_interface,shenyang-service-vm-3,interface:shenyang-service-vm-3:ens6,interface,dimension_sidecar,interface_id,interface.carrier_changes|interface.rx_bytes_rate|interface.rx_drop_rate|interface.rx_error_rate|interface.rx_packets_rate|interface.tx_bytes_rate|interface.tx_drop_rate|interface.tx_error_rate|interface.tx_packets_rate,same observation names node and interface; peer is unverified
owns_observed_interface,shenyang-traffic-vm,interface:shenyang-traffic-vm:ens3,interface,dimension_sidecar,interface_id,interface.carrier_changes|interface.rx_bytes_rate|interface.rx_drop_rate|interface.rx_error_rate|interface.rx_packets_rate|interface.tx_bytes_rate|interface.tx_drop_rate|interface.tx_error_rate|interface.tx_packets_rate,same observation names node and interface; peer is unverified
owns_observed_interface,shenyang-traffic-vm,interface:shenyang-traffic-vm:ens4,interface,dimension_sidecar,interface_id,interface.carrier_changes|interface.rx_bytes_rate|interface.rx_drop_rate|interface.rx_error_rate|interface.rx_packets_rate|interface.tx_bytes_rate|interface.tx_drop_rate|interface.tx_error_rate|interface.tx_packets_rate,same observation names node and interface; peer is unverified
owns_observed_interface,shenyang-traffic-vm,interface:shenyang-traffic-vm:ens5,interface,dimension_sidecar,interface_id,interface.carrier_changes|interface.rx_bytes_rate|interface.rx_drop_rate|interface.rx_error_rate|interface.rx_packets_rate|interface.tx_bytes_rate|interface.tx_drop_rate|interface.tx_error_rate|interface.tx_packets_rate,same observation names node and interface; peer is unverified
owns_observed_interface,shenyang-traffic-vm,interface:shenyang-traffic-vm:ens6,interface,dimension_sidecar,interface_id,interface.carrier_changes|interface.rx_bytes_rate|interface.rx_drop_rate|interface.rx_error_rate|interface.rx_packets_rate|interface.tx_bytes_rate|interface.tx_drop_rate|interface.tx_error_rate|interface.tx_packets_rate,same observation names node and interface; peer is unverified
owns_observed_interface,wuhan-br-1,interface:wuhan-br-1:ens10,interface,dimension_sidecar,interface_id,interface.carrier_changes|interface.rx_bytes_rate|interface.rx_drop_rate|interface.rx_error_rate|interface.rx_packets_rate|interface.tx_bytes_rate|interface.tx_drop_rate|interface.tx_error_rate|interface.tx_packets_rate,same observation names node and interface; peer is unverified
owns_observed_interface,wuhan-br-1,interface:wuhan-br-1:ens11,interface,dimension_sidecar,interface_id,interface.carrier_changes|interface.rx_bytes_rate|interface.rx_drop_rate|interface.rx_error_rate|interface.rx_packets_rate|interface.tx_bytes_rate|interface.tx_drop_rate|interface.tx_error_rate|interface.tx_packets_rate,same observation names node and interface; peer is unverified
owns_observed_interface,wuhan-br-1,interface:wuhan-br-1:ens12,interface,dimension_sidecar,interface_id,interface.carrier_changes|interface.rx_bytes_rate|interface.rx_drop_rate|interface.rx_error_rate|interface.rx_packets_rate|interface.tx_bytes_rate|interface.tx_drop_rate|interface.tx_error_rate|interface.tx_packets_rate,same observation names node and interface; peer is unverified
owns_observed_interface,wuhan-br-1,interface:wuhan-br-1:ens3,interface,dimension_sidecar,interface_id,interface.carrier_changes|interface.rx_bytes_rate|interface.rx_drop_rate|interface.rx_error_rate|interface.rx_packets_rate|interface.tx_bytes_rate|interface.tx_drop_rate|interface.tx_error_rate|interface.tx_packets_rate,same observation names node and interface; peer is unverified
owns_observed_interface,wuhan-br-1,interface:wuhan-br-1:ens4,interface,dimension_sidecar,interface_id,interface.carrier_changes|interface.rx_bytes_rate|interface.rx_drop_rate|interface.rx_error_rate|interface.rx_packets_rate|interface.tx_bytes_rate|interface.tx_drop_rate|interface.tx_error_rate|interface.tx_packets_rate,same observation names node and interface; peer is unverified
owns_observed_interface,wuhan-br-1,interface:wuhan-br-1:ens5,interface,dimension_sidecar,interface_id,interface.carrier_changes|interface.rx_bytes_rate|interface.rx_drop_rate|interface.rx_error_rate|interface.rx_packets_rate|interface.tx_bytes_rate|interface.tx_drop_rate|interface.tx_error_rate|interface.tx_packets_rate,same observation names node and interface; peer is unverified
owns_observed_interface,wuhan-br-1,interface:wuhan-br-1:ens6,interface,dimension_sidecar,interface_id,interface.carrier_changes|interface.rx_bytes_rate|interface.rx_drop_rate|interface.rx_error_rate|interface.rx_packets_rate|interface.tx_bytes_rate|interface.tx_drop_rate|interface.tx_error_rate|interface.tx_packets_rate,same observation names node and interface; peer is unverified
owns_observed_interface,wuhan-br-1,interface:wuhan-br-1:ens7,interface,dimension_sidecar,interface_id,interface.carrier_changes|interface.rx_bytes_rate|interface.rx_drop_rate|interface.rx_error_rate|interface.rx_packets_rate|interface.tx_bytes_rate|interface.tx_drop_rate|interface.tx_error_rate|interface.tx_packets_rate,same observation names node and interface; peer is unverified
owns_observed_interface,wuhan-br-1,interface:wuhan-br-1:ens8,interface,dimension_sidecar,interface_id,interface.carrier_changes|interface.rx_bytes_rate|interface.rx_drop_rate|interface.rx_error_rate|interface.rx_packets_rate|interface.tx_bytes_rate|interface.tx_drop_rate|interface.tx_error_rate|interface.tx_packets_rate,same observation names node and interface; peer is unverified
owns_observed_interface,wuhan-br-1,interface:wuhan-br-1:ens9,interface,dimension_sidecar,interface_id,interface.carrier_changes|interface.rx_bytes_rate|interface.rx_drop_rate|interface.rx_error_rate|interface.rx_packets_rate|interface.tx_bytes_rate|interface.tx_drop_rate|interface.tx_error_rate|interface.tx_packets_rate,same observation names node and interface; peer is unverified
owns_observed_interface,wuhan-br-2,interface:wuhan-br-2:ens10,interface,dimension_sidecar,interface_id,interface.carrier_changes|interface.rx_bytes_rate|interface.rx_drop_rate|interface.rx_error_rate|interface.rx_packets_rate|interface.tx_bytes_rate|interface.tx_drop_rate|interface.tx_error_rate|interface.tx_packets_rate,same observation names node and interface; peer is unverified
owns_observed_interface,wuhan-br-2,interface:wuhan-br-2:ens11,interface,dimension_sidecar,interface_id,interface.carrier_changes|interface.rx_bytes_rate|interface.rx_drop_rate|interface.rx_error_rate|interface.rx_packets_rate|interface.tx_bytes_rate|interface.tx_drop_rate|interface.tx_error_rate|interface.tx_packets_rate,same observation names node and interface; peer is unverified
owns_observed_interface,wuhan-br-2,interface:wuhan-br-2:ens12,interface,dimension_sidecar,interface_id,interface.carrier_changes|interface.rx_bytes_rate|interface.rx_drop_rate|interface.rx_error_rate|interface.rx_packets_rate|interface.tx_bytes_rate|interface.tx_drop_rate|interface.tx_error_rate|interface.tx_packets_rate,same observation names node and interface; peer is unverified
owns_observed_interface,wuhan-br-2,interface:wuhan-br-2:ens3,interface,dimension_sidecar,interface_id,interface.carrier_changes|interface.rx_bytes_rate|interface.rx_drop_rate|interface.rx_error_rate|interface.rx_packets_rate|interface.tx_bytes_rate|interface.tx_drop_rate|interface.tx_error_rate|interface.tx_packets_rate,same observation names node and interface; peer is unverified
owns_observed_interface,wuhan-br-2,interface:wuhan-br-2:ens4,interface,dimension_sidecar,interface_id,interface.carrier_changes|interface.rx_bytes_rate|interface.rx_drop_rate|interface.rx_error_rate|interface.rx_packets_rate|interface.tx_bytes_rate|interface.tx_drop_rate|interface.tx_error_rate|interface.tx_packets_rate,same observation names node and interface; peer is unverified
owns_observed_interface,wuhan-br-2,interface:wuhan-br-2:ens5,interface,dimension_sidecar,interface_id,interface.carrier_changes|interface.rx_bytes_rate|interface.rx_drop_rate|interface.rx_error_rate|interface.rx_packets_rate|interface.tx_bytes_rate|interface.tx_drop_rate|interface.tx_error_rate|interface.tx_packets_rate,same observation names node and interface; peer is unverified
owns_observed_interface,wuhan-br-2,interface:wuhan-br-2:ens6,interface,dimension_sidecar,interface_id,interface.carrier_changes|interface.rx_bytes_rate|interface.rx_drop_rate|interface.rx_error_rate|interface.rx_packets_rate|interface.tx_bytes_rate|interface.tx_drop_rate|interface.tx_error_rate|interface.tx_packets_rate,same observation names node and interface; peer is unverified
owns_observed_interface,wuhan-br-2,interface:wuhan-br-2:ens7,interface,dimension_sidecar,interface_id,interface.carrier_changes|interface.rx_bytes_rate|interface.rx_drop_rate|interface.rx_error_rate|interface.rx_packets_rate|interface.tx_bytes_rate|interface.tx_drop_rate|interface.tx_error_rate|interface.tx_packets_rate,same observation names node and interface; peer is unverified
owns_observed_interface,wuhan-br-2,interface:wuhan-br-2:ens8,interface,dimension_sidecar,interface_id,interface.carrier_changes|interface.rx_bytes_rate|interface.rx_drop_rate|interface.rx_error_rate|interface.rx_packets_rate|interface.tx_bytes_rate|interface.tx_drop_rate|interface.tx_error_rate|interface.tx_packets_rate,same observation names node and interface; peer is unverified
owns_observed_interface,wuhan-br-2,interface:wuhan-br-2:ens9,interface,dimension_sidecar,interface_id,interface.carrier_changes|interface.rx_bytes_rate|interface.rx_drop_rate|interface.rx_error_rate|interface.rx_packets_rate|interface.tx_bytes_rate|interface.tx_drop_rate|interface.tx_error_rate|interface.tx_packets_rate,same observation names node and interface; peer is unverified
owns_observed_interface,wuhan-cr-1,interface:wuhan-cr-1:ens10,interface,dimension_sidecar,interface_id,interface.carrier_changes|interface.rx_bytes_rate|interface.rx_drop_rate|interface.rx_error_rate|interface.rx_packets_rate|interface.tx_bytes_rate|interface.tx_drop_rate|interface.tx_error_rate|interface.tx_packets_rate,same observation names node and interface; peer is unverified
owns_observed_interface,wuhan-cr-1,interface:wuhan-cr-1:ens11,interface,dimension_sidecar,interface_id,interface.carrier_changes|interface.rx_bytes_rate|interface.rx_drop_rate|interface.rx_error_rate|interface.rx_packets_rate|interface.tx_bytes_rate|interface.tx_drop_rate|interface.tx_error_rate|interface.tx_packets_rate,same observation names node and interface; peer is unverified
owns_observed_interface,wuhan-cr-1,interface:wuhan-cr-1:ens12,interface,dimension_sidecar,interface_id,interface.carrier_changes|interface.rx_bytes_rate|interface.rx_drop_rate|interface.rx_error_rate|interface.rx_packets_rate|interface.tx_bytes_rate|interface.tx_drop_rate|interface.tx_error_rate|interface.tx_packets_rate,same observation names node and interface; peer is unverified
owns_observed_interface,wuhan-cr-1,interface:wuhan-cr-1:ens3,interface,dimension_sidecar,interface_id,interface.carrier_changes|interface.rx_bytes_rate|interface.rx_drop_rate|interface.rx_error_rate|interface.rx_packets_rate|interface.tx_bytes_rate|interface.tx_drop_rate|interface.tx_error_rate|interface.tx_packets_rate,same observation names node and interface; peer is unverified
owns_observed_interface,wuhan-cr-1,interface:wuhan-cr-1:ens4,interface,dimension_sidecar,interface_id,interface.carrier_changes|interface.rx_bytes_rate|interface.rx_drop_rate|interface.rx_error_rate|interface.rx_packets_rate|interface.tx_bytes_rate|interface.tx_drop_rate|interface.tx_error_rate|interface.tx_packets_rate,same observation names node and interface; peer is unverified
owns_observed_interface,wuhan-cr-1,interface:wuhan-cr-1:ens5,interface,dimension_sidecar,interface_id,interface.carrier_changes|interface.rx_bytes_rate|interface.rx_drop_rate|interface.rx_error_rate|interface.rx_packets_rate|interface.tx_bytes_rate|interface.tx_drop_rate|interface.tx_error_rate|interface.tx_packets_rate,same observation names node and interface; peer is unverified
owns_observed_interface,wuhan-cr-1,interface:wuhan-cr-1:ens6,interface,dimension_sidecar,interface_id,interface.carrier_changes|interface.rx_bytes_rate|interface.rx_drop_rate|interface.rx_error_rate|interface.rx_packets_rate|interface.tx_bytes_rate|interface.tx_drop_rate|interface.tx_error_rate|interface.tx_packets_rate,same observation names node and interface; peer is unverified
owns_observed_interface,wuhan-cr-1,interface:wuhan-cr-1:ens7,interface,dimension_sidecar,interface_id,interface.carrier_changes|interface.rx_bytes_rate|interface.rx_drop_rate|interface.rx_error_rate|interface.rx_packets_rate|interface.tx_bytes_rate|interface.tx_drop_rate|interface.tx_error_rate|interface.tx_packets_rate,same observation names node and interface; peer is unverified
owns_observed_interface,wuhan-cr-1,interface:wuhan-cr-1:ens8,interface,dimension_sidecar,interface_id,interface.carrier_changes|interface.rx_bytes_rate|interface.rx_drop_rate|interface.rx_error_rate|interface.rx_packets_rate|interface.tx_bytes_rate|interface.tx_drop_rate|interface.tx_error_rate|interface.tx_packets_rate,same observation names node and interface; peer is unverified
owns_observed_interface,wuhan-cr-1,interface:wuhan-cr-1:ens9,interface,dimension_sidecar,interface_id,interface.carrier_changes|interface.rx_bytes_rate|interface.rx_drop_rate|interface.rx_error_rate|interface.rx_packets_rate|interface.tx_bytes_rate|interface.tx_drop_rate|interface.tx_error_rate|interface.tx_packets_rate,same observation names node and interface; peer is unverified
owns_observed_interface,wuhan-cr-2,interface:wuhan-cr-2:ens10,interface,dimension_sidecar,interface_id,interface.carrier_changes|interface.rx_bytes_rate|interface.rx_drop_rate|interface.rx_error_rate|interface.rx_packets_rate|interface.tx_bytes_rate|interface.tx_drop_rate|interface.tx_error_rate|interface.tx_packets_rate,same observation names node and interface; peer is unverified
owns_observed_interface,wuhan-cr-2,interface:wuhan-cr-2:ens11,interface,dimension_sidecar,interface_id,interface.carrier_changes|interface.rx_bytes_rate|interface.rx_drop_rate|interface.rx_error_rate|interface.rx_packets_rate|interface.tx_bytes_rate|interface.tx_drop_rate|interface.tx_error_rate|interface.tx_packets_rate,same observation names node and interface; peer is unverified
owns_observed_interface,wuhan-cr-2,interface:wuhan-cr-2:ens12,interface,dimension_sidecar,interface_id,interface.carrier_changes|interface.rx_bytes_rate|interface.rx_drop_rate|interface.rx_error_rate|interface.rx_packets_rate|interface.tx_bytes_rate|interface.tx_drop_rate|interface.tx_error_rate|interface.tx_packets_rate,same observation names node and interface; peer is unverified
owns_observed_interface,wuhan-cr-2,interface:wuhan-cr-2:ens3,interface,dimension_sidecar,interface_id,interface.carrier_changes|interface.rx_bytes_rate|interface.rx_drop_rate|interface.rx_error_rate|interface.rx_packets_rate|interface.tx_bytes_rate|interface.tx_drop_rate|interface.tx_error_rate|interface.tx_packets_rate,same observation names node and interface; peer is unverified
owns_observed_interface,wuhan-cr-2,interface:wuhan-cr-2:ens4,interface,dimension_sidecar,interface_id,interface.carrier_changes|interface.rx_bytes_rate|interface.rx_drop_rate|interface.rx_error_rate|interface.rx_packets_rate|interface.tx_bytes_rate|interface.tx_drop_rate|interface.tx_error_rate|interface.tx_packets_rate,same observation names node and interface; peer is unverified
owns_observed_interface,wuhan-cr-2,interface:wuhan-cr-2:ens5,interface,dimension_sidecar,interface_id,interface.carrier_changes|interface.rx_bytes_rate|interface.rx_drop_rate|interface.rx_error_rate|interface.rx_packets_rate|interface.tx_bytes_rate|interface.tx_drop_rate|interface.tx_error_rate|interface.tx_packets_rate,same observation names node and interface; peer is unverified
owns_observed_interface,wuhan-cr-2,interface:wuhan-cr-2:ens6,interface,dimension_sidecar,interface_id,interface.carrier_changes|interface.rx_bytes_rate|interface.rx_drop_rate|interface.rx_error_rate|interface.rx_packets_rate|interface.tx_bytes_rate|interface.tx_drop_rate|interface.tx_error_rate|interface.tx_packets_rate,same observation names node and interface; peer is unverified
owns_observed_interface,wuhan-cr-2,interface:wuhan-cr-2:ens7,interface,dimension_sidecar,interface_id,interface.carrier_changes|interface.rx_bytes_rate|interface.rx_drop_rate|interface.rx_error_rate|interface.rx_packets_rate|interface.tx_bytes_rate|interface.tx_drop_rate|interface.tx_error_rate|interface.tx_packets_rate,same observation names node and interface; peer is unverified
owns_observed_interface,wuhan-cr-2,interface:wuhan-cr-2:ens8,interface,dimension_sidecar,interface_id,interface.carrier_changes|interface.rx_bytes_rate|interface.rx_drop_rate|interface.rx_error_rate|interface.rx_packets_rate|interface.tx_bytes_rate|interface.tx_drop_rate|interface.tx_error_rate|interface.tx_packets_rate,same observation names node and interface; peer is unverified
owns_observed_interface,wuhan-cr-2,interface:wuhan-cr-2:ens9,interface,dimension_sidecar,interface_id,interface.carrier_changes|interface.rx_bytes_rate|interface.rx_drop_rate|interface.rx_error_rate|interface.rx_packets_rate|interface.tx_bytes_rate|interface.tx_drop_rate|interface.tx_error_rate|interface.tx_packets_rate,same observation names node and interface; peer is unverified
owns_observed_interface,wuhan-fw,interface:wuhan-fw:ens3,interface,dimension_sidecar,interface_id,interface.carrier_changes|interface.rx_bytes_rate|interface.rx_drop_rate|interface.rx_error_rate|interface.rx_packets_rate|interface.tx_bytes_rate|interface.tx_drop_rate|interface.tx_error_rate|interface.tx_packets_rate,same observation names node and interface; peer is unverified
owns_observed_interface,wuhan-fw,interface:wuhan-fw:ens4,interface,dimension_sidecar,interface_id,interface.carrier_changes|interface.rx_bytes_rate|interface.rx_drop_rate|interface.rx_error_rate|interface.rx_packets_rate|interface.tx_bytes_rate|interface.tx_drop_rate|interface.tx_error_rate|interface.tx_packets_rate,same observation names node and interface; peer is unverified
owns_observed_interface,wuhan-fw,interface:wuhan-fw:ens5,interface,dimension_sidecar,interface_id,interface.carrier_changes|interface.rx_bytes_rate|interface.rx_drop_rate|interface.rx_error_rate|interface.rx_packets_rate|interface.tx_bytes_rate|interface.tx_drop_rate|interface.tx_error_rate|interface.tx_packets_rate,same observation names node and interface; peer is unverified
owns_observed_interface,wuhan-fw,interface:wuhan-fw:ens6,interface,dimension_sidecar,interface_id,interface.carrier_changes|interface.rx_bytes_rate|interface.rx_drop_rate|interface.rx_error_rate|interface.rx_packets_rate|interface.tx_bytes_rate|interface.tx_drop_rate|interface.tx_error_rate|interface.tx_packets_rate,same observation names node and interface; peer is unverified
owns_observed_interface,wuhan-service-vm-1,interface:wuhan-service-vm-1:ens3,interface,dimension_sidecar,interface_id,interface.carrier_changes|interface.rx_bytes_rate|interface.rx_drop_rate|interface.rx_error_rate|interface.rx_packets_rate|interface.tx_bytes_rate|interface.tx_drop_rate|interface.tx_error_rate|interface.tx_packets_rate,same observation names node and interface; peer is unverified
owns_observed_interface,wuhan-service-vm-1,interface:wuhan-service-vm-1:ens4,interface,dimension_sidecar,interface_id,interface.carrier_changes|interface.rx_bytes_rate|interface.rx_drop_rate|interface.rx_error_rate|interface.rx_packets_rate|interface.tx_bytes_rate|interface.tx_drop_rate|interface.tx_error_rate|interface.tx_packets_rate,same observation names node and interface; peer is unverified
owns_observed_interface,wuhan-service-vm-1,interface:wuhan-service-vm-1:ens5,interface,dimension_sidecar,interface_id,interface.carrier_changes|interface.rx_bytes_rate|interface.rx_drop_rate|interface.rx_error_rate|interface.rx_packets_rate|interface.tx_bytes_rate|interface.tx_drop_rate|interface.tx_error_rate|interface.tx_packets_rate,same observation names node and interface; peer is unverified
owns_observed_interface,wuhan-service-vm-1,interface:wuhan-service-vm-1:ens6,interface,dimension_sidecar,interface_id,interface.carrier_changes|interface.rx_bytes_rate|interface.rx_drop_rate|interface.rx_error_rate|interface.rx_packets_rate|interface.tx_bytes_rate|interface.tx_drop_rate|interface.tx_error_rate|interface.tx_packets_rate,same observation names node and interface; peer is unverified
owns_observed_interface,wuhan-service-vm-2,interface:wuhan-service-vm-2:ens3,interface,dimension_sidecar,interface_id,interface.carrier_changes|interface.rx_bytes_rate|interface.rx_drop_rate|interface.rx_error_rate|interface.rx_packets_rate|interface.tx_bytes_rate|interface.tx_drop_rate|interface.tx_error_rate|interface.tx_packets_rate,same observation names node and interface; peer is unverified
owns_observed_interface,wuhan-service-vm-2,interface:wuhan-service-vm-2:ens4,interface,dimension_sidecar,interface_id,interface.carrier_changes|interface.rx_bytes_rate|interface.rx_drop_rate|interface.rx_error_rate|interface.rx_packets_rate|interface.tx_bytes_rate|interface.tx_drop_rate|interface.tx_error_rate|interface.tx_packets_rate,same observation names node and interface; peer is unverified
owns_observed_interface,wuhan-service-vm-2,interface:wuhan-service-vm-2:ens5,interface,dimension_sidecar,interface_id,interface.carrier_changes|interface.rx_bytes_rate|interface.rx_drop_rate|interface.rx_error_rate|interface.rx_packets_rate|interface.tx_bytes_rate|interface.tx_drop_rate|interface.tx_error_rate|interface.tx_packets_rate,same observation names node and interface; peer is unverified
owns_observed_interface,wuhan-service-vm-2,interface:wuhan-service-vm-2:ens6,interface,dimension_sidecar,interface_id,interface.carrier_changes|interface.rx_bytes_rate|interface.rx_drop_rate|interface.rx_error_rate|interface.rx_packets_rate|interface.tx_bytes_rate|interface.tx_drop_rate|interface.tx_error_rate|interface.tx_packets_rate,same observation names node and interface; peer is unverified
owns_observed_interface,wuhan-service-vm-3,interface:wuhan-service-vm-3:ens3,interface,dimension_sidecar,interface_id,interface.carrier_changes|interface.rx_bytes_rate|interface.rx_drop_rate|interface.rx_error_rate|interface.rx_packets_rate|interface.tx_bytes_rate|interface.tx_drop_rate|interface.tx_error_rate|interface.tx_packets_rate,same observation names node and interface; peer is unverified
owns_observed_interface,wuhan-service-vm-3,interface:wuhan-service-vm-3:ens4,interface,dimension_sidecar,interface_id,interface.carrier_changes|interface.rx_bytes_rate|interface.rx_drop_rate|interface.rx_error_rate|interface.rx_packets_rate|interface.tx_bytes_rate|interface.tx_drop_rate|interface.tx_error_rate|interface.tx_packets_rate,same observation names node and interface; peer is unverified
owns_observed_interface,wuhan-service-vm-3,interface:wuhan-service-vm-3:ens5,interface,dimension_sidecar,interface_id,interface.carrier_changes|interface.rx_bytes_rate|interface.rx_drop_rate|interface.rx_error_rate|interface.rx_packets_rate|interface.tx_bytes_rate|interface.tx_drop_rate|interface.tx_error_rate|interface.tx_packets_rate,same observation names node and interface; peer is unverified
owns_observed_interface,wuhan-service-vm-3,interface:wuhan-service-vm-3:ens6,interface,dimension_sidecar,interface_id,interface.carrier_changes|interface.rx_bytes_rate|interface.rx_drop_rate|interface.rx_error_rate|interface.rx_packets_rate|interface.tx_bytes_rate|interface.tx_drop_rate|interface.tx_error_rate|interface.tx_packets_rate,same observation names node and interface; peer is unverified
owns_observed_interface,wuhan-traffic-vm,interface:wuhan-traffic-vm:ens3,interface,dimension_sidecar,interface_id,interface.carrier_changes|interface.rx_bytes_rate|interface.rx_drop_rate|interface.rx_error_rate|interface.rx_packets_rate|interface.tx_bytes_rate|interface.tx_drop_rate|interface.tx_error_rate|interface.tx_packets_rate,same observation names node and interface; peer is unverified
owns_observed_interface,wuhan-traffic-vm,interface:wuhan-traffic-vm:ens4,interface,dimension_sidecar,interface_id,interface.carrier_changes|interface.rx_bytes_rate|interface.rx_drop_rate|interface.rx_error_rate|interface.rx_packets_rate|interface.tx_bytes_rate|interface.tx_drop_rate|interface.tx_error_rate|interface.tx_packets_rate,same observation names node and interface; peer is unverified
owns_observed_interface,wuhan-traffic-vm,interface:wuhan-traffic-vm:ens5,interface,dimension_sidecar,interface_id,interface.carrier_changes|interface.rx_bytes_rate|interface.rx_drop_rate|interface.rx_error_rate|interface.rx_packets_rate|interface.tx_bytes_rate|interface.tx_drop_rate|interface.tx_error_rate|interface.tx_packets_rate,same observation names node and interface; peer is unverified
owns_observed_interface,wuhan-traffic-vm,interface:wuhan-traffic-vm:ens6,interface,dimension_sidecar,interface_id,interface.carrier_changes|interface.rx_bytes_rate|interface.rx_drop_rate|interface.rx_error_rate|interface.rx_packets_rate|interface.tx_bytes_rate|interface.tx_drop_rate|interface.tx_error_rate|interface.tx_packets_rate,same observation names node and interface; peer is unverified
owns_observed_interface,xian-br-1,interface:xian-br-1:ens10,interface,dimension_sidecar,interface_id,interface.carrier_changes|interface.rx_bytes_rate|interface.rx_drop_rate|interface.rx_error_rate|interface.rx_packets_rate|interface.tx_bytes_rate|interface.tx_drop_rate|interface.tx_error_rate|interface.tx_packets_rate,same observation names node and interface; peer is unverified
owns_observed_interface,xian-br-1,interface:xian-br-1:ens11,interface,dimension_sidecar,interface_id,interface.carrier_changes|interface.rx_bytes_rate|interface.rx_drop_rate|interface.rx_error_rate|interface.rx_packets_rate|interface.tx_bytes_rate|interface.tx_drop_rate|interface.tx_error_rate|interface.tx_packets_rate,same observation names node and interface; peer is unverified
owns_observed_interface,xian-br-1,interface:xian-br-1:ens12,interface,dimension_sidecar,interface_id,interface.carrier_changes|interface.rx_bytes_rate|interface.rx_drop_rate|interface.rx_error_rate|interface.rx_packets_rate|interface.tx_bytes_rate|interface.tx_drop_rate|interface.tx_error_rate|interface.tx_packets_rate,same observation names node and interface; peer is unverified
owns_observed_interface,xian-br-1,interface:xian-br-1:ens3,interface,dimension_sidecar,interface_id,interface.carrier_changes|interface.rx_bytes_rate|interface.rx_drop_rate|interface.rx_error_rate|interface.rx_packets_rate|interface.tx_bytes_rate|interface.tx_drop_rate|interface.tx_error_rate|interface.tx_packets_rate,same observation names node and interface; peer is unverified
owns_observed_interface,xian-br-1,interface:xian-br-1:ens4,interface,dimension_sidecar,interface_id,interface.carrier_changes|interface.rx_bytes_rate|interface.rx_drop_rate|interface.rx_error_rate|interface.rx_packets_rate|interface.tx_bytes_rate|interface.tx_drop_rate|interface.tx_error_rate|interface.tx_packets_rate,same observation names node and interface; peer is unverified
owns_observed_interface,xian-br-1,interface:xian-br-1:ens5,interface,dimension_sidecar,interface_id,interface.carrier_changes|interface.rx_bytes_rate|interface.rx_drop_rate|interface.rx_error_rate|interface.rx_packets_rate|interface.tx_bytes_rate|interface.tx_drop_rate|interface.tx_error_rate|interface.tx_packets_rate,same observation names node and interface; peer is unverified
owns_observed_interface,xian-br-1,interface:xian-br-1:ens6,interface,dimension_sidecar,interface_id,interface.carrier_changes|interface.rx_bytes_rate|interface.rx_drop_rate|interface.rx_error_rate|interface.rx_packets_rate|interface.tx_bytes_rate|interface.tx_drop_rate|interface.tx_error_rate|interface.tx_packets_rate,same observation names node and interface; peer is unverified
owns_observed_interface,xian-br-1,interface:xian-br-1:ens7,interface,dimension_sidecar,interface_id,interface.carrier_changes|interface.rx_bytes_rate|interface.rx_drop_rate|interface.rx_error_rate|interface.rx_packets_rate|interface.tx_bytes_rate|interface.tx_drop_rate|interface.tx_error_rate|interface.tx_packets_rate,same observation names node and interface; peer is unverified
owns_observed_interface,xian-br-1,interface:xian-br-1:ens8,interface,dimension_sidecar,interface_id,interface.carrier_changes|interface.rx_bytes_rate|interface.rx_drop_rate|interface.rx_error_rate|interface.rx_packets_rate|interface.tx_bytes_rate|interface.tx_drop_rate|interface.tx_error_rate|interface.tx_packets_rate,same observation names node and interface; peer is unverified
owns_observed_interface,xian-br-1,interface:xian-br-1:ens9,interface,dimension_sidecar,interface_id,interface.carrier_changes|interface.rx_bytes_rate|interface.rx_drop_rate|interface.rx_error_rate|interface.rx_packets_rate|interface.tx_bytes_rate|interface.tx_drop_rate|interface.tx_error_rate|interface.tx_packets_rate,same observation names node and interface; peer is unverified
owns_observed_interface,xian-br-2,interface:xian-br-2:ens10,interface,dimension_sidecar,interface_id,interface.carrier_changes|interface.rx_bytes_rate|interface.rx_drop_rate|interface.rx_error_rate|interface.rx_packets_rate|interface.tx_bytes_rate|interface.tx_drop_rate|interface.tx_error_rate|interface.tx_packets_rate,same observation names node and interface; peer is unverified
owns_observed_interface,xian-br-2,interface:xian-br-2:ens11,interface,dimension_sidecar,interface_id,interface.carrier_changes|interface.rx_bytes_rate|interface.rx_drop_rate|interface.rx_error_rate|interface.rx_packets_rate|interface.tx_bytes_rate|interface.tx_drop_rate|interface.tx_error_rate|interface.tx_packets_rate,same observation names node and interface; peer is unverified
owns_observed_interface,xian-br-2,interface:xian-br-2:ens12,interface,dimension_sidecar,interface_id,interface.carrier_changes|interface.rx_bytes_rate|interface.rx_drop_rate|interface.rx_error_rate|interface.rx_packets_rate|interface.tx_bytes_rate|interface.tx_drop_rate|interface.tx_error_rate|interface.tx_packets_rate,same observation names node and interface; peer is unverified
owns_observed_interface,xian-br-2,interface:xian-br-2:ens3,interface,dimension_sidecar,interface_id,interface.carrier_changes|interface.rx_bytes_rate|interface.rx_drop_rate|interface.rx_error_rate|interface.rx_packets_rate|interface.tx_bytes_rate|interface.tx_drop_rate|interface.tx_error_rate|interface.tx_packets_rate,same observation names node and interface; peer is unverified
owns_observed_interface,xian-br-2,interface:xian-br-2:ens4,interface,dimension_sidecar,interface_id,interface.carrier_changes|interface.rx_bytes_rate|interface.rx_drop_rate|interface.rx_error_rate|interface.rx_packets_rate|interface.tx_bytes_rate|interface.tx_drop_rate|interface.tx_error_rate|interface.tx_packets_rate,same observation names node and interface; peer is unverified
owns_observed_interface,xian-br-2,interface:xian-br-2:ens5,interface,dimension_sidecar,interface_id,interface.carrier_changes|interface.rx_bytes_rate|interface.rx_drop_rate|interface.rx_error_rate|interface.rx_packets_rate|interface.tx_bytes_rate|interface.tx_drop_rate|interface.tx_error_rate|interface.tx_packets_rate,same observation names node and interface; peer is unverified
owns_observed_interface,xian-br-2,interface:xian-br-2:ens6,interface,dimension_sidecar,interface_id,interface.carrier_changes|interface.rx_bytes_rate|interface.rx_drop_rate|interface.rx_error_rate|interface.rx_packets_rate|interface.tx_bytes_rate|interface.tx_drop_rate|interface.tx_error_rate|interface.tx_packets_rate,same observation names node and interface; peer is unverified
owns_observed_interface,xian-br-2,interface:xian-br-2:ens7,interface,dimension_sidecar,interface_id,interface.carrier_changes|interface.rx_bytes_rate|interface.rx_drop_rate|interface.rx_error_rate|interface.rx_packets_rate|interface.tx_bytes_rate|interface.tx_drop_rate|interface.tx_error_rate|interface.tx_packets_rate,same observation names node and interface; peer is unverified
owns_observed_interface,xian-br-2,interface:xian-br-2:ens8,interface,dimension_sidecar,interface_id,interface.carrier_changes|interface.rx_bytes_rate|interface.rx_drop_rate|interface.rx_error_rate|interface.rx_packets_rate|interface.tx_bytes_rate|interface.tx_drop_rate|interface.tx_error_rate|interface.tx_packets_rate,same observation names node and interface; peer is unverified
owns_observed_interface,xian-br-2,interface:xian-br-2:ens9,interface,dimension_sidecar,interface_id,interface.carrier_changes|interface.rx_bytes_rate|interface.rx_drop_rate|interface.rx_error_rate|interface.rx_packets_rate|interface.tx_bytes_rate|interface.tx_drop_rate|interface.tx_error_rate|interface.tx_packets_rate,same observation names node and interface; peer is unverified
owns_observed_interface,xian-cr-1,interface:xian-cr-1:ens10,interface,dimension_sidecar,interface_id,interface.carrier_changes|interface.rx_bytes_rate|interface.rx_drop_rate|interface.rx_error_rate|interface.rx_packets_rate|interface.tx_bytes_rate|interface.tx_drop_rate|interface.tx_error_rate|interface.tx_packets_rate,same observation names node and interface; peer is unverified
owns_observed_interface,xian-cr-1,interface:xian-cr-1:ens11,interface,dimension_sidecar,interface_id,interface.carrier_changes|interface.rx_bytes_rate|interface.rx_drop_rate|interface.rx_error_rate|interface.rx_packets_rate|interface.tx_bytes_rate|interface.tx_drop_rate|interface.tx_error_rate|interface.tx_packets_rate,same observation names node and interface; peer is unverified
owns_observed_interface,xian-cr-1,interface:xian-cr-1:ens12,interface,dimension_sidecar,interface_id,interface.carrier_changes|interface.rx_bytes_rate|interface.rx_drop_rate|interface.rx_error_rate|interface.rx_packets_rate|interface.tx_bytes_rate|interface.tx_drop_rate|interface.tx_error_rate|interface.tx_packets_rate,same observation names node and interface; peer is unverified
owns_observed_interface,xian-cr-1,interface:xian-cr-1:ens3,interface,dimension_sidecar,interface_id,interface.carrier_changes|interface.rx_bytes_rate|interface.rx_drop_rate|interface.rx_error_rate|interface.rx_packets_rate|interface.tx_bytes_rate|interface.tx_drop_rate|interface.tx_error_rate|interface.tx_packets_rate,same observation names node and interface; peer is unverified
owns_observed_interface,xian-cr-1,interface:xian-cr-1:ens4,interface,dimension_sidecar,interface_id,interface.carrier_changes|interface.rx_bytes_rate|interface.rx_drop_rate|interface.rx_error_rate|interface.rx_packets_rate|interface.tx_bytes_rate|interface.tx_drop_rate|interface.tx_error_rate|interface.tx_packets_rate,same observation names node and interface; peer is unverified
owns_observed_interface,xian-cr-1,interface:xian-cr-1:ens5,interface,dimension_sidecar,interface_id,interface.carrier_changes|interface.rx_bytes_rate|interface.rx_drop_rate|interface.rx_error_rate|interface.rx_packets_rate|interface.tx_bytes_rate|interface.tx_drop_rate|interface.tx_error_rate|interface.tx_packets_rate,same observation names node and interface; peer is unverified
owns_observed_interface,xian-cr-1,interface:xian-cr-1:ens6,interface,dimension_sidecar,interface_id,interface.carrier_changes|interface.rx_bytes_rate|interface.rx_drop_rate|interface.rx_error_rate|interface.rx_packets_rate|interface.tx_bytes_rate|interface.tx_drop_rate|interface.tx_error_rate|interface.tx_packets_rate,same observation names node and interface; peer is unverified
owns_observed_interface,xian-cr-1,interface:xian-cr-1:ens7,interface,dimension_sidecar,interface_id,interface.carrier_changes|interface.rx_bytes_rate|interface.rx_drop_rate|interface.rx_error_rate|interface.rx_packets_rate|interface.tx_bytes_rate|interface.tx_drop_rate|interface.tx_error_rate|interface.tx_packets_rate,same observation names node and interface; peer is unverified
owns_observed_interface,xian-cr-1,interface:xian-cr-1:ens8,interface,dimension_sidecar,interface_id,interface.carrier_changes|interface.rx_bytes_rate|interface.rx_drop_rate|interface.rx_error_rate|interface.rx_packets_rate|interface.tx_bytes_rate|interface.tx_drop_rate|interface.tx_error_rate|interface.tx_packets_rate,same observation names node and interface; peer is unverified
owns_observed_interface,xian-cr-1,interface:xian-cr-1:ens9,interface,dimension_sidecar,interface_id,interface.carrier_changes|interface.rx_bytes_rate|interface.rx_drop_rate|interface.rx_error_rate|interface.rx_packets_rate|interface.tx_bytes_rate|interface.tx_drop_rate|interface.tx_error_rate|interface.tx_packets_rate,same observation names node and interface; peer is unverified
owns_observed_interface,xian-cr-2,interface:xian-cr-2:ens10,interface,dimension_sidecar,interface_id,interface.carrier_changes|interface.rx_bytes_rate|interface.rx_drop_rate|interface.rx_error_rate|interface.rx_packets_rate|interface.tx_bytes_rate|interface.tx_drop_rate|interface.tx_error_rate|interface.tx_packets_rate,same observation names node and interface; peer is unverified
owns_observed_interface,xian-cr-2,interface:xian-cr-2:ens11,interface,dimension_sidecar,interface_id,interface.carrier_changes|interface.rx_bytes_rate|interface.rx_drop_rate|interface.rx_error_rate|interface.rx_packets_rate|interface.tx_bytes_rate|interface.tx_drop_rate|interface.tx_error_rate|interface.tx_packets_rate,same observation names node and interface; peer is unverified
owns_observed_interface,xian-cr-2,interface:xian-cr-2:ens12,interface,dimension_sidecar,interface_id,interface.carrier_changes|interface.rx_bytes_rate|interface.rx_drop_rate|interface.rx_error_rate|interface.rx_packets_rate|interface.tx_bytes_rate|interface.tx_drop_rate|interface.tx_error_rate|interface.tx_packets_rate,same observation names node and interface; peer is unverified
owns_observed_interface,xian-cr-2,interface:xian-cr-2:ens3,interface,dimension_sidecar,interface_id,interface.carrier_changes|interface.rx_bytes_rate|interface.rx_drop_rate|interface.rx_error_rate|interface.rx_packets_rate|interface.tx_bytes_rate|interface.tx_drop_rate|interface.tx_error_rate|interface.tx_packets_rate,same observation names node and interface; peer is unverified
owns_observed_interface,xian-cr-2,interface:xian-cr-2:ens4,interface,dimension_sidecar,interface_id,interface.carrier_changes|interface.rx_bytes_rate|interface.rx_drop_rate|interface.rx_error_rate|interface.rx_packets_rate|interface.tx_bytes_rate|interface.tx_drop_rate|interface.tx_error_rate|interface.tx_packets_rate,same observation names node and interface; peer is unverified
owns_observed_interface,xian-cr-2,interface:xian-cr-2:ens5,interface,dimension_sidecar,interface_id,interface.carrier_changes|interface.rx_bytes_rate|interface.rx_drop_rate|interface.rx_error_rate|interface.rx_packets_rate|interface.tx_bytes_rate|interface.tx_drop_rate|interface.tx_error_rate|interface.tx_packets_rate,same observation names node and interface; peer is unverified
owns_observed_interface,xian-cr-2,interface:xian-cr-2:ens6,interface,dimension_sidecar,interface_id,interface.carrier_changes|interface.rx_bytes_rate|interface.rx_drop_rate|interface.rx_error_rate|interface.rx_packets_rate|interface.tx_bytes_rate|interface.tx_drop_rate|interface.tx_error_rate|interface.tx_packets_rate,same observation names node and interface; peer is unverified
owns_observed_interface,xian-cr-2,interface:xian-cr-2:ens7,interface,dimension_sidecar,interface_id,interface.carrier_changes|interface.rx_bytes_rate|interface.rx_drop_rate|interface.rx_error_rate|interface.rx_packets_rate|interface.tx_bytes_rate|interface.tx_drop_rate|interface.tx_error_rate|interface.tx_packets_rate,same observation names node and interface; peer is unverified
owns_observed_interface,xian-cr-2,interface:xian-cr-2:ens8,interface,dimension_sidecar,interface_id,interface.carrier_changes|interface.rx_bytes_rate|interface.rx_drop_rate|interface.rx_error_rate|interface.rx_packets_rate|interface.tx_bytes_rate|interface.tx_drop_rate|interface.tx_error_rate|interface.tx_packets_rate,same observation names node and interface; peer is unverified
owns_observed_interface,xian-cr-2,interface:xian-cr-2:ens9,interface,dimension_sidecar,interface_id,interface.carrier_changes|interface.rx_bytes_rate|interface.rx_drop_rate|interface.rx_error_rate|interface.rx_packets_rate|interface.tx_bytes_rate|interface.tx_drop_rate|interface.tx_error_rate|interface.tx_packets_rate,same observation names node and interface; peer is unverified
owns_observed_interface,xian-fw,interface:xian-fw:ens3,interface,dimension_sidecar,interface_id,interface.carrier_changes|interface.rx_bytes_rate|interface.rx_drop_rate|interface.rx_error_rate|interface.rx_packets_rate|interface.tx_bytes_rate|interface.tx_drop_rate|interface.tx_error_rate|interface.tx_packets_rate,same observation names node and interface; peer is unverified
owns_observed_interface,xian-fw,interface:xian-fw:ens4,interface,dimension_sidecar,interface_id,interface.carrier_changes|interface.rx_bytes_rate|interface.rx_drop_rate|interface.rx_error_rate|interface.rx_packets_rate|interface.tx_bytes_rate|interface.tx_drop_rate|interface.tx_error_rate|interface.tx_packets_rate,same observation names node and interface; peer is unverified
owns_observed_interface,xian-fw,interface:xian-fw:ens5,interface,dimension_sidecar,interface_id,interface.carrier_changes|interface.rx_bytes_rate|interface.rx_drop_rate|interface.rx_error_rate|interface.rx_packets_rate|interface.tx_bytes_rate|interface.tx_drop_rate|interface.tx_error_rate|interface.tx_packets_rate,same observation names node and interface; peer is unverified
owns_observed_interface,xian-fw,interface:xian-fw:ens6,interface,dimension_sidecar,interface_id,interface.carrier_changes|interface.rx_bytes_rate|interface.rx_drop_rate|interface.rx_error_rate|interface.rx_packets_rate|interface.tx_bytes_rate|interface.tx_drop_rate|interface.tx_error_rate|interface.tx_packets_rate,same observation names node and interface; peer is unverified
owns_observed_interface,xian-service-vm-1,interface:xian-service-vm-1:ens3,interface,dimension_sidecar,interface_id,interface.carrier_changes|interface.rx_bytes_rate|interface.rx_drop_rate|interface.rx_error_rate|interface.rx_packets_rate|interface.tx_bytes_rate|interface.tx_drop_rate|interface.tx_error_rate|interface.tx_packets_rate,same observation names node and interface; peer is unverified
owns_observed_interface,xian-service-vm-1,interface:xian-service-vm-1:ens4,interface,dimension_sidecar,interface_id,interface.carrier_changes|interface.rx_bytes_rate|interface.rx_drop_rate|interface.rx_error_rate|interface.rx_packets_rate|interface.tx_bytes_rate|interface.tx_drop_rate|interface.tx_error_rate|interface.tx_packets_rate,same observation names node and interface; peer is unverified
owns_observed_interface,xian-service-vm-1,interface:xian-service-vm-1:ens5,interface,dimension_sidecar,interface_id,interface.carrier_changes|interface.rx_bytes_rate|interface.rx_drop_rate|interface.rx_error_rate|interface.rx_packets_rate|interface.tx_bytes_rate|interface.tx_drop_rate|interface.tx_error_rate|interface.tx_packets_rate,same observation names node and interface; peer is unverified
owns_observed_interface,xian-service-vm-1,interface:xian-service-vm-1:ens6,interface,dimension_sidecar,interface_id,interface.carrier_changes|interface.rx_bytes_rate|interface.rx_drop_rate|interface.rx_error_rate|interface.rx_packets_rate|interface.tx_bytes_rate|interface.tx_drop_rate|interface.tx_error_rate|interface.tx_packets_rate,same observation names node and interface; peer is unverified
owns_observed_interface,xian-service-vm-2,interface:xian-service-vm-2:ens3,interface,dimension_sidecar,interface_id,interface.carrier_changes|interface.rx_bytes_rate|interface.rx_drop_rate|interface.rx_error_rate|interface.rx_packets_rate|interface.tx_bytes_rate|interface.tx_drop_rate|interface.tx_error_rate|interface.tx_packets_rate,same observation names node and interface; peer is unverified
owns_observed_interface,xian-service-vm-2,interface:xian-service-vm-2:ens4,interface,dimension_sidecar,interface_id,interface.carrier_changes|interface.rx_bytes_rate|interface.rx_drop_rate|interface.rx_error_rate|interface.rx_packets_rate|interface.tx_bytes_rate|interface.tx_drop_rate|interface.tx_error_rate|interface.tx_packets_rate,same observation names node and interface; peer is unverified
owns_observed_interface,xian-service-vm-2,interface:xian-service-vm-2:ens5,interface,dimension_sidecar,interface_id,interface.carrier_changes|interface.rx_bytes_rate|interface.rx_drop_rate|interface.rx_error_rate|interface.rx_packets_rate|interface.tx_bytes_rate|interface.tx_drop_rate|interface.tx_error_rate|interface.tx_packets_rate,same observation names node and interface; peer is unverified
owns_observed_interface,xian-service-vm-2,interface:xian-service-vm-2:ens6,interface,dimension_sidecar,interface_id,interface.carrier_changes|interface.rx_bytes_rate|interface.rx_drop_rate|interface.rx_error_rate|interface.rx_packets_rate|interface.tx_bytes_rate|interface.tx_drop_rate|interface.tx_error_rate|interface.tx_packets_rate,same observation names node and interface; peer is unverified
owns_observed_interface,xian-service-vm-3,interface:xian-service-vm-3:ens3,interface,dimension_sidecar,interface_id,interface.carrier_changes|interface.rx_bytes_rate|interface.rx_drop_rate|interface.rx_error_rate|interface.rx_packets_rate|interface.tx_bytes_rate|interface.tx_drop_rate|interface.tx_error_rate|interface.tx_packets_rate,same observation names node and interface; peer is unverified
owns_observed_interface,xian-service-vm-3,interface:xian-service-vm-3:ens4,interface,dimension_sidecar,interface_id,interface.carrier_changes|interface.rx_bytes_rate|interface.rx_drop_rate|interface.rx_error_rate|interface.rx_packets_rate|interface.tx_bytes_rate|interface.tx_drop_rate|interface.tx_error_rate|interface.tx_packets_rate,same observation names node and interface; peer is unverified
owns_observed_interface,xian-service-vm-3,interface:xian-service-vm-3:ens5,interface,dimension_sidecar,interface_id,interface.carrier_changes|interface.rx_bytes_rate|interface.rx_drop_rate|interface.rx_error_rate|interface.rx_packets_rate|interface.tx_bytes_rate|interface.tx_drop_rate|interface.tx_error_rate|interface.tx_packets_rate,same observation names node and interface; peer is unverified
owns_observed_interface,xian-service-vm-3,interface:xian-service-vm-3:ens6,interface,dimension_sidecar,interface_id,interface.carrier_changes|interface.rx_bytes_rate|interface.rx_drop_rate|interface.rx_error_rate|interface.rx_packets_rate|interface.tx_bytes_rate|interface.tx_drop_rate|interface.tx_error_rate|interface.tx_packets_rate,same observation names node and interface; peer is unverified
owns_observed_interface,xian-traffic-vm,interface:xian-traffic-vm:ens3,interface,dimension_sidecar,interface_id,interface.carrier_changes|interface.rx_bytes_rate|interface.rx_drop_rate|interface.rx_error_rate|interface.rx_packets_rate|interface.tx_bytes_rate|interface.tx_drop_rate|interface.tx_error_rate|interface.tx_packets_rate,same observation names node and interface; peer is unverified
owns_observed_interface,xian-traffic-vm,interface:xian-traffic-vm:ens4,interface,dimension_sidecar,interface_id,interface.carrier_changes|interface.rx_bytes_rate|interface.rx_drop_rate|interface.rx_error_rate|interface.rx_packets_rate|interface.tx_bytes_rate|interface.tx_drop_rate|interface.tx_error_rate|interface.tx_packets_rate,same observation names node and interface; peer is unverified
owns_observed_interface,xian-traffic-vm,interface:xian-traffic-vm:ens5,interface,dimension_sidecar,interface_id,interface.carrier_changes|interface.rx_bytes_rate|interface.rx_drop_rate|interface.rx_error_rate|interface.rx_packets_rate|interface.tx_bytes_rate|interface.tx_drop_rate|interface.tx_error_rate|interface.tx_packets_rate,same observation names node and interface; peer is unverified
owns_observed_interface,xian-traffic-vm,interface:xian-traffic-vm:ens6,interface,dimension_sidecar,interface_id,interface.carrier_changes|interface.rx_bytes_rate|interface.rx_drop_rate|interface.rx_error_rate|interface.rx_packets_rate|interface.tx_bytes_rate|interface.tx_drop_rate|interface.tx_error_rate|interface.tx_packets_rate,same observation names node and interface; peer is unverified
probes_service_domain,beida-traffic-vm,auth01.wuhan.aiops.local,traffic,dimension_sidecar,source_region|target_domain,traffic.auth.active|traffic.auth.active_seconds_rate|traffic.auth.batch_concurrency|traffic.auth.batch_duration_seconds|traffic.auth.batches_completed_rate|traffic.auth.batches_failed_rate|traffic.auth.batches_started_rate|traffic.auth.batches_timeout_rate|traffic.auth.bytes_received_rate|traffic.auth.bytes_sent_rate|traffic.auth.duration_seconds_count_rate|traffic.auth.duration_seconds_sum_rate|traffic.auth.error_rate|traffic.auth.error_ratio|traffic.auth.error_ratio_weighted_denominator|traffic.auth.error_ratio_weighted_numerator|traffic.auth.last_batch_timestamp_seconds|traffic.auth.latency_mean_seconds|traffic.auth.latency_p95_seconds|traffic.auth.observed_qps|traffic.auth.request_latency_seconds_bucket_rate_le_0_01|traffic.auth.request_latency_seconds_bucket_rate_le_0_025|traffic.auth.request_latency_seconds_bucket_rate_le_0_05|traffic.auth.request_latency_seconds_bucket_rate_le_0_1|traffic.auth.request_latency_seconds_bucket_rate_le_0_25|traffic.auth.request_latency_seconds_bucket_rate_le_0_5|traffic.auth.request_latency_seconds_bucket_rate_le_1|traffic.auth.request_latency_seconds_bucket_rate_le_2_5|traffic.auth.request_latency_seconds_bucket_rate_le_5|traffic.auth.request_latency_seconds_bucket_rate_le_plus_inf|traffic.auth.request_latency_seconds_count_rate|traffic.auth.request_latency_seconds_sum_rate|traffic.auth.requests_rate|traffic.auth.success_rate|traffic.auth.success_ratio,probe target domain is observed; service instance is unverified
probes_service_domain,beida-traffic-vm,dns.beida.aiops.local,traffic,dimension_sidecar,source_region|target_domain,traffic.dns.active|traffic.dns.active_seconds_rate|traffic.dns.batch_concurrency|traffic.dns.batch_duration_seconds|traffic.dns.batches_completed_rate|traffic.dns.batches_failed_rate|traffic.dns.batches_started_rate|traffic.dns.batches_timeout_rate|traffic.dns.bytes_received_rate|traffic.dns.bytes_sent_rate|traffic.dns.duration_seconds_count_rate|traffic.dns.duration_seconds_sum_rate|traffic.dns.error_rate|traffic.dns.error_ratio|traffic.dns.error_ratio_weighted_denominator|traffic.dns.error_ratio_weighted_numerator|traffic.dns.last_batch_timestamp_seconds|traffic.dns.latency_mean_seconds|traffic.dns.latency_p95_seconds|traffic.dns.observed_qps|traffic.dns.request_latency_seconds_bucket_rate_le_0_01|traffic.dns.request_latency_seconds_bucket_rate_le_0_025|traffic.dns.request_latency_seconds_bucket_rate_le_0_05|traffic.dns.request_latency_seconds_bucket_rate_le_0_1|traffic.dns.request_latency_seconds_bucket_rate_le_0_25|traffic.dns.request_latency_seconds_bucket_rate_le_0_5|traffic.dns.request_latency_seconds_bucket_rate_le_1|traffic.dns.request_latency_seconds_bucket_rate_le_2_5|traffic.dns.request_latency_seconds_bucket_rate_le_5|traffic.dns.request_latency_seconds_bucket_rate_le_plus_inf|traffic.dns.request_latency_seconds_count_rate|traffic.dns.request_latency_seconds_sum_rate|traffic.dns.requests_rate|traffic.dns.success_rate|traffic.dns.success_ratio,probe target domain is observed; service instance is unverified
probes_service_domain,beida-traffic-vm,elephant01.chengdu.aiops.local,traffic,dimension_sidecar,source_region|target_domain,traffic.elephant.active|traffic.elephant.active_seconds_rate|traffic.elephant.batch_concurrency|traffic.elephant.batch_duration_seconds|traffic.elephant.batches_completed_rate|traffic.elephant.batches_failed_rate|traffic.elephant.batches_started_rate|traffic.elephant.batches_timeout_rate|traffic.elephant.bytes_received_rate|traffic.elephant.bytes_sent_rate|traffic.elephant.duration_seconds_count_rate|traffic.elephant.duration_seconds_sum_rate|traffic.elephant.error_rate|traffic.elephant.error_ratio|traffic.elephant.error_ratio_weighted_denominator|traffic.elephant.error_ratio_weighted_numerator|traffic.elephant.jitter_seconds|traffic.elephant.last_batch_timestamp_seconds|traffic.elephant.loss_rate|traffic.elephant.requests_rate|traffic.elephant.retransmits_rate|traffic.elephant.success_rate|traffic.elephant.success_ratio|traffic.elephant.throughput_bps,probe target domain is observed; service instance is unverified
probes_service_domain,beida-traffic-vm,elephant01.guangzhou.aiops.local,traffic,dimension_sidecar,source_region|target_domain,traffic.elephant.active|traffic.elephant.active_seconds_rate|traffic.elephant.batch_concurrency|traffic.elephant.batch_duration_seconds|traffic.elephant.batches_completed_rate|traffic.elephant.batches_failed_rate|traffic.elephant.batches_started_rate|traffic.elephant.batches_timeout_rate|traffic.elephant.bytes_received_rate|traffic.elephant.bytes_sent_rate|traffic.elephant.duration_seconds_count_rate|traffic.elephant.duration_seconds_sum_rate|traffic.elephant.error_rate|traffic.elephant.error_ratio|traffic.elephant.error_ratio_weighted_denominator|traffic.elephant.error_ratio_weighted_numerator|traffic.elephant.jitter_seconds|traffic.elephant.last_batch_timestamp_seconds|traffic.elephant.loss_rate|traffic.elephant.requests_rate|traffic.elephant.retransmits_rate|traffic.elephant.success_rate|traffic.elephant.success_ratio|traffic.elephant.throughput_bps,probe target domain is observed; service instance is unverified
probes_service_domain,beida-traffic-vm,elephant01.nanjing.aiops.local,traffic,dimension_sidecar,source_region|target_domain,traffic.elephant.active|traffic.elephant.active_seconds_rate|traffic.elephant.batch_concurrency|traffic.elephant.batch_duration_seconds|traffic.elephant.batches_completed_rate|traffic.elephant.batches_failed_rate|traffic.elephant.batches_started_rate|traffic.elephant.batches_timeout_rate|traffic.elephant.bytes_received_rate|traffic.elephant.bytes_sent_rate|traffic.elephant.duration_seconds_count_rate|traffic.elephant.duration_seconds_sum_rate|traffic.elephant.error_rate|traffic.elephant.error_ratio|traffic.elephant.error_ratio_weighted_denominator|traffic.elephant.error_ratio_weighted_numerator|traffic.elephant.jitter_seconds|traffic.elephant.last_batch_timestamp_seconds|traffic.elephant.loss_rate|traffic.elephant.requests_rate|traffic.elephant.retransmits_rate|traffic.elephant.success_rate|traffic.elephant.success_ratio|traffic.elephant.throughput_bps,probe target domain is observed; service instance is unverified
probes_service_domain,beida-traffic-vm,elephant01.shenyang.aiops.local,traffic,dimension_sidecar,source_region|target_domain,traffic.elephant.active|traffic.elephant.active_seconds_rate|traffic.elephant.batch_concurrency|traffic.elephant.batch_duration_seconds|traffic.elephant.batches_completed_rate|traffic.elephant.batches_failed_rate|traffic.elephant.batches_started_rate|traffic.elephant.batches_timeout_rate|traffic.elephant.bytes_received_rate|traffic.elephant.bytes_sent_rate|traffic.elephant.duration_seconds_count_rate|traffic.elephant.duration_seconds_sum_rate|traffic.elephant.error_rate|traffic.elephant.error_ratio|traffic.elephant.error_ratio_weighted_denominator|traffic.elephant.error_ratio_weighted_numerator|traffic.elephant.jitter_seconds|traffic.elephant.last_batch_timestamp_seconds|traffic.elephant.loss_rate|traffic.elephant.requests_rate|traffic.elephant.retransmits_rate|traffic.elephant.success_rate|traffic.elephant.success_ratio|traffic.elephant.throughput_bps,probe target domain is observed; service instance is unverified
probes_service_domain,beida-traffic-vm,elephant01.xian.aiops.local,traffic,dimension_sidecar,source_region|target_domain,traffic.elephant.active|traffic.elephant.active_seconds_rate|traffic.elephant.batch_concurrency|traffic.elephant.batch_duration_seconds|traffic.elephant.batches_completed_rate|traffic.elephant.batches_failed_rate|traffic.elephant.batches_started_rate|traffic.elephant.batches_timeout_rate|traffic.elephant.bytes_received_rate|traffic.elephant.bytes_sent_rate|traffic.elephant.duration_seconds_count_rate|traffic.elephant.duration_seconds_sum_rate|traffic.elephant.error_rate|traffic.elephant.error_ratio|traffic.elephant.error_ratio_weighted_denominator|traffic.elephant.error_ratio_weighted_numerator|traffic.elephant.jitter_seconds|traffic.elephant.last_batch_timestamp_seconds|traffic.elephant.loss_rate|traffic.elephant.requests_rate|traffic.elephant.retransmits_rate|traffic.elephant.success_rate|traffic.elephant.success_ratio|traffic.elephant.throughput_bps,probe target domain is observed; service instance is unverified
probes_service_domain,beida-traffic-vm,elephant02.beida.aiops.local,traffic,dimension_sidecar,source_region|target_domain,traffic.elephant.active|traffic.elephant.active_seconds_rate|traffic.elephant.batch_concurrency|traffic.elephant.batch_duration_seconds|traffic.elephant.batches_completed_rate|traffic.elephant.batches_failed_rate|traffic.elephant.batches_started_rate|traffic.elephant.batches_timeout_rate|traffic.elephant.bytes_received_rate|traffic.elephant.bytes_sent_rate|traffic.elephant.duration_seconds_count_rate|traffic.elephant.duration_seconds_sum_rate|traffic.elephant.error_rate|traffic.elephant.last_batch_timestamp_seconds|traffic.elephant.requests_rate|traffic.elephant.retransmits_rate|traffic.elephant.success_rate,probe target domain is observed; service instance is unverified
probes_service_domain,beida-traffic-vm,elephant02.chengdu.aiops.local,traffic,dimension_sidecar,source_region|target_domain,traffic.elephant.active|traffic.elephant.active_seconds_rate|traffic.elephant.batch_concurrency|traffic.elephant.batch_duration_seconds|traffic.elephant.batches_completed_rate|traffic.elephant.batches_failed_rate|traffic.elephant.batches_started_rate|traffic.elephant.batches_timeout_rate|traffic.elephant.bytes_received_rate|traffic.elephant.bytes_sent_rate|traffic.elephant.duration_seconds_count_rate|traffic.elephant.duration_seconds_sum_rate|traffic.elephant.error_rate|traffic.elephant.error_ratio|traffic.elephant.error_ratio_weighted_denominator|traffic.elephant.error_ratio_weighted_numerator|traffic.elephant.jitter_seconds|traffic.elephant.last_batch_timestamp_seconds|traffic.elephant.loss_rate|traffic.elephant.requests_rate|traffic.elephant.retransmits_rate|traffic.elephant.success_rate|traffic.elephant.success_ratio|traffic.elephant.throughput_bps,probe target domain is observed; service instance is unverified
probes_service_domain,beida-traffic-vm,elephant02.guangzhou.aiops.local,traffic,dimension_sidecar,source_region|target_domain,traffic.elephant.active|traffic.elephant.active_seconds_rate|traffic.elephant.batch_concurrency|traffic.elephant.batch_duration_seconds|traffic.elephant.batches_completed_rate|traffic.elephant.batches_failed_rate|traffic.elephant.batches_started_rate|traffic.elephant.batches_timeout_rate|traffic.elephant.bytes_received_rate|traffic.elephant.bytes_sent_rate|traffic.elephant.duration_seconds_count_rate|traffic.elephant.duration_seconds_sum_rate|traffic.elephant.error_rate|traffic.elephant.error_ratio|traffic.elephant.error_ratio_weighted_denominator|traffic.elephant.error_ratio_weighted_numerator|traffic.elephant.jitter_seconds|traffic.elephant.last_batch_timestamp_seconds|traffic.elephant.loss_rate|traffic.elephant.requests_rate|traffic.elephant.retransmits_rate|traffic.elephant.success_rate|traffic.elephant.success_ratio|traffic.elephant.throughput_bps,probe target domain is observed; service instance is unverified
probes_service_domain,beida-traffic-vm,elephant02.nanjing.aiops.local,traffic,dimension_sidecar,source_region|target_domain,traffic.elephant.active|traffic.elephant.active_seconds_rate|traffic.elephant.batch_concurrency|traffic.elephant.batch_duration_seconds|traffic.elephant.batches_completed_rate|traffic.elephant.batches_failed_rate|traffic.elephant.batches_started_rate|traffic.elephant.batches_timeout_rate|traffic.elephant.bytes_received_rate|traffic.elephant.bytes_sent_rate|traffic.elephant.duration_seconds_count_rate|traffic.elephant.duration_seconds_sum_rate|traffic.elephant.error_rate|traffic.elephant.error_ratio|traffic.elephant.error_ratio_weighted_denominator|traffic.elephant.error_ratio_weighted_numerator|traffic.elephant.jitter_seconds|traffic.elephant.last_batch_timestamp_seconds|traffic.elephant.loss_rate|traffic.elephant.requests_rate|traffic.elephant.retransmits_rate|traffic.elephant.success_rate|traffic.elephant.success_ratio|traffic.elephant.throughput_bps,probe target domain is observed; service instance is unverified
probes_service_domain,beida-traffic-vm,elephant02.shanghai.aiops.local,traffic,dimension_sidecar,source_region|target_domain,traffic.elephant.active|traffic.elephant.active_seconds_rate|traffic.elephant.batch_concurrency|traffic.elephant.batch_duration_seconds|traffic.elephant.batches_completed_rate|traffic.elephant.batches_failed_rate|traffic.elephant.batches_started_rate|traffic.elephant.batches_timeout_rate|traffic.elephant.bytes_received_rate|traffic.elephant.bytes_sent_rate|traffic.elephant.duration_seconds_count_rate|traffic.elephant.duration_seconds_sum_rate|traffic.elephant.error_rate|traffic.elephant.last_batch_timestamp_seconds|traffic.elephant.requests_rate|traffic.elephant.retransmits_rate|traffic.elephant.success_rate,probe target domain is observed; service instance is unverified
probes_service_domain,beida-traffic-vm,elephant02.shenyang.aiops.local,traffic,dimension_sidecar,source_region|target_domain,traffic.elephant.active|traffic.elephant.active_seconds_rate|traffic.elephant.batch_concurrency|traffic.elephant.batch_duration_seconds|traffic.elephant.batches_completed_rate|traffic.elephant.batches_failed_rate|traffic.elephant.batches_started_rate|traffic.elephant.batches_timeout_rate|traffic.elephant.bytes_received_rate|traffic.elephant.bytes_sent_rate|traffic.elephant.duration_seconds_count_rate|traffic.elephant.duration_seconds_sum_rate|traffic.elephant.error_rate|traffic.elephant.error_ratio|traffic.elephant.error_ratio_weighted_denominator|traffic.elephant.error_ratio_weighted_numerator|traffic.elephant.jitter_seconds|traffic.elephant.last_batch_timestamp_seconds|traffic.elephant.loss_rate|traffic.elephant.requests_rate|traffic.elephant.retransmits_rate|traffic.elephant.success_rate|traffic.elephant.success_ratio|traffic.elephant.throughput_bps,probe target domain is observed; service instance is unverified
probes_service_domain,beida-traffic-vm,elephant02.wuhan.aiops.local,traffic,dimension_sidecar,source_region|target_domain,traffic.elephant.active|traffic.elephant.active_seconds_rate|traffic.elephant.batch_concurrency|traffic.elephant.batch_duration_seconds|traffic.elephant.batches_completed_rate|traffic.elephant.batches_failed_rate|traffic.elephant.batches_started_rate|traffic.elephant.batches_timeout_rate|traffic.elephant.bytes_received_rate|traffic.elephant.bytes_sent_rate|traffic.elephant.duration_seconds_count_rate|traffic.elephant.duration_seconds_sum_rate|traffic.elephant.error_rate|traffic.elephant.error_ratio|traffic.elephant.error_ratio_weighted_denominator|traffic.elephant.error_ratio_weighted_numerator|traffic.elephant.jitter_seconds|traffic.elephant.last_batch_timestamp_seconds|traffic.elephant.loss_rate|traffic.elephant.requests_rate|traffic.elephant.retransmits_rate|traffic.elephant.success_rate|traffic.elephant.success_ratio|traffic.elephant.throughput_bps,probe target domain is observed; service instance is unverified
probes_service_domain,beida-traffic-vm,elephant02.xian.aiops.local,traffic,dimension_sidecar,source_region|target_domain,traffic.elephant.active|traffic.elephant.active_seconds_rate|traffic.elephant.batch_concurrency|traffic.elephant.batch_duration_seconds|traffic.elephant.batches_completed_rate|traffic.elephant.batches_failed_rate|traffic.elephant.batches_started_rate|traffic.elephant.batches_timeout_rate|traffic.elephant.bytes_received_rate|traffic.elephant.bytes_sent_rate|traffic.elephant.duration_seconds_count_rate|traffic.elephant.duration_seconds_sum_rate|traffic.elephant.error_rate|traffic.elephant.error_ratio|traffic.elephant.error_ratio_weighted_denominator|traffic.elephant.error_ratio_weighted_numerator|traffic.elephant.jitter_seconds|traffic.elephant.last_batch_timestamp_seconds|traffic.elephant.loss_rate|traffic.elephant.requests_rate|traffic.elephant.retransmits_rate|traffic.elephant.success_rate|traffic.elephant.success_ratio|traffic.elephant.throughput_bps,probe target domain is observed; service instance is unverified
probes_service_domain,beida-traffic-vm,elephant03.beida.aiops.local,traffic,dimension_sidecar,source_region|target_domain,traffic.elephant.active|traffic.elephant.active_seconds_rate|traffic.elephant.batch_concurrency|traffic.elephant.batch_duration_seconds|traffic.elephant.batches_completed_rate|traffic.elephant.batches_failed_rate|traffic.elephant.batches_started_rate|traffic.elephant.batches_timeout_rate|traffic.elephant.bytes_received_rate|traffic.elephant.bytes_sent_rate|traffic.elephant.duration_seconds_count_rate|traffic.elephant.duration_seconds_sum_rate|traffic.elephant.error_rate|traffic.elephant.last_batch_timestamp_seconds|traffic.elephant.requests_rate|traffic.elephant.retransmits_rate|traffic.elephant.success_rate,probe target domain is observed; service instance is unverified
probes_service_domain,beida-traffic-vm,elephant03.chengdu.aiops.local,traffic,dimension_sidecar,source_region|target_domain,traffic.elephant.active|traffic.elephant.active_seconds_rate|traffic.elephant.batch_concurrency|traffic.elephant.batch_duration_seconds|traffic.elephant.batches_completed_rate|traffic.elephant.batches_failed_rate|traffic.elephant.batches_started_rate|traffic.elephant.batches_timeout_rate|traffic.elephant.bytes_received_rate|traffic.elephant.bytes_sent_rate|traffic.elephant.duration_seconds_count_rate|traffic.elephant.duration_seconds_sum_rate|traffic.elephant.error_rate|traffic.elephant.error_ratio|traffic.elephant.error_ratio_weighted_denominator|traffic.elephant.error_ratio_weighted_numerator|traffic.elephant.jitter_seconds|traffic.elephant.last_batch_timestamp_seconds|traffic.elephant.loss_rate|traffic.elephant.requests_rate|traffic.elephant.retransmits_rate|traffic.elephant.success_rate|traffic.elephant.success_ratio|traffic.elephant.throughput_bps,probe target domain is observed; service instance is unverified
probes_service_domain,beida-traffic-vm,elephant03.guangzhou.aiops.local,traffic,dimension_sidecar,source_region|target_domain,traffic.elephant.active|traffic.elephant.active_seconds_rate|traffic.elephant.batch_concurrency|traffic.elephant.batch_duration_seconds|traffic.elephant.batches_completed_rate|traffic.elephant.batches_failed_rate|traffic.elephant.batches_started_rate|traffic.elephant.batches_timeout_rate|traffic.elephant.bytes_received_rate|traffic.elephant.bytes_sent_rate|traffic.elephant.duration_seconds_count_rate|traffic.elephant.duration_seconds_sum_rate|traffic.elephant.error_rate|traffic.elephant.error_ratio|traffic.elephant.error_ratio_weighted_denominator|traffic.elephant.error_ratio_weighted_numerator|traffic.elephant.jitter_seconds|traffic.elephant.last_batch_timestamp_seconds|traffic.elephant.loss_rate|traffic.elephant.requests_rate|traffic.elephant.retransmits_rate|traffic.elephant.success_rate|traffic.elephant.success_ratio|traffic.elephant.throughput_bps,probe target domain is observed; service instance is unverified
probes_service_domain,beida-traffic-vm,elephant03.nanjing.aiops.local,traffic,dimension_sidecar,source_region|target_domain,traffic.elephant.active|traffic.elephant.active_seconds_rate|traffic.elephant.batch_concurrency|traffic.elephant.batch_duration_seconds|traffic.elephant.batches_completed_rate|traffic.elephant.batches_failed_rate|traffic.elephant.batches_started_rate|traffic.elephant.batches_timeout_rate|traffic.elephant.bytes_received_rate|traffic.elephant.bytes_sent_rate|traffic.elephant.duration_seconds_count_rate|traffic.elephant.duration_seconds_sum_rate|traffic.elephant.error_rate|traffic.elephant.last_batch_timestamp_seconds|traffic.elephant.requests_rate|traffic.elephant.retransmits_rate|traffic.elephant.success_rate,probe target domain is observed; service instance is unverified
probes_service_domain,beida-traffic-vm,elephant03.shanghai.aiops.local,traffic,dimension_sidecar,source_region|target_domain,traffic.elephant.active|traffic.elephant.active_seconds_rate|traffic.elephant.batch_concurrency|traffic.elephant.batch_duration_seconds|traffic.elephant.batches_completed_rate|traffic.elephant.batches_failed_rate|traffic.elephant.batches_started_rate|traffic.elephant.batches_timeout_rate|traffic.elephant.bytes_received_rate|traffic.elephant.bytes_sent_rate|traffic.elephant.duration_seconds_count_rate|traffic.elephant.duration_seconds_sum_rate|traffic.elephant.error_rate|traffic.elephant.last_batch_timestamp_seconds|traffic.elephant.requests_rate|traffic.elephant.retransmits_rate|traffic.elephant.success_rate,probe target domain is observed; service instance is unverified
probes_service_domain,beida-traffic-vm,elephant03.shenyang.aiops.local,traffic,dimension_sidecar,source_region|target_domain,traffic.elephant.active|traffic.elephant.active_seconds_rate|traffic.elephant.batch_concurrency|traffic.elephant.batch_duration_seconds|traffic.elephant.batches_completed_rate|traffic.elephant.batches_failed_rate|traffic.elephant.batches_started_rate|traffic.elephant.batches_timeout_rate|traffic.elephant.bytes_received_rate|traffic.elephant.bytes_sent_rate|traffic.elephant.duration_seconds_count_rate|traffic.elephant.duration_seconds_sum_rate|traffic.elephant.error_rate|traffic.elephant.error_ratio|traffic.elephant.error_ratio_weighted_denominator|traffic.elephant.error_ratio_weighted_numerator|traffic.elephant.jitter_seconds|traffic.elephant.last_batch_timestamp_seconds|traffic.elephant.loss_rate|traffic.elephant.requests_rate|traffic.elephant.retransmits_rate|traffic.elephant.success_rate|traffic.elephant.success_ratio|traffic.elephant.throughput_bps,probe target domain is observed; service instance is unverified
probes_service_domain,beida-traffic-vm,elephant03.wuhan.aiops.local,traffic,dimension_sidecar,source_region|target_domain,traffic.elephant.active|traffic.elephant.active_seconds_rate|traffic.elephant.batch_concurrency|traffic.elephant.batch_duration_seconds|traffic.elephant.batches_completed_rate|traffic.elephant.batches_failed_rate|traffic.elephant.batches_started_rate|traffic.elephant.batches_timeout_rate|traffic.elephant.bytes_received_rate|traffic.elephant.bytes_sent_rate|traffic.elephant.duration_seconds_count_rate|traffic.elephant.duration_seconds_sum_rate|traffic.elephant.error_rate|traffic.elephant.last_batch_timestamp_seconds|traffic.elephant.requests_rate|traffic.elephant.retransmits_rate|traffic.elephant.success_rate,probe target domain is observed; service instance is unverified
probes_service_domain,beida-traffic-vm,elephant03.xian.aiops.local,traffic,dimension_sidecar,source_region|target_domain,traffic.elephant.active|traffic.elephant.active_seconds_rate|traffic.elephant.batch_concurrency|traffic.elephant.batch_duration_seconds|traffic.elephant.batches_completed_rate|traffic.elephant.batches_failed_rate|traffic.elephant.batches_started_rate|traffic.elephant.batches_timeout_rate|traffic.elephant.bytes_received_rate|traffic.elephant.bytes_sent_rate|traffic.elephant.duration_seconds_count_rate|traffic.elephant.duration_seconds_sum_rate|traffic.elephant.error_rate|traffic.elephant.error_ratio|traffic.elephant.error_ratio_weighted_denominator|traffic.elephant.error_ratio_weighted_numerator|traffic.elephant.jitter_seconds|traffic.elephant.last_batch_timestamp_seconds|traffic.elephant.loss_rate|traffic.elephant.requests_rate|traffic.elephant.retransmits_rate|traffic.elephant.success_rate|traffic.elephant.success_ratio|traffic.elephant.throughput_bps,probe target domain is observed; service instance is unverified
probes_service_domain,beida-traffic-vm,web01.shanghai.aiops.local,traffic,dimension_sidecar,source_region|target_domain,traffic.web.active|traffic.web.active_seconds_rate|traffic.web.batch_concurrency|traffic.web.batch_duration_seconds|traffic.web.batches_completed_rate|traffic.web.batches_failed_rate|traffic.web.batches_started_rate|traffic.web.batches_timeout_rate|traffic.web.bytes_received_rate|traffic.web.bytes_sent_rate|traffic.web.duration_seconds_count_rate|traffic.web.duration_seconds_sum_rate|traffic.web.error_rate|traffic.web.error_ratio|traffic.web.error_ratio_weighted_denominator|traffic.web.error_ratio_weighted_numerator|traffic.web.last_batch_timestamp_seconds|traffic.web.latency_mean_seconds|traffic.web.latency_p95_seconds|traffic.web.observed_qps|traffic.web.request_latency_seconds_bucket_rate_le_0_01|traffic.web.request_latency_seconds_bucket_rate_le_0_025|traffic.web.request_latency_seconds_bucket_rate_le_0_05|traffic.web.request_latency_seconds_bucket_rate_le_0_1|traffic.web.request_latency_seconds_bucket_rate_le_0_25|traffic.web.request_latency_seconds_bucket_rate_le_0_5|traffic.web.request_latency_seconds_bucket_rate_le_1|traffic.web.request_latency_seconds_bucket_rate_le_2_5|traffic.web.request_latency_seconds_bucket_rate_le_5|traffic.web.request_latency_seconds_bucket_rate_le_plus_inf|traffic.web.request_latency_seconds_count_rate|traffic.web.request_latency_seconds_sum_rate|traffic.web.requests_rate|traffic.web.success_rate|traffic.web.success_ratio,probe target domain is observed; service instance is unverified
probes_service_domain,chengdu-traffic-vm,auth01.wuhan.aiops.local,traffic,dimension_sidecar,source_region|target_domain,traffic.auth.active|traffic.auth.active_seconds_rate|traffic.auth.batch_concurrency|traffic.auth.batch_duration_seconds|traffic.auth.batches_completed_rate|traffic.auth.batches_failed_rate|traffic.auth.batches_started_rate|traffic.auth.batches_timeout_rate|traffic.auth.bytes_received_rate|traffic.auth.bytes_sent_rate|traffic.auth.duration_seconds_count_rate|traffic.auth.duration_seconds_sum_rate|traffic.auth.error_rate|traffic.auth.error_ratio|traffic.auth.error_ratio_weighted_denominator|traffic.auth.error_ratio_weighted_numerator|traffic.auth.last_batch_timestamp_seconds|traffic.auth.latency_mean_seconds|traffic.auth.latency_p95_seconds|traffic.auth.observed_qps|traffic.auth.request_latency_seconds_bucket_rate_le_0_01|traffic.auth.request_latency_seconds_bucket_rate_le_0_025|traffic.auth.request_latency_seconds_bucket_rate_le_0_05|traffic.auth.request_latency_seconds_bucket_rate_le_0_1|traffic.auth.request_latency_seconds_bucket_rate_le_0_25|traffic.auth.request_latency_seconds_bucket_rate_le_0_5|traffic.auth.request_latency_seconds_bucket_rate_le_1|traffic.auth.request_latency_seconds_bucket_rate_le_2_5|traffic.auth.request_latency_seconds_bucket_rate_le_5|traffic.auth.request_latency_seconds_bucket_rate_le_plus_inf|traffic.auth.request_latency_seconds_count_rate|traffic.auth.request_latency_seconds_sum_rate|traffic.auth.requests_rate|traffic.auth.success_rate|traffic.auth.success_ratio,probe target domain is observed; service instance is unverified
probes_service_domain,chengdu-traffic-vm,dns.beida.aiops.local,traffic,dimension_sidecar,source_region|target_domain,traffic.dns.active|traffic.dns.active_seconds_rate|traffic.dns.batch_concurrency|traffic.dns.batch_duration_seconds|traffic.dns.batches_completed_rate|traffic.dns.batches_failed_rate|traffic.dns.batches_started_rate|traffic.dns.batches_timeout_rate|traffic.dns.bytes_received_rate|traffic.dns.bytes_sent_rate|traffic.dns.duration_seconds_count_rate|traffic.dns.duration_seconds_sum_rate|traffic.dns.error_rate|traffic.dns.error_ratio|traffic.dns.error_ratio_weighted_denominator|traffic.dns.error_ratio_weighted_numerator|traffic.dns.last_batch_timestamp_seconds|traffic.dns.latency_mean_seconds|traffic.dns.latency_p95_seconds|traffic.dns.observed_qps|traffic.dns.request_latency_seconds_bucket_rate_le_0_01|traffic.dns.request_latency_seconds_bucket_rate_le_0_025|traffic.dns.request_latency_seconds_bucket_rate_le_0_05|traffic.dns.request_latency_seconds_bucket_rate_le_0_1|traffic.dns.request_latency_seconds_bucket_rate_le_0_25|traffic.dns.request_latency_seconds_bucket_rate_le_0_5|traffic.dns.request_latency_seconds_bucket_rate_le_1|traffic.dns.request_latency_seconds_bucket_rate_le_2_5|traffic.dns.request_latency_seconds_bucket_rate_le_5|traffic.dns.request_latency_seconds_bucket_rate_le_plus_inf|traffic.dns.request_latency_seconds_count_rate|traffic.dns.request_latency_seconds_sum_rate|traffic.dns.requests_rate|traffic.dns.success_rate|traffic.dns.success_ratio,probe target domain is observed; service instance is unverified
probes_service_domain,chengdu-traffic-vm,elephant01.chengdu.aiops.local,traffic,dimension_sidecar,source_region|target_domain,traffic.elephant.active|traffic.elephant.active_seconds_rate|traffic.elephant.batch_concurrency|traffic.elephant.batch_duration_seconds|traffic.elephant.batches_completed_rate|traffic.elephant.batches_failed_rate|traffic.elephant.batches_started_rate|traffic.elephant.batches_timeout_rate|traffic.elephant.bytes_received_rate|traffic.elephant.bytes_sent_rate|traffic.elephant.duration_seconds_count_rate|traffic.elephant.duration_seconds_sum_rate|traffic.elephant.error_rate|traffic.elephant.error_ratio|traffic.elephant.error_ratio_weighted_denominator|traffic.elephant.error_ratio_weighted_numerator|traffic.elephant.jitter_seconds|traffic.elephant.last_batch_timestamp_seconds|traffic.elephant.loss_rate|traffic.elephant.requests_rate|traffic.elephant.retransmits_rate|traffic.elephant.success_rate|traffic.elephant.success_ratio|traffic.elephant.throughput_bps,probe target domain is observed; service instance is unverified
probes_service_domain,chengdu-traffic-vm,elephant01.guangzhou.aiops.local,traffic,dimension_sidecar,source_region|target_domain,traffic.elephant.active|traffic.elephant.active_seconds_rate|traffic.elephant.batch_concurrency|traffic.elephant.batch_duration_seconds|traffic.elephant.batches_completed_rate|traffic.elephant.batches_failed_rate|traffic.elephant.batches_started_rate|traffic.elephant.batches_timeout_rate|traffic.elephant.bytes_received_rate|traffic.elephant.bytes_sent_rate|traffic.elephant.duration_seconds_count_rate|traffic.elephant.duration_seconds_sum_rate|traffic.elephant.error_rate|traffic.elephant.error_ratio|traffic.elephant.error_ratio_weighted_denominator|traffic.elephant.error_ratio_weighted_numerator|traffic.elephant.jitter_seconds|traffic.elephant.last_batch_timestamp_seconds|traffic.elephant.loss_rate|traffic.elephant.requests_rate|traffic.elephant.retransmits_rate|traffic.elephant.success_rate|traffic.elephant.success_ratio|traffic.elephant.throughput_bps,probe target domain is observed; service instance is unverified
probes_service_domain,chengdu-traffic-vm,elephant01.nanjing.aiops.local,traffic,dimension_sidecar,source_region|target_domain,traffic.elephant.active|traffic.elephant.active_seconds_rate|traffic.elephant.batch_concurrency|traffic.elephant.batch_duration_seconds|traffic.elephant.batches_completed_rate|traffic.elephant.batches_failed_rate|traffic.elephant.batches_started_rate|traffic.elephant.batches_timeout_rate|traffic.elephant.bytes_received_rate|traffic.elephant.bytes_sent_rate|traffic.elephant.duration_seconds_count_rate|traffic.elephant.duration_seconds_sum_rate|traffic.elephant.error_rate|traffic.elephant.error_ratio|traffic.elephant.error_ratio_weighted_denominator|traffic.elephant.error_ratio_weighted_numerator|traffic.elephant.jitter_seconds|traffic.elephant.last_batch_timestamp_seconds|traffic.elephant.loss_rate|traffic.elephant.requests_rate|traffic.elephant.retransmits_rate|traffic.elephant.success_rate|traffic.elephant.success_ratio|traffic.elephant.throughput_bps,probe target domain is observed; service instance is unverified
probes_service_domain,chengdu-traffic-vm,elephant01.shenyang.aiops.local,traffic,dimension_sidecar,source_region|target_domain,traffic.elephant.active|traffic.elephant.active_seconds_rate|traffic.elephant.batch_concurrency|traffic.elephant.batch_duration_seconds|traffic.elephant.batches_completed_rate|traffic.elephant.batches_failed_rate|traffic.elephant.batches_started_rate|traffic.elephant.batches_timeout_rate|traffic.elephant.bytes_received_rate|traffic.elephant.bytes_sent_rate|traffic.elephant.duration_seconds_count_rate|traffic.elephant.duration_seconds_sum_rate|traffic.elephant.error_rate|traffic.elephant.error_ratio|traffic.elephant.error_ratio_weighted_denominator|traffic.elephant.error_ratio_weighted_numerator|traffic.elephant.jitter_seconds|traffic.elephant.last_batch_timestamp_seconds|traffic.elephant.loss_rate|traffic.elephant.requests_rate|traffic.elephant.retransmits_rate|traffic.elephant.success_rate|traffic.elephant.success_ratio|traffic.elephant.throughput_bps,probe target domain is observed; service instance is unverified
probes_service_domain,chengdu-traffic-vm,elephant01.xian.aiops.local,traffic,dimension_sidecar,source_region|target_domain,traffic.elephant.active|traffic.elephant.active_seconds_rate|traffic.elephant.batch_concurrency|traffic.elephant.batch_duration_seconds|traffic.elephant.batches_completed_rate|traffic.elephant.batches_failed_rate|traffic.elephant.batches_started_rate|traffic.elephant.batches_timeout_rate|traffic.elephant.bytes_received_rate|traffic.elephant.bytes_sent_rate|traffic.elephant.duration_seconds_count_rate|traffic.elephant.duration_seconds_sum_rate|traffic.elephant.error_rate|traffic.elephant.error_ratio|traffic.elephant.error_ratio_weighted_denominator|traffic.elephant.error_ratio_weighted_numerator|traffic.elephant.jitter_seconds|traffic.elephant.last_batch_timestamp_seconds|traffic.elephant.loss_rate|traffic.elephant.requests_rate|traffic.elephant.retransmits_rate|traffic.elephant.success_rate|traffic.elephant.success_ratio|traffic.elephant.throughput_bps,probe target domain is observed; service instance is unverified
probes_service_domain,chengdu-traffic-vm,elephant02.beida.aiops.local,traffic,dimension_sidecar,source_region|target_domain,traffic.elephant.active|traffic.elephant.active_seconds_rate|traffic.elephant.batch_concurrency|traffic.elephant.batch_duration_seconds|traffic.elephant.batches_completed_rate|traffic.elephant.batches_failed_rate|traffic.elephant.batches_started_rate|traffic.elephant.batches_timeout_rate|traffic.elephant.bytes_received_rate|traffic.elephant.bytes_sent_rate|traffic.elephant.duration_seconds_count_rate|traffic.elephant.duration_seconds_sum_rate|traffic.elephant.error_rate|traffic.elephant.last_batch_timestamp_seconds|traffic.elephant.requests_rate|traffic.elephant.retransmits_rate|traffic.elephant.success_rate,probe target domain is observed; service instance is unverified
probes_service_domain,chengdu-traffic-vm,elephant02.chengdu.aiops.local,traffic,dimension_sidecar,source_region|target_domain,traffic.elephant.active|traffic.elephant.active_seconds_rate|traffic.elephant.batch_concurrency|traffic.elephant.batch_duration_seconds|traffic.elephant.batches_completed_rate|traffic.elephant.batches_failed_rate|traffic.elephant.batches_started_rate|traffic.elephant.batches_timeout_rate|traffic.elephant.bytes_received_rate|traffic.elephant.bytes_sent_rate|traffic.elephant.duration_seconds_count_rate|traffic.elephant.duration_seconds_sum_rate|traffic.elephant.error_rate|traffic.elephant.error_ratio|traffic.elephant.error_ratio_weighted_denominator|traffic.elephant.error_ratio_weighted_numerator|traffic.elephant.jitter_seconds|traffic.elephant.last_batch_timestamp_seconds|traffic.elephant.loss_rate|traffic.elephant.requests_rate|traffic.elephant.retransmits_rate|traffic.elephant.success_rate|traffic.elephant.success_ratio|traffic.elephant.throughput_bps,probe target domain is observed; service instance is unverified
probes_service_domain,chengdu-traffic-vm,elephant02.guangzhou.aiops.local,traffic,dimension_sidecar,source_region|target_domain,traffic.elephant.active|traffic.elephant.active_seconds_rate|traffic.elephant.batch_concurrency|traffic.elephant.batch_duration_seconds|traffic.elephant.batches_completed_rate|traffic.elephant.batches_failed_rate|traffic.elephant.batches_started_rate|traffic.elephant.batches_timeout_rate|traffic.elephant.bytes_received_rate|traffic.elephant.bytes_sent_rate|traffic.elephant.duration_seconds_count_rate|traffic.elephant.duration_seconds_sum_rate|traffic.elephant.error_rate|traffic.elephant.error_ratio|traffic.elephant.error_ratio_weighted_denominator|traffic.elephant.error_ratio_weighted_numerator|traffic.elephant.jitter_seconds|traffic.elephant.last_batch_timestamp_seconds|traffic.elephant.loss_rate|traffic.elephant.requests_rate|traffic.elephant.retransmits_rate|traffic.elephant.success_rate|traffic.elephant.success_ratio|traffic.elephant.throughput_bps,probe target domain is observed; service instance is unverified
probes_service_domain,chengdu-traffic-vm,elephant02.nanjing.aiops.local,traffic,dimension_sidecar,source_region|target_domain,traffic.elephant.active|traffic.elephant.active_seconds_rate|traffic.elephant.batch_concurrency|traffic.elephant.batch_duration_seconds|traffic.elephant.batches_completed_rate|traffic.elephant.batches_failed_rate|traffic.elephant.batches_started_rate|traffic.elephant.batches_timeout_rate|traffic.elephant.bytes_received_rate|traffic.elephant.bytes_sent_rate|traffic.elephant.duration_seconds_count_rate|traffic.elephant.duration_seconds_sum_rate|traffic.elephant.error_rate|traffic.elephant.error_ratio|traffic.elephant.error_ratio_weighted_denominator|traffic.elephant.error_ratio_weighted_numerator|traffic.elephant.jitter_seconds|traffic.elephant.last_batch_timestamp_seconds|traffic.elephant.loss_rate|traffic.elephant.requests_rate|traffic.elephant.retransmits_rate|traffic.elephant.success_rate|traffic.elephant.success_ratio|traffic.elephant.throughput_bps,probe target domain is observed; service instance is unverified
probes_service_domain,chengdu-traffic-vm,elephant02.shanghai.aiops.local,traffic,dimension_sidecar,source_region|target_domain,traffic.elephant.active|traffic.elephant.active_seconds_rate|traffic.elephant.batch_concurrency|traffic.elephant.batch_duration_seconds|traffic.elephant.batches_completed_rate|traffic.elephant.batches_failed_rate|traffic.elephant.batches_started_rate|traffic.elephant.batches_timeout_rate|traffic.elephant.bytes_received_rate|traffic.elephant.bytes_sent_rate|traffic.elephant.duration_seconds_count_rate|traffic.elephant.duration_seconds_sum_rate|traffic.elephant.error_rate|traffic.elephant.last_batch_timestamp_seconds|traffic.elephant.requests_rate|traffic.elephant.retransmits_rate|traffic.elephant.success_rate,probe target domain is observed; service instance is unverified
probes_service_domain,chengdu-traffic-vm,elephant02.shenyang.aiops.local,traffic,dimension_sidecar,source_region|target_domain,traffic.elephant.active|traffic.elephant.active_seconds_rate|traffic.elephant.batch_concurrency|traffic.elephant.batch_duration_seconds|traffic.elephant.batches_completed_rate|traffic.elephant.batches_failed_rate|traffic.elephant.batches_started_rate|traffic.elephant.batches_timeout_rate|traffic.elephant.bytes_received_rate|traffic.elephant.bytes_sent_rate|traffic.elephant.duration_seconds_count_rate|traffic.elephant.duration_seconds_sum_rate|traffic.elephant.error_rate|traffic.elephant.error_ratio|traffic.elephant.error_ratio_weighted_denominator|traffic.elephant.error_ratio_weighted_numerator|traffic.elephant.jitter_seconds|traffic.elephant.last_batch_timestamp_seconds|traffic.elephant.loss_rate|traffic.elephant.requests_rate|traffic.elephant.retransmits_rate|traffic.elephant.success_rate|traffic.elephant.success_ratio|traffic.elephant.throughput_bps,probe target domain is observed; service instance is unverified
probes_service_domain,chengdu-traffic-vm,elephant02.wuhan.aiops.local,traffic,dimension_sidecar,source_region|target_domain,traffic.elephant.active|traffic.elephant.active_seconds_rate|traffic.elephant.batch_concurrency|traffic.elephant.batch_duration_seconds|traffic.elephant.batches_completed_rate|traffic.elephant.batches_failed_rate|traffic.elephant.batches_started_rate|traffic.elephant.batches_timeout_rate|traffic.elephant.bytes_received_rate|traffic.elephant.bytes_sent_rate|traffic.elephant.duration_seconds_count_rate|traffic.elephant.duration_seconds_sum_rate|traffic.elephant.error_rate|traffic.elephant.error_ratio|traffic.elephant.error_ratio_weighted_denominator|traffic.elephant.error_ratio_weighted_numerator|traffic.elephant.jitter_seconds|traffic.elephant.last_batch_timestamp_seconds|traffic.elephant.loss_rate|traffic.elephant.requests_rate|traffic.elephant.retransmits_rate|traffic.elephant.success_rate|traffic.elephant.success_ratio|traffic.elephant.throughput_bps,probe target domain is observed; service instance is unverified
probes_service_domain,chengdu-traffic-vm,elephant02.xian.aiops.local,traffic,dimension_sidecar,source_region|target_domain,traffic.elephant.active|traffic.elephant.active_seconds_rate|traffic.elephant.batch_concurrency|traffic.elephant.batch_duration_seconds|traffic.elephant.batches_completed_rate|traffic.elephant.batches_failed_rate|traffic.elephant.batches_started_rate|traffic.elephant.batches_timeout_rate|traffic.elephant.bytes_received_rate|traffic.elephant.bytes_sent_rate|traffic.elephant.duration_seconds_count_rate|traffic.elephant.duration_seconds_sum_rate|traffic.elephant.error_rate|traffic.elephant.error_ratio|traffic.elephant.error_ratio_weighted_denominator|traffic.elephant.error_ratio_weighted_numerator|traffic.elephant.jitter_seconds|traffic.elephant.last_batch_timestamp_seconds|traffic.elephant.loss_rate|traffic.elephant.requests_rate|traffic.elephant.retransmits_rate|traffic.elephant.success_rate|traffic.elephant.success_ratio|traffic.elephant.throughput_bps,probe target domain is observed; service instance is unverified
probes_service_domain,chengdu-traffic-vm,elephant03.beida.aiops.local,traffic,dimension_sidecar,source_region|target_domain,traffic.elephant.active|traffic.elephant.active_seconds_rate|traffic.elephant.batch_concurrency|traffic.elephant.batch_duration_seconds|traffic.elephant.batches_completed_rate|traffic.elephant.batches_failed_rate|traffic.elephant.batches_started_rate|traffic.elephant.batches_timeout_rate|traffic.elephant.bytes_received_rate|traffic.elephant.bytes_sent_rate|traffic.elephant.duration_seconds_count_rate|traffic.elephant.duration_seconds_sum_rate|traffic.elephant.error_rate|traffic.elephant.last_batch_timestamp_seconds|traffic.elephant.requests_rate|traffic.elephant.retransmits_rate|traffic.elephant.success_rate,probe target domain is observed; service instance is unverified
probes_service_domain,chengdu-traffic-vm,elephant03.chengdu.aiops.local,traffic,dimension_sidecar,source_region|target_domain,traffic.elephant.active|traffic.elephant.active_seconds_rate|traffic.elephant.batch_concurrency|traffic.elephant.batch_duration_seconds|traffic.elephant.batches_completed_rate|traffic.elephant.batches_failed_rate|traffic.elephant.batches_started_rate|traffic.elephant.batches_timeout_rate|traffic.elephant.bytes_received_rate|traffic.elephant.bytes_sent_rate|traffic.elephant.duration_seconds_count_rate|traffic.elephant.duration_seconds_sum_rate|traffic.elephant.error_rate|traffic.elephant.error_ratio|traffic.elephant.error_ratio_weighted_denominator|traffic.elephant.error_ratio_weighted_numerator|traffic.elephant.jitter_seconds|traffic.elephant.last_batch_timestamp_seconds|traffic.elephant.loss_rate|traffic.elephant.requests_rate|traffic.elephant.retransmits_rate|traffic.elephant.success_rate|traffic.elephant.success_ratio|traffic.elephant.throughput_bps,probe target domain is observed; service instance is unverified
probes_service_domain,chengdu-traffic-vm,elephant03.guangzhou.aiops.local,traffic,dimension_sidecar,source_region|target_domain,traffic.elephant.active|traffic.elephant.active_seconds_rate|traffic.elephant.batch_concurrency|traffic.elephant.batch_duration_seconds|traffic.elephant.batches_completed_rate|traffic.elephant.batches_failed_rate|traffic.elephant.batches_started_rate|traffic.elephant.batches_timeout_rate|traffic.elephant.bytes_received_rate|traffic.elephant.bytes_sent_rate|traffic.elephant.duration_seconds_count_rate|traffic.elephant.duration_seconds_sum_rate|traffic.elephant.error_rate|traffic.elephant.error_ratio|traffic.elephant.error_ratio_weighted_denominator|traffic.elephant.error_ratio_weighted_numerator|traffic.elephant.jitter_seconds|traffic.elephant.last_batch_timestamp_seconds|traffic.elephant.loss_rate|traffic.elephant.requests_rate|traffic.elephant.retransmits_rate|traffic.elephant.success_rate|traffic.elephant.success_ratio|traffic.elephant.throughput_bps,probe target domain is observed; service instance is unverified
probes_service_domain,chengdu-traffic-vm,elephant03.nanjing.aiops.local,traffic,dimension_sidecar,source_region|target_domain,traffic.elephant.active|traffic.elephant.active_seconds_rate|traffic.elephant.batch_concurrency|traffic.elephant.batch_duration_seconds|traffic.elephant.batches_completed_rate|traffic.elephant.batches_failed_rate|traffic.elephant.batches_started_rate|traffic.elephant.batches_timeout_rate|traffic.elephant.bytes_received_rate|traffic.elephant.bytes_sent_rate|traffic.elephant.duration_seconds_count_rate|traffic.elephant.duration_seconds_sum_rate|traffic.elephant.error_rate|traffic.elephant.last_batch_timestamp_seconds|traffic.elephant.requests_rate|traffic.elephant.retransmits_rate|traffic.elephant.success_rate,probe target domain is observed; service instance is unverified
probes_service_domain,chengdu-traffic-vm,elephant03.shanghai.aiops.local,traffic,dimension_sidecar,source_region|target_domain,traffic.elephant.active|traffic.elephant.active_seconds_rate|traffic.elephant.batch_concurrency|traffic.elephant.batch_duration_seconds|traffic.elephant.batches_completed_rate|traffic.elephant.batches_failed_rate|traffic.elephant.batches_started_rate|traffic.elephant.batches_timeout_rate|traffic.elephant.bytes_received_rate|traffic.elephant.bytes_sent_rate|traffic.elephant.duration_seconds_count_rate|traffic.elephant.duration_seconds_sum_rate|traffic.elephant.error_rate|traffic.elephant.last_batch_timestamp_seconds|traffic.elephant.requests_rate|traffic.elephant.retransmits_rate|traffic.elephant.success_rate,probe target domain is observed; service instance is unverified
probes_service_domain,chengdu-traffic-vm,elephant03.shenyang.aiops.local,traffic,dimension_sidecar,source_region|target_domain,traffic.elephant.active|traffic.elephant.active_seconds_rate|traffic.elephant.batch_concurrency|traffic.elephant.batch_duration_seconds|traffic.elephant.batches_completed_rate|traffic.elephant.batches_failed_rate|traffic.elephant.batches_started_rate|traffic.elephant.batches_timeout_rate|traffic.elephant.bytes_received_rate|traffic.elephant.bytes_sent_rate|traffic.elephant.duration_seconds_count_rate|traffic.elephant.duration_seconds_sum_rate|traffic.elephant.error_rate|traffic.elephant.error_ratio|traffic.elephant.error_ratio_weighted_denominator|traffic.elephant.error_ratio_weighted_numerator|traffic.elephant.jitter_seconds|traffic.elephant.last_batch_timestamp_seconds|traffic.elephant.loss_rate|traffic.elephant.requests_rate|traffic.elephant.retransmits_rate|traffic.elephant.success_rate|traffic.elephant.success_ratio|traffic.elephant.throughput_bps,probe target domain is observed; service instance is unverified
probes_service_domain,chengdu-traffic-vm,elephant03.wuhan.aiops.local,traffic,dimension_sidecar,source_region|target_domain,traffic.elephant.active|traffic.elephant.active_seconds_rate|traffic.elephant.batch_concurrency|traffic.elephant.batch_duration_seconds|traffic.elephant.batches_completed_rate|traffic.elephant.batches_failed_rate|traffic.elephant.batches_started_rate|traffic.elephant.batches_timeout_rate|traffic.elephant.bytes_received_rate|traffic.elephant.bytes_sent_rate|traffic.elephant.duration_seconds_count_rate|traffic.elephant.duration_seconds_sum_rate|traffic.elephant.error_rate|traffic.elephant.last_batch_timestamp_seconds|traffic.elephant.requests_rate|traffic.elephant.retransmits_rate|traffic.elephant.success_rate,probe target domain is observed; service instance is unverified
probes_service_domain,chengdu-traffic-vm,elephant03.xian.aiops.local,traffic,dimension_sidecar,source_region|target_domain,traffic.elephant.active|traffic.elephant.active_seconds_rate|traffic.elephant.batch_concurrency|traffic.elephant.batch_duration_seconds|traffic.elephant.batches_completed_rate|traffic.elephant.batches_failed_rate|traffic.elephant.batches_started_rate|traffic.elephant.batches_timeout_rate|traffic.elephant.bytes_received_rate|traffic.elephant.bytes_sent_rate|traffic.elephant.duration_seconds_count_rate|traffic.elephant.duration_seconds_sum_rate|traffic.elephant.error_rate|traffic.elephant.error_ratio|traffic.elephant.error_ratio_weighted_denominator|traffic.elephant.error_ratio_weighted_numerator|traffic.elephant.jitter_seconds|traffic.elephant.last_batch_timestamp_seconds|traffic.elephant.loss_rate|traffic.elephant.requests_rate|traffic.elephant.retransmits_rate|traffic.elephant.success_rate|traffic.elephant.success_ratio|traffic.elephant.throughput_bps,probe target domain is observed; service instance is unverified
probes_service_domain,chengdu-traffic-vm,web01.shanghai.aiops.local,traffic,dimension_sidecar,source_region|target_domain,traffic.web.active|traffic.web.active_seconds_rate|traffic.web.batch_concurrency|traffic.web.batch_duration_seconds|traffic.web.batches_completed_rate|traffic.web.batches_failed_rate|traffic.web.batches_started_rate|traffic.web.batches_timeout_rate|traffic.web.bytes_received_rate|traffic.web.bytes_sent_rate|traffic.web.duration_seconds_count_rate|traffic.web.duration_seconds_sum_rate|traffic.web.error_rate|traffic.web.error_ratio|traffic.web.error_ratio_weighted_denominator|traffic.web.error_ratio_weighted_numerator|traffic.web.last_batch_timestamp_seconds|traffic.web.latency_mean_seconds|traffic.web.latency_p95_seconds|traffic.web.observed_qps|traffic.web.request_latency_seconds_bucket_rate_le_0_01|traffic.web.request_latency_seconds_bucket_rate_le_0_025|traffic.web.request_latency_seconds_bucket_rate_le_0_05|traffic.web.request_latency_seconds_bucket_rate_le_0_1|traffic.web.request_latency_seconds_bucket_rate_le_0_25|traffic.web.request_latency_seconds_bucket_rate_le_0_5|traffic.web.request_latency_seconds_bucket_rate_le_1|traffic.web.request_latency_seconds_bucket_rate_le_2_5|traffic.web.request_latency_seconds_bucket_rate_le_5|traffic.web.request_latency_seconds_bucket_rate_le_plus_inf|traffic.web.request_latency_seconds_count_rate|traffic.web.request_latency_seconds_sum_rate|traffic.web.requests_rate|traffic.web.success_rate|traffic.web.success_ratio,probe target domain is observed; service instance is unverified
probes_service_domain,guangzhou-traffic-vm,auth01.wuhan.aiops.local,traffic,dimension_sidecar,source_region|target_domain,traffic.auth.active|traffic.auth.active_seconds_rate|traffic.auth.batch_concurrency|traffic.auth.batch_duration_seconds|traffic.auth.batches_completed_rate|traffic.auth.batches_failed_rate|traffic.auth.batches_started_rate|traffic.auth.batches_timeout_rate|traffic.auth.bytes_received_rate|traffic.auth.bytes_sent_rate|traffic.auth.duration_seconds_count_rate|traffic.auth.duration_seconds_sum_rate|traffic.auth.error_rate|traffic.auth.error_ratio|traffic.auth.error_ratio_weighted_denominator|traffic.auth.error_ratio_weighted_numerator|traffic.auth.last_batch_timestamp_seconds|traffic.auth.latency_mean_seconds|traffic.auth.latency_p95_seconds|traffic.auth.observed_qps|traffic.auth.request_latency_seconds_bucket_rate_le_0_01|traffic.auth.request_latency_seconds_bucket_rate_le_0_025|traffic.auth.request_latency_seconds_bucket_rate_le_0_05|traffic.auth.request_latency_seconds_bucket_rate_le_0_1|traffic.auth.request_latency_seconds_bucket_rate_le_0_25|traffic.auth.request_latency_seconds_bucket_rate_le_0_5|traffic.auth.request_latency_seconds_bucket_rate_le_1|traffic.auth.request_latency_seconds_bucket_rate_le_2_5|traffic.auth.request_latency_seconds_bucket_rate_le_5|traffic.auth.request_latency_seconds_bucket_rate_le_plus_inf|traffic.auth.request_latency_seconds_count_rate|traffic.auth.request_latency_seconds_sum_rate|traffic.auth.requests_rate|traffic.auth.success_rate|traffic.auth.success_ratio,probe target domain is observed; service instance is unverified
probes_service_domain,guangzhou-traffic-vm,dns.beida.aiops.local,traffic,dimension_sidecar,source_region|target_domain,traffic.dns.active|traffic.dns.active_seconds_rate|traffic.dns.batch_concurrency|traffic.dns.batch_duration_seconds|traffic.dns.batches_completed_rate|traffic.dns.batches_failed_rate|traffic.dns.batches_started_rate|traffic.dns.batches_timeout_rate|traffic.dns.bytes_received_rate|traffic.dns.bytes_sent_rate|traffic.dns.duration_seconds_count_rate|traffic.dns.duration_seconds_sum_rate|traffic.dns.error_rate|traffic.dns.error_ratio|traffic.dns.error_ratio_weighted_denominator|traffic.dns.error_ratio_weighted_numerator|traffic.dns.last_batch_timestamp_seconds|traffic.dns.latency_mean_seconds|traffic.dns.latency_p95_seconds|traffic.dns.observed_qps|traffic.dns.request_latency_seconds_bucket_rate_le_0_01|traffic.dns.request_latency_seconds_bucket_rate_le_0_025|traffic.dns.request_latency_seconds_bucket_rate_le_0_05|traffic.dns.request_latency_seconds_bucket_rate_le_0_1|traffic.dns.request_latency_seconds_bucket_rate_le_0_25|traffic.dns.request_latency_seconds_bucket_rate_le_0_5|traffic.dns.request_latency_seconds_bucket_rate_le_1|traffic.dns.request_latency_seconds_bucket_rate_le_2_5|traffic.dns.request_latency_seconds_bucket_rate_le_5|traffic.dns.request_latency_seconds_bucket_rate_le_plus_inf|traffic.dns.request_latency_seconds_count_rate|traffic.dns.request_latency_seconds_sum_rate|traffic.dns.requests_rate|traffic.dns.success_rate|traffic.dns.success_ratio,probe target domain is observed; service instance is unverified
probes_service_domain,guangzhou-traffic-vm,elephant01.chengdu.aiops.local,traffic,dimension_sidecar,source_region|target_domain,traffic.elephant.active|traffic.elephant.active_seconds_rate|traffic.elephant.batch_concurrency|traffic.elephant.batch_duration_seconds|traffic.elephant.batches_completed_rate|traffic.elephant.batches_failed_rate|traffic.elephant.batches_started_rate|traffic.elephant.batches_timeout_rate|traffic.elephant.bytes_received_rate|traffic.elephant.bytes_sent_rate|traffic.elephant.duration_seconds_count_rate|traffic.elephant.duration_seconds_sum_rate|traffic.elephant.error_rate|traffic.elephant.error_ratio|traffic.elephant.error_ratio_weighted_denominator|traffic.elephant.error_ratio_weighted_numerator|traffic.elephant.jitter_seconds|traffic.elephant.last_batch_timestamp_seconds|traffic.elephant.loss_rate|traffic.elephant.requests_rate|traffic.elephant.retransmits_rate|traffic.elephant.success_rate|traffic.elephant.success_ratio|traffic.elephant.throughput_bps,probe target domain is observed; service instance is unverified
probes_service_domain,guangzhou-traffic-vm,elephant01.guangzhou.aiops.local,traffic,dimension_sidecar,source_region|target_domain,traffic.elephant.active|traffic.elephant.active_seconds_rate|traffic.elephant.batch_concurrency|traffic.elephant.batch_duration_seconds|traffic.elephant.batches_completed_rate|traffic.elephant.batches_failed_rate|traffic.elephant.batches_started_rate|traffic.elephant.batches_timeout_rate|traffic.elephant.bytes_received_rate|traffic.elephant.bytes_sent_rate|traffic.elephant.duration_seconds_count_rate|traffic.elephant.duration_seconds_sum_rate|traffic.elephant.error_rate|traffic.elephant.error_ratio|traffic.elephant.error_ratio_weighted_denominator|traffic.elephant.error_ratio_weighted_numerator|traffic.elephant.jitter_seconds|traffic.elephant.last_batch_timestamp_seconds|traffic.elephant.loss_rate|traffic.elephant.requests_rate|traffic.elephant.retransmits_rate|traffic.elephant.success_rate|traffic.elephant.success_ratio|traffic.elephant.throughput_bps,probe target domain is observed; service instance is unverified
probes_service_domain,guangzhou-traffic-vm,elephant01.nanjing.aiops.local,traffic,dimension_sidecar,source_region|target_domain,traffic.elephant.active|traffic.elephant.active_seconds_rate|traffic.elephant.batch_concurrency|traffic.elephant.batch_duration_seconds|traffic.elephant.batches_completed_rate|traffic.elephant.batches_failed_rate|traffic.elephant.batches_started_rate|traffic.elephant.batches_timeout_rate|traffic.elephant.bytes_received_rate|traffic.elephant.bytes_sent_rate|traffic.elephant.duration_seconds_count_rate|traffic.elephant.duration_seconds_sum_rate|traffic.elephant.error_rate|traffic.elephant.error_ratio|traffic.elephant.error_ratio_weighted_denominator|traffic.elephant.error_ratio_weighted_numerator|traffic.elephant.jitter_seconds|traffic.elephant.last_batch_timestamp_seconds|traffic.elephant.loss_rate|traffic.elephant.requests_rate|traffic.elephant.retransmits_rate|traffic.elephant.success_rate|traffic.elephant.success_ratio|traffic.elephant.throughput_bps,probe target domain is observed; service instance is unverified
probes_service_domain,guangzhou-traffic-vm,elephant01.shenyang.aiops.local,traffic,dimension_sidecar,source_region|target_domain,traffic.elephant.active|traffic.elephant.active_seconds_rate|traffic.elephant.batch_concurrency|traffic.elephant.batch_duration_seconds|traffic.elephant.batches_completed_rate|traffic.elephant.batches_failed_rate|traffic.elephant.batches_started_rate|traffic.elephant.batches_timeout_rate|traffic.elephant.bytes_received_rate|traffic.elephant.bytes_sent_rate|traffic.elephant.duration_seconds_count_rate|traffic.elephant.duration_seconds_sum_rate|traffic.elephant.error_rate|traffic.elephant.error_ratio|traffic.elephant.error_ratio_weighted_denominator|traffic.elephant.error_ratio_weighted_numerator|traffic.elephant.jitter_seconds|traffic.elephant.last_batch_timestamp_seconds|traffic.elephant.loss_rate|traffic.elephant.requests_rate|traffic.elephant.retransmits_rate|traffic.elephant.success_rate|traffic.elephant.success_ratio|traffic.elephant.throughput_bps,probe target domain is observed; service instance is unverified
probes_service_domain,guangzhou-traffic-vm,elephant01.xian.aiops.local,traffic,dimension_sidecar,source_region|target_domain,traffic.elephant.active|traffic.elephant.active_seconds_rate|traffic.elephant.batch_concurrency|traffic.elephant.batch_duration_seconds|traffic.elephant.batches_completed_rate|traffic.elephant.batches_failed_rate|traffic.elephant.batches_started_rate|traffic.elephant.batches_timeout_rate|traffic.elephant.bytes_received_rate|traffic.elephant.bytes_sent_rate|traffic.elephant.duration_seconds_count_rate|traffic.elephant.duration_seconds_sum_rate|traffic.elephant.error_rate|traffic.elephant.error_ratio|traffic.elephant.error_ratio_weighted_denominator|traffic.elephant.error_ratio_weighted_numerator|traffic.elephant.jitter_seconds|traffic.elephant.last_batch_timestamp_seconds|traffic.elephant.loss_rate|traffic.elephant.requests_rate|traffic.elephant.retransmits_rate|traffic.elephant.success_rate|traffic.elephant.success_ratio|traffic.elephant.throughput_bps,probe target domain is observed; service instance is unverified
probes_service_domain,guangzhou-traffic-vm,elephant02.beida.aiops.local,traffic,dimension_sidecar,source_region|target_domain,traffic.elephant.active|traffic.elephant.active_seconds_rate|traffic.elephant.batch_concurrency|traffic.elephant.batch_duration_seconds|traffic.elephant.batches_completed_rate|traffic.elephant.batches_failed_rate|traffic.elephant.batches_started_rate|traffic.elephant.batches_timeout_rate|traffic.elephant.bytes_received_rate|traffic.elephant.bytes_sent_rate|traffic.elephant.duration_seconds_count_rate|traffic.elephant.duration_seconds_sum_rate|traffic.elephant.error_rate|traffic.elephant.last_batch_timestamp_seconds|traffic.elephant.requests_rate|traffic.elephant.retransmits_rate|traffic.elephant.success_rate,probe target domain is observed; service instance is unverified
probes_service_domain,guangzhou-traffic-vm,elephant02.chengdu.aiops.local,traffic,dimension_sidecar,source_region|target_domain,traffic.elephant.active|traffic.elephant.active_seconds_rate|traffic.elephant.batch_concurrency|traffic.elephant.batch_duration_seconds|traffic.elephant.batches_completed_rate|traffic.elephant.batches_failed_rate|traffic.elephant.batches_started_rate|traffic.elephant.batches_timeout_rate|traffic.elephant.bytes_received_rate|traffic.elephant.bytes_sent_rate|traffic.elephant.duration_seconds_count_rate|traffic.elephant.duration_seconds_sum_rate|traffic.elephant.error_rate|traffic.elephant.error_ratio|traffic.elephant.error_ratio_weighted_denominator|traffic.elephant.error_ratio_weighted_numerator|traffic.elephant.jitter_seconds|traffic.elephant.last_batch_timestamp_seconds|traffic.elephant.loss_rate|traffic.elephant.requests_rate|traffic.elephant.retransmits_rate|traffic.elephant.success_rate|traffic.elephant.success_ratio|traffic.elephant.throughput_bps,probe target domain is observed; service instance is unverified
probes_service_domain,guangzhou-traffic-vm,elephant02.guangzhou.aiops.local,traffic,dimension_sidecar,source_region|target_domain,traffic.elephant.active|traffic.elephant.active_seconds_rate|traffic.elephant.batch_concurrency|traffic.elephant.batch_duration_seconds|traffic.elephant.batches_completed_rate|traffic.elephant.batches_failed_rate|traffic.elephant.batches_started_rate|traffic.elephant.batches_timeout_rate|traffic.elephant.bytes_received_rate|traffic.elephant.bytes_sent_rate|traffic.elephant.duration_seconds_count_rate|traffic.elephant.duration_seconds_sum_rate|traffic.elephant.error_rate|traffic.elephant.error_ratio|traffic.elephant.error_ratio_weighted_denominator|traffic.elephant.error_ratio_weighted_numerator|traffic.elephant.jitter_seconds|traffic.elephant.last_batch_timestamp_seconds|traffic.elephant.loss_rate|traffic.elephant.requests_rate|traffic.elephant.retransmits_rate|traffic.elephant.success_rate|traffic.elephant.success_ratio|traffic.elephant.throughput_bps,probe target domain is observed; service instance is unverified
probes_service_domain,guangzhou-traffic-vm,elephant02.nanjing.aiops.local,traffic,dimension_sidecar,source_region|target_domain,traffic.elephant.active|traffic.elephant.active_seconds_rate|traffic.elephant.batch_concurrency|traffic.elephant.batch_duration_seconds|traffic.elephant.batches_completed_rate|traffic.elephant.batches_failed_rate|traffic.elephant.batches_started_rate|traffic.elephant.batches_timeout_rate|traffic.elephant.bytes_received_rate|traffic.elephant.bytes_sent_rate|traffic.elephant.duration_seconds_count_rate|traffic.elephant.duration_seconds_sum_rate|traffic.elephant.error_rate|traffic.elephant.error_ratio|traffic.elephant.error_ratio_weighted_denominator|traffic.elephant.error_ratio_weighted_numerator|traffic.elephant.jitter_seconds|traffic.elephant.last_batch_timestamp_seconds|traffic.elephant.loss_rate|traffic.elephant.requests_rate|traffic.elephant.retransmits_rate|traffic.elephant.success_rate|traffic.elephant.success_ratio|traffic.elephant.throughput_bps,probe target domain is observed; service instance is unverified
probes_service_domain,guangzhou-traffic-vm,elephant02.shanghai.aiops.local,traffic,dimension_sidecar,source_region|target_domain,traffic.elephant.active|traffic.elephant.active_seconds_rate|traffic.elephant.batch_concurrency|traffic.elephant.batch_duration_seconds|traffic.elephant.batches_completed_rate|traffic.elephant.batches_failed_rate|traffic.elephant.batches_started_rate|traffic.elephant.batches_timeout_rate|traffic.elephant.bytes_received_rate|traffic.elephant.bytes_sent_rate|traffic.elephant.duration_seconds_count_rate|traffic.elephant.duration_seconds_sum_rate|traffic.elephant.error_rate|traffic.elephant.last_batch_timestamp_seconds|traffic.elephant.requests_rate|traffic.elephant.retransmits_rate|traffic.elephant.success_rate,probe target domain is observed; service instance is unverified
probes_service_domain,guangzhou-traffic-vm,elephant02.shenyang.aiops.local,traffic,dimension_sidecar,source_region|target_domain,traffic.elephant.active|traffic.elephant.active_seconds_rate|traffic.elephant.batch_concurrency|traffic.elephant.batch_duration_seconds|traffic.elephant.batches_completed_rate|traffic.elephant.batches_failed_rate|traffic.elephant.batches_started_rate|traffic.elephant.batches_timeout_rate|traffic.elephant.bytes_received_rate|traffic.elephant.bytes_sent_rate|traffic.elephant.duration_seconds_count_rate|traffic.elephant.duration_seconds_sum_rate|traffic.elephant.error_rate|traffic.elephant.error_ratio|traffic.elephant.error_ratio_weighted_denominator|traffic.elephant.error_ratio_weighted_numerator|traffic.elephant.jitter_seconds|traffic.elephant.last_batch_timestamp_seconds|traffic.elephant.loss_rate|traffic.elephant.requests_rate|traffic.elephant.retransmits_rate|traffic.elephant.success_rate|traffic.elephant.success_ratio|traffic.elephant.throughput_bps,probe target domain is observed; service instance is unverified
probes_service_domain,guangzhou-traffic-vm,elephant02.wuhan.aiops.local,traffic,dimension_sidecar,source_region|target_domain,traffic.elephant.active|traffic.elephant.active_seconds_rate|traffic.elephant.batch_concurrency|traffic.elephant.batch_duration_seconds|traffic.elephant.batches_completed_rate|traffic.elephant.batches_failed_rate|traffic.elephant.batches_started_rate|traffic.elephant.batches_timeout_rate|traffic.elephant.bytes_received_rate|traffic.elephant.bytes_sent_rate|traffic.elephant.duration_seconds_count_rate|traffic.elephant.duration_seconds_sum_rate|traffic.elephant.error_rate|traffic.elephant.error_ratio|traffic.elephant.error_ratio_weighted_denominator|traffic.elephant.error_ratio_weighted_numerator|traffic.elephant.jitter_seconds|traffic.elephant.last_batch_timestamp_seconds|traffic.elephant.loss_rate|traffic.elephant.requests_rate|traffic.elephant.retransmits_rate|traffic.elephant.success_rate|traffic.elephant.success_ratio|traffic.elephant.throughput_bps,probe target domain is observed; service instance is unverified
probes_service_domain,guangzhou-traffic-vm,elephant02.xian.aiops.local,traffic,dimension_sidecar,source_region|target_domain,traffic.elephant.active|traffic.elephant.active_seconds_rate|traffic.elephant.batch_concurrency|traffic.elephant.batch_duration_seconds|traffic.elephant.batches_completed_rate|traffic.elephant.batches_failed_rate|traffic.elephant.batches_started_rate|traffic.elephant.batches_timeout_rate|traffic.elephant.bytes_received_rate|traffic.elephant.bytes_sent_rate|traffic.elephant.duration_seconds_count_rate|traffic.elephant.duration_seconds_sum_rate|traffic.elephant.error_rate|traffic.elephant.error_ratio|traffic.elephant.error_ratio_weighted_denominator|traffic.elephant.error_ratio_weighted_numerator|traffic.elephant.jitter_seconds|traffic.elephant.last_batch_timestamp_seconds|traffic.elephant.loss_rate|traffic.elephant.requests_rate|traffic.elephant.retransmits_rate|traffic.elephant.success_rate|traffic.elephant.success_ratio|traffic.elephant.throughput_bps,probe target domain is observed; service instance is unverified
probes_service_domain,guangzhou-traffic-vm,elephant03.beida.aiops.local,traffic,dimension_sidecar,source_region|target_domain,traffic.elephant.active|traffic.elephant.active_seconds_rate|traffic.elephant.batch_concurrency|traffic.elephant.batch_duration_seconds|traffic.elephant.batches_completed_rate|traffic.elephant.batches_failed_rate|traffic.elephant.batches_started_rate|traffic.elephant.batches_timeout_rate|traffic.elephant.bytes_received_rate|traffic.elephant.bytes_sent_rate|traffic.elephant.duration_seconds_count_rate|traffic.elephant.duration_seconds_sum_rate|traffic.elephant.error_rate|traffic.elephant.last_batch_timestamp_seconds|traffic.elephant.requests_rate|traffic.elephant.retransmits_rate|traffic.elephant.success_rate,probe target domain is observed; service instance is unverified
probes_service_domain,guangzhou-traffic-vm,elephant03.chengdu.aiops.local,traffic,dimension_sidecar,source_region|target_domain,traffic.elephant.active|traffic.elephant.active_seconds_rate|traffic.elephant.batch_concurrency|traffic.elephant.batch_duration_seconds|traffic.elephant.batches_completed_rate|traffic.elephant.batches_failed_rate|traffic.elephant.batches_started_rate|traffic.elephant.batches_timeout_rate|traffic.elephant.bytes_received_rate|traffic.elephant.bytes_sent_rate|traffic.elephant.duration_seconds_count_rate|traffic.elephant.duration_seconds_sum_rate|traffic.elephant.error_rate|traffic.elephant.error_ratio|traffic.elephant.error_ratio_weighted_denominator|traffic.elephant.error_ratio_weighted_numerator|traffic.elephant.jitter_seconds|traffic.elephant.last_batch_timestamp_seconds|traffic.elephant.loss_rate|traffic.elephant.requests_rate|traffic.elephant.retransmits_rate|traffic.elephant.success_rate|traffic.elephant.success_ratio|traffic.elephant.throughput_bps,probe target domain is observed; service instance is unverified
probes_service_domain,guangzhou-traffic-vm,elephant03.guangzhou.aiops.local,traffic,dimension_sidecar,source_region|target_domain,traffic.elephant.active|traffic.elephant.active_seconds_rate|traffic.elephant.batch_concurrency|traffic.elephant.batch_duration_seconds|traffic.elephant.batches_completed_rate|traffic.elephant.batches_failed_rate|traffic.elephant.batches_started_rate|traffic.elephant.batches_timeout_rate|traffic.elephant.bytes_received_rate|traffic.elephant.bytes_sent_rate|traffic.elephant.duration_seconds_count_rate|traffic.elephant.duration_seconds_sum_rate|traffic.elephant.error_rate|traffic.elephant.error_ratio|traffic.elephant.error_ratio_weighted_denominator|traffic.elephant.error_ratio_weighted_numerator|traffic.elephant.jitter_seconds|traffic.elephant.last_batch_timestamp_seconds|traffic.elephant.loss_rate|traffic.elephant.requests_rate|traffic.elephant.retransmits_rate|traffic.elephant.success_rate|traffic.elephant.success_ratio|traffic.elephant.throughput_bps,probe target domain is observed; service instance is unverified
probes_service_domain,guangzhou-traffic-vm,elephant03.nanjing.aiops.local,traffic,dimension_sidecar,source_region|target_domain,traffic.elephant.active|traffic.elephant.active_seconds_rate|traffic.elephant.batch_concurrency|traffic.elephant.batch_duration_seconds|traffic.elephant.batches_completed_rate|traffic.elephant.batches_failed_rate|traffic.elephant.batches_started_rate|traffic.elephant.batches_timeout_rate|traffic.elephant.bytes_received_rate|traffic.elephant.bytes_sent_rate|traffic.elephant.duration_seconds_count_rate|traffic.elephant.duration_seconds_sum_rate|traffic.elephant.error_rate|traffic.elephant.last_batch_timestamp_seconds|traffic.elephant.requests_rate|traffic.elephant.retransmits_rate|traffic.elephant.success_rate,probe target domain is observed; service instance is unverified
probes_service_domain,guangzhou-traffic-vm,elephant03.shanghai.aiops.local,traffic,dimension_sidecar,source_region|target_domain,traffic.elephant.active|traffic.elephant.active_seconds_rate|traffic.elephant.batch_concurrency|traffic.elephant.batch_duration_seconds|traffic.elephant.batches_completed_rate|traffic.elephant.batches_failed_rate|traffic.elephant.batches_started_rate|traffic.elephant.batches_timeout_rate|traffic.elephant.bytes_received_rate|traffic.elephant.bytes_sent_rate|traffic.elephant.duration_seconds_count_rate|traffic.elephant.duration_seconds_sum_rate|traffic.elephant.error_rate|traffic.elephant.last_batch_timestamp_seconds|traffic.elephant.requests_rate|traffic.elephant.retransmits_rate|traffic.elephant.success_rate,probe target domain is observed; service instance is unverified
probes_service_domain,guangzhou-traffic-vm,elephant03.shenyang.aiops.local,traffic,dimension_sidecar,source_region|target_domain,traffic.elephant.active|traffic.elephant.active_seconds_rate|traffic.elephant.batch_concurrency|traffic.elephant.batch_duration_seconds|traffic.elephant.batches_completed_rate|traffic.elephant.batches_failed_rate|traffic.elephant.batches_started_rate|traffic.elephant.batches_timeout_rate|traffic.elephant.bytes_received_rate|traffic.elephant.bytes_sent_rate|traffic.elephant.duration_seconds_count_rate|traffic.elephant.duration_seconds_sum_rate|traffic.elephant.error_rate|traffic.elephant.error_ratio|traffic.elephant.error_ratio_weighted_denominator|traffic.elephant.error_ratio_weighted_numerator|traffic.elephant.jitter_seconds|traffic.elephant.last_batch_timestamp_seconds|traffic.elephant.loss_rate|traffic.elephant.requests_rate|traffic.elephant.retransmits_rate|traffic.elephant.success_rate|traffic.elephant.success_ratio|traffic.elephant.throughput_bps,probe target domain is observed; service instance is unverified
probes_service_domain,guangzhou-traffic-vm,elephant03.wuhan.aiops.local,traffic,dimension_sidecar,source_region|target_domain,traffic.elephant.active|traffic.elephant.active_seconds_rate|traffic.elephant.batch_concurrency|traffic.elephant.batch_duration_seconds|traffic.elephant.batches_completed_rate|traffic.elephant.batches_failed_rate|traffic.elephant.batches_started_rate|traffic.elephant.batches_timeout_rate|traffic.elephant.bytes_received_rate|traffic.elephant.bytes_sent_rate|traffic.elephant.duration_seconds_count_rate|traffic.elephant.duration_seconds_sum_rate|traffic.elephant.error_rate|traffic.elephant.last_batch_timestamp_seconds|traffic.elephant.requests_rate|traffic.elephant.retransmits_rate|traffic.elephant.success_rate,probe target domain is observed; service instance is unverified
probes_service_domain,guangzhou-traffic-vm,elephant03.xian.aiops.local,traffic,dimension_sidecar,source_region|target_domain,traffic.elephant.active|traffic.elephant.active_seconds_rate|traffic.elephant.batch_concurrency|traffic.elephant.batch_duration_seconds|traffic.elephant.batches_completed_rate|traffic.elephant.batches_failed_rate|traffic.elephant.batches_started_rate|traffic.elephant.batches_timeout_rate|traffic.elephant.bytes_received_rate|traffic.elephant.bytes_sent_rate|traffic.elephant.duration_seconds_count_rate|traffic.elephant.duration_seconds_sum_rate|traffic.elephant.error_rate|traffic.elephant.error_ratio|traffic.elephant.error_ratio_weighted_denominator|traffic.elephant.error_ratio_weighted_numerator|traffic.elephant.jitter_seconds|traffic.elephant.last_batch_timestamp_seconds|traffic.elephant.loss_rate|traffic.elephant.requests_rate|traffic.elephant.retransmits_rate|traffic.elephant.success_rate|traffic.elephant.success_ratio|traffic.elephant.throughput_bps,probe target domain is observed; service instance is unverified
probes_service_domain,guangzhou-traffic-vm,web01.shanghai.aiops.local,traffic,dimension_sidecar,source_region|target_domain,traffic.web.active|traffic.web.active_seconds_rate|traffic.web.batch_concurrency|traffic.web.batch_duration_seconds|traffic.web.batches_completed_rate|traffic.web.batches_failed_rate|traffic.web.batches_started_rate|traffic.web.batches_timeout_rate|traffic.web.bytes_received_rate|traffic.web.bytes_sent_rate|traffic.web.duration_seconds_count_rate|traffic.web.duration_seconds_sum_rate|traffic.web.error_rate|traffic.web.error_ratio|traffic.web.error_ratio_weighted_denominator|traffic.web.error_ratio_weighted_numerator|traffic.web.last_batch_timestamp_seconds|traffic.web.latency_mean_seconds|traffic.web.latency_p95_seconds|traffic.web.observed_qps|traffic.web.request_latency_seconds_bucket_rate_le_0_01|traffic.web.request_latency_seconds_bucket_rate_le_0_025|traffic.web.request_latency_seconds_bucket_rate_le_0_05|traffic.web.request_latency_seconds_bucket_rate_le_0_1|traffic.web.request_latency_seconds_bucket_rate_le_0_25|traffic.web.request_latency_seconds_bucket_rate_le_0_5|traffic.web.request_latency_seconds_bucket_rate_le_1|traffic.web.request_latency_seconds_bucket_rate_le_2_5|traffic.web.request_latency_seconds_bucket_rate_le_5|traffic.web.request_latency_seconds_bucket_rate_le_plus_inf|traffic.web.request_latency_seconds_count_rate|traffic.web.request_latency_seconds_sum_rate|traffic.web.requests_rate|traffic.web.success_rate|traffic.web.success_ratio,probe target domain is observed; service instance is unverified
probes_service_domain,nanjing-traffic-vm,auth01.wuhan.aiops.local,traffic,dimension_sidecar,source_region|target_domain,traffic.auth.active|traffic.auth.active_seconds_rate|traffic.auth.batch_concurrency|traffic.auth.batch_duration_seconds|traffic.auth.batches_completed_rate|traffic.auth.batches_failed_rate|traffic.auth.batches_started_rate|traffic.auth.batches_timeout_rate|traffic.auth.bytes_received_rate|traffic.auth.bytes_sent_rate|traffic.auth.duration_seconds_count_rate|traffic.auth.duration_seconds_sum_rate|traffic.auth.error_rate|traffic.auth.error_ratio|traffic.auth.error_ratio_weighted_denominator|traffic.auth.error_ratio_weighted_numerator|traffic.auth.last_batch_timestamp_seconds|traffic.auth.latency_mean_seconds|traffic.auth.latency_p95_seconds|traffic.auth.observed_qps|traffic.auth.request_latency_seconds_bucket_rate_le_0_01|traffic.auth.request_latency_seconds_bucket_rate_le_0_025|traffic.auth.request_latency_seconds_bucket_rate_le_0_05|traffic.auth.request_latency_seconds_bucket_rate_le_0_1|traffic.auth.request_latency_seconds_bucket_rate_le_0_25|traffic.auth.request_latency_seconds_bucket_rate_le_0_5|traffic.auth.request_latency_seconds_bucket_rate_le_1|traffic.auth.request_latency_seconds_bucket_rate_le_2_5|traffic.auth.request_latency_seconds_bucket_rate_le_5|traffic.auth.request_latency_seconds_bucket_rate_le_plus_inf|traffic.auth.request_latency_seconds_count_rate|traffic.auth.request_latency_seconds_sum_rate|traffic.auth.requests_rate|traffic.auth.success_rate|traffic.auth.success_ratio,probe target domain is observed; service instance is unverified
probes_service_domain,nanjing-traffic-vm,dns.beida.aiops.local,traffic,dimension_sidecar,source_region|target_domain,traffic.dns.active|traffic.dns.active_seconds_rate|traffic.dns.batch_concurrency|traffic.dns.batch_duration_seconds|traffic.dns.batches_completed_rate|traffic.dns.batches_failed_rate|traffic.dns.batches_started_rate|traffic.dns.batches_timeout_rate|traffic.dns.bytes_received_rate|traffic.dns.bytes_sent_rate|traffic.dns.duration_seconds_count_rate|traffic.dns.duration_seconds_sum_rate|traffic.dns.error_rate|traffic.dns.error_ratio|traffic.dns.error_ratio_weighted_denominator|traffic.dns.error_ratio_weighted_numerator|traffic.dns.last_batch_timestamp_seconds|traffic.dns.latency_mean_seconds|traffic.dns.latency_p95_seconds|traffic.dns.observed_qps|traffic.dns.request_latency_seconds_bucket_rate_le_0_01|traffic.dns.request_latency_seconds_bucket_rate_le_0_025|traffic.dns.request_latency_seconds_bucket_rate_le_0_05|traffic.dns.request_latency_seconds_bucket_rate_le_0_1|traffic.dns.request_latency_seconds_bucket_rate_le_0_25|traffic.dns.request_latency_seconds_bucket_rate_le_0_5|traffic.dns.request_latency_seconds_bucket_rate_le_1|traffic.dns.request_latency_seconds_bucket_rate_le_2_5|traffic.dns.request_latency_seconds_bucket_rate_le_5|traffic.dns.request_latency_seconds_bucket_rate_le_plus_inf|traffic.dns.request_latency_seconds_count_rate|traffic.dns.request_latency_seconds_sum_rate|traffic.dns.requests_rate|traffic.dns.success_rate|traffic.dns.success_ratio,probe target domain is observed; service instance is unverified
probes_service_domain,nanjing-traffic-vm,elephant01.chengdu.aiops.local,traffic,dimension_sidecar,source_region|target_domain,traffic.elephant.active|traffic.elephant.active_seconds_rate|traffic.elephant.batch_concurrency|traffic.elephant.batch_duration_seconds|traffic.elephant.batches_completed_rate|traffic.elephant.batches_failed_rate|traffic.elephant.batches_started_rate|traffic.elephant.batches_timeout_rate|traffic.elephant.bytes_received_rate|traffic.elephant.bytes_sent_rate|traffic.elephant.duration_seconds_count_rate|traffic.elephant.duration_seconds_sum_rate|traffic.elephant.error_rate|traffic.elephant.error_ratio|traffic.elephant.error_ratio_weighted_denominator|traffic.elephant.error_ratio_weighted_numerator|traffic.elephant.jitter_seconds|traffic.elephant.last_batch_timestamp_seconds|traffic.elephant.loss_rate|traffic.elephant.requests_rate|traffic.elephant.retransmits_rate|traffic.elephant.success_rate|traffic.elephant.success_ratio|traffic.elephant.throughput_bps,probe target domain is observed; service instance is unverified
probes_service_domain,nanjing-traffic-vm,elephant01.guangzhou.aiops.local,traffic,dimension_sidecar,source_region|target_domain,traffic.elephant.active|traffic.elephant.active_seconds_rate|traffic.elephant.batch_concurrency|traffic.elephant.batch_duration_seconds|traffic.elephant.batches_completed_rate|traffic.elephant.batches_failed_rate|traffic.elephant.batches_started_rate|traffic.elephant.batches_timeout_rate|traffic.elephant.bytes_received_rate|traffic.elephant.bytes_sent_rate|traffic.elephant.duration_seconds_count_rate|traffic.elephant.duration_seconds_sum_rate|traffic.elephant.error_rate|traffic.elephant.error_ratio|traffic.elephant.error_ratio_weighted_denominator|traffic.elephant.error_ratio_weighted_numerator|traffic.elephant.jitter_seconds|traffic.elephant.last_batch_timestamp_seconds|traffic.elephant.loss_rate|traffic.elephant.requests_rate|traffic.elephant.retransmits_rate|traffic.elephant.success_rate|traffic.elephant.success_ratio|traffic.elephant.throughput_bps,probe target domain is observed; service instance is unverified
probes_service_domain,nanjing-traffic-vm,elephant01.nanjing.aiops.local,traffic,dimension_sidecar,source_region|target_domain,traffic.elephant.active|traffic.elephant.active_seconds_rate|traffic.elephant.batch_concurrency|traffic.elephant.batch_duration_seconds|traffic.elephant.batches_completed_rate|traffic.elephant.batches_failed_rate|traffic.elephant.batches_started_rate|traffic.elephant.batches_timeout_rate|traffic.elephant.bytes_received_rate|traffic.elephant.bytes_sent_rate|traffic.elephant.duration_seconds_count_rate|traffic.elephant.duration_seconds_sum_rate|traffic.elephant.error_rate|traffic.elephant.error_ratio|traffic.elephant.error_ratio_weighted_denominator|traffic.elephant.error_ratio_weighted_numerator|traffic.elephant.jitter_seconds|traffic.elephant.last_batch_timestamp_seconds|traffic.elephant.loss_rate|traffic.elephant.requests_rate|traffic.elephant.retransmits_rate|traffic.elephant.success_rate|traffic.elephant.success_ratio|traffic.elephant.throughput_bps,probe target domain is observed; service instance is unverified
probes_service_domain,nanjing-traffic-vm,elephant01.shenyang.aiops.local,traffic,dimension_sidecar,source_region|target_domain,traffic.elephant.active|traffic.elephant.active_seconds_rate|traffic.elephant.batch_concurrency|traffic.elephant.batch_duration_seconds|traffic.elephant.batches_completed_rate|traffic.elephant.batches_failed_rate|traffic.elephant.batches_started_rate|traffic.elephant.batches_timeout_rate|traffic.elephant.bytes_received_rate|traffic.elephant.bytes_sent_rate|traffic.elephant.duration_seconds_count_rate|traffic.elephant.duration_seconds_sum_rate|traffic.elephant.error_rate|traffic.elephant.error_ratio|traffic.elephant.error_ratio_weighted_denominator|traffic.elephant.error_ratio_weighted_numerator|traffic.elephant.jitter_seconds|traffic.elephant.last_batch_timestamp_seconds|traffic.elephant.loss_rate|traffic.elephant.requests_rate|traffic.elephant.retransmits_rate|traffic.elephant.success_rate|traffic.elephant.success_ratio|traffic.elephant.throughput_bps,probe target domain is observed; service instance is unverified
probes_service_domain,nanjing-traffic-vm,elephant01.xian.aiops.local,traffic,dimension_sidecar,source_region|target_domain,traffic.elephant.active|traffic.elephant.active_seconds_rate|traffic.elephant.batch_concurrency|traffic.elephant.batch_duration_seconds|traffic.elephant.batches_completed_rate|traffic.elephant.batches_failed_rate|traffic.elephant.batches_started_rate|traffic.elephant.batches_timeout_rate|traffic.elephant.bytes_received_rate|traffic.elephant.bytes_sent_rate|traffic.elephant.duration_seconds_count_rate|traffic.elephant.duration_seconds_sum_rate|traffic.elephant.error_rate|traffic.elephant.error_ratio|traffic.elephant.error_ratio_weighted_denominator|traffic.elephant.error_ratio_weighted_numerator|traffic.elephant.jitter_seconds|traffic.elephant.last_batch_timestamp_seconds|traffic.elephant.loss_rate|traffic.elephant.requests_rate|traffic.elephant.retransmits_rate|traffic.elephant.success_rate|traffic.elephant.success_ratio|traffic.elephant.throughput_bps,probe target domain is observed; service instance is unverified
probes_service_domain,nanjing-traffic-vm,elephant02.beida.aiops.local,traffic,dimension_sidecar,source_region|target_domain,traffic.elephant.active|traffic.elephant.active_seconds_rate|traffic.elephant.batch_concurrency|traffic.elephant.batch_duration_seconds|traffic.elephant.batches_completed_rate|traffic.elephant.batches_failed_rate|traffic.elephant.batches_started_rate|traffic.elephant.batches_timeout_rate|traffic.elephant.bytes_received_rate|traffic.elephant.bytes_sent_rate|traffic.elephant.duration_seconds_count_rate|traffic.elephant.duration_seconds_sum_rate|traffic.elephant.error_rate|traffic.elephant.last_batch_timestamp_seconds|traffic.elephant.requests_rate|traffic.elephant.retransmits_rate|traffic.elephant.success_rate,probe target domain is observed; service instance is unverified
probes_service_domain,nanjing-traffic-vm,elephant02.chengdu.aiops.local,traffic,dimension_sidecar,source_region|target_domain,traffic.elephant.active|traffic.elephant.active_seconds_rate|traffic.elephant.batch_concurrency|traffic.elephant.batch_duration_seconds|traffic.elephant.batches_completed_rate|traffic.elephant.batches_failed_rate|traffic.elephant.batches_started_rate|traffic.elephant.batches_timeout_rate|traffic.elephant.bytes_received_rate|traffic.elephant.bytes_sent_rate|traffic.elephant.duration_seconds_count_rate|traffic.elephant.duration_seconds_sum_rate|traffic.elephant.error_rate|traffic.elephant.error_ratio|traffic.elephant.error_ratio_weighted_denominator|traffic.elephant.error_ratio_weighted_numerator|traffic.elephant.jitter_seconds|traffic.elephant.last_batch_timestamp_seconds|traffic.elephant.loss_rate|traffic.elephant.requests_rate|traffic.elephant.retransmits_rate|traffic.elephant.success_rate|traffic.elephant.success_ratio|traffic.elephant.throughput_bps,probe target domain is observed; service instance is unverified
probes_service_domain,nanjing-traffic-vm,elephant02.guangzhou.aiops.local,traffic,dimension_sidecar,source_region|target_domain,traffic.elephant.active|traffic.elephant.active_seconds_rate|traffic.elephant.batch_concurrency|traffic.elephant.batch_duration_seconds|traffic.elephant.batches_completed_rate|traffic.elephant.batches_failed_rate|traffic.elephant.batches_started_rate|traffic.elephant.batches_timeout_rate|traffic.elephant.bytes_received_rate|traffic.elephant.bytes_sent_rate|traffic.elephant.duration_seconds_count_rate|traffic.elephant.duration_seconds_sum_rate|traffic.elephant.error_rate|traffic.elephant.error_ratio|traffic.elephant.error_ratio_weighted_denominator|traffic.elephant.error_ratio_weighted_numerator|traffic.elephant.jitter_seconds|traffic.elephant.last_batch_timestamp_seconds|traffic.elephant.loss_rate|traffic.elephant.requests_rate|traffic.elephant.retransmits_rate|traffic.elephant.success_rate|traffic.elephant.success_ratio|traffic.elephant.throughput_bps,probe target domain is observed; service instance is unverified
probes_service_domain,nanjing-traffic-vm,elephant02.nanjing.aiops.local,traffic,dimension_sidecar,source_region|target_domain,traffic.elephant.active|traffic.elephant.active_seconds_rate|traffic.elephant.batch_concurrency|traffic.elephant.batch_duration_seconds|traffic.elephant.batches_completed_rate|traffic.elephant.batches_failed_rate|traffic.elephant.batches_started_rate|traffic.elephant.batches_timeout_rate|traffic.elephant.bytes_received_rate|traffic.elephant.bytes_sent_rate|traffic.elephant.duration_seconds_count_rate|traffic.elephant.duration_seconds_sum_rate|traffic.elephant.error_rate|traffic.elephant.error_ratio|traffic.elephant.error_ratio_weighted_denominator|traffic.elephant.error_ratio_weighted_numerator|traffic.elephant.jitter_seconds|traffic.elephant.last_batch_timestamp_seconds|traffic.elephant.loss_rate|traffic.elephant.requests_rate|traffic.elephant.retransmits_rate|traffic.elephant.success_rate|traffic.elephant.success_ratio|traffic.elephant.throughput_bps,probe target domain is observed; service instance is unverified
probes_service_domain,nanjing-traffic-vm,elephant02.shanghai.aiops.local,traffic,dimension_sidecar,source_region|target_domain,traffic.elephant.active|traffic.elephant.active_seconds_rate|traffic.elephant.batch_concurrency|traffic.elephant.batch_duration_seconds|traffic.elephant.batches_completed_rate|traffic.elephant.batches_failed_rate|traffic.elephant.batches_started_rate|traffic.elephant.batches_timeout_rate|traffic.elephant.bytes_received_rate|traffic.elephant.bytes_sent_rate|traffic.elephant.duration_seconds_count_rate|traffic.elephant.duration_seconds_sum_rate|traffic.elephant.error_rate|traffic.elephant.last_batch_timestamp_seconds|traffic.elephant.requests_rate|traffic.elephant.retransmits_rate|traffic.elephant.success_rate,probe target domain is observed; service instance is unverified
probes_service_domain,nanjing-traffic-vm,elephant02.shenyang.aiops.local,traffic,dimension_sidecar,source_region|target_domain,traffic.elephant.active|traffic.elephant.active_seconds_rate|traffic.elephant.batch_concurrency|traffic.elephant.batch_duration_seconds|traffic.elephant.batches_completed_rate|traffic.elephant.batches_failed_rate|traffic.elephant.batches_started_rate|traffic.elephant.batches_timeout_rate|traffic.elephant.bytes_received_rate|traffic.elephant.bytes_sent_rate|traffic.elephant.duration_seconds_count_rate|traffic.elephant.duration_seconds_sum_rate|traffic.elephant.error_rate|traffic.elephant.error_ratio|traffic.elephant.error_ratio_weighted_denominator|traffic.elephant.error_ratio_weighted_numerator|traffic.elephant.jitter_seconds|traffic.elephant.last_batch_timestamp_seconds|traffic.elephant.loss_rate|traffic.elephant.requests_rate|traffic.elephant.retransmits_rate|traffic.elephant.success_rate|traffic.elephant.success_ratio|traffic.elephant.throughput_bps,probe target domain is observed; service instance is unverified
probes_service_domain,nanjing-traffic-vm,elephant02.wuhan.aiops.local,traffic,dimension_sidecar,source_region|target_domain,traffic.elephant.active|traffic.elephant.active_seconds_rate|traffic.elephant.batch_concurrency|traffic.elephant.batch_duration_seconds|traffic.elephant.batches_completed_rate|traffic.elephant.batches_failed_rate|traffic.elephant.batches_started_rate|traffic.elephant.batches_timeout_rate|traffic.elephant.bytes_received_rate|traffic.elephant.bytes_sent_rate|traffic.elephant.duration_seconds_count_rate|traffic.elephant.duration_seconds_sum_rate|traffic.elephant.error_rate|traffic.elephant.error_ratio|traffic.elephant.error_ratio_weighted_denominator|traffic.elephant.error_ratio_weighted_numerator|traffic.elephant.jitter_seconds|traffic.elephant.last_batch_timestamp_seconds|traffic.elephant.loss_rate|traffic.elephant.requests_rate|traffic.elephant.retransmits_rate|traffic.elephant.success_rate|traffic.elephant.success_ratio|traffic.elephant.throughput_bps,probe target domain is observed; service instance is unverified
probes_service_domain,nanjing-traffic-vm,elephant02.xian.aiops.local,traffic,dimension_sidecar,source_region|target_domain,traffic.elephant.active|traffic.elephant.active_seconds_rate|traffic.elephant.batch_concurrency|traffic.elephant.batch_duration_seconds|traffic.elephant.batches_completed_rate|traffic.elephant.batches_failed_rate|traffic.elephant.batches_started_rate|traffic.elephant.batches_timeout_rate|traffic.elephant.bytes_received_rate|traffic.elephant.bytes_sent_rate|traffic.elephant.duration_seconds_count_rate|traffic.elephant.duration_seconds_sum_rate|traffic.elephant.error_rate|traffic.elephant.error_ratio|traffic.elephant.error_ratio_weighted_denominator|traffic.elephant.error_ratio_weighted_numerator|traffic.elephant.jitter_seconds|traffic.elephant.last_batch_timestamp_seconds|traffic.elephant.loss_rate|traffic.elephant.requests_rate|traffic.elephant.retransmits_rate|traffic.elephant.success_rate|traffic.elephant.success_ratio|traffic.elephant.throughput_bps,probe target domain is observed; service instance is unverified
probes_service_domain,nanjing-traffic-vm,elephant03.beida.aiops.local,traffic,dimension_sidecar,source_region|target_domain,traffic.elephant.active|traffic.elephant.active_seconds_rate|traffic.elephant.batch_concurrency|traffic.elephant.batch_duration_seconds|traffic.elephant.batches_completed_rate|traffic.elephant.batches_failed_rate|traffic.elephant.batches_started_rate|traffic.elephant.batches_timeout_rate|traffic.elephant.bytes_received_rate|traffic.elephant.bytes_sent_rate|traffic.elephant.duration_seconds_count_rate|traffic.elephant.duration_seconds_sum_rate|traffic.elephant.error_rate|traffic.elephant.last_batch_timestamp_seconds|traffic.elephant.requests_rate|traffic.elephant.retransmits_rate|traffic.elephant.success_rate,probe target domain is observed; service instance is unverified
probes_service_domain,nanjing-traffic-vm,elephant03.chengdu.aiops.local,traffic,dimension_sidecar,source_region|target_domain,traffic.elephant.active|traffic.elephant.active_seconds_rate|traffic.elephant.batch_concurrency|traffic.elephant.batch_duration_seconds|traffic.elephant.batches_completed_rate|traffic.elephant.batches_failed_rate|traffic.elephant.batches_started_rate|traffic.elephant.batches_timeout_rate|traffic.elephant.bytes_received_rate|traffic.elephant.bytes_sent_rate|traffic.elephant.duration_seconds_count_rate|traffic.elephant.duration_seconds_sum_rate|traffic.elephant.error_rate|traffic.elephant.error_ratio|traffic.elephant.error_ratio_weighted_denominator|traffic.elephant.error_ratio_weighted_numerator|traffic.elephant.jitter_seconds|traffic.elephant.last_batch_timestamp_seconds|traffic.elephant.loss_rate|traffic.elephant.requests_rate|traffic.elephant.retransmits_rate|traffic.elephant.success_rate|traffic.elephant.success_ratio|traffic.elephant.throughput_bps,probe target domain is observed; service instance is unverified
probes_service_domain,nanjing-traffic-vm,elephant03.guangzhou.aiops.local,traffic,dimension_sidecar,source_region|target_domain,traffic.elephant.active|traffic.elephant.active_seconds_rate|traffic.elephant.batch_concurrency|traffic.elephant.batch_duration_seconds|traffic.elephant.batches_completed_rate|traffic.elephant.batches_failed_rate|traffic.elephant.batches_started_rate|traffic.elephant.batches_timeout_rate|traffic.elephant.bytes_received_rate|traffic.elephant.bytes_sent_rate|traffic.elephant.duration_seconds_count_rate|traffic.elephant.duration_seconds_sum_rate|traffic.elephant.error_rate|traffic.elephant.error_ratio|traffic.elephant.error_ratio_weighted_denominator|traffic.elephant.error_ratio_weighted_numerator|traffic.elephant.jitter_seconds|traffic.elephant.last_batch_timestamp_seconds|traffic.elephant.loss_rate|traffic.elephant.requests_rate|traffic.elephant.retransmits_rate|traffic.elephant.success_rate|traffic.elephant.success_ratio|traffic.elephant.throughput_bps,probe target domain is observed; service instance is unverified
probes_service_domain,nanjing-traffic-vm,elephant03.nanjing.aiops.local,traffic,dimension_sidecar,source_region|target_domain,traffic.elephant.active|traffic.elephant.active_seconds_rate|traffic.elephant.batch_concurrency|traffic.elephant.batch_duration_seconds|traffic.elephant.batches_completed_rate|traffic.elephant.batches_failed_rate|traffic.elephant.batches_started_rate|traffic.elephant.batches_timeout_rate|traffic.elephant.bytes_received_rate|traffic.elephant.bytes_sent_rate|traffic.elephant.duration_seconds_count_rate|traffic.elephant.duration_seconds_sum_rate|traffic.elephant.error_rate|traffic.elephant.last_batch_timestamp_seconds|traffic.elephant.requests_rate|traffic.elephant.retransmits_rate|traffic.elephant.success_rate,probe target domain is observed; service instance is unverified
probes_service_domain,nanjing-traffic-vm,elephant03.shanghai.aiops.local,traffic,dimension_sidecar,source_region|target_domain,traffic.elephant.active|traffic.elephant.active_seconds_rate|traffic.elephant.batch_concurrency|traffic.elephant.batch_duration_seconds|traffic.elephant.batches_completed_rate|traffic.elephant.batches_failed_rate|traffic.elephant.batches_started_rate|traffic.elephant.batches_timeout_rate|traffic.elephant.bytes_received_rate|traffic.elephant.bytes_sent_rate|traffic.elephant.duration_seconds_count_rate|traffic.elephant.duration_seconds_sum_rate|traffic.elephant.error_rate|traffic.elephant.last_batch_timestamp_seconds|traffic.elephant.requests_rate|traffic.elephant.retransmits_rate|traffic.elephant.success_rate,probe target domain is observed; service instance is unverified
probes_service_domain,nanjing-traffic-vm,elephant03.shenyang.aiops.local,traffic,dimension_sidecar,source_region|target_domain,traffic.elephant.active|traffic.elephant.active_seconds_rate|traffic.elephant.batch_concurrency|traffic.elephant.batch_duration_seconds|traffic.elephant.batches_completed_rate|traffic.elephant.batches_failed_rate|traffic.elephant.batches_started_rate|traffic.elephant.batches_timeout_rate|traffic.elephant.bytes_received_rate|traffic.elephant.bytes_sent_rate|traffic.elephant.duration_seconds_count_rate|traffic.elephant.duration_seconds_sum_rate|traffic.elephant.error_rate|traffic.elephant.error_ratio|traffic.elephant.error_ratio_weighted_denominator|traffic.elephant.error_ratio_weighted_numerator|traffic.elephant.jitter_seconds|traffic.elephant.last_batch_timestamp_seconds|traffic.elephant.loss_rate|traffic.elephant.requests_rate|traffic.elephant.retransmits_rate|traffic.elephant.success_rate|traffic.elephant.success_ratio|traffic.elephant.throughput_bps,probe target domain is observed; service instance is unverified
probes_service_domain,nanjing-traffic-vm,elephant03.wuhan.aiops.local,traffic,dimension_sidecar,source_region|target_domain,traffic.elephant.active|traffic.elephant.active_seconds_rate|traffic.elephant.batch_concurrency|traffic.elephant.batch_duration_seconds|traffic.elephant.batches_completed_rate|traffic.elephant.batches_failed_rate|traffic.elephant.batches_started_rate|traffic.elephant.batches_timeout_rate|traffic.elephant.bytes_received_rate|traffic.elephant.bytes_sent_rate|traffic.elephant.duration_seconds_count_rate|traffic.elephant.duration_seconds_sum_rate|traffic.elephant.error_rate|traffic.elephant.last_batch_timestamp_seconds|traffic.elephant.requests_rate|traffic.elephant.retransmits_rate|traffic.elephant.success_rate,probe target domain is observed; service instance is unverified
probes_service_domain,nanjing-traffic-vm,elephant03.xian.aiops.local,traffic,dimension_sidecar,source_region|target_domain,traffic.elephant.active|traffic.elephant.active_seconds_rate|traffic.elephant.batch_concurrency|traffic.elephant.batch_duration_seconds|traffic.elephant.batches_completed_rate|traffic.elephant.batches_failed_rate|traffic.elephant.batches_started_rate|traffic.elephant.batches_timeout_rate|traffic.elephant.bytes_received_rate|traffic.elephant.bytes_sent_rate|traffic.elephant.duration_seconds_count_rate|traffic.elephant.duration_seconds_sum_rate|traffic.elephant.error_rate|traffic.elephant.error_ratio|traffic.elephant.error_ratio_weighted_denominator|traffic.elephant.error_ratio_weighted_numerator|traffic.elephant.jitter_seconds|traffic.elephant.last_batch_timestamp_seconds|traffic.elephant.loss_rate|traffic.elephant.requests_rate|traffic.elephant.retransmits_rate|traffic.elephant.success_rate|traffic.elephant.success_ratio|traffic.elephant.throughput_bps,probe target domain is observed; service instance is unverified
probes_service_domain,nanjing-traffic-vm,web01.shanghai.aiops.local,traffic,dimension_sidecar,source_region|target_domain,traffic.web.active|traffic.web.active_seconds_rate|traffic.web.batch_concurrency|traffic.web.batch_duration_seconds|traffic.web.batches_completed_rate|traffic.web.batches_failed_rate|traffic.web.batches_started_rate|traffic.web.batches_timeout_rate|traffic.web.bytes_received_rate|traffic.web.bytes_sent_rate|traffic.web.duration_seconds_count_rate|traffic.web.duration_seconds_sum_rate|traffic.web.error_rate|traffic.web.error_ratio|traffic.web.error_ratio_weighted_denominator|traffic.web.error_ratio_weighted_numerator|traffic.web.last_batch_timestamp_seconds|traffic.web.latency_mean_seconds|traffic.web.latency_p95_seconds|traffic.web.observed_qps|traffic.web.request_latency_seconds_bucket_rate_le_0_01|traffic.web.request_latency_seconds_bucket_rate_le_0_025|traffic.web.request_latency_seconds_bucket_rate_le_0_05|traffic.web.request_latency_seconds_bucket_rate_le_0_1|traffic.web.request_latency_seconds_bucket_rate_le_0_25|traffic.web.request_latency_seconds_bucket_rate_le_0_5|traffic.web.request_latency_seconds_bucket_rate_le_1|traffic.web.request_latency_seconds_bucket_rate_le_2_5|traffic.web.request_latency_seconds_bucket_rate_le_5|traffic.web.request_latency_seconds_bucket_rate_le_plus_inf|traffic.web.request_latency_seconds_count_rate|traffic.web.request_latency_seconds_sum_rate|traffic.web.requests_rate|traffic.web.success_rate|traffic.web.success_ratio,probe target domain is observed; service instance is unverified
probes_service_domain,shanghai-traffic-vm,auth01.wuhan.aiops.local,traffic,dimension_sidecar,source_region|target_domain,traffic.auth.active|traffic.auth.active_seconds_rate|traffic.auth.batch_concurrency|traffic.auth.batch_duration_seconds|traffic.auth.batches_completed_rate|traffic.auth.batches_failed_rate|traffic.auth.batches_started_rate|traffic.auth.batches_timeout_rate|traffic.auth.bytes_received_rate|traffic.auth.bytes_sent_rate|traffic.auth.duration_seconds_count_rate|traffic.auth.duration_seconds_sum_rate|traffic.auth.error_rate|traffic.auth.error_ratio|traffic.auth.error_ratio_weighted_denominator|traffic.auth.error_ratio_weighted_numerator|traffic.auth.last_batch_timestamp_seconds|traffic.auth.latency_mean_seconds|traffic.auth.latency_p95_seconds|traffic.auth.observed_qps|traffic.auth.request_latency_seconds_bucket_rate_le_0_01|traffic.auth.request_latency_seconds_bucket_rate_le_0_025|traffic.auth.request_latency_seconds_bucket_rate_le_0_05|traffic.auth.request_latency_seconds_bucket_rate_le_0_1|traffic.auth.request_latency_seconds_bucket_rate_le_0_25|traffic.auth.request_latency_seconds_bucket_rate_le_0_5|traffic.auth.request_latency_seconds_bucket_rate_le_1|traffic.auth.request_latency_seconds_bucket_rate_le_2_5|traffic.auth.request_latency_seconds_bucket_rate_le_5|traffic.auth.request_latency_seconds_bucket_rate_le_plus_inf|traffic.auth.request_latency_seconds_count_rate|traffic.auth.request_latency_seconds_sum_rate|traffic.auth.requests_rate|traffic.auth.success_rate|traffic.auth.success_ratio,probe target domain is observed; service instance is unverified
probes_service_domain,shanghai-traffic-vm,dns.beida.aiops.local,traffic,dimension_sidecar,source_region|target_domain,traffic.dns.active|traffic.dns.active_seconds_rate|traffic.dns.batch_concurrency|traffic.dns.batch_duration_seconds|traffic.dns.batches_completed_rate|traffic.dns.batches_failed_rate|traffic.dns.batches_started_rate|traffic.dns.batches_timeout_rate|traffic.dns.bytes_received_rate|traffic.dns.bytes_sent_rate|traffic.dns.duration_seconds_count_rate|traffic.dns.duration_seconds_sum_rate|traffic.dns.error_rate|traffic.dns.error_ratio|traffic.dns.error_ratio_weighted_denominator|traffic.dns.error_ratio_weighted_numerator|traffic.dns.last_batch_timestamp_seconds|traffic.dns.latency_mean_seconds|traffic.dns.latency_p95_seconds|traffic.dns.observed_qps|traffic.dns.request_latency_seconds_bucket_rate_le_0_01|traffic.dns.request_latency_seconds_bucket_rate_le_0_025|traffic.dns.request_latency_seconds_bucket_rate_le_0_05|traffic.dns.request_latency_seconds_bucket_rate_le_0_1|traffic.dns.request_latency_seconds_bucket_rate_le_0_25|traffic.dns.request_latency_seconds_bucket_rate_le_0_5|traffic.dns.request_latency_seconds_bucket_rate_le_1|traffic.dns.request_latency_seconds_bucket_rate_le_2_5|traffic.dns.request_latency_seconds_bucket_rate_le_5|traffic.dns.request_latency_seconds_bucket_rate_le_plus_inf|traffic.dns.request_latency_seconds_count_rate|traffic.dns.request_latency_seconds_sum_rate|traffic.dns.requests_rate|traffic.dns.success_rate|traffic.dns.success_ratio,probe target domain is observed; service instance is unverified
probes_service_domain,shanghai-traffic-vm,elephant01.chengdu.aiops.local,traffic,dimension_sidecar,source_region|target_domain,traffic.elephant.active|traffic.elephant.active_seconds_rate|traffic.elephant.batch_concurrency|traffic.elephant.batch_duration_seconds|traffic.elephant.batches_completed_rate|traffic.elephant.batches_failed_rate|traffic.elephant.batches_started_rate|traffic.elephant.batches_timeout_rate|traffic.elephant.bytes_received_rate|traffic.elephant.bytes_sent_rate|traffic.elephant.duration_seconds_count_rate|traffic.elephant.duration_seconds_sum_rate|traffic.elephant.error_rate|traffic.elephant.error_ratio|traffic.elephant.error_ratio_weighted_denominator|traffic.elephant.error_ratio_weighted_numerator|traffic.elephant.jitter_seconds|traffic.elephant.last_batch_timestamp_seconds|traffic.elephant.loss_rate|traffic.elephant.requests_rate|traffic.elephant.retransmits_rate|traffic.elephant.success_rate|traffic.elephant.success_ratio|traffic.elephant.throughput_bps,probe target domain is observed; service instance is unverified
probes_service_domain,shanghai-traffic-vm,elephant01.guangzhou.aiops.local,traffic,dimension_sidecar,source_region|target_domain,traffic.elephant.active|traffic.elephant.active_seconds_rate|traffic.elephant.batch_concurrency|traffic.elephant.batch_duration_seconds|traffic.elephant.batches_completed_rate|traffic.elephant.batches_failed_rate|traffic.elephant.batches_started_rate|traffic.elephant.batches_timeout_rate|traffic.elephant.bytes_received_rate|traffic.elephant.bytes_sent_rate|traffic.elephant.duration_seconds_count_rate|traffic.elephant.duration_seconds_sum_rate|traffic.elephant.error_rate|traffic.elephant.error_ratio|traffic.elephant.error_ratio_weighted_denominator|traffic.elephant.error_ratio_weighted_numerator|traffic.elephant.jitter_seconds|traffic.elephant.last_batch_timestamp_seconds|traffic.elephant.loss_rate|traffic.elephant.requests_rate|traffic.elephant.retransmits_rate|traffic.elephant.success_rate|traffic.elephant.success_ratio|traffic.elephant.throughput_bps,probe target domain is observed; service instance is unverified
probes_service_domain,shanghai-traffic-vm,elephant01.nanjing.aiops.local,traffic,dimension_sidecar,source_region|target_domain,traffic.elephant.active|traffic.elephant.active_seconds_rate|traffic.elephant.batch_concurrency|traffic.elephant.batch_duration_seconds|traffic.elephant.batches_completed_rate|traffic.elephant.batches_failed_rate|traffic.elephant.batches_started_rate|traffic.elephant.batches_timeout_rate|traffic.elephant.bytes_received_rate|traffic.elephant.bytes_sent_rate|traffic.elephant.duration_seconds_count_rate|traffic.elephant.duration_seconds_sum_rate|traffic.elephant.error_rate|traffic.elephant.error_ratio|traffic.elephant.error_ratio_weighted_denominator|traffic.elephant.error_ratio_weighted_numerator|traffic.elephant.jitter_seconds|traffic.elephant.last_batch_timestamp_seconds|traffic.elephant.loss_rate|traffic.elephant.requests_rate|traffic.elephant.retransmits_rate|traffic.elephant.success_rate|traffic.elephant.success_ratio|traffic.elephant.throughput_bps,probe target domain is observed; service instance is unverified
probes_service_domain,shanghai-traffic-vm,elephant01.shenyang.aiops.local,traffic,dimension_sidecar,source_region|target_domain,traffic.elephant.active|traffic.elephant.active_seconds_rate|traffic.elephant.batch_concurrency|traffic.elephant.batch_duration_seconds|traffic.elephant.batches_completed_rate|traffic.elephant.batches_failed_rate|traffic.elephant.batches_started_rate|traffic.elephant.batches_timeout_rate|traffic.elephant.bytes_received_rate|traffic.elephant.bytes_sent_rate|traffic.elephant.duration_seconds_count_rate|traffic.elephant.duration_seconds_sum_rate|traffic.elephant.error_rate|traffic.elephant.error_ratio|traffic.elephant.error_ratio_weighted_denominator|traffic.elephant.error_ratio_weighted_numerator|traffic.elephant.jitter_seconds|traffic.elephant.last_batch_timestamp_seconds|traffic.elephant.loss_rate|traffic.elephant.requests_rate|traffic.elephant.retransmits_rate|traffic.elephant.success_rate|traffic.elephant.success_ratio|traffic.elephant.throughput_bps,probe target domain is observed; service instance is unverified
probes_service_domain,shanghai-traffic-vm,elephant01.xian.aiops.local,traffic,dimension_sidecar,source_region|target_domain,traffic.elephant.active|traffic.elephant.active_seconds_rate|traffic.elephant.batch_concurrency|traffic.elephant.batch_duration_seconds|traffic.elephant.batches_completed_rate|traffic.elephant.batches_failed_rate|traffic.elephant.batches_started_rate|traffic.elephant.batches_timeout_rate|traffic.elephant.bytes_received_rate|traffic.elephant.bytes_sent_rate|traffic.elephant.duration_seconds_count_rate|traffic.elephant.duration_seconds_sum_rate|traffic.elephant.error_rate|traffic.elephant.error_ratio|traffic.elephant.error_ratio_weighted_denominator|traffic.elephant.error_ratio_weighted_numerator|traffic.elephant.jitter_seconds|traffic.elephant.last_batch_timestamp_seconds|traffic.elephant.loss_rate|traffic.elephant.requests_rate|traffic.elephant.retransmits_rate|traffic.elephant.success_rate|traffic.elephant.success_ratio|traffic.elephant.throughput_bps,probe target domain is observed; service instance is unverified
probes_service_domain,shanghai-traffic-vm,elephant02.beida.aiops.local,traffic,dimension_sidecar,source_region|target_domain,traffic.elephant.active|traffic.elephant.active_seconds_rate|traffic.elephant.batch_concurrency|traffic.elephant.batch_duration_seconds|traffic.elephant.batches_completed_rate|traffic.elephant.batches_failed_rate|traffic.elephant.batches_started_rate|traffic.elephant.batches_timeout_rate|traffic.elephant.bytes_received_rate|traffic.elephant.bytes_sent_rate|traffic.elephant.duration_seconds_count_rate|traffic.elephant.duration_seconds_sum_rate|traffic.elephant.error_rate|traffic.elephant.last_batch_timestamp_seconds|traffic.elephant.requests_rate|traffic.elephant.retransmits_rate|traffic.elephant.success_rate,probe target domain is observed; service instance is unverified
probes_service_domain,shanghai-traffic-vm,elephant02.chengdu.aiops.local,traffic,dimension_sidecar,source_region|target_domain,traffic.elephant.active|traffic.elephant.active_seconds_rate|traffic.elephant.batch_concurrency|traffic.elephant.batch_duration_seconds|traffic.elephant.batches_completed_rate|traffic.elephant.batches_failed_rate|traffic.elephant.batches_started_rate|traffic.elephant.batches_timeout_rate|traffic.elephant.bytes_received_rate|traffic.elephant.bytes_sent_rate|traffic.elephant.duration_seconds_count_rate|traffic.elephant.duration_seconds_sum_rate|traffic.elephant.error_rate|traffic.elephant.error_ratio|traffic.elephant.error_ratio_weighted_denominator|traffic.elephant.error_ratio_weighted_numerator|traffic.elephant.jitter_seconds|traffic.elephant.last_batch_timestamp_seconds|traffic.elephant.loss_rate|traffic.elephant.requests_rate|traffic.elephant.retransmits_rate|traffic.elephant.success_rate|traffic.elephant.success_ratio|traffic.elephant.throughput_bps,probe target domain is observed; service instance is unverified
probes_service_domain,shanghai-traffic-vm,elephant02.guangzhou.aiops.local,traffic,dimension_sidecar,source_region|target_domain,traffic.elephant.active|traffic.elephant.active_seconds_rate|traffic.elephant.batch_concurrency|traffic.elephant.batch_duration_seconds|traffic.elephant.batches_completed_rate|traffic.elephant.batches_failed_rate|traffic.elephant.batches_started_rate|traffic.elephant.batches_timeout_rate|traffic.elephant.bytes_received_rate|traffic.elephant.bytes_sent_rate|traffic.elephant.duration_seconds_count_rate|traffic.elephant.duration_seconds_sum_rate|traffic.elephant.error_rate|traffic.elephant.error_ratio|traffic.elephant.error_ratio_weighted_denominator|traffic.elephant.error_ratio_weighted_numerator|traffic.elephant.jitter_seconds|traffic.elephant.last_batch_timestamp_seconds|traffic.elephant.loss_rate|traffic.elephant.requests_rate|traffic.elephant.retransmits_rate|traffic.elephant.success_rate|traffic.elephant.success_ratio|traffic.elephant.throughput_bps,probe target domain is observed; service instance is unverified
probes_service_domain,shanghai-traffic-vm,elephant02.nanjing.aiops.local,traffic,dimension_sidecar,source_region|target_domain,traffic.elephant.active|traffic.elephant.active_seconds_rate|traffic.elephant.batch_concurrency|traffic.elephant.batch_duration_seconds|traffic.elephant.batches_completed_rate|traffic.elephant.batches_failed_rate|traffic.elephant.batches_started_rate|traffic.elephant.batches_timeout_rate|traffic.elephant.bytes_received_rate|traffic.elephant.bytes_sent_rate|traffic.elephant.duration_seconds_count_rate|traffic.elephant.duration_seconds_sum_rate|traffic.elephant.error_rate|traffic.elephant.error_ratio|traffic.elephant.error_ratio_weighted_denominator|traffic.elephant.error_ratio_weighted_numerator|traffic.elephant.jitter_seconds|traffic.elephant.last_batch_timestamp_seconds|traffic.elephant.loss_rate|traffic.elephant.requests_rate|traffic.elephant.retransmits_rate|traffic.elephant.success_rate|traffic.elephant.success_ratio|traffic.elephant.throughput_bps,probe target domain is observed; service instance is unverified
probes_service_domain,shanghai-traffic-vm,elephant02.shanghai.aiops.local,traffic,dimension_sidecar,source_region|target_domain,traffic.elephant.active|traffic.elephant.active_seconds_rate|traffic.elephant.batch_concurrency|traffic.elephant.batch_duration_seconds|traffic.elephant.batches_completed_rate|traffic.elephant.batches_failed_rate|traffic.elephant.batches_started_rate|traffic.elephant.batches_timeout_rate|traffic.elephant.bytes_received_rate|traffic.elephant.bytes_sent_rate|traffic.elephant.duration_seconds_count_rate|traffic.elephant.duration_seconds_sum_rate|traffic.elephant.error_rate|traffic.elephant.last_batch_timestamp_seconds|traffic.elephant.requests_rate|traffic.elephant.retransmits_rate|traffic.elephant.success_rate,probe target domain is observed; service instance is unverified
probes_service_domain,shanghai-traffic-vm,elephant02.shenyang.aiops.local,traffic,dimension_sidecar,source_region|target_domain,traffic.elephant.active|traffic.elephant.active_seconds_rate|traffic.elephant.batch_concurrency|traffic.elephant.batch_duration_seconds|traffic.elephant.batches_completed_rate|traffic.elephant.batches_failed_rate|traffic.elephant.batches_started_rate|traffic.elephant.batches_timeout_rate|traffic.elephant.bytes_received_rate|traffic.elephant.bytes_sent_rate|traffic.elephant.duration_seconds_count_rate|traffic.elephant.duration_seconds_sum_rate|traffic.elephant.error_rate|traffic.elephant.error_ratio|traffic.elephant.error_ratio_weighted_denominator|traffic.elephant.error_ratio_weighted_numerator|traffic.elephant.jitter_seconds|traffic.elephant.last_batch_timestamp_seconds|traffic.elephant.loss_rate|traffic.elephant.requests_rate|traffic.elephant.retransmits_rate|traffic.elephant.success_rate|traffic.elephant.success_ratio|traffic.elephant.throughput_bps,probe target domain is observed; service instance is unverified
probes_service_domain,shanghai-traffic-vm,elephant02.wuhan.aiops.local,traffic,dimension_sidecar,source_region|target_domain,traffic.elephant.active|traffic.elephant.active_seconds_rate|traffic.elephant.batch_concurrency|traffic.elephant.batch_duration_seconds|traffic.elephant.batches_completed_rate|traffic.elephant.batches_failed_rate|traffic.elephant.batches_started_rate|traffic.elephant.batches_timeout_rate|traffic.elephant.bytes_received_rate|traffic.elephant.bytes_sent_rate|traffic.elephant.duration_seconds_count_rate|traffic.elephant.duration_seconds_sum_rate|traffic.elephant.error_rate|traffic.elephant.error_ratio|traffic.elephant.error_ratio_weighted_denominator|traffic.elephant.error_ratio_weighted_numerator|traffic.elephant.jitter_seconds|traffic.elephant.last_batch_timestamp_seconds|traffic.elephant.loss_rate|traffic.elephant.requests_rate|traffic.elephant.retransmits_rate|traffic.elephant.success_rate|traffic.elephant.success_ratio|traffic.elephant.throughput_bps,probe target domain is observed; service instance is unverified
probes_service_domain,shanghai-traffic-vm,elephant02.xian.aiops.local,traffic,dimension_sidecar,source_region|target_domain,traffic.elephant.active|traffic.elephant.active_seconds_rate|traffic.elephant.batch_concurrency|traffic.elephant.batch_duration_seconds|traffic.elephant.batches_completed_rate|traffic.elephant.batches_failed_rate|traffic.elephant.batches_started_rate|traffic.elephant.batches_timeout_rate|traffic.elephant.bytes_received_rate|traffic.elephant.bytes_sent_rate|traffic.elephant.duration_seconds_count_rate|traffic.elephant.duration_seconds_sum_rate|traffic.elephant.error_rate|traffic.elephant.error_ratio|traffic.elephant.error_ratio_weighted_denominator|traffic.elephant.error_ratio_weighted_numerator|traffic.elephant.jitter_seconds|traffic.elephant.last_batch_timestamp_seconds|traffic.elephant.loss_rate|traffic.elephant.requests_rate|traffic.elephant.retransmits_rate|traffic.elephant.success_rate|traffic.elephant.success_ratio|traffic.elephant.throughput_bps,probe target domain is observed; service instance is unverified
probes_service_domain,shanghai-traffic-vm,elephant03.beida.aiops.local,traffic,dimension_sidecar,source_region|target_domain,traffic.elephant.active|traffic.elephant.active_seconds_rate|traffic.elephant.batch_concurrency|traffic.elephant.batch_duration_seconds|traffic.elephant.batches_completed_rate|traffic.elephant.batches_failed_rate|traffic.elephant.batches_started_rate|traffic.elephant.batches_timeout_rate|traffic.elephant.bytes_received_rate|traffic.elephant.bytes_sent_rate|traffic.elephant.duration_seconds_count_rate|traffic.elephant.duration_seconds_sum_rate|traffic.elephant.error_rate|traffic.elephant.last_batch_timestamp_seconds|traffic.elephant.requests_rate|traffic.elephant.retransmits_rate|traffic.elephant.success_rate,probe target domain is observed; service instance is unverified
probes_service_domain,shanghai-traffic-vm,elephant03.chengdu.aiops.local,traffic,dimension_sidecar,source_region|target_domain,traffic.elephant.active|traffic.elephant.active_seconds_rate|traffic.elephant.batch_concurrency|traffic.elephant.batch_duration_seconds|traffic.elephant.batches_completed_rate|traffic.elephant.batches_failed_rate|traffic.elephant.batches_started_rate|traffic.elephant.batches_timeout_rate|traffic.elephant.bytes_received_rate|traffic.elephant.bytes_sent_rate|traffic.elephant.duration_seconds_count_rate|traffic.elephant.duration_seconds_sum_rate|traffic.elephant.error_rate|traffic.elephant.error_ratio|traffic.elephant.error_ratio_weighted_denominator|traffic.elephant.error_ratio_weighted_numerator|traffic.elephant.jitter_seconds|traffic.elephant.last_batch_timestamp_seconds|traffic.elephant.loss_rate|traffic.elephant.requests_rate|traffic.elephant.retransmits_rate|traffic.elephant.success_rate|traffic.elephant.success_ratio|traffic.elephant.throughput_bps,probe target domain is observed; service instance is unverified
probes_service_domain,shanghai-traffic-vm,elephant03.guangzhou.aiops.local,traffic,dimension_sidecar,source_region|target_domain,traffic.elephant.active|traffic.elephant.active_seconds_rate|traffic.elephant.batch_concurrency|traffic.elephant.batch_duration_seconds|traffic.elephant.batches_completed_rate|traffic.elephant.batches_failed_rate|traffic.elephant.batches_started_rate|traffic.elephant.batches_timeout_rate|traffic.elephant.bytes_received_rate|traffic.elephant.bytes_sent_rate|traffic.elephant.duration_seconds_count_rate|traffic.elephant.duration_seconds_sum_rate|traffic.elephant.error_rate|traffic.elephant.error_ratio|traffic.elephant.error_ratio_weighted_denominator|traffic.elephant.error_ratio_weighted_numerator|traffic.elephant.jitter_seconds|traffic.elephant.last_batch_timestamp_seconds|traffic.elephant.loss_rate|traffic.elephant.requests_rate|traffic.elephant.retransmits_rate|traffic.elephant.success_rate|traffic.elephant.success_ratio|traffic.elephant.throughput_bps,probe target domain is observed; service instance is unverified
probes_service_domain,shanghai-traffic-vm,elephant03.nanjing.aiops.local,traffic,dimension_sidecar,source_region|target_domain,traffic.elephant.active|traffic.elephant.active_seconds_rate|traffic.elephant.batch_concurrency|traffic.elephant.batch_duration_seconds|traffic.elephant.batches_completed_rate|traffic.elephant.batches_failed_rate|traffic.elephant.batches_started_rate|traffic.elephant.batches_timeout_rate|traffic.elephant.bytes_received_rate|traffic.elephant.bytes_sent_rate|traffic.elephant.duration_seconds_count_rate|traffic.elephant.duration_seconds_sum_rate|traffic.elephant.error_rate|traffic.elephant.last_batch_timestamp_seconds|traffic.elephant.requests_rate|traffic.elephant.retransmits_rate|traffic.elephant.success_rate,probe target domain is observed; service instance is unverified
probes_service_domain,shanghai-traffic-vm,elephant03.shanghai.aiops.local,traffic,dimension_sidecar,source_region|target_domain,traffic.elephant.active|traffic.elephant.active_seconds_rate|traffic.elephant.batch_concurrency|traffic.elephant.batch_duration_seconds|traffic.elephant.batches_completed_rate|traffic.elephant.batches_failed_rate|traffic.elephant.batches_started_rate|traffic.elephant.batches_timeout_rate|traffic.elephant.bytes_received_rate|traffic.elephant.bytes_sent_rate|traffic.elephant.duration_seconds_count_rate|traffic.elephant.duration_seconds_sum_rate|traffic.elephant.error_rate|traffic.elephant.last_batch_timestamp_seconds|traffic.elephant.requests_rate|traffic.elephant.retransmits_rate|traffic.elephant.success_rate,probe target domain is observed; service instance is unverified
probes_service_domain,shanghai-traffic-vm,elephant03.shenyang.aiops.local,traffic,dimension_sidecar,source_region|target_domain,traffic.elephant.active|traffic.elephant.active_seconds_rate|traffic.elephant.batch_concurrency|traffic.elephant.batch_duration_seconds|traffic.elephant.batches_completed_rate|traffic.elephant.batches_failed_rate|traffic.elephant.batches_started_rate|traffic.elephant.batches_timeout_rate|traffic.elephant.bytes_received_rate|traffic.elephant.bytes_sent_rate|traffic.elephant.duration_seconds_count_rate|traffic.elephant.duration_seconds_sum_rate|traffic.elephant.error_rate|traffic.elephant.error_ratio|traffic.elephant.error_ratio_weighted_denominator|traffic.elephant.error_ratio_weighted_numerator|traffic.elephant.jitter_seconds|traffic.elephant.last_batch_timestamp_seconds|traffic.elephant.loss_rate|traffic.elephant.requests_rate|traffic.elephant.retransmits_rate|traffic.elephant.success_rate|traffic.elephant.success_ratio|traffic.elephant.throughput_bps,probe target domain is observed; service instance is unverified
probes_service_domain,shanghai-traffic-vm,elephant03.wuhan.aiops.local,traffic,dimension_sidecar,source_region|target_domain,traffic.elephant.active|traffic.elephant.active_seconds_rate|traffic.elephant.batch_concurrency|traffic.elephant.batch_duration_seconds|traffic.elephant.batches_completed_rate|traffic.elephant.batches_failed_rate|traffic.elephant.batches_started_rate|traffic.elephant.batches_timeout_rate|traffic.elephant.bytes_received_rate|traffic.elephant.bytes_sent_rate|traffic.elephant.duration_seconds_count_rate|traffic.elephant.duration_seconds_sum_rate|traffic.elephant.error_rate|traffic.elephant.last_batch_timestamp_seconds|traffic.elephant.requests_rate|traffic.elephant.retransmits_rate|traffic.elephant.success_rate,probe target domain is observed; service instance is unverified
probes_service_domain,shanghai-traffic-vm,elephant03.xian.aiops.local,traffic,dimension_sidecar,source_region|target_domain,traffic.elephant.active|traffic.elephant.active_seconds_rate|traffic.elephant.batch_concurrency|traffic.elephant.batch_duration_seconds|traffic.elephant.batches_completed_rate|traffic.elephant.batches_failed_rate|traffic.elephant.batches_started_rate|traffic.elephant.batches_timeout_rate|traffic.elephant.bytes_received_rate|traffic.elephant.bytes_sent_rate|traffic.elephant.duration_seconds_count_rate|traffic.elephant.duration_seconds_sum_rate|traffic.elephant.error_rate|traffic.elephant.error_ratio|traffic.elephant.error_ratio_weighted_denominator|traffic.elephant.error_ratio_weighted_numerator|traffic.elephant.jitter_seconds|traffic.elephant.last_batch_timestamp_seconds|traffic.elephant.loss_rate|traffic.elephant.requests_rate|traffic.elephant.retransmits_rate|traffic.elephant.success_rate|traffic.elephant.success_ratio|traffic.elephant.throughput_bps,probe target domain is observed; service instance is unverified
probes_service_domain,shanghai-traffic-vm,web01.shanghai.aiops.local,traffic,dimension_sidecar,source_region|target_domain,traffic.web.active|traffic.web.active_seconds_rate|traffic.web.batch_concurrency|traffic.web.batch_duration_seconds|traffic.web.batches_completed_rate|traffic.web.batches_failed_rate|traffic.web.batches_started_rate|traffic.web.batches_timeout_rate|traffic.web.bytes_received_rate|traffic.web.bytes_sent_rate|traffic.web.duration_seconds_count_rate|traffic.web.duration_seconds_sum_rate|traffic.web.error_rate|traffic.web.error_ratio|traffic.web.error_ratio_weighted_denominator|traffic.web.error_ratio_weighted_numerator|traffic.web.last_batch_timestamp_seconds|traffic.web.latency_mean_seconds|traffic.web.latency_p95_seconds|traffic.web.observed_qps|traffic.web.request_latency_seconds_bucket_rate_le_0_01|traffic.web.request_latency_seconds_bucket_rate_le_0_025|traffic.web.request_latency_seconds_bucket_rate_le_0_05|traffic.web.request_latency_seconds_bucket_rate_le_0_1|traffic.web.request_latency_seconds_bucket_rate_le_0_25|traffic.web.request_latency_seconds_bucket_rate_le_0_5|traffic.web.request_latency_seconds_bucket_rate_le_1|traffic.web.request_latency_seconds_bucket_rate_le_2_5|traffic.web.request_latency_seconds_bucket_rate_le_5|traffic.web.request_latency_seconds_bucket_rate_le_plus_inf|traffic.web.request_latency_seconds_count_rate|traffic.web.request_latency_seconds_sum_rate|traffic.web.requests_rate|traffic.web.success_rate|traffic.web.success_ratio,probe target domain is observed; service instance is unverified
probes_service_domain,shenyang-traffic-vm,auth01.wuhan.aiops.local,traffic,dimension_sidecar,source_region|target_domain,traffic.auth.active|traffic.auth.active_seconds_rate|traffic.auth.batch_concurrency|traffic.auth.batch_duration_seconds|traffic.auth.batches_completed_rate|traffic.auth.batches_failed_rate|traffic.auth.batches_started_rate|traffic.auth.batches_timeout_rate|traffic.auth.bytes_received_rate|traffic.auth.bytes_sent_rate|traffic.auth.duration_seconds_count_rate|traffic.auth.duration_seconds_sum_rate|traffic.auth.error_rate|traffic.auth.error_ratio|traffic.auth.error_ratio_weighted_denominator|traffic.auth.error_ratio_weighted_numerator|traffic.auth.last_batch_timestamp_seconds|traffic.auth.latency_mean_seconds|traffic.auth.latency_p95_seconds|traffic.auth.observed_qps|traffic.auth.request_latency_seconds_bucket_rate_le_0_01|traffic.auth.request_latency_seconds_bucket_rate_le_0_025|traffic.auth.request_latency_seconds_bucket_rate_le_0_05|traffic.auth.request_latency_seconds_bucket_rate_le_0_1|traffic.auth.request_latency_seconds_bucket_rate_le_0_25|traffic.auth.request_latency_seconds_bucket_rate_le_0_5|traffic.auth.request_latency_seconds_bucket_rate_le_1|traffic.auth.request_latency_seconds_bucket_rate_le_2_5|traffic.auth.request_latency_seconds_bucket_rate_le_5|traffic.auth.request_latency_seconds_bucket_rate_le_plus_inf|traffic.auth.request_latency_seconds_count_rate|traffic.auth.request_latency_seconds_sum_rate|traffic.auth.requests_rate|traffic.auth.success_rate|traffic.auth.success_ratio,probe target domain is observed; service instance is unverified
probes_service_domain,shenyang-traffic-vm,dns.beida.aiops.local,traffic,dimension_sidecar,source_region|target_domain,traffic.dns.active|traffic.dns.active_seconds_rate|traffic.dns.batch_concurrency|traffic.dns.batch_duration_seconds|traffic.dns.batches_completed_rate|traffic.dns.batches_failed_rate|traffic.dns.batches_started_rate|traffic.dns.batches_timeout_rate|traffic.dns.bytes_received_rate|traffic.dns.bytes_sent_rate|traffic.dns.duration_seconds_count_rate|traffic.dns.duration_seconds_sum_rate|traffic.dns.error_rate|traffic.dns.error_ratio|traffic.dns.error_ratio_weighted_denominator|traffic.dns.error_ratio_weighted_numerator|traffic.dns.last_batch_timestamp_seconds|traffic.dns.latency_mean_seconds|traffic.dns.latency_p95_seconds|traffic.dns.observed_qps|traffic.dns.request_latency_seconds_bucket_rate_le_0_01|traffic.dns.request_latency_seconds_bucket_rate_le_0_025|traffic.dns.request_latency_seconds_bucket_rate_le_0_05|traffic.dns.request_latency_seconds_bucket_rate_le_0_1|traffic.dns.request_latency_seconds_bucket_rate_le_0_25|traffic.dns.request_latency_seconds_bucket_rate_le_0_5|traffic.dns.request_latency_seconds_bucket_rate_le_1|traffic.dns.request_latency_seconds_bucket_rate_le_2_5|traffic.dns.request_latency_seconds_bucket_rate_le_5|traffic.dns.request_latency_seconds_bucket_rate_le_plus_inf|traffic.dns.request_latency_seconds_count_rate|traffic.dns.request_latency_seconds_sum_rate|traffic.dns.requests_rate|traffic.dns.success_rate|traffic.dns.success_ratio,probe target domain is observed; service instance is unverified
probes_service_domain,shenyang-traffic-vm,elephant01.chengdu.aiops.local,traffic,dimension_sidecar,source_region|target_domain,traffic.elephant.active|traffic.elephant.active_seconds_rate|traffic.elephant.batch_concurrency|traffic.elephant.batch_duration_seconds|traffic.elephant.batches_completed_rate|traffic.elephant.batches_failed_rate|traffic.elephant.batches_started_rate|traffic.elephant.batches_timeout_rate|traffic.elephant.bytes_received_rate|traffic.elephant.bytes_sent_rate|traffic.elephant.duration_seconds_count_rate|traffic.elephant.duration_seconds_sum_rate|traffic.elephant.error_rate|traffic.elephant.error_ratio|traffic.elephant.error_ratio_weighted_denominator|traffic.elephant.error_ratio_weighted_numerator|traffic.elephant.jitter_seconds|traffic.elephant.last_batch_timestamp_seconds|traffic.elephant.loss_rate|traffic.elephant.requests_rate|traffic.elephant.retransmits_rate|traffic.elephant.success_rate|traffic.elephant.success_ratio|traffic.elephant.throughput_bps,probe target domain is observed; service instance is unverified
probes_service_domain,shenyang-traffic-vm,elephant01.guangzhou.aiops.local,traffic,dimension_sidecar,source_region|target_domain,traffic.elephant.active|traffic.elephant.active_seconds_rate|traffic.elephant.batch_concurrency|traffic.elephant.batch_duration_seconds|traffic.elephant.batches_completed_rate|traffic.elephant.batches_failed_rate|traffic.elephant.batches_started_rate|traffic.elephant.batches_timeout_rate|traffic.elephant.bytes_received_rate|traffic.elephant.bytes_sent_rate|traffic.elephant.duration_seconds_count_rate|traffic.elephant.duration_seconds_sum_rate|traffic.elephant.error_rate|traffic.elephant.error_ratio|traffic.elephant.error_ratio_weighted_denominator|traffic.elephant.error_ratio_weighted_numerator|traffic.elephant.jitter_seconds|traffic.elephant.last_batch_timestamp_seconds|traffic.elephant.loss_rate|traffic.elephant.requests_rate|traffic.elephant.retransmits_rate|traffic.elephant.success_rate|traffic.elephant.success_ratio|traffic.elephant.throughput_bps,probe target domain is observed; service instance is unverified
probes_service_domain,shenyang-traffic-vm,elephant01.nanjing.aiops.local,traffic,dimension_sidecar,source_region|target_domain,traffic.elephant.active|traffic.elephant.active_seconds_rate|traffic.elephant.batch_concurrency|traffic.elephant.batch_duration_seconds|traffic.elephant.batches_completed_rate|traffic.elephant.batches_failed_rate|traffic.elephant.batches_started_rate|traffic.elephant.batches_timeout_rate|traffic.elephant.bytes_received_rate|traffic.elephant.bytes_sent_rate|traffic.elephant.duration_seconds_count_rate|traffic.elephant.duration_seconds_sum_rate|traffic.elephant.error_rate|traffic.elephant.error_ratio|traffic.elephant.error_ratio_weighted_denominator|traffic.elephant.error_ratio_weighted_numerator|traffic.elephant.jitter_seconds|traffic.elephant.last_batch_timestamp_seconds|traffic.elephant.loss_rate|traffic.elephant.requests_rate|traffic.elephant.retransmits_rate|traffic.elephant.success_rate|traffic.elephant.success_ratio|traffic.elephant.throughput_bps,probe target domain is observed; service instance is unverified
probes_service_domain,shenyang-traffic-vm,elephant01.shenyang.aiops.local,traffic,dimension_sidecar,source_region|target_domain,traffic.elephant.active|traffic.elephant.active_seconds_rate|traffic.elephant.batch_concurrency|traffic.elephant.batch_duration_seconds|traffic.elephant.batches_completed_rate|traffic.elephant.batches_failed_rate|traffic.elephant.batches_started_rate|traffic.elephant.batches_timeout_rate|traffic.elephant.bytes_received_rate|traffic.elephant.bytes_sent_rate|traffic.elephant.duration_seconds_count_rate|traffic.elephant.duration_seconds_sum_rate|traffic.elephant.error_rate|traffic.elephant.error_ratio|traffic.elephant.error_ratio_weighted_denominator|traffic.elephant.error_ratio_weighted_numerator|traffic.elephant.jitter_seconds|traffic.elephant.last_batch_timestamp_seconds|traffic.elephant.loss_rate|traffic.elephant.requests_rate|traffic.elephant.retransmits_rate|traffic.elephant.success_rate|traffic.elephant.success_ratio|traffic.elephant.throughput_bps,probe target domain is observed; service instance is unverified
probes_service_domain,shenyang-traffic-vm,elephant01.xian.aiops.local,traffic,dimension_sidecar,source_region|target_domain,traffic.elephant.active|traffic.elephant.active_seconds_rate|traffic.elephant.batch_concurrency|traffic.elephant.batch_duration_seconds|traffic.elephant.batches_completed_rate|traffic.elephant.batches_failed_rate|traffic.elephant.batches_started_rate|traffic.elephant.batches_timeout_rate|traffic.elephant.bytes_received_rate|traffic.elephant.bytes_sent_rate|traffic.elephant.duration_seconds_count_rate|traffic.elephant.duration_seconds_sum_rate|traffic.elephant.error_rate|traffic.elephant.error_ratio|traffic.elephant.error_ratio_weighted_denominator|traffic.elephant.error_ratio_weighted_numerator|traffic.elephant.jitter_seconds|traffic.elephant.last_batch_timestamp_seconds|traffic.elephant.loss_rate|traffic.elephant.requests_rate|traffic.elephant.retransmits_rate|traffic.elephant.success_rate|traffic.elephant.success_ratio|traffic.elephant.throughput_bps,probe target domain is observed; service instance is unverified
probes_service_domain,shenyang-traffic-vm,elephant02.beida.aiops.local,traffic,dimension_sidecar,source_region|target_domain,traffic.elephant.active|traffic.elephant.active_seconds_rate|traffic.elephant.batch_concurrency|traffic.elephant.batch_duration_seconds|traffic.elephant.batches_completed_rate|traffic.elephant.batches_failed_rate|traffic.elephant.batches_started_rate|traffic.elephant.batches_timeout_rate|traffic.elephant.bytes_received_rate|traffic.elephant.bytes_sent_rate|traffic.elephant.duration_seconds_count_rate|traffic.elephant.duration_seconds_sum_rate|traffic.elephant.error_rate|traffic.elephant.last_batch_timestamp_seconds|traffic.elephant.requests_rate|traffic.elephant.retransmits_rate|traffic.elephant.success_rate,probe target domain is observed; service instance is unverified
probes_service_domain,shenyang-traffic-vm,elephant02.chengdu.aiops.local,traffic,dimension_sidecar,source_region|target_domain,traffic.elephant.active|traffic.elephant.active_seconds_rate|traffic.elephant.batch_concurrency|traffic.elephant.batch_duration_seconds|traffic.elephant.batches_completed_rate|traffic.elephant.batches_failed_rate|traffic.elephant.batches_started_rate|traffic.elephant.batches_timeout_rate|traffic.elephant.bytes_received_rate|traffic.elephant.bytes_sent_rate|traffic.elephant.duration_seconds_count_rate|traffic.elephant.duration_seconds_sum_rate|traffic.elephant.error_rate|traffic.elephant.error_ratio|traffic.elephant.error_ratio_weighted_denominator|traffic.elephant.error_ratio_weighted_numerator|traffic.elephant.jitter_seconds|traffic.elephant.last_batch_timestamp_seconds|traffic.elephant.loss_rate|traffic.elephant.requests_rate|traffic.elephant.retransmits_rate|traffic.elephant.success_rate|traffic.elephant.success_ratio|traffic.elephant.throughput_bps,probe target domain is observed; service instance is unverified
probes_service_domain,shenyang-traffic-vm,elephant02.guangzhou.aiops.local,traffic,dimension_sidecar,source_region|target_domain,traffic.elephant.active|traffic.elephant.active_seconds_rate|traffic.elephant.batch_concurrency|traffic.elephant.batch_duration_seconds|traffic.elephant.batches_completed_rate|traffic.elephant.batches_failed_rate|traffic.elephant.batches_started_rate|traffic.elephant.batches_timeout_rate|traffic.elephant.bytes_received_rate|traffic.elephant.bytes_sent_rate|traffic.elephant.duration_seconds_count_rate|traffic.elephant.duration_seconds_sum_rate|traffic.elephant.error_rate|traffic.elephant.error_ratio|traffic.elephant.error_ratio_weighted_denominator|traffic.elephant.error_ratio_weighted_numerator|traffic.elephant.jitter_seconds|traffic.elephant.last_batch_timestamp_seconds|traffic.elephant.loss_rate|traffic.elephant.requests_rate|traffic.elephant.retransmits_rate|traffic.elephant.success_rate|traffic.elephant.success_ratio|traffic.elephant.throughput_bps,probe target domain is observed; service instance is unverified
probes_service_domain,shenyang-traffic-vm,elephant02.nanjing.aiops.local,traffic,dimension_sidecar,source_region|target_domain,traffic.elephant.active|traffic.elephant.active_seconds_rate|traffic.elephant.batch_concurrency|traffic.elephant.batch_duration_seconds|traffic.elephant.batches_completed_rate|traffic.elephant.batches_failed_rate|traffic.elephant.batches_started_rate|traffic.elephant.batches_timeout_rate|traffic.elephant.bytes_received_rate|traffic.elephant.bytes_sent_rate|traffic.elephant.duration_seconds_count_rate|traffic.elephant.duration_seconds_sum_rate|traffic.elephant.error_rate|traffic.elephant.error_ratio|traffic.elephant.error_ratio_weighted_denominator|traffic.elephant.error_ratio_weighted_numerator|traffic.elephant.jitter_seconds|traffic.elephant.last_batch_timestamp_seconds|traffic.elephant.loss_rate|traffic.elephant.requests_rate|traffic.elephant.retransmits_rate|traffic.elephant.success_rate|traffic.elephant.success_ratio|traffic.elephant.throughput_bps,probe target domain is observed; service instance is unverified
probes_service_domain,shenyang-traffic-vm,elephant02.shanghai.aiops.local,traffic,dimension_sidecar,source_region|target_domain,traffic.elephant.active|traffic.elephant.active_seconds_rate|traffic.elephant.batch_concurrency|traffic.elephant.batch_duration_seconds|traffic.elephant.batches_completed_rate|traffic.elephant.batches_failed_rate|traffic.elephant.batches_started_rate|traffic.elephant.batches_timeout_rate|traffic.elephant.bytes_received_rate|traffic.elephant.bytes_sent_rate|traffic.elephant.duration_seconds_count_rate|traffic.elephant.duration_seconds_sum_rate|traffic.elephant.error_rate|traffic.elephant.last_batch_timestamp_seconds|traffic.elephant.requests_rate|traffic.elephant.retransmits_rate|traffic.elephant.success_rate,probe target domain is observed; service instance is unverified
probes_service_domain,shenyang-traffic-vm,elephant02.shenyang.aiops.local,traffic,dimension_sidecar,source_region|target_domain,traffic.elephant.active|traffic.elephant.active_seconds_rate|traffic.elephant.batch_concurrency|traffic.elephant.batch_duration_seconds|traffic.elephant.batches_completed_rate|traffic.elephant.batches_failed_rate|traffic.elephant.batches_started_rate|traffic.elephant.batches_timeout_rate|traffic.elephant.bytes_received_rate|traffic.elephant.bytes_sent_rate|traffic.elephant.duration_seconds_count_rate|traffic.elephant.duration_seconds_sum_rate|traffic.elephant.error_rate|traffic.elephant.error_ratio|traffic.elephant.error_ratio_weighted_denominator|traffic.elephant.error_ratio_weighted_numerator|traffic.elephant.jitter_seconds|traffic.elephant.last_batch_timestamp_seconds|traffic.elephant.loss_rate|traffic.elephant.requests_rate|traffic.elephant.retransmits_rate|traffic.elephant.success_rate|traffic.elephant.success_ratio|traffic.elephant.throughput_bps,probe target domain is observed; service instance is unverified
probes_service_domain,shenyang-traffic-vm,elephant02.wuhan.aiops.local,traffic,dimension_sidecar,source_region|target_domain,traffic.elephant.active|traffic.elephant.active_seconds_rate|traffic.elephant.batch_concurrency|traffic.elephant.batch_duration_seconds|traffic.elephant.batches_completed_rate|traffic.elephant.batches_failed_rate|traffic.elephant.batches_started_rate|traffic.elephant.batches_timeout_rate|traffic.elephant.bytes_received_rate|traffic.elephant.bytes_sent_rate|traffic.elephant.duration_seconds_count_rate|traffic.elephant.duration_seconds_sum_rate|traffic.elephant.error_rate|traffic.elephant.error_ratio|traffic.elephant.error_ratio_weighted_denominator|traffic.elephant.error_ratio_weighted_numerator|traffic.elephant.jitter_seconds|traffic.elephant.last_batch_timestamp_seconds|traffic.elephant.loss_rate|traffic.elephant.requests_rate|traffic.elephant.retransmits_rate|traffic.elephant.success_rate|traffic.elephant.success_ratio|traffic.elephant.throughput_bps,probe target domain is observed; service instance is unverified
probes_service_domain,shenyang-traffic-vm,elephant02.xian.aiops.local,traffic,dimension_sidecar,source_region|target_domain,traffic.elephant.active|traffic.elephant.active_seconds_rate|traffic.elephant.batch_concurrency|traffic.elephant.batch_duration_seconds|traffic.elephant.batches_completed_rate|traffic.elephant.batches_failed_rate|traffic.elephant.batches_started_rate|traffic.elephant.batches_timeout_rate|traffic.elephant.bytes_received_rate|traffic.elephant.bytes_sent_rate|traffic.elephant.duration_seconds_count_rate|traffic.elephant.duration_seconds_sum_rate|traffic.elephant.error_rate|traffic.elephant.error_ratio|traffic.elephant.error_ratio_weighted_denominator|traffic.elephant.error_ratio_weighted_numerator|traffic.elephant.jitter_seconds|traffic.elephant.last_batch_timestamp_seconds|traffic.elephant.loss_rate|traffic.elephant.requests_rate|traffic.elephant.retransmits_rate|traffic.elephant.success_rate|traffic.elephant.success_ratio|traffic.elephant.throughput_bps,probe target domain is observed; service instance is unverified
probes_service_domain,shenyang-traffic-vm,elephant03.beida.aiops.local,traffic,dimension_sidecar,source_region|target_domain,traffic.elephant.active|traffic.elephant.active_seconds_rate|traffic.elephant.batch_concurrency|traffic.elephant.batch_duration_seconds|traffic.elephant.batches_completed_rate|traffic.elephant.batches_failed_rate|traffic.elephant.batches_started_rate|traffic.elephant.batches_timeout_rate|traffic.elephant.bytes_received_rate|traffic.elephant.bytes_sent_rate|traffic.elephant.duration_seconds_count_rate|traffic.elephant.duration_seconds_sum_rate|traffic.elephant.error_rate|traffic.elephant.last_batch_timestamp_seconds|traffic.elephant.requests_rate|traffic.elephant.retransmits_rate|traffic.elephant.success_rate,probe target domain is observed; service instance is unverified
probes_service_domain,shenyang-traffic-vm,elephant03.chengdu.aiops.local,traffic,dimension_sidecar,source_region|target_domain,traffic.elephant.active|traffic.elephant.active_seconds_rate|traffic.elephant.batch_concurrency|traffic.elephant.batch_duration_seconds|traffic.elephant.batches_completed_rate|traffic.elephant.batches_failed_rate|traffic.elephant.batches_started_rate|traffic.elephant.batches_timeout_rate|traffic.elephant.bytes_received_rate|traffic.elephant.bytes_sent_rate|traffic.elephant.duration_seconds_count_rate|traffic.elephant.duration_seconds_sum_rate|traffic.elephant.error_rate|traffic.elephant.error_ratio|traffic.elephant.error_ratio_weighted_denominator|traffic.elephant.error_ratio_weighted_numerator|traffic.elephant.jitter_seconds|traffic.elephant.last_batch_timestamp_seconds|traffic.elephant.loss_rate|traffic.elephant.requests_rate|traffic.elephant.retransmits_rate|traffic.elephant.success_rate|traffic.elephant.success_ratio|traffic.elephant.throughput_bps,probe target domain is observed; service instance is unverified
probes_service_domain,shenyang-traffic-vm,elephant03.guangzhou.aiops.local,traffic,dimension_sidecar,source_region|target_domain,traffic.elephant.active|traffic.elephant.active_seconds_rate|traffic.elephant.batch_concurrency|traffic.elephant.batch_duration_seconds|traffic.elephant.batches_completed_rate|traffic.elephant.batches_failed_rate|traffic.elephant.batches_started_rate|traffic.elephant.batches_timeout_rate|traffic.elephant.bytes_received_rate|traffic.elephant.bytes_sent_rate|traffic.elephant.duration_seconds_count_rate|traffic.elephant.duration_seconds_sum_rate|traffic.elephant.error_rate|traffic.elephant.error_ratio|traffic.elephant.error_ratio_weighted_denominator|traffic.elephant.error_ratio_weighted_numerator|traffic.elephant.jitter_seconds|traffic.elephant.last_batch_timestamp_seconds|traffic.elephant.loss_rate|traffic.elephant.requests_rate|traffic.elephant.retransmits_rate|traffic.elephant.success_rate|traffic.elephant.success_ratio|traffic.elephant.throughput_bps,probe target domain is observed; service instance is unverified
probes_service_domain,shenyang-traffic-vm,elephant03.nanjing.aiops.local,traffic,dimension_sidecar,source_region|target_domain,traffic.elephant.active|traffic.elephant.active_seconds_rate|traffic.elephant.batch_concurrency|traffic.elephant.batch_duration_seconds|traffic.elephant.batches_completed_rate|traffic.elephant.batches_failed_rate|traffic.elephant.batches_started_rate|traffic.elephant.batches_timeout_rate|traffic.elephant.bytes_received_rate|traffic.elephant.bytes_sent_rate|traffic.elephant.duration_seconds_count_rate|traffic.elephant.duration_seconds_sum_rate|traffic.elephant.error_rate|traffic.elephant.last_batch_timestamp_seconds|traffic.elephant.requests_rate|traffic.elephant.retransmits_rate|traffic.elephant.success_rate,probe target domain is observed; service instance is unverified
probes_service_domain,shenyang-traffic-vm,elephant03.shanghai.aiops.local,traffic,dimension_sidecar,source_region|target_domain,traffic.elephant.active|traffic.elephant.active_seconds_rate|traffic.elephant.batch_concurrency|traffic.elephant.batch_duration_seconds|traffic.elephant.batches_completed_rate|traffic.elephant.batches_failed_rate|traffic.elephant.batches_started_rate|traffic.elephant.batches_timeout_rate|traffic.elephant.bytes_received_rate|traffic.elephant.bytes_sent_rate|traffic.elephant.duration_seconds_count_rate|traffic.elephant.duration_seconds_sum_rate|traffic.elephant.error_rate|traffic.elephant.last_batch_timestamp_seconds|traffic.elephant.requests_rate|traffic.elephant.retransmits_rate|traffic.elephant.success_rate,probe target domain is observed; service instance is unverified
probes_service_domain,shenyang-traffic-vm,elephant03.shenyang.aiops.local,traffic,dimension_sidecar,source_region|target_domain,traffic.elephant.active|traffic.elephant.active_seconds_rate|traffic.elephant.batch_concurrency|traffic.elephant.batch_duration_seconds|traffic.elephant.batches_completed_rate|traffic.elephant.batches_failed_rate|traffic.elephant.batches_started_rate|traffic.elephant.batches_timeout_rate|traffic.elephant.bytes_received_rate|traffic.elephant.bytes_sent_rate|traffic.elephant.duration_seconds_count_rate|traffic.elephant.duration_seconds_sum_rate|traffic.elephant.error_rate|traffic.elephant.error_ratio|traffic.elephant.error_ratio_weighted_denominator|traffic.elephant.error_ratio_weighted_numerator|traffic.elephant.jitter_seconds|traffic.elephant.last_batch_timestamp_seconds|traffic.elephant.loss_rate|traffic.elephant.requests_rate|traffic.elephant.retransmits_rate|traffic.elephant.success_rate|traffic.elephant.success_ratio|traffic.elephant.throughput_bps,probe target domain is observed; service instance is unverified
probes_service_domain,shenyang-traffic-vm,elephant03.wuhan.aiops.local,traffic,dimension_sidecar,source_region|target_domain,traffic.elephant.active|traffic.elephant.active_seconds_rate|traffic.elephant.batch_concurrency|traffic.elephant.batch_duration_seconds|traffic.elephant.batches_completed_rate|traffic.elephant.batches_failed_rate|traffic.elephant.batches_started_rate|traffic.elephant.batches_timeout_rate|traffic.elephant.bytes_received_rate|traffic.elephant.bytes_sent_rate|traffic.elephant.duration_seconds_count_rate|traffic.elephant.duration_seconds_sum_rate|traffic.elephant.error_rate|traffic.elephant.last_batch_timestamp_seconds|traffic.elephant.requests_rate|traffic.elephant.retransmits_rate|traffic.elephant.success_rate,probe target domain is observed; service instance is unverified
probes_service_domain,shenyang-traffic-vm,elephant03.xian.aiops.local,traffic,dimension_sidecar,source_region|target_domain,traffic.elephant.active|traffic.elephant.active_seconds_rate|traffic.elephant.batch_concurrency|traffic.elephant.batch_duration_seconds|traffic.elephant.batches_completed_rate|traffic.elephant.batches_failed_rate|traffic.elephant.batches_started_rate|traffic.elephant.batches_timeout_rate|traffic.elephant.bytes_received_rate|traffic.elephant.bytes_sent_rate|traffic.elephant.duration_seconds_count_rate|traffic.elephant.duration_seconds_sum_rate|traffic.elephant.error_rate|traffic.elephant.error_ratio|traffic.elephant.error_ratio_weighted_denominator|traffic.elephant.error_ratio_weighted_numerator|traffic.elephant.jitter_seconds|traffic.elephant.last_batch_timestamp_seconds|traffic.elephant.loss_rate|traffic.elephant.requests_rate|traffic.elephant.retransmits_rate|traffic.elephant.success_rate|traffic.elephant.success_ratio|traffic.elephant.throughput_bps,probe target domain is observed; service instance is unverified
probes_service_domain,shenyang-traffic-vm,web01.shanghai.aiops.local,traffic,dimension_sidecar,source_region|target_domain,traffic.web.active|traffic.web.active_seconds_rate|traffic.web.batch_concurrency|traffic.web.batch_duration_seconds|traffic.web.batches_completed_rate|traffic.web.batches_failed_rate|traffic.web.batches_started_rate|traffic.web.batches_timeout_rate|traffic.web.bytes_received_rate|traffic.web.bytes_sent_rate|traffic.web.duration_seconds_count_rate|traffic.web.duration_seconds_sum_rate|traffic.web.error_rate|traffic.web.error_ratio|traffic.web.error_ratio_weighted_denominator|traffic.web.error_ratio_weighted_numerator|traffic.web.last_batch_timestamp_seconds|traffic.web.latency_mean_seconds|traffic.web.latency_p95_seconds|traffic.web.observed_qps|traffic.web.request_latency_seconds_bucket_rate_le_0_01|traffic.web.request_latency_seconds_bucket_rate_le_0_025|traffic.web.request_latency_seconds_bucket_rate_le_0_05|traffic.web.request_latency_seconds_bucket_rate_le_0_1|traffic.web.request_latency_seconds_bucket_rate_le_0_25|traffic.web.request_latency_seconds_bucket_rate_le_0_5|traffic.web.request_latency_seconds_bucket_rate_le_1|traffic.web.request_latency_seconds_bucket_rate_le_2_5|traffic.web.request_latency_seconds_bucket_rate_le_5|traffic.web.request_latency_seconds_bucket_rate_le_plus_inf|traffic.web.request_latency_seconds_count_rate|traffic.web.request_latency_seconds_sum_rate|traffic.web.requests_rate|traffic.web.success_rate|traffic.web.success_ratio,probe target domain is observed; service instance is unverified
probes_service_domain,wuhan-traffic-vm,auth01.wuhan.aiops.local,traffic,dimension_sidecar,source_region|target_domain,traffic.auth.active|traffic.auth.active_seconds_rate|traffic.auth.batch_concurrency|traffic.auth.batch_duration_seconds|traffic.auth.batches_completed_rate|traffic.auth.batches_failed_rate|traffic.auth.batches_started_rate|traffic.auth.batches_timeout_rate|traffic.auth.bytes_received_rate|traffic.auth.bytes_sent_rate|traffic.auth.duration_seconds_count_rate|traffic.auth.duration_seconds_sum_rate|traffic.auth.error_rate|traffic.auth.error_ratio|traffic.auth.error_ratio_weighted_denominator|traffic.auth.error_ratio_weighted_numerator|traffic.auth.last_batch_timestamp_seconds|traffic.auth.latency_mean_seconds|traffic.auth.latency_p95_seconds|traffic.auth.observed_qps|traffic.auth.request_latency_seconds_bucket_rate_le_0_01|traffic.auth.request_latency_seconds_bucket_rate_le_0_025|traffic.auth.request_latency_seconds_bucket_rate_le_0_05|traffic.auth.request_latency_seconds_bucket_rate_le_0_1|traffic.auth.request_latency_seconds_bucket_rate_le_0_25|traffic.auth.request_latency_seconds_bucket_rate_le_0_5|traffic.auth.request_latency_seconds_bucket_rate_le_1|traffic.auth.request_latency_seconds_bucket_rate_le_2_5|traffic.auth.request_latency_seconds_bucket_rate_le_5|traffic.auth.request_latency_seconds_bucket_rate_le_plus_inf|traffic.auth.request_latency_seconds_count_rate|traffic.auth.request_latency_seconds_sum_rate|traffic.auth.requests_rate|traffic.auth.success_rate|traffic.auth.success_ratio,probe target domain is observed; service instance is unverified
probes_service_domain,wuhan-traffic-vm,dns.beida.aiops.local,traffic,dimension_sidecar,source_region|target_domain,traffic.dns.active|traffic.dns.active_seconds_rate|traffic.dns.batch_concurrency|traffic.dns.batch_duration_seconds|traffic.dns.batches_completed_rate|traffic.dns.batches_failed_rate|traffic.dns.batches_started_rate|traffic.dns.batches_timeout_rate|traffic.dns.bytes_received_rate|traffic.dns.bytes_sent_rate|traffic.dns.duration_seconds_count_rate|traffic.dns.duration_seconds_sum_rate|traffic.dns.error_rate|traffic.dns.error_ratio|traffic.dns.error_ratio_weighted_denominator|traffic.dns.error_ratio_weighted_numerator|traffic.dns.last_batch_timestamp_seconds|traffic.dns.latency_mean_seconds|traffic.dns.latency_p95_seconds|traffic.dns.observed_qps|traffic.dns.request_latency_seconds_bucket_rate_le_0_01|traffic.dns.request_latency_seconds_bucket_rate_le_0_025|traffic.dns.request_latency_seconds_bucket_rate_le_0_05|traffic.dns.request_latency_seconds_bucket_rate_le_0_1|traffic.dns.request_latency_seconds_bucket_rate_le_0_25|traffic.dns.request_latency_seconds_bucket_rate_le_0_5|traffic.dns.request_latency_seconds_bucket_rate_le_1|traffic.dns.request_latency_seconds_bucket_rate_le_2_5|traffic.dns.request_latency_seconds_bucket_rate_le_5|traffic.dns.request_latency_seconds_bucket_rate_le_plus_inf|traffic.dns.request_latency_seconds_count_rate|traffic.dns.request_latency_seconds_sum_rate|traffic.dns.requests_rate|traffic.dns.success_rate|traffic.dns.success_ratio,probe target domain is observed; service instance is unverified
probes_service_domain,wuhan-traffic-vm,elephant01.chengdu.aiops.local,traffic,dimension_sidecar,source_region|target_domain,traffic.elephant.active|traffic.elephant.active_seconds_rate|traffic.elephant.batch_concurrency|traffic.elephant.batch_duration_seconds|traffic.elephant.batches_completed_rate|traffic.elephant.batches_failed_rate|traffic.elephant.batches_started_rate|traffic.elephant.batches_timeout_rate|traffic.elephant.bytes_received_rate|traffic.elephant.bytes_sent_rate|traffic.elephant.duration_seconds_count_rate|traffic.elephant.duration_seconds_sum_rate|traffic.elephant.error_rate|traffic.elephant.error_ratio|traffic.elephant.error_ratio_weighted_denominator|traffic.elephant.error_ratio_weighted_numerator|traffic.elephant.jitter_seconds|traffic.elephant.last_batch_timestamp_seconds|traffic.elephant.loss_rate|traffic.elephant.requests_rate|traffic.elephant.retransmits_rate|traffic.elephant.success_rate|traffic.elephant.success_ratio|traffic.elephant.throughput_bps,probe target domain is observed; service instance is unverified
probes_service_domain,wuhan-traffic-vm,elephant01.guangzhou.aiops.local,traffic,dimension_sidecar,source_region|target_domain,traffic.elephant.active|traffic.elephant.active_seconds_rate|traffic.elephant.batch_concurrency|traffic.elephant.batch_duration_seconds|traffic.elephant.batches_completed_rate|traffic.elephant.batches_failed_rate|traffic.elephant.batches_started_rate|traffic.elephant.batches_timeout_rate|traffic.elephant.bytes_received_rate|traffic.elephant.bytes_sent_rate|traffic.elephant.duration_seconds_count_rate|traffic.elephant.duration_seconds_sum_rate|traffic.elephant.error_rate|traffic.elephant.error_ratio|traffic.elephant.error_ratio_weighted_denominator|traffic.elephant.error_ratio_weighted_numerator|traffic.elephant.jitter_seconds|traffic.elephant.last_batch_timestamp_seconds|traffic.elephant.loss_rate|traffic.elephant.requests_rate|traffic.elephant.retransmits_rate|traffic.elephant.success_rate|traffic.elephant.success_ratio|traffic.elephant.throughput_bps,probe target domain is observed; service instance is unverified
probes_service_domain,wuhan-traffic-vm,elephant01.nanjing.aiops.local,traffic,dimension_sidecar,source_region|target_domain,traffic.elephant.active|traffic.elephant.active_seconds_rate|traffic.elephant.batch_concurrency|traffic.elephant.batch_duration_seconds|traffic.elephant.batches_completed_rate|traffic.elephant.batches_failed_rate|traffic.elephant.batches_started_rate|traffic.elephant.batches_timeout_rate|traffic.elephant.bytes_received_rate|traffic.elephant.bytes_sent_rate|traffic.elephant.duration_seconds_count_rate|traffic.elephant.duration_seconds_sum_rate|traffic.elephant.error_rate|traffic.elephant.error_ratio|traffic.elephant.error_ratio_weighted_denominator|traffic.elephant.error_ratio_weighted_numerator|traffic.elephant.jitter_seconds|traffic.elephant.last_batch_timestamp_seconds|traffic.elephant.loss_rate|traffic.elephant.requests_rate|traffic.elephant.retransmits_rate|traffic.elephant.success_rate|traffic.elephant.success_ratio|traffic.elephant.throughput_bps,probe target domain is observed; service instance is unverified
probes_service_domain,wuhan-traffic-vm,elephant01.shenyang.aiops.local,traffic,dimension_sidecar,source_region|target_domain,traffic.elephant.active|traffic.elephant.active_seconds_rate|traffic.elephant.batch_concurrency|traffic.elephant.batch_duration_seconds|traffic.elephant.batches_completed_rate|traffic.elephant.batches_failed_rate|traffic.elephant.batches_started_rate|traffic.elephant.batches_timeout_rate|traffic.elephant.bytes_received_rate|traffic.elephant.bytes_sent_rate|traffic.elephant.duration_seconds_count_rate|traffic.elephant.duration_seconds_sum_rate|traffic.elephant.error_rate|traffic.elephant.error_ratio|traffic.elephant.error_ratio_weighted_denominator|traffic.elephant.error_ratio_weighted_numerator|traffic.elephant.jitter_seconds|traffic.elephant.last_batch_timestamp_seconds|traffic.elephant.loss_rate|traffic.elephant.requests_rate|traffic.elephant.retransmits_rate|traffic.elephant.success_rate|traffic.elephant.success_ratio|traffic.elephant.throughput_bps,probe target domain is observed; service instance is unverified
probes_service_domain,wuhan-traffic-vm,elephant01.xian.aiops.local,traffic,dimension_sidecar,source_region|target_domain,traffic.elephant.active|traffic.elephant.active_seconds_rate|traffic.elephant.batch_concurrency|traffic.elephant.batch_duration_seconds|traffic.elephant.batches_completed_rate|traffic.elephant.batches_failed_rate|traffic.elephant.batches_started_rate|traffic.elephant.batches_timeout_rate|traffic.elephant.bytes_received_rate|traffic.elephant.bytes_sent_rate|traffic.elephant.duration_seconds_count_rate|traffic.elephant.duration_seconds_sum_rate|traffic.elephant.error_rate|traffic.elephant.error_ratio|traffic.elephant.error_ratio_weighted_denominator|traffic.elephant.error_ratio_weighted_numerator|traffic.elephant.jitter_seconds|traffic.elephant.last_batch_timestamp_seconds|traffic.elephant.loss_rate|traffic.elephant.requests_rate|traffic.elephant.retransmits_rate|traffic.elephant.success_rate|traffic.elephant.success_ratio|traffic.elephant.throughput_bps,probe target domain is observed; service instance is unverified
probes_service_domain,wuhan-traffic-vm,elephant02.beida.aiops.local,traffic,dimension_sidecar,source_region|target_domain,traffic.elephant.active|traffic.elephant.active_seconds_rate|traffic.elephant.batch_concurrency|traffic.elephant.batch_duration_seconds|traffic.elephant.batches_completed_rate|traffic.elephant.batches_failed_rate|traffic.elephant.batches_started_rate|traffic.elephant.batches_timeout_rate|traffic.elephant.bytes_received_rate|traffic.elephant.bytes_sent_rate|traffic.elephant.duration_seconds_count_rate|traffic.elephant.duration_seconds_sum_rate|traffic.elephant.error_rate|traffic.elephant.last_batch_timestamp_seconds|traffic.elephant.requests_rate|traffic.elephant.retransmits_rate|traffic.elephant.success_rate,probe target domain is observed; service instance is unverified
probes_service_domain,wuhan-traffic-vm,elephant02.chengdu.aiops.local,traffic,dimension_sidecar,source_region|target_domain,traffic.elephant.active|traffic.elephant.active_seconds_rate|traffic.elephant.batch_concurrency|traffic.elephant.batch_duration_seconds|traffic.elephant.batches_completed_rate|traffic.elephant.batches_failed_rate|traffic.elephant.batches_started_rate|traffic.elephant.batches_timeout_rate|traffic.elephant.bytes_received_rate|traffic.elephant.bytes_sent_rate|traffic.elephant.duration_seconds_count_rate|traffic.elephant.duration_seconds_sum_rate|traffic.elephant.error_rate|traffic.elephant.error_ratio|traffic.elephant.error_ratio_weighted_denominator|traffic.elephant.error_ratio_weighted_numerator|traffic.elephant.jitter_seconds|traffic.elephant.last_batch_timestamp_seconds|traffic.elephant.loss_rate|traffic.elephant.requests_rate|traffic.elephant.retransmits_rate|traffic.elephant.success_rate|traffic.elephant.success_ratio|traffic.elephant.throughput_bps,probe target domain is observed; service instance is unverified
probes_service_domain,wuhan-traffic-vm,elephant02.guangzhou.aiops.local,traffic,dimension_sidecar,source_region|target_domain,traffic.elephant.active|traffic.elephant.active_seconds_rate|traffic.elephant.batch_concurrency|traffic.elephant.batch_duration_seconds|traffic.elephant.batches_completed_rate|traffic.elephant.batches_failed_rate|traffic.elephant.batches_started_rate|traffic.elephant.batches_timeout_rate|traffic.elephant.bytes_received_rate|traffic.elephant.bytes_sent_rate|traffic.elephant.duration_seconds_count_rate|traffic.elephant.duration_seconds_sum_rate|traffic.elephant.error_rate|traffic.elephant.error_ratio|traffic.elephant.error_ratio_weighted_denominator|traffic.elephant.error_ratio_weighted_numerator|traffic.elephant.jitter_seconds|traffic.elephant.last_batch_timestamp_seconds|traffic.elephant.loss_rate|traffic.elephant.requests_rate|traffic.elephant.retransmits_rate|traffic.elephant.success_rate|traffic.elephant.success_ratio|traffic.elephant.throughput_bps,probe target domain is observed; service instance is unverified
probes_service_domain,wuhan-traffic-vm,elephant02.nanjing.aiops.local,traffic,dimension_sidecar,source_region|target_domain,traffic.elephant.active|traffic.elephant.active_seconds_rate|traffic.elephant.batch_concurrency|traffic.elephant.batch_duration_seconds|traffic.elephant.batches_completed_rate|traffic.elephant.batches_failed_rate|traffic.elephant.batches_started_rate|traffic.elephant.batches_timeout_rate|traffic.elephant.bytes_received_rate|traffic.elephant.bytes_sent_rate|traffic.elephant.duration_seconds_count_rate|traffic.elephant.duration_seconds_sum_rate|traffic.elephant.error_rate|traffic.elephant.error_ratio|traffic.elephant.error_ratio_weighted_denominator|traffic.elephant.error_ratio_weighted_numerator|traffic.elephant.jitter_seconds|traffic.elephant.last_batch_timestamp_seconds|traffic.elephant.loss_rate|traffic.elephant.requests_rate|traffic.elephant.retransmits_rate|traffic.elephant.success_rate|traffic.elephant.success_ratio|traffic.elephant.throughput_bps,probe target domain is observed; service instance is unverified
probes_service_domain,wuhan-traffic-vm,elephant02.shanghai.aiops.local,traffic,dimension_sidecar,source_region|target_domain,traffic.elephant.active|traffic.elephant.active_seconds_rate|traffic.elephant.batch_concurrency|traffic.elephant.batch_duration_seconds|traffic.elephant.batches_completed_rate|traffic.elephant.batches_failed_rate|traffic.elephant.batches_started_rate|traffic.elephant.batches_timeout_rate|traffic.elephant.bytes_received_rate|traffic.elephant.bytes_sent_rate|traffic.elephant.duration_seconds_count_rate|traffic.elephant.duration_seconds_sum_rate|traffic.elephant.error_rate|traffic.elephant.last_batch_timestamp_seconds|traffic.elephant.requests_rate|traffic.elephant.retransmits_rate|traffic.elephant.success_rate,probe target domain is observed; service instance is unverified
probes_service_domain,wuhan-traffic-vm,elephant02.shenyang.aiops.local,traffic,dimension_sidecar,source_region|target_domain,traffic.elephant.active|traffic.elephant.active_seconds_rate|traffic.elephant.batch_concurrency|traffic.elephant.batch_duration_seconds|traffic.elephant.batches_completed_rate|traffic.elephant.batches_failed_rate|traffic.elephant.batches_started_rate|traffic.elephant.batches_timeout_rate|traffic.elephant.bytes_received_rate|traffic.elephant.bytes_sent_rate|traffic.elephant.duration_seconds_count_rate|traffic.elephant.duration_seconds_sum_rate|traffic.elephant.error_rate|traffic.elephant.error_ratio|traffic.elephant.error_ratio_weighted_denominator|traffic.elephant.error_ratio_weighted_numerator|traffic.elephant.jitter_seconds|traffic.elephant.last_batch_timestamp_seconds|traffic.elephant.loss_rate|traffic.elephant.requests_rate|traffic.elephant.retransmits_rate|traffic.elephant.success_rate|traffic.elephant.success_ratio|traffic.elephant.throughput_bps,probe target domain is observed; service instance is unverified
probes_service_domain,wuhan-traffic-vm,elephant02.wuhan.aiops.local,traffic,dimension_sidecar,source_region|target_domain,traffic.elephant.active|traffic.elephant.active_seconds_rate|traffic.elephant.batch_concurrency|traffic.elephant.batch_duration_seconds|traffic.elephant.batches_completed_rate|traffic.elephant.batches_failed_rate|traffic.elephant.batches_started_rate|traffic.elephant.batches_timeout_rate|traffic.elephant.bytes_received_rate|traffic.elephant.bytes_sent_rate|traffic.elephant.duration_seconds_count_rate|traffic.elephant.duration_seconds_sum_rate|traffic.elephant.error_rate|traffic.elephant.error_ratio|traffic.elephant.error_ratio_weighted_denominator|traffic.elephant.error_ratio_weighted_numerator|traffic.elephant.jitter_seconds|traffic.elephant.last_batch_timestamp_seconds|traffic.elephant.loss_rate|traffic.elephant.requests_rate|traffic.elephant.retransmits_rate|traffic.elephant.success_rate|traffic.elephant.success_ratio|traffic.elephant.throughput_bps,probe target domain is observed; service instance is unverified
probes_service_domain,wuhan-traffic-vm,elephant02.xian.aiops.local,traffic,dimension_sidecar,source_region|target_domain,traffic.elephant.active|traffic.elephant.active_seconds_rate|traffic.elephant.batch_concurrency|traffic.elephant.batch_duration_seconds|traffic.elephant.batches_completed_rate|traffic.elephant.batches_failed_rate|traffic.elephant.batches_started_rate|traffic.elephant.batches_timeout_rate|traffic.elephant.bytes_received_rate|traffic.elephant.bytes_sent_rate|traffic.elephant.duration_seconds_count_rate|traffic.elephant.duration_seconds_sum_rate|traffic.elephant.error_rate|traffic.elephant.error_ratio|traffic.elephant.error_ratio_weighted_denominator|traffic.elephant.error_ratio_weighted_numerator|traffic.elephant.jitter_seconds|traffic.elephant.last_batch_timestamp_seconds|traffic.elephant.loss_rate|traffic.elephant.requests_rate|traffic.elephant.retransmits_rate|traffic.elephant.success_rate|traffic.elephant.success_ratio|traffic.elephant.throughput_bps,probe target domain is observed; service instance is unverified
probes_service_domain,wuhan-traffic-vm,elephant03.beida.aiops.local,traffic,dimension_sidecar,source_region|target_domain,traffic.elephant.active|traffic.elephant.active_seconds_rate|traffic.elephant.batch_concurrency|traffic.elephant.batch_duration_seconds|traffic.elephant.batches_completed_rate|traffic.elephant.batches_failed_rate|traffic.elephant.batches_started_rate|traffic.elephant.batches_timeout_rate|traffic.elephant.bytes_received_rate|traffic.elephant.bytes_sent_rate|traffic.elephant.duration_seconds_count_rate|traffic.elephant.duration_seconds_sum_rate|traffic.elephant.error_rate|traffic.elephant.last_batch_timestamp_seconds|traffic.elephant.requests_rate|traffic.elephant.retransmits_rate|traffic.elephant.success_rate,probe target domain is observed; service instance is unverified
probes_service_domain,wuhan-traffic-vm,elephant03.chengdu.aiops.local,traffic,dimension_sidecar,source_region|target_domain,traffic.elephant.active|traffic.elephant.active_seconds_rate|traffic.elephant.batch_concurrency|traffic.elephant.batch_duration_seconds|traffic.elephant.batches_completed_rate|traffic.elephant.batches_failed_rate|traffic.elephant.batches_started_rate|traffic.elephant.batches_timeout_rate|traffic.elephant.bytes_received_rate|traffic.elephant.bytes_sent_rate|traffic.elephant.duration_seconds_count_rate|traffic.elephant.duration_seconds_sum_rate|traffic.elephant.error_rate|traffic.elephant.error_ratio|traffic.elephant.error_ratio_weighted_denominator|traffic.elephant.error_ratio_weighted_numerator|traffic.elephant.jitter_seconds|traffic.elephant.last_batch_timestamp_seconds|traffic.elephant.loss_rate|traffic.elephant.requests_rate|traffic.elephant.retransmits_rate|traffic.elephant.success_rate|traffic.elephant.success_ratio|traffic.elephant.throughput_bps,probe target domain is observed; service instance is unverified
probes_service_domain,wuhan-traffic-vm,elephant03.guangzhou.aiops.local,traffic,dimension_sidecar,source_region|target_domain,traffic.elephant.active|traffic.elephant.active_seconds_rate|traffic.elephant.batch_concurrency|traffic.elephant.batch_duration_seconds|traffic.elephant.batches_completed_rate|traffic.elephant.batches_failed_rate|traffic.elephant.batches_started_rate|traffic.elephant.batches_timeout_rate|traffic.elephant.bytes_received_rate|traffic.elephant.bytes_sent_rate|traffic.elephant.duration_seconds_count_rate|traffic.elephant.duration_seconds_sum_rate|traffic.elephant.error_rate|traffic.elephant.error_ratio|traffic.elephant.error_ratio_weighted_denominator|traffic.elephant.error_ratio_weighted_numerator|traffic.elephant.jitter_seconds|traffic.elephant.last_batch_timestamp_seconds|traffic.elephant.loss_rate|traffic.elephant.requests_rate|traffic.elephant.retransmits_rate|traffic.elephant.success_rate|traffic.elephant.success_ratio|traffic.elephant.throughput_bps,probe target domain is observed; service instance is unverified
probes_service_domain,wuhan-traffic-vm,elephant03.nanjing.aiops.local,traffic,dimension_sidecar,source_region|target_domain,traffic.elephant.active|traffic.elephant.active_seconds_rate|traffic.elephant.batch_concurrency|traffic.elephant.batch_duration_seconds|traffic.elephant.batches_completed_rate|traffic.elephant.batches_failed_rate|traffic.elephant.batches_started_rate|traffic.elephant.batches_timeout_rate|traffic.elephant.bytes_received_rate|traffic.elephant.bytes_sent_rate|traffic.elephant.duration_seconds_count_rate|traffic.elephant.duration_seconds_sum_rate|traffic.elephant.error_rate|traffic.elephant.last_batch_timestamp_seconds|traffic.elephant.requests_rate|traffic.elephant.retransmits_rate|traffic.elephant.success_rate,probe target domain is observed; service instance is unverified
probes_service_domain,wuhan-traffic-vm,elephant03.shanghai.aiops.local,traffic,dimension_sidecar,source_region|target_domain,traffic.elephant.active|traffic.elephant.active_seconds_rate|traffic.elephant.batch_concurrency|traffic.elephant.batch_duration_seconds|traffic.elephant.batches_completed_rate|traffic.elephant.batches_failed_rate|traffic.elephant.batches_started_rate|traffic.elephant.batches_timeout_rate|traffic.elephant.bytes_received_rate|traffic.elephant.bytes_sent_rate|traffic.elephant.duration_seconds_count_rate|traffic.elephant.duration_seconds_sum_rate|traffic.elephant.error_rate|traffic.elephant.last_batch_timestamp_seconds|traffic.elephant.requests_rate|traffic.elephant.retransmits_rate|traffic.elephant.success_rate,probe target domain is observed; service instance is unverified
probes_service_domain,wuhan-traffic-vm,elephant03.shenyang.aiops.local,traffic,dimension_sidecar,source_region|target_domain,traffic.elephant.active|traffic.elephant.active_seconds_rate|traffic.elephant.batch_concurrency|traffic.elephant.batch_duration_seconds|traffic.elephant.batches_completed_rate|traffic.elephant.batches_failed_rate|traffic.elephant.batches_started_rate|traffic.elephant.batches_timeout_rate|traffic.elephant.bytes_received_rate|traffic.elephant.bytes_sent_rate|traffic.elephant.duration_seconds_count_rate|traffic.elephant.duration_seconds_sum_rate|traffic.elephant.error_rate|traffic.elephant.error_ratio|traffic.elephant.error_ratio_weighted_denominator|traffic.elephant.error_ratio_weighted_numerator|traffic.elephant.jitter_seconds|traffic.elephant.last_batch_timestamp_seconds|traffic.elephant.loss_rate|traffic.elephant.requests_rate|traffic.elephant.retransmits_rate|traffic.elephant.success_rate|traffic.elephant.success_ratio|traffic.elephant.throughput_bps,probe target domain is observed; service instance is unverified
probes_service_domain,wuhan-traffic-vm,elephant03.wuhan.aiops.local,traffic,dimension_sidecar,source_region|target_domain,traffic.elephant.active|traffic.elephant.active_seconds_rate|traffic.elephant.batch_concurrency|traffic.elephant.batch_duration_seconds|traffic.elephant.batches_completed_rate|traffic.elephant.batches_failed_rate|traffic.elephant.batches_started_rate|traffic.elephant.batches_timeout_rate|traffic.elephant.bytes_received_rate|traffic.elephant.bytes_sent_rate|traffic.elephant.duration_seconds_count_rate|traffic.elephant.duration_seconds_sum_rate|traffic.elephant.error_rate|traffic.elephant.last_batch_timestamp_seconds|traffic.elephant.requests_rate|traffic.elephant.retransmits_rate|traffic.elephant.success_rate,probe target domain is observed; service instance is unverified
probes_service_domain,wuhan-traffic-vm,elephant03.xian.aiops.local,traffic,dimension_sidecar,source_region|target_domain,traffic.elephant.active|traffic.elephant.active_seconds_rate|traffic.elephant.batch_concurrency|traffic.elephant.batch_duration_seconds|traffic.elephant.batches_completed_rate|traffic.elephant.batches_failed_rate|traffic.elephant.batches_started_rate|traffic.elephant.batches_timeout_rate|traffic.elephant.bytes_received_rate|traffic.elephant.bytes_sent_rate|traffic.elephant.duration_seconds_count_rate|traffic.elephant.duration_seconds_sum_rate|traffic.elephant.error_rate|traffic.elephant.error_ratio|traffic.elephant.error_ratio_weighted_denominator|traffic.elephant.error_ratio_weighted_numerator|traffic.elephant.jitter_seconds|traffic.elephant.last_batch_timestamp_seconds|traffic.elephant.loss_rate|traffic.elephant.requests_rate|traffic.elephant.retransmits_rate|traffic.elephant.success_rate|traffic.elephant.success_ratio|traffic.elephant.throughput_bps,probe target domain is observed; service instance is unverified
probes_service_domain,wuhan-traffic-vm,web01.shanghai.aiops.local,traffic,dimension_sidecar,source_region|target_domain,traffic.web.active|traffic.web.active_seconds_rate|traffic.web.batch_concurrency|traffic.web.batch_duration_seconds|traffic.web.batches_completed_rate|traffic.web.batches_failed_rate|traffic.web.batches_started_rate|traffic.web.batches_timeout_rate|traffic.web.bytes_received_rate|traffic.web.bytes_sent_rate|traffic.web.duration_seconds_count_rate|traffic.web.duration_seconds_sum_rate|traffic.web.error_rate|traffic.web.error_ratio|traffic.web.error_ratio_weighted_denominator|traffic.web.error_ratio_weighted_numerator|traffic.web.last_batch_timestamp_seconds|traffic.web.latency_mean_seconds|traffic.web.latency_p95_seconds|traffic.web.observed_qps|traffic.web.request_latency_seconds_bucket_rate_le_0_01|traffic.web.request_latency_seconds_bucket_rate_le_0_025|traffic.web.request_latency_seconds_bucket_rate_le_0_05|traffic.web.request_latency_seconds_bucket_rate_le_0_1|traffic.web.request_latency_seconds_bucket_rate_le_0_25|traffic.web.request_latency_seconds_bucket_rate_le_0_5|traffic.web.request_latency_seconds_bucket_rate_le_1|traffic.web.request_latency_seconds_bucket_rate_le_2_5|traffic.web.request_latency_seconds_bucket_rate_le_5|traffic.web.request_latency_seconds_bucket_rate_le_plus_inf|traffic.web.request_latency_seconds_count_rate|traffic.web.request_latency_seconds_sum_rate|traffic.web.requests_rate|traffic.web.success_rate|traffic.web.success_ratio,probe target domain is observed; service instance is unverified
probes_service_domain,xian-traffic-vm,auth01.wuhan.aiops.local,traffic,dimension_sidecar,source_region|target_domain,traffic.auth.active|traffic.auth.active_seconds_rate|traffic.auth.batch_concurrency|traffic.auth.batch_duration_seconds|traffic.auth.batches_completed_rate|traffic.auth.batches_failed_rate|traffic.auth.batches_started_rate|traffic.auth.batches_timeout_rate|traffic.auth.bytes_received_rate|traffic.auth.bytes_sent_rate|traffic.auth.duration_seconds_count_rate|traffic.auth.duration_seconds_sum_rate|traffic.auth.error_rate|traffic.auth.error_ratio|traffic.auth.error_ratio_weighted_denominator|traffic.auth.error_ratio_weighted_numerator|traffic.auth.last_batch_timestamp_seconds|traffic.auth.latency_mean_seconds|traffic.auth.latency_p95_seconds|traffic.auth.observed_qps|traffic.auth.request_latency_seconds_bucket_rate_le_0_01|traffic.auth.request_latency_seconds_bucket_rate_le_0_025|traffic.auth.request_latency_seconds_bucket_rate_le_0_05|traffic.auth.request_latency_seconds_bucket_rate_le_0_1|traffic.auth.request_latency_seconds_bucket_rate_le_0_25|traffic.auth.request_latency_seconds_bucket_rate_le_0_5|traffic.auth.request_latency_seconds_bucket_rate_le_1|traffic.auth.request_latency_seconds_bucket_rate_le_2_5|traffic.auth.request_latency_seconds_bucket_rate_le_5|traffic.auth.request_latency_seconds_bucket_rate_le_plus_inf|traffic.auth.request_latency_seconds_count_rate|traffic.auth.request_latency_seconds_sum_rate|traffic.auth.requests_rate|traffic.auth.success_rate|traffic.auth.success_ratio,probe target domain is observed; service instance is unverified
probes_service_domain,xian-traffic-vm,dns.beida.aiops.local,traffic,dimension_sidecar,source_region|target_domain,traffic.dns.active|traffic.dns.active_seconds_rate|traffic.dns.batch_concurrency|traffic.dns.batch_duration_seconds|traffic.dns.batches_completed_rate|traffic.dns.batches_failed_rate|traffic.dns.batches_started_rate|traffic.dns.batches_timeout_rate|traffic.dns.bytes_received_rate|traffic.dns.bytes_sent_rate|traffic.dns.duration_seconds_count_rate|traffic.dns.duration_seconds_sum_rate|traffic.dns.error_rate|traffic.dns.error_ratio|traffic.dns.error_ratio_weighted_denominator|traffic.dns.error_ratio_weighted_numerator|traffic.dns.last_batch_timestamp_seconds|traffic.dns.latency_mean_seconds|traffic.dns.latency_p95_seconds|traffic.dns.observed_qps|traffic.dns.request_latency_seconds_bucket_rate_le_0_01|traffic.dns.request_latency_seconds_bucket_rate_le_0_025|traffic.dns.request_latency_seconds_bucket_rate_le_0_05|traffic.dns.request_latency_seconds_bucket_rate_le_0_1|traffic.dns.request_latency_seconds_bucket_rate_le_0_25|traffic.dns.request_latency_seconds_bucket_rate_le_0_5|traffic.dns.request_latency_seconds_bucket_rate_le_1|traffic.dns.request_latency_seconds_bucket_rate_le_2_5|traffic.dns.request_latency_seconds_bucket_rate_le_5|traffic.dns.request_latency_seconds_bucket_rate_le_plus_inf|traffic.dns.request_latency_seconds_count_rate|traffic.dns.request_latency_seconds_sum_rate|traffic.dns.requests_rate|traffic.dns.success_rate|traffic.dns.success_ratio,probe target domain is observed; service instance is unverified
probes_service_domain,xian-traffic-vm,elephant01.chengdu.aiops.local,traffic,dimension_sidecar,source_region|target_domain,traffic.elephant.active|traffic.elephant.active_seconds_rate|traffic.elephant.batch_concurrency|traffic.elephant.batch_duration_seconds|traffic.elephant.batches_completed_rate|traffic.elephant.batches_failed_rate|traffic.elephant.batches_started_rate|traffic.elephant.batches_timeout_rate|traffic.elephant.bytes_received_rate|traffic.elephant.bytes_sent_rate|traffic.elephant.duration_seconds_count_rate|traffic.elephant.duration_seconds_sum_rate|traffic.elephant.error_rate|traffic.elephant.error_ratio|traffic.elephant.error_ratio_weighted_denominator|traffic.elephant.error_ratio_weighted_numerator|traffic.elephant.jitter_seconds|traffic.elephant.last_batch_timestamp_seconds|traffic.elephant.loss_rate|traffic.elephant.requests_rate|traffic.elephant.retransmits_rate|traffic.elephant.success_rate|traffic.elephant.success_ratio|traffic.elephant.throughput_bps,probe target domain is observed; service instance is unverified
probes_service_domain,xian-traffic-vm,elephant01.guangzhou.aiops.local,traffic,dimension_sidecar,source_region|target_domain,traffic.elephant.active|traffic.elephant.active_seconds_rate|traffic.elephant.batch_concurrency|traffic.elephant.batch_duration_seconds|traffic.elephant.batches_completed_rate|traffic.elephant.batches_failed_rate|traffic.elephant.batches_started_rate|traffic.elephant.batches_timeout_rate|traffic.elephant.bytes_received_rate|traffic.elephant.bytes_sent_rate|traffic.elephant.duration_seconds_count_rate|traffic.elephant.duration_seconds_sum_rate|traffic.elephant.error_rate|traffic.elephant.error_ratio|traffic.elephant.error_ratio_weighted_denominator|traffic.elephant.error_ratio_weighted_numerator|traffic.elephant.jitter_seconds|traffic.elephant.last_batch_timestamp_seconds|traffic.elephant.loss_rate|traffic.elephant.requests_rate|traffic.elephant.retransmits_rate|traffic.elephant.success_rate|traffic.elephant.success_ratio|traffic.elephant.throughput_bps,probe target domain is observed; service instance is unverified
probes_service_domain,xian-traffic-vm,elephant01.nanjing.aiops.local,traffic,dimension_sidecar,source_region|target_domain,traffic.elephant.active|traffic.elephant.active_seconds_rate|traffic.elephant.batch_concurrency|traffic.elephant.batch_duration_seconds|traffic.elephant.batches_completed_rate|traffic.elephant.batches_failed_rate|traffic.elephant.batches_started_rate|traffic.elephant.batches_timeout_rate|traffic.elephant.bytes_received_rate|traffic.elephant.bytes_sent_rate|traffic.elephant.duration_seconds_count_rate|traffic.elephant.duration_seconds_sum_rate|traffic.elephant.error_rate|traffic.elephant.error_ratio|traffic.elephant.error_ratio_weighted_denominator|traffic.elephant.error_ratio_weighted_numerator|traffic.elephant.jitter_seconds|traffic.elephant.last_batch_timestamp_seconds|traffic.elephant.loss_rate|traffic.elephant.requests_rate|traffic.elephant.retransmits_rate|traffic.elephant.success_rate|traffic.elephant.success_ratio|traffic.elephant.throughput_bps,probe target domain is observed; service instance is unverified
probes_service_domain,xian-traffic-vm,elephant01.shenyang.aiops.local,traffic,dimension_sidecar,source_region|target_domain,traffic.elephant.active|traffic.elephant.active_seconds_rate|traffic.elephant.batch_concurrency|traffic.elephant.batch_duration_seconds|traffic.elephant.batches_completed_rate|traffic.elephant.batches_failed_rate|traffic.elephant.batches_started_rate|traffic.elephant.batches_timeout_rate|traffic.elephant.bytes_received_rate|traffic.elephant.bytes_sent_rate|traffic.elephant.duration_seconds_count_rate|traffic.elephant.duration_seconds_sum_rate|traffic.elephant.error_rate|traffic.elephant.error_ratio|traffic.elephant.error_ratio_weighted_denominator|traffic.elephant.error_ratio_weighted_numerator|traffic.elephant.jitter_seconds|traffic.elephant.last_batch_timestamp_seconds|traffic.elephant.loss_rate|traffic.elephant.requests_rate|traffic.elephant.retransmits_rate|traffic.elephant.success_rate|traffic.elephant.success_ratio|traffic.elephant.throughput_bps,probe target domain is observed; service instance is unverified
probes_service_domain,xian-traffic-vm,elephant01.xian.aiops.local,traffic,dimension_sidecar,source_region|target_domain,traffic.elephant.active|traffic.elephant.active_seconds_rate|traffic.elephant.batch_concurrency|traffic.elephant.batch_duration_seconds|traffic.elephant.batches_completed_rate|traffic.elephant.batches_failed_rate|traffic.elephant.batches_started_rate|traffic.elephant.batches_timeout_rate|traffic.elephant.bytes_received_rate|traffic.elephant.bytes_sent_rate|traffic.elephant.duration_seconds_count_rate|traffic.elephant.duration_seconds_sum_rate|traffic.elephant.error_rate|traffic.elephant.error_ratio|traffic.elephant.error_ratio_weighted_denominator|traffic.elephant.error_ratio_weighted_numerator|traffic.elephant.jitter_seconds|traffic.elephant.last_batch_timestamp_seconds|traffic.elephant.loss_rate|traffic.elephant.requests_rate|traffic.elephant.retransmits_rate|traffic.elephant.success_rate|traffic.elephant.success_ratio|traffic.elephant.throughput_bps,probe target domain is observed; service instance is unverified
probes_service_domain,xian-traffic-vm,elephant02.beida.aiops.local,traffic,dimension_sidecar,source_region|target_domain,traffic.elephant.active|traffic.elephant.active_seconds_rate|traffic.elephant.batch_concurrency|traffic.elephant.batch_duration_seconds|traffic.elephant.batches_completed_rate|traffic.elephant.batches_failed_rate|traffic.elephant.batches_started_rate|traffic.elephant.batches_timeout_rate|traffic.elephant.bytes_received_rate|traffic.elephant.bytes_sent_rate|traffic.elephant.duration_seconds_count_rate|traffic.elephant.duration_seconds_sum_rate|traffic.elephant.error_rate|traffic.elephant.last_batch_timestamp_seconds|traffic.elephant.requests_rate|traffic.elephant.retransmits_rate|traffic.elephant.success_rate,probe target domain is observed; service instance is unverified
probes_service_domain,xian-traffic-vm,elephant02.chengdu.aiops.local,traffic,dimension_sidecar,source_region|target_domain,traffic.elephant.active|traffic.elephant.active_seconds_rate|traffic.elephant.batch_concurrency|traffic.elephant.batch_duration_seconds|traffic.elephant.batches_completed_rate|traffic.elephant.batches_failed_rate|traffic.elephant.batches_started_rate|traffic.elephant.batches_timeout_rate|traffic.elephant.bytes_received_rate|traffic.elephant.bytes_sent_rate|traffic.elephant.duration_seconds_count_rate|traffic.elephant.duration_seconds_sum_rate|traffic.elephant.error_rate|traffic.elephant.error_ratio|traffic.elephant.error_ratio_weighted_denominator|traffic.elephant.error_ratio_weighted_numerator|traffic.elephant.jitter_seconds|traffic.elephant.last_batch_timestamp_seconds|traffic.elephant.loss_rate|traffic.elephant.requests_rate|traffic.elephant.retransmits_rate|traffic.elephant.success_rate|traffic.elephant.success_ratio|traffic.elephant.throughput_bps,probe target domain is observed; service instance is unverified
probes_service_domain,xian-traffic-vm,elephant02.guangzhou.aiops.local,traffic,dimension_sidecar,source_region|target_domain,traffic.elephant.active|traffic.elephant.active_seconds_rate|traffic.elephant.batch_concurrency|traffic.elephant.batch_duration_seconds|traffic.elephant.batches_completed_rate|traffic.elephant.batches_failed_rate|traffic.elephant.batches_started_rate|traffic.elephant.batches_timeout_rate|traffic.elephant.bytes_received_rate|traffic.elephant.bytes_sent_rate|traffic.elephant.duration_seconds_count_rate|traffic.elephant.duration_seconds_sum_rate|traffic.elephant.error_rate|traffic.elephant.error_ratio|traffic.elephant.error_ratio_weighted_denominator|traffic.elephant.error_ratio_weighted_numerator|traffic.elephant.jitter_seconds|traffic.elephant.last_batch_timestamp_seconds|traffic.elephant.loss_rate|traffic.elephant.requests_rate|traffic.elephant.retransmits_rate|traffic.elephant.success_rate|traffic.elephant.success_ratio|traffic.elephant.throughput_bps,probe target domain is observed; service instance is unverified
probes_service_domain,xian-traffic-vm,elephant02.nanjing.aiops.local,traffic,dimension_sidecar,source_region|target_domain,traffic.elephant.active|traffic.elephant.active_seconds_rate|traffic.elephant.batch_concurrency|traffic.elephant.batch_duration_seconds|traffic.elephant.batches_completed_rate|traffic.elephant.batches_failed_rate|traffic.elephant.batches_started_rate|traffic.elephant.batches_timeout_rate|traffic.elephant.bytes_received_rate|traffic.elephant.bytes_sent_rate|traffic.elephant.duration_seconds_count_rate|traffic.elephant.duration_seconds_sum_rate|traffic.elephant.error_rate|traffic.elephant.error_ratio|traffic.elephant.error_ratio_weighted_denominator|traffic.elephant.error_ratio_weighted_numerator|traffic.elephant.jitter_seconds|traffic.elephant.last_batch_timestamp_seconds|traffic.elephant.loss_rate|traffic.elephant.requests_rate|traffic.elephant.retransmits_rate|traffic.elephant.success_rate|traffic.elephant.success_ratio|traffic.elephant.throughput_bps,probe target domain is observed; service instance is unverified
probes_service_domain,xian-traffic-vm,elephant02.shanghai.aiops.local,traffic,dimension_sidecar,source_region|target_domain,traffic.elephant.active|traffic.elephant.active_seconds_rate|traffic.elephant.batch_concurrency|traffic.elephant.batch_duration_seconds|traffic.elephant.batches_completed_rate|traffic.elephant.batches_failed_rate|traffic.elephant.batches_started_rate|traffic.elephant.batches_timeout_rate|traffic.elephant.bytes_received_rate|traffic.elephant.bytes_sent_rate|traffic.elephant.duration_seconds_count_rate|traffic.elephant.duration_seconds_sum_rate|traffic.elephant.error_rate|traffic.elephant.last_batch_timestamp_seconds|traffic.elephant.requests_rate|traffic.elephant.retransmits_rate|traffic.elephant.success_rate,probe target domain is observed; service instance is unverified
probes_service_domain,xian-traffic-vm,elephant02.shenyang.aiops.local,traffic,dimension_sidecar,source_region|target_domain,traffic.elephant.active|traffic.elephant.active_seconds_rate|traffic.elephant.batch_concurrency|traffic.elephant.batch_duration_seconds|traffic.elephant.batches_completed_rate|traffic.elephant.batches_failed_rate|traffic.elephant.batches_started_rate|traffic.elephant.batches_timeout_rate|traffic.elephant.bytes_received_rate|traffic.elephant.bytes_sent_rate|traffic.elephant.duration_seconds_count_rate|traffic.elephant.duration_seconds_sum_rate|traffic.elephant.error_rate|traffic.elephant.error_ratio|traffic.elephant.error_ratio_weighted_denominator|traffic.elephant.error_ratio_weighted_numerator|traffic.elephant.jitter_seconds|traffic.elephant.last_batch_timestamp_seconds|traffic.elephant.loss_rate|traffic.elephant.requests_rate|traffic.elephant.retransmits_rate|traffic.elephant.success_rate|traffic.elephant.success_ratio|traffic.elephant.throughput_bps,probe target domain is observed; service instance is unverified
probes_service_domain,xian-traffic-vm,elephant02.wuhan.aiops.local,traffic,dimension_sidecar,source_region|target_domain,traffic.elephant.active|traffic.elephant.active_seconds_rate|traffic.elephant.batch_concurrency|traffic.elephant.batch_duration_seconds|traffic.elephant.batches_completed_rate|traffic.elephant.batches_failed_rate|traffic.elephant.batches_started_rate|traffic.elephant.batches_timeout_rate|traffic.elephant.bytes_received_rate|traffic.elephant.bytes_sent_rate|traffic.elephant.duration_seconds_count_rate|traffic.elephant.duration_seconds_sum_rate|traffic.elephant.error_rate|traffic.elephant.error_ratio|traffic.elephant.error_ratio_weighted_denominator|traffic.elephant.error_ratio_weighted_numerator|traffic.elephant.jitter_seconds|traffic.elephant.last_batch_timestamp_seconds|traffic.elephant.loss_rate|traffic.elephant.requests_rate|traffic.elephant.retransmits_rate|traffic.elephant.success_rate|traffic.elephant.success_ratio|traffic.elephant.throughput_bps,probe target domain is observed; service instance is unverified
probes_service_domain,xian-traffic-vm,elephant02.xian.aiops.local,traffic,dimension_sidecar,source_region|target_domain,traffic.elephant.active|traffic.elephant.active_seconds_rate|traffic.elephant.batch_concurrency|traffic.elephant.batch_duration_seconds|traffic.elephant.batches_completed_rate|traffic.elephant.batches_failed_rate|traffic.elephant.batches_started_rate|traffic.elephant.batches_timeout_rate|traffic.elephant.bytes_received_rate|traffic.elephant.bytes_sent_rate|traffic.elephant.duration_seconds_count_rate|traffic.elephant.duration_seconds_sum_rate|traffic.elephant.error_rate|traffic.elephant.error_ratio|traffic.elephant.error_ratio_weighted_denominator|traffic.elephant.error_ratio_weighted_numerator|traffic.elephant.jitter_seconds|traffic.elephant.last_batch_timestamp_seconds|traffic.elephant.loss_rate|traffic.elephant.requests_rate|traffic.elephant.retransmits_rate|traffic.elephant.success_rate|traffic.elephant.success_ratio|traffic.elephant.throughput_bps,probe target domain is observed; service instance is unverified
probes_service_domain,xian-traffic-vm,elephant03.beida.aiops.local,traffic,dimension_sidecar,source_region|target_domain,traffic.elephant.active|traffic.elephant.active_seconds_rate|traffic.elephant.batch_concurrency|traffic.elephant.batch_duration_seconds|traffic.elephant.batches_completed_rate|traffic.elephant.batches_failed_rate|traffic.elephant.batches_started_rate|traffic.elephant.batches_timeout_rate|traffic.elephant.bytes_received_rate|traffic.elephant.bytes_sent_rate|traffic.elephant.duration_seconds_count_rate|traffic.elephant.duration_seconds_sum_rate|traffic.elephant.error_rate|traffic.elephant.last_batch_timestamp_seconds|traffic.elephant.requests_rate|traffic.elephant.retransmits_rate|traffic.elephant.success_rate,probe target domain is observed; service instance is unverified
probes_service_domain,xian-traffic-vm,elephant03.chengdu.aiops.local,traffic,dimension_sidecar,source_region|target_domain,traffic.elephant.active|traffic.elephant.active_seconds_rate|traffic.elephant.batch_concurrency|traffic.elephant.batch_duration_seconds|traffic.elephant.batches_completed_rate|traffic.elephant.batches_failed_rate|traffic.elephant.batches_started_rate|traffic.elephant.batches_timeout_rate|traffic.elephant.bytes_received_rate|traffic.elephant.bytes_sent_rate|traffic.elephant.duration_seconds_count_rate|traffic.elephant.duration_seconds_sum_rate|traffic.elephant.error_rate|traffic.elephant.error_ratio|traffic.elephant.error_ratio_weighted_denominator|traffic.elephant.error_ratio_weighted_numerator|traffic.elephant.jitter_seconds|traffic.elephant.last_batch_timestamp_seconds|traffic.elephant.loss_rate|traffic.elephant.requests_rate|traffic.elephant.retransmits_rate|traffic.elephant.success_rate|traffic.elephant.success_ratio|traffic.elephant.throughput_bps,probe target domain is observed; service instance is unverified
probes_service_domain,xian-traffic-vm,elephant03.guangzhou.aiops.local,traffic,dimension_sidecar,source_region|target_domain,traffic.elephant.active|traffic.elephant.active_seconds_rate|traffic.elephant.batch_concurrency|traffic.elephant.batch_duration_seconds|traffic.elephant.batches_completed_rate|traffic.elephant.batches_failed_rate|traffic.elephant.batches_started_rate|traffic.elephant.batches_timeout_rate|traffic.elephant.bytes_received_rate|traffic.elephant.bytes_sent_rate|traffic.elephant.duration_seconds_count_rate|traffic.elephant.duration_seconds_sum_rate|traffic.elephant.error_rate|traffic.elephant.error_ratio|traffic.elephant.error_ratio_weighted_denominator|traffic.elephant.error_ratio_weighted_numerator|traffic.elephant.jitter_seconds|traffic.elephant.last_batch_timestamp_seconds|traffic.elephant.loss_rate|traffic.elephant.requests_rate|traffic.elephant.retransmits_rate|traffic.elephant.success_rate|traffic.elephant.success_ratio|traffic.elephant.throughput_bps,probe target domain is observed; service instance is unverified
probes_service_domain,xian-traffic-vm,elephant03.nanjing.aiops.local,traffic,dimension_sidecar,source_region|target_domain,traffic.elephant.active|traffic.elephant.active_seconds_rate|traffic.elephant.batch_concurrency|traffic.elephant.batch_duration_seconds|traffic.elephant.batches_completed_rate|traffic.elephant.batches_failed_rate|traffic.elephant.batches_started_rate|traffic.elephant.batches_timeout_rate|traffic.elephant.bytes_received_rate|traffic.elephant.bytes_sent_rate|traffic.elephant.duration_seconds_count_rate|traffic.elephant.duration_seconds_sum_rate|traffic.elephant.error_rate|traffic.elephant.last_batch_timestamp_seconds|traffic.elephant.requests_rate|traffic.elephant.retransmits_rate|traffic.elephant.success_rate,probe target domain is observed; service instance is unverified
probes_service_domain,xian-traffic-vm,elephant03.shanghai.aiops.local,traffic,dimension_sidecar,source_region|target_domain,traffic.elephant.active|traffic.elephant.active_seconds_rate|traffic.elephant.batch_concurrency|traffic.elephant.batch_duration_seconds|traffic.elephant.batches_completed_rate|traffic.elephant.batches_failed_rate|traffic.elephant.batches_started_rate|traffic.elephant.batches_timeout_rate|traffic.elephant.bytes_received_rate|traffic.elephant.bytes_sent_rate|traffic.elephant.duration_seconds_count_rate|traffic.elephant.duration_seconds_sum_rate|traffic.elephant.error_rate|traffic.elephant.last_batch_timestamp_seconds|traffic.elephant.requests_rate|traffic.elephant.retransmits_rate|traffic.elephant.success_rate,probe target domain is observed; service instance is unverified
probes_service_domain,xian-traffic-vm,elephant03.shenyang.aiops.local,traffic,dimension_sidecar,source_region|target_domain,traffic.elephant.active|traffic.elephant.active_seconds_rate|traffic.elephant.batch_concurrency|traffic.elephant.batch_duration_seconds|traffic.elephant.batches_completed_rate|traffic.elephant.batches_failed_rate|traffic.elephant.batches_started_rate|traffic.elephant.batches_timeout_rate|traffic.elephant.bytes_received_rate|traffic.elephant.bytes_sent_rate|traffic.elephant.duration_seconds_count_rate|traffic.elephant.duration_seconds_sum_rate|traffic.elephant.error_rate|traffic.elephant.error_ratio|traffic.elephant.error_ratio_weighted_denominator|traffic.elephant.error_ratio_weighted_numerator|traffic.elephant.jitter_seconds|traffic.elephant.last_batch_timestamp_seconds|traffic.elephant.loss_rate|traffic.elephant.requests_rate|traffic.elephant.retransmits_rate|traffic.elephant.success_rate|traffic.elephant.success_ratio|traffic.elephant.throughput_bps,probe target domain is observed; service instance is unverified
probes_service_domain,xian-traffic-vm,elephant03.wuhan.aiops.local,traffic,dimension_sidecar,source_region|target_domain,traffic.elephant.active|traffic.elephant.active_seconds_rate|traffic.elephant.batch_concurrency|traffic.elephant.batch_duration_seconds|traffic.elephant.batches_completed_rate|traffic.elephant.batches_failed_rate|traffic.elephant.batches_started_rate|traffic.elephant.batches_timeout_rate|traffic.elephant.bytes_received_rate|traffic.elephant.bytes_sent_rate|traffic.elephant.duration_seconds_count_rate|traffic.elephant.duration_seconds_sum_rate|traffic.elephant.error_rate|traffic.elephant.last_batch_timestamp_seconds|traffic.elephant.requests_rate|traffic.elephant.retransmits_rate|traffic.elephant.success_rate,probe target domain is observed; service instance is unverified
probes_service_domain,xian-traffic-vm,elephant03.xian.aiops.local,traffic,dimension_sidecar,source_region|target_domain,traffic.elephant.active|traffic.elephant.active_seconds_rate|traffic.elephant.batch_concurrency|traffic.elephant.batch_duration_seconds|traffic.elephant.batches_completed_rate|traffic.elephant.batches_failed_rate|traffic.elephant.batches_started_rate|traffic.elephant.batches_timeout_rate|traffic.elephant.bytes_received_rate|traffic.elephant.bytes_sent_rate|traffic.elephant.duration_seconds_count_rate|traffic.elephant.duration_seconds_sum_rate|traffic.elephant.error_rate|traffic.elephant.error_ratio|traffic.elephant.error_ratio_weighted_denominator|traffic.elephant.error_ratio_weighted_numerator|traffic.elephant.jitter_seconds|traffic.elephant.last_batch_timestamp_seconds|traffic.elephant.loss_rate|traffic.elephant.requests_rate|traffic.elephant.retransmits_rate|traffic.elephant.success_rate|traffic.elephant.success_ratio|traffic.elephant.throughput_bps,probe target domain is observed; service instance is unverified
probes_service_domain,xian-traffic-vm,web01.shanghai.aiops.local,traffic,dimension_sidecar,source_region|target_domain,traffic.web.active|traffic.web.active_seconds_rate|traffic.web.batch_concurrency|traffic.web.batch_duration_seconds|traffic.web.batches_completed_rate|traffic.web.batches_failed_rate|traffic.web.batches_started_rate|traffic.web.batches_timeout_rate|traffic.web.bytes_received_rate|traffic.web.bytes_sent_rate|traffic.web.duration_seconds_count_rate|traffic.web.duration_seconds_sum_rate|traffic.web.error_rate|traffic.web.error_ratio|traffic.web.error_ratio_weighted_denominator|traffic.web.error_ratio_weighted_numerator|traffic.web.last_batch_timestamp_seconds|traffic.web.latency_mean_seconds|traffic.web.latency_p95_seconds|traffic.web.observed_qps|traffic.web.request_latency_seconds_bucket_rate_le_0_01|traffic.web.request_latency_seconds_bucket_rate_le_0_025|traffic.web.request_latency_seconds_bucket_rate_le_0_05|traffic.web.request_latency_seconds_bucket_rate_le_0_1|traffic.web.request_latency_seconds_bucket_rate_le_0_25|traffic.web.request_latency_seconds_bucket_rate_le_0_5|traffic.web.request_latency_seconds_bucket_rate_le_1|traffic.web.request_latency_seconds_bucket_rate_le_2_5|traffic.web.request_latency_seconds_bucket_rate_le_5|traffic.web.request_latency_seconds_bucket_rate_le_plus_inf|traffic.web.request_latency_seconds_count_rate|traffic.web.request_latency_seconds_sum_rate|traffic.web.requests_rate|traffic.web.success_rate|traffic.web.success_ratio,probe target domain is observed; service instance is unverified
references_route_next_hop,beida-br-1,240a:a023::1,routing,dimension_sidecar,next_hop,routing.ipv6_default_route_info|routing.ipv6_route_nexthop_info,routing label references address; address-to-node mapping is unverified
references_route_next_hop,beida-br-1,fe80::100:10:11,routing,dimension_sidecar,next_hop,routing.ipv6_route_nexthop_info,routing label references address; address-to-node mapping is unverified
references_route_next_hop,beida-br-1,fe80::100:10:21,routing,dimension_sidecar,next_hop,routing.ipv6_route_nexthop_info,routing label references address; address-to-node mapping is unverified
references_route_next_hop,beida-br-1,fe80::100:10:41,routing,dimension_sidecar,next_hop,routing.ipv6_route_nexthop_info,routing label references address; address-to-node mapping is unverified
references_route_next_hop,beida-br-1,fe80::100:10:51,routing,dimension_sidecar,next_hop,routing.ipv6_route_nexthop_info,routing label references address; address-to-node mapping is unverified
references_route_next_hop,beida-br-1,fe80::11:4,routing,dimension_sidecar,next_hop,routing.ipv6_route_nexthop_info,routing label references address; address-to-node mapping is unverified
references_route_next_hop,beida-br-1,fe80::12:4,routing,dimension_sidecar,next_hop,routing.ipv6_route_nexthop_info,routing label references address; address-to-node mapping is unverified
references_route_next_hop,beida-br-2,240a:a023::1,routing,dimension_sidecar,next_hop,routing.ipv6_default_route_info|routing.ipv6_route_nexthop_info,routing label references address; address-to-node mapping is unverified
references_route_next_hop,beida-br-2,fe80::100:10:12,routing,dimension_sidecar,next_hop,routing.ipv6_route_nexthop_info,routing label references address; address-to-node mapping is unverified
references_route_next_hop,beida-br-2,fe80::100:10:22,routing,dimension_sidecar,next_hop,routing.ipv6_route_nexthop_info,routing label references address; address-to-node mapping is unverified
references_route_next_hop,beida-br-2,fe80::100:10:42,routing,dimension_sidecar,next_hop,routing.ipv6_route_nexthop_info,routing label references address; address-to-node mapping is unverified
references_route_next_hop,beida-br-2,fe80::100:10:52,routing,dimension_sidecar,next_hop,routing.ipv6_route_nexthop_info,routing label references address; address-to-node mapping is unverified
references_route_next_hop,beida-br-2,fe80::11:4,routing,dimension_sidecar,next_hop,routing.ipv6_route_nexthop_info,routing label references address; address-to-node mapping is unverified
references_route_next_hop,beida-br-2,fe80::12:4,routing,dimension_sidecar,next_hop,routing.ipv6_route_nexthop_info,routing label references address; address-to-node mapping is unverified
references_route_next_hop,beida-cr-1,fd00:1:20::1,routing,dimension_sidecar,next_hop,routing.ipv6_default_route_info|routing.ipv6_route_nexthop_info,routing label references address; address-to-node mapping is unverified
references_route_next_hop,beida-cr-1,fd00:1:20::2,routing,dimension_sidecar,next_hop,routing.ipv6_default_route_info|routing.ipv6_route_nexthop_info,routing label references address; address-to-node mapping is unverified
references_route_next_hop,beida-cr-1,fd00:1:30::254,routing,dimension_sidecar,next_hop,routing.ipv6_route_nexthop_info,routing label references address; address-to-node mapping is unverified
references_route_next_hop,beida-cr-1,fe80::1:5,routing,dimension_sidecar,next_hop,routing.ipv6_route_nexthop_info,routing label references address; address-to-node mapping is unverified
references_route_next_hop,beida-cr-1,fe80::2:5,routing,dimension_sidecar,next_hop,routing.ipv6_route_nexthop_info,routing label references address; address-to-node mapping is unverified
references_route_next_hop,beida-cr-2,fd00:1:20::1,routing,dimension_sidecar,next_hop,routing.ipv6_default_route_info|routing.ipv6_route_nexthop_info,routing label references address; address-to-node mapping is unverified
references_route_next_hop,beida-cr-2,fd00:1:20::2,routing,dimension_sidecar,next_hop,routing.ipv6_default_route_info|routing.ipv6_route_nexthop_info,routing label references address; address-to-node mapping is unverified
references_route_next_hop,beida-cr-2,fd00:1:30::254,routing,dimension_sidecar,next_hop,routing.ipv6_route_nexthop_info,routing label references address; address-to-node mapping is unverified
references_route_next_hop,beida-cr-2,fe80::1:5,routing,dimension_sidecar,next_hop,routing.ipv6_route_nexthop_info,routing label references address; address-to-node mapping is unverified
references_route_next_hop,beida-cr-2,fe80::2:5,routing,dimension_sidecar,next_hop,routing.ipv6_route_nexthop_info,routing label references address; address-to-node mapping is unverified
references_route_next_hop,chengdu-br-1,240a:a023::1,routing,dimension_sidecar,next_hop,routing.ipv6_default_route_info|routing.ipv6_route_nexthop_info,routing label references address; address-to-node mapping is unverified
references_route_next_hop,chengdu-br-1,fe80::100:10:21,routing,dimension_sidecar,next_hop,routing.ipv6_route_nexthop_info,routing label references address; address-to-node mapping is unverified
references_route_next_hop,chengdu-br-1,fe80::100:10:41,routing,dimension_sidecar,next_hop,routing.ipv6_route_nexthop_info,routing label references address; address-to-node mapping is unverified
references_route_next_hop,chengdu-br-1,fe80::4:20:11,routing,dimension_sidecar,next_hop,routing.ipv6_route_nexthop_info,routing label references address; address-to-node mapping is unverified
references_route_next_hop,chengdu-br-1,fe80::4:20:12,routing,dimension_sidecar,next_hop,routing.ipv6_route_nexthop_info,routing label references address; address-to-node mapping is unverified
references_route_next_hop,chengdu-br-2,240a:a023::1,routing,dimension_sidecar,next_hop,routing.ipv6_default_route_info|routing.ipv6_route_nexthop_info,routing label references address; address-to-node mapping is unverified
references_route_next_hop,chengdu-br-2,fe80::100:10:22,routing,dimension_sidecar,next_hop,routing.ipv6_route_nexthop_info,routing label references address; address-to-node mapping is unverified
references_route_next_hop,chengdu-br-2,fe80::100:10:42,routing,dimension_sidecar,next_hop,routing.ipv6_route_nexthop_info,routing label references address; address-to-node mapping is unverified
references_route_next_hop,chengdu-br-2,fe80::4:20:11,routing,dimension_sidecar,next_hop,routing.ipv6_route_nexthop_info,routing label references address; address-to-node mapping is unverified
references_route_next_hop,chengdu-br-2,fe80::4:20:12,routing,dimension_sidecar,next_hop,routing.ipv6_route_nexthop_info,routing label references address; address-to-node mapping is unverified
references_route_next_hop,chengdu-cr-1,fd00:4:20::1,routing,dimension_sidecar,next_hop,routing.ipv6_default_route_info|routing.ipv6_route_nexthop_info,routing label references address; address-to-node mapping is unverified
references_route_next_hop,chengdu-cr-1,fd00:4:20::2,routing,dimension_sidecar,next_hop,routing.ipv6_default_route_info|routing.ipv6_route_nexthop_info,routing label references address; address-to-node mapping is unverified
references_route_next_hop,chengdu-cr-1,fd00:4:30::254,routing,dimension_sidecar,next_hop,routing.ipv6_route_nexthop_info,routing label references address; address-to-node mapping is unverified
references_route_next_hop,chengdu-cr-1,fe80::4:20:1,routing,dimension_sidecar,next_hop,routing.ipv6_route_nexthop_info,routing label references address; address-to-node mapping is unverified
references_route_next_hop,chengdu-cr-1,fe80::4:20:2,routing,dimension_sidecar,next_hop,routing.ipv6_route_nexthop_info,routing label references address; address-to-node mapping is unverified
references_route_next_hop,chengdu-cr-2,fd00:4:20::1,routing,dimension_sidecar,next_hop,routing.ipv6_default_route_info|routing.ipv6_route_nexthop_info,routing label references address; address-to-node mapping is unverified
references_route_next_hop,chengdu-cr-2,fd00:4:20::2,routing,dimension_sidecar,next_hop,routing.ipv6_default_route_info|routing.ipv6_route_nexthop_info,routing label references address; address-to-node mapping is unverified
references_route_next_hop,chengdu-cr-2,fd00:4:30::254,routing,dimension_sidecar,next_hop,routing.ipv6_route_nexthop_info,routing label references address; address-to-node mapping is unverified
references_route_next_hop,chengdu-cr-2,fe80::4:20:1,routing,dimension_sidecar,next_hop,routing.ipv6_route_nexthop_info,routing label references address; address-to-node mapping is unverified
references_route_next_hop,chengdu-cr-2,fe80::4:20:2,routing,dimension_sidecar,next_hop,routing.ipv6_route_nexthop_info,routing label references address; address-to-node mapping is unverified
references_route_next_hop,guangzhou-br-1,240a:a023::1,routing,dimension_sidecar,next_hop,routing.ipv6_default_route_info|routing.ipv6_route_nexthop_info,routing label references address; address-to-node mapping is unverified
references_route_next_hop,guangzhou-br-1,fe80::100:10:41,routing,dimension_sidecar,next_hop,routing.ipv6_route_nexthop_info,routing label references address; address-to-node mapping is unverified
references_route_next_hop,guangzhou-br-1,fe80::100:10:51,routing,dimension_sidecar,next_hop,routing.ipv6_route_nexthop_info,routing label references address; address-to-node mapping is unverified
references_route_next_hop,guangzhou-br-1,fe80::8:20:11,routing,dimension_sidecar,next_hop,routing.ipv6_route_nexthop_info,routing label references address; address-to-node mapping is unverified
references_route_next_hop,guangzhou-br-1,fe80::8:20:12,routing,dimension_sidecar,next_hop,routing.ipv6_route_nexthop_info,routing label references address; address-to-node mapping is unverified
references_route_next_hop,guangzhou-br-2,240a:a023::1,routing,dimension_sidecar,next_hop,routing.ipv6_default_route_info|routing.ipv6_route_nexthop_info,routing label references address; address-to-node mapping is unverified
references_route_next_hop,guangzhou-br-2,fe80::100:10:42,routing,dimension_sidecar,next_hop,routing.ipv6_route_nexthop_info,routing label references address; address-to-node mapping is unverified
references_route_next_hop,guangzhou-br-2,fe80::100:10:52,routing,dimension_sidecar,next_hop,routing.ipv6_route_nexthop_info,routing label references address; address-to-node mapping is unverified
references_route_next_hop,guangzhou-br-2,fe80::8:20:11,routing,dimension_sidecar,next_hop,routing.ipv6_route_nexthop_info,routing label references address; address-to-node mapping is unverified
references_route_next_hop,guangzhou-br-2,fe80::8:20:12,routing,dimension_sidecar,next_hop,routing.ipv6_route_nexthop_info,routing label references address; address-to-node mapping is unverified
references_route_next_hop,guangzhou-cr-1,fd00:8:20::1,routing,dimension_sidecar,next_hop,routing.ipv6_default_route_info|routing.ipv6_route_nexthop_info,routing label references address; address-to-node mapping is unverified
references_route_next_hop,guangzhou-cr-1,fd00:8:20::2,routing,dimension_sidecar,next_hop,routing.ipv6_default_route_info|routing.ipv6_route_nexthop_info,routing label references address; address-to-node mapping is unverified
references_route_next_hop,guangzhou-cr-1,fd00:8:30::254,routing,dimension_sidecar,next_hop,routing.ipv6_route_nexthop_info,routing label references address; address-to-node mapping is unverified
references_route_next_hop,guangzhou-cr-1,fe80::8:20:1,routing,dimension_sidecar,next_hop,routing.ipv6_route_nexthop_info,routing label references address; address-to-node mapping is unverified
references_route_next_hop,guangzhou-cr-1,fe80::8:20:2,routing,dimension_sidecar,next_hop,routing.ipv6_route_nexthop_info,routing label references address; address-to-node mapping is unverified
references_route_next_hop,guangzhou-cr-2,fd00:8:20::1,routing,dimension_sidecar,next_hop,routing.ipv6_default_route_info|routing.ipv6_route_nexthop_info,routing label references address; address-to-node mapping is unverified
references_route_next_hop,guangzhou-cr-2,fd00:8:20::2,routing,dimension_sidecar,next_hop,routing.ipv6_default_route_info|routing.ipv6_route_nexthop_info,routing label references address; address-to-node mapping is unverified
references_route_next_hop,guangzhou-cr-2,fd00:8:30::254,routing,dimension_sidecar,next_hop,routing.ipv6_route_nexthop_info,routing label references address; address-to-node mapping is unverified
references_route_next_hop,guangzhou-cr-2,fe80::8:20:1,routing,dimension_sidecar,next_hop,routing.ipv6_route_nexthop_info,routing label references address; address-to-node mapping is unverified
references_route_next_hop,guangzhou-cr-2,fe80::8:20:2,routing,dimension_sidecar,next_hop,routing.ipv6_route_nexthop_info,routing label references address; address-to-node mapping is unverified
references_route_next_hop,nanjing-br-1,240a:a023::1,routing,dimension_sidecar,next_hop,routing.ipv6_default_route_info|routing.ipv6_route_nexthop_info,routing label references address; address-to-node mapping is unverified
references_route_next_hop,nanjing-br-1,fe80::100:10:41,routing,dimension_sidecar,next_hop,routing.ipv6_route_nexthop_info,routing label references address; address-to-node mapping is unverified
references_route_next_hop,nanjing-br-1,fe80::100:10:51,routing,dimension_sidecar,next_hop,routing.ipv6_route_nexthop_info,routing label references address; address-to-node mapping is unverified
references_route_next_hop,nanjing-br-1,fe80::7:20:11,routing,dimension_sidecar,next_hop,routing.ipv6_route_nexthop_info,routing label references address; address-to-node mapping is unverified
references_route_next_hop,nanjing-br-1,fe80::7:20:12,routing,dimension_sidecar,next_hop,routing.ipv6_route_nexthop_info,routing label references address; address-to-node mapping is unverified
references_route_next_hop,nanjing-br-2,240a:a023::1,routing,dimension_sidecar,next_hop,routing.ipv6_default_route_info|routing.ipv6_route_nexthop_info,routing label references address; address-to-node mapping is unverified
references_route_next_hop,nanjing-br-2,fe80::100:10:42,routing,dimension_sidecar,next_hop,routing.ipv6_route_nexthop_info,routing label references address; address-to-node mapping is unverified
references_route_next_hop,nanjing-br-2,fe80::100:10:52,routing,dimension_sidecar,next_hop,routing.ipv6_route_nexthop_info,routing label references address; address-to-node mapping is unverified
references_route_next_hop,nanjing-br-2,fe80::7:20:11,routing,dimension_sidecar,next_hop,routing.ipv6_route_nexthop_info,routing label references address; address-to-node mapping is unverified
references_route_next_hop,nanjing-br-2,fe80::7:20:12,routing,dimension_sidecar,next_hop,routing.ipv6_route_nexthop_info,routing label references address; address-to-node mapping is unverified
references_route_next_hop,nanjing-cr-1,fd00:7:20::1,routing,dimension_sidecar,next_hop,routing.ipv6_default_route_info|routing.ipv6_route_nexthop_info,routing label references address; address-to-node mapping is unverified
references_route_next_hop,nanjing-cr-1,fd00:7:20::2,routing,dimension_sidecar,next_hop,routing.ipv6_default_route_info|routing.ipv6_route_nexthop_info,routing label references address; address-to-node mapping is unverified
references_route_next_hop,nanjing-cr-1,fd00:7:30::254,routing,dimension_sidecar,next_hop,routing.ipv6_route_nexthop_info,routing label references address; address-to-node mapping is unverified
references_route_next_hop,nanjing-cr-1,fe80::7:20:1,routing,dimension_sidecar,next_hop,routing.ipv6_route_nexthop_info,routing label references address; address-to-node mapping is unverified
references_route_next_hop,nanjing-cr-1,fe80::7:20:2,routing,dimension_sidecar,next_hop,routing.ipv6_route_nexthop_info,routing label references address; address-to-node mapping is unverified
references_route_next_hop,nanjing-cr-2,fd00:7:20::1,routing,dimension_sidecar,next_hop,routing.ipv6_default_route_info|routing.ipv6_route_nexthop_info,routing label references address; address-to-node mapping is unverified
references_route_next_hop,nanjing-cr-2,fd00:7:20::2,routing,dimension_sidecar,next_hop,routing.ipv6_default_route_info|routing.ipv6_route_nexthop_info,routing label references address; address-to-node mapping is unverified
references_route_next_hop,nanjing-cr-2,fd00:7:30::254,routing,dimension_sidecar,next_hop,routing.ipv6_route_nexthop_info,routing label references address; address-to-node mapping is unverified
references_route_next_hop,nanjing-cr-2,fe80::7:20:1,routing,dimension_sidecar,next_hop,routing.ipv6_route_nexthop_info,routing label references address; address-to-node mapping is unverified
references_route_next_hop,nanjing-cr-2,fe80::7:20:2,routing,dimension_sidecar,next_hop,routing.ipv6_route_nexthop_info,routing label references address; address-to-node mapping is unverified
references_route_next_hop,shanghai-br-1,240a:a023::1,routing,dimension_sidecar,next_hop,routing.ipv6_default_route_info|routing.ipv6_route_nexthop_info,routing label references address; address-to-node mapping is unverified
references_route_next_hop,shanghai-br-1,fe80::100:10:1,routing,dimension_sidecar,next_hop,routing.ipv6_route_nexthop_info,routing label references address; address-to-node mapping is unverified
references_route_next_hop,shanghai-br-1,fe80::100:10:11,routing,dimension_sidecar,next_hop,routing.ipv6_route_nexthop_info,routing label references address; address-to-node mapping is unverified
references_route_next_hop,shanghai-br-1,fe80::100:10:41,routing,dimension_sidecar,next_hop,routing.ipv6_route_nexthop_info,routing label references address; address-to-node mapping is unverified
references_route_next_hop,shanghai-br-1,fe80::100:10:61,routing,dimension_sidecar,next_hop,routing.ipv6_route_nexthop_info,routing label references address; address-to-node mapping is unverified
references_route_next_hop,shanghai-br-1,fe80::100:10:71,routing,dimension_sidecar,next_hop,routing.ipv6_route_nexthop_info,routing label references address; address-to-node mapping is unverified
references_route_next_hop,shanghai-br-1,fe80::6:20:11,routing,dimension_sidecar,next_hop,routing.ipv6_route_nexthop_info,routing label references address; address-to-node mapping is unverified
references_route_next_hop,shanghai-br-1,fe80::6:20:12,routing,dimension_sidecar,next_hop,routing.ipv6_route_nexthop_info,routing label references address; address-to-node mapping is unverified
references_route_next_hop,shanghai-br-2,240a:a023::1,routing,dimension_sidecar,next_hop,routing.ipv6_default_route_info|routing.ipv6_route_nexthop_info,routing label references address; address-to-node mapping is unverified
references_route_next_hop,shanghai-br-2,fe80::100:10:12,routing,dimension_sidecar,next_hop,routing.ipv6_route_nexthop_info,routing label references address; address-to-node mapping is unverified
references_route_next_hop,shanghai-br-2,fe80::100:10:2,routing,dimension_sidecar,next_hop,routing.ipv6_route_nexthop_info,routing label references address; address-to-node mapping is unverified
references_route_next_hop,shanghai-br-2,fe80::100:10:42,routing,dimension_sidecar,next_hop,routing.ipv6_route_nexthop_info,routing label references address; address-to-node mapping is unverified
references_route_next_hop,shanghai-br-2,fe80::100:10:62,routing,dimension_sidecar,next_hop,routing.ipv6_route_nexthop_info,routing label references address; address-to-node mapping is unverified
references_route_next_hop,shanghai-br-2,fe80::100:10:72,routing,dimension_sidecar,next_hop,routing.ipv6_route_nexthop_info,routing label references address; address-to-node mapping is unverified
references_route_next_hop,shanghai-br-2,fe80::6:20:11,routing,dimension_sidecar,next_hop,routing.ipv6_route_nexthop_info,routing label references address; address-to-node mapping is unverified
references_route_next_hop,shanghai-br-2,fe80::6:20:12,routing,dimension_sidecar,next_hop,routing.ipv6_route_nexthop_info,routing label references address; address-to-node mapping is unverified
references_route_next_hop,shanghai-cr-1,fd00:6:20::1,routing,dimension_sidecar,next_hop,routing.ipv6_default_route_info|routing.ipv6_route_nexthop_info,routing label references address; address-to-node mapping is unverified
references_route_next_hop,shanghai-cr-1,fd00:6:20::2,routing,dimension_sidecar,next_hop,routing.ipv6_default_route_info|routing.ipv6_route_nexthop_info,routing label references address; address-to-node mapping is unverified
references_route_next_hop,shanghai-cr-1,fd00:6:30::254,routing,dimension_sidecar,next_hop,routing.ipv6_route_nexthop_info,routing label references address; address-to-node mapping is unverified
references_route_next_hop,shanghai-cr-1,fe80::6:20:1,routing,dimension_sidecar,next_hop,routing.ipv6_route_nexthop_info,routing label references address; address-to-node mapping is unverified
references_route_next_hop,shanghai-cr-1,fe80::6:20:2,routing,dimension_sidecar,next_hop,routing.ipv6_route_nexthop_info,routing label references address; address-to-node mapping is unverified
references_route_next_hop,shanghai-cr-2,fd00:6:20::1,routing,dimension_sidecar,next_hop,routing.ipv6_default_route_info|routing.ipv6_route_nexthop_info,routing label references address; address-to-node mapping is unverified
references_route_next_hop,shanghai-cr-2,fd00:6:20::2,routing,dimension_sidecar,next_hop,routing.ipv6_default_route_info|routing.ipv6_route_nexthop_info,routing label references address; address-to-node mapping is unverified
references_route_next_hop,shanghai-cr-2,fd00:6:30::254,routing,dimension_sidecar,next_hop,routing.ipv6_route_nexthop_info,routing label references address; address-to-node mapping is unverified
references_route_next_hop,shanghai-cr-2,fe80::6:20:1,routing,dimension_sidecar,next_hop,routing.ipv6_route_nexthop_info,routing label references address; address-to-node mapping is unverified
references_route_next_hop,shanghai-cr-2,fe80::6:20:2,routing,dimension_sidecar,next_hop,routing.ipv6_route_nexthop_info,routing label references address; address-to-node mapping is unverified
references_route_next_hop,shenyang-br-1,240a:a023::1,routing,dimension_sidecar,next_hop,routing.ipv6_default_route_info|routing.ipv6_route_nexthop_info,routing label references address; address-to-node mapping is unverified
references_route_next_hop,shenyang-br-1,fe80::100:10:1,routing,dimension_sidecar,next_hop,routing.ipv6_route_nexthop_info,routing label references address; address-to-node mapping is unverified
references_route_next_hop,shenyang-br-1,fe80::100:10:51,routing,dimension_sidecar,next_hop,routing.ipv6_route_nexthop_info,routing label references address; address-to-node mapping is unverified
references_route_next_hop,shenyang-br-1,fe80::2:20:11,routing,dimension_sidecar,next_hop,routing.ipv6_route_nexthop_info,routing label references address; address-to-node mapping is unverified
references_route_next_hop,shenyang-br-1,fe80::2:20:12,routing,dimension_sidecar,next_hop,routing.ipv6_route_nexthop_info,routing label references address; address-to-node mapping is unverified
references_route_next_hop,shenyang-br-2,240a:a023::1,routing,dimension_sidecar,next_hop,routing.ipv6_default_route_info|routing.ipv6_route_nexthop_info,routing label references address; address-to-node mapping is unverified
references_route_next_hop,shenyang-br-2,fe80::100:10:2,routing,dimension_sidecar,next_hop,routing.ipv6_route_nexthop_info,routing label references address; address-to-node mapping is unverified
references_route_next_hop,shenyang-br-2,fe80::100:10:52,routing,dimension_sidecar,next_hop,routing.ipv6_route_nexthop_info,routing label references address; address-to-node mapping is unverified
references_route_next_hop,shenyang-br-2,fe80::2:20:11,routing,dimension_sidecar,next_hop,routing.ipv6_route_nexthop_info,routing label references address; address-to-node mapping is unverified
references_route_next_hop,shenyang-br-2,fe80::2:20:12,routing,dimension_sidecar,next_hop,routing.ipv6_route_nexthop_info,routing label references address; address-to-node mapping is unverified
references_route_next_hop,shenyang-cr-1,fd00:2:20::1,routing,dimension_sidecar,next_hop,routing.ipv6_default_route_info|routing.ipv6_route_nexthop_info,routing label references address; address-to-node mapping is unverified
references_route_next_hop,shenyang-cr-1,fd00:2:20::2,routing,dimension_sidecar,next_hop,routing.ipv6_default_route_info|routing.ipv6_route_nexthop_info,routing label references address; address-to-node mapping is unverified
references_route_next_hop,shenyang-cr-1,fd00:2:30::254,routing,dimension_sidecar,next_hop,routing.ipv6_route_nexthop_info,routing label references address; address-to-node mapping is unverified
references_route_next_hop,shenyang-cr-1,fe80::2:20:1,routing,dimension_sidecar,next_hop,routing.ipv6_route_nexthop_info,routing label references address; address-to-node mapping is unverified
references_route_next_hop,shenyang-cr-1,fe80::2:20:2,routing,dimension_sidecar,next_hop,routing.ipv6_route_nexthop_info,routing label references address; address-to-node mapping is unverified
references_route_next_hop,shenyang-cr-2,fd00:2:20::1,routing,dimension_sidecar,next_hop,routing.ipv6_default_route_info|routing.ipv6_route_nexthop_info,routing label references address; address-to-node mapping is unverified
references_route_next_hop,shenyang-cr-2,fd00:2:20::2,routing,dimension_sidecar,next_hop,routing.ipv6_default_route_info|routing.ipv6_route_nexthop_info,routing label references address; address-to-node mapping is unverified
references_route_next_hop,shenyang-cr-2,fd00:2:30::254,routing,dimension_sidecar,next_hop,routing.ipv6_route_nexthop_info,routing label references address; address-to-node mapping is unverified
references_route_next_hop,shenyang-cr-2,fe80::2:20:1,routing,dimension_sidecar,next_hop,routing.ipv6_route_nexthop_info,routing label references address; address-to-node mapping is unverified
references_route_next_hop,shenyang-cr-2,fe80::2:20:2,routing,dimension_sidecar,next_hop,routing.ipv6_route_nexthop_info,routing label references address; address-to-node mapping is unverified
references_route_next_hop,wuhan-br-1,240a:a023::1,routing,dimension_sidecar,next_hop,routing.ipv6_default_route_info|routing.ipv6_route_nexthop_info,routing label references address; address-to-node mapping is unverified
references_route_next_hop,wuhan-br-1,fe80::100:10:1,routing,dimension_sidecar,next_hop,routing.ipv6_route_nexthop_info,routing label references address; address-to-node mapping is unverified
references_route_next_hop,wuhan-br-1,fe80::100:10:21,routing,dimension_sidecar,next_hop,routing.ipv6_route_nexthop_info,routing label references address; address-to-node mapping is unverified
references_route_next_hop,wuhan-br-1,fe80::100:10:31,routing,dimension_sidecar,next_hop,routing.ipv6_route_nexthop_info,routing label references address; address-to-node mapping is unverified
references_route_next_hop,wuhan-br-1,fe80::100:10:51,routing,dimension_sidecar,next_hop,routing.ipv6_route_nexthop_info,routing label references address; address-to-node mapping is unverified
references_route_next_hop,wuhan-br-1,fe80::100:10:61,routing,dimension_sidecar,next_hop,routing.ipv6_route_nexthop_info,routing label references address; address-to-node mapping is unverified
references_route_next_hop,wuhan-br-1,fe80::100:10:71,routing,dimension_sidecar,next_hop,routing.ipv6_route_nexthop_info,routing label references address; address-to-node mapping is unverified
references_route_next_hop,wuhan-br-1,fe80::5:20:11,routing,dimension_sidecar,next_hop,routing.ipv6_route_nexthop_info,routing label references address; address-to-node mapping is unverified
references_route_next_hop,wuhan-br-1,fe80::5:20:12,routing,dimension_sidecar,next_hop,routing.ipv6_route_nexthop_info,routing label references address; address-to-node mapping is unverified
references_route_next_hop,wuhan-br-2,240a:a023::1,routing,dimension_sidecar,next_hop,routing.ipv6_default_route_info|routing.ipv6_route_nexthop_info,routing label references address; address-to-node mapping is unverified
references_route_next_hop,wuhan-br-2,fe80::100:10:2,routing,dimension_sidecar,next_hop,routing.ipv6_route_nexthop_info,routing label references address; address-to-node mapping is unverified
references_route_next_hop,wuhan-br-2,fe80::100:10:22,routing,dimension_sidecar,next_hop,routing.ipv6_route_nexthop_info,routing label references address; address-to-node mapping is unverified
references_route_next_hop,wuhan-br-2,fe80::100:10:32,routing,dimension_sidecar,next_hop,routing.ipv6_route_nexthop_info,routing label references address; address-to-node mapping is unverified
references_route_next_hop,wuhan-br-2,fe80::100:10:52,routing,dimension_sidecar,next_hop,routing.ipv6_route_nexthop_info,routing label references address; address-to-node mapping is unverified
references_route_next_hop,wuhan-br-2,fe80::100:10:62,routing,dimension_sidecar,next_hop,routing.ipv6_route_nexthop_info,routing label references address; address-to-node mapping is unverified
references_route_next_hop,wuhan-br-2,fe80::100:10:72,routing,dimension_sidecar,next_hop,routing.ipv6_route_nexthop_info,routing label references address; address-to-node mapping is unverified
references_route_next_hop,wuhan-br-2,fe80::5:20:11,routing,dimension_sidecar,next_hop,routing.ipv6_route_nexthop_info,routing label references address; address-to-node mapping is unverified
references_route_next_hop,wuhan-br-2,fe80::5:20:12,routing,dimension_sidecar,next_hop,routing.ipv6_route_nexthop_info,routing label references address; address-to-node mapping is unverified
references_route_next_hop,wuhan-cr-1,fd00:5:20::1,routing,dimension_sidecar,next_hop,routing.ipv6_default_route_info|routing.ipv6_route_nexthop_info,routing label references address; address-to-node mapping is unverified
references_route_next_hop,wuhan-cr-1,fd00:5:20::2,routing,dimension_sidecar,next_hop,routing.ipv6_default_route_info|routing.ipv6_route_nexthop_info,routing label references address; address-to-node mapping is unverified
references_route_next_hop,wuhan-cr-1,fd00:5:30::254,routing,dimension_sidecar,next_hop,routing.ipv6_route_nexthop_info,routing label references address; address-to-node mapping is unverified
references_route_next_hop,wuhan-cr-1,fe80::5:20:1,routing,dimension_sidecar,next_hop,routing.ipv6_route_nexthop_info,routing label references address; address-to-node mapping is unverified
references_route_next_hop,wuhan-cr-1,fe80::5:20:2,routing,dimension_sidecar,next_hop,routing.ipv6_route_nexthop_info,routing label references address; address-to-node mapping is unverified
references_route_next_hop,wuhan-cr-2,fd00:5:20::1,routing,dimension_sidecar,next_hop,routing.ipv6_default_route_info|routing.ipv6_route_nexthop_info,routing label references address; address-to-node mapping is unverified
references_route_next_hop,wuhan-cr-2,fd00:5:20::2,routing,dimension_sidecar,next_hop,routing.ipv6_default_route_info|routing.ipv6_route_nexthop_info,routing label references address; address-to-node mapping is unverified
references_route_next_hop,wuhan-cr-2,fd00:5:30::254,routing,dimension_sidecar,next_hop,routing.ipv6_route_nexthop_info,routing label references address; address-to-node mapping is unverified
references_route_next_hop,wuhan-cr-2,fe80::5:20:1,routing,dimension_sidecar,next_hop,routing.ipv6_route_nexthop_info,routing label references address; address-to-node mapping is unverified
references_route_next_hop,wuhan-cr-2,fe80::5:20:2,routing,dimension_sidecar,next_hop,routing.ipv6_route_nexthop_info,routing label references address; address-to-node mapping is unverified
references_route_next_hop,xian-br-1,240a:a023::1,routing,dimension_sidecar,next_hop,routing.ipv6_default_route_info|routing.ipv6_route_nexthop_info,routing label references address; address-to-node mapping is unverified
references_route_next_hop,xian-br-1,fe80::100:10:1,routing,dimension_sidecar,next_hop,routing.ipv6_route_nexthop_info,routing label references address; address-to-node mapping is unverified
references_route_next_hop,xian-br-1,fe80::100:10:31,routing,dimension_sidecar,next_hop,routing.ipv6_route_nexthop_info,routing label references address; address-to-node mapping is unverified
references_route_next_hop,xian-br-1,fe80::100:10:41,routing,dimension_sidecar,next_hop,routing.ipv6_route_nexthop_info,routing label references address; address-to-node mapping is unverified
references_route_next_hop,xian-br-1,fe80::3:20:11,routing,dimension_sidecar,next_hop,routing.ipv6_route_nexthop_info,routing label references address; address-to-node mapping is unverified
references_route_next_hop,xian-br-1,fe80::3:20:12,routing,dimension_sidecar,next_hop,routing.ipv6_route_nexthop_info,routing label references address; address-to-node mapping is unverified
references_route_next_hop,xian-br-2,240a:a023::1,routing,dimension_sidecar,next_hop,routing.ipv6_default_route_info|routing.ipv6_route_nexthop_info,routing label references address; address-to-node mapping is unverified
references_route_next_hop,xian-br-2,fe80::100:10:2,routing,dimension_sidecar,next_hop,routing.ipv6_route_nexthop_info,routing label references address; address-to-node mapping is unverified
references_route_next_hop,xian-br-2,fe80::100:10:32,routing,dimension_sidecar,next_hop,routing.ipv6_route_nexthop_info,routing label references address; address-to-node mapping is unverified
references_route_next_hop,xian-br-2,fe80::100:10:42,routing,dimension_sidecar,next_hop,routing.ipv6_route_nexthop_info,routing label references address; address-to-node mapping is unverified
references_route_next_hop,xian-br-2,fe80::3:20:11,routing,dimension_sidecar,next_hop,routing.ipv6_route_nexthop_info,routing label references address; address-to-node mapping is unverified
references_route_next_hop,xian-br-2,fe80::3:20:12,routing,dimension_sidecar,next_hop,routing.ipv6_route_nexthop_info,routing label references address; address-to-node mapping is unverified
references_route_next_hop,xian-cr-1,fd00:3:20::1,routing,dimension_sidecar,next_hop,routing.ipv6_default_route_info|routing.ipv6_route_nexthop_info,routing label references address; address-to-node mapping is unverified
references_route_next_hop,xian-cr-1,fd00:3:20::2,routing,dimension_sidecar,next_hop,routing.ipv6_default_route_info|routing.ipv6_route_nexthop_info,routing label references address; address-to-node mapping is unverified
references_route_next_hop,xian-cr-1,fd00:3:30::254,routing,dimension_sidecar,next_hop,routing.ipv6_route_nexthop_info,routing label references address; address-to-node mapping is unverified
references_route_next_hop,xian-cr-1,fe80::3:1:2,routing,dimension_sidecar,next_hop,routing.ipv6_route_nexthop_info,routing label references address; address-to-node mapping is unverified
references_route_next_hop,xian-cr-1,fe80::3:2:2,routing,dimension_sidecar,next_hop,routing.ipv6_route_nexthop_info,routing label references address; address-to-node mapping is unverified
references_route_next_hop,xian-cr-1,fe80::3:30:2,routing,dimension_sidecar,next_hop,routing.ipv6_route_nexthop_info,routing label references address; address-to-node mapping is unverified
references_route_next_hop,xian-cr-2,fd00:3:20::1,routing,dimension_sidecar,next_hop,routing.ipv6_default_route_info|routing.ipv6_route_nexthop_info,routing label references address; address-to-node mapping is unverified
references_route_next_hop,xian-cr-2,fd00:3:20::2,routing,dimension_sidecar,next_hop,routing.ipv6_default_route_info|routing.ipv6_route_nexthop_info,routing label references address; address-to-node mapping is unverified
references_route_next_hop,xian-cr-2,fd00:3:30::254,routing,dimension_sidecar,next_hop,routing.ipv6_route_nexthop_info,routing label references address; address-to-node mapping is unverified
references_route_next_hop,xian-cr-2,fe80::3:1:2,routing,dimension_sidecar,next_hop,routing.ipv6_route_nexthop_info,routing label references address; address-to-node mapping is unverified
references_route_next_hop,xian-cr-2,fe80::3:2:2,routing,dimension_sidecar,next_hop,routing.ipv6_route_nexthop_info,routing label references address; address-to-node mapping is unverified
references_route_peer,beida-br-1,fd00:100:10::11,routing,dimension_sidecar,peer,routing.bgp_peer_prefix_received|routing.bgp_peer_prefix_sent|routing.bgp_peer_up|routing.bgp_peer_uptime_seconds,routing label references address; address-to-node mapping is unverified
references_route_peer,beida-br-1,fd00:100:10::21,routing,dimension_sidecar,peer,routing.bgp_peer_prefix_received|routing.bgp_peer_prefix_sent|routing.bgp_peer_up|routing.bgp_peer_uptime_seconds,routing label references address; address-to-node mapping is unverified
references_route_peer,beida-br-1,fd00:100:10::41,routing,dimension_sidecar,peer,routing.bgp_peer_prefix_received|routing.bgp_peer_prefix_sent|routing.bgp_peer_up|routing.bgp_peer_uptime_seconds,routing label references address; address-to-node mapping is unverified
references_route_peer,beida-br-1,fd00:100:10::51,routing,dimension_sidecar,peer,routing.bgp_peer_prefix_received|routing.bgp_peer_prefix_sent|routing.bgp_peer_up|routing.bgp_peer_uptime_seconds,routing label references address; address-to-node mapping is unverified
references_route_peer,beida-br-2,fd00:100:10::12,routing,dimension_sidecar,peer,routing.bgp_peer_prefix_received|routing.bgp_peer_prefix_sent|routing.bgp_peer_up|routing.bgp_peer_uptime_seconds,routing label references address; address-to-node mapping is unverified
references_route_peer,beida-br-2,fd00:100:10::22,routing,dimension_sidecar,peer,routing.bgp_peer_prefix_received|routing.bgp_peer_prefix_sent|routing.bgp_peer_up|routing.bgp_peer_uptime_seconds,routing label references address; address-to-node mapping is unverified
references_route_peer,beida-br-2,fd00:100:10::42,routing,dimension_sidecar,peer,routing.bgp_peer_prefix_received|routing.bgp_peer_prefix_sent|routing.bgp_peer_up|routing.bgp_peer_uptime_seconds,routing label references address; address-to-node mapping is unverified
references_route_peer,beida-br-2,fd00:100:10::52,routing,dimension_sidecar,peer,routing.bgp_peer_prefix_received|routing.bgp_peer_prefix_sent|routing.bgp_peer_up|routing.bgp_peer_uptime_seconds,routing label references address; address-to-node mapping is unverified
references_route_peer,chengdu-br-1,fd00:100:10::21,routing,dimension_sidecar,peer,routing.bgp_peer_prefix_received|routing.bgp_peer_prefix_sent|routing.bgp_peer_up|routing.bgp_peer_uptime_seconds,routing label references address; address-to-node mapping is unverified
references_route_peer,chengdu-br-1,fd00:100:10::41,routing,dimension_sidecar,peer,routing.bgp_peer_prefix_received|routing.bgp_peer_prefix_sent|routing.bgp_peer_up|routing.bgp_peer_uptime_seconds,routing label references address; address-to-node mapping is unverified
references_route_peer,chengdu-br-2,fd00:100:10::22,routing,dimension_sidecar,peer,routing.bgp_peer_prefix_received|routing.bgp_peer_prefix_sent|routing.bgp_peer_up|routing.bgp_peer_uptime_seconds,routing label references address; address-to-node mapping is unverified
references_route_peer,chengdu-br-2,fd00:100:10::42,routing,dimension_sidecar,peer,routing.bgp_peer_prefix_received|routing.bgp_peer_prefix_sent|routing.bgp_peer_up|routing.bgp_peer_uptime_seconds,routing label references address; address-to-node mapping is unverified
references_route_peer,guangzhou-br-1,fd00:100:10::41,routing,dimension_sidecar,peer,routing.bgp_peer_prefix_received|routing.bgp_peer_prefix_sent|routing.bgp_peer_up|routing.bgp_peer_uptime_seconds,routing label references address; address-to-node mapping is unverified
references_route_peer,guangzhou-br-1,fd00:100:10::51,routing,dimension_sidecar,peer,routing.bgp_peer_prefix_received|routing.bgp_peer_prefix_sent|routing.bgp_peer_up|routing.bgp_peer_uptime_seconds,routing label references address; address-to-node mapping is unverified
references_route_peer,guangzhou-br-2,fd00:100:10::42,routing,dimension_sidecar,peer,routing.bgp_peer_prefix_received|routing.bgp_peer_prefix_sent|routing.bgp_peer_up|routing.bgp_peer_uptime_seconds,routing label references address; address-to-node mapping is unverified
references_route_peer,guangzhou-br-2,fd00:100:10::52,routing,dimension_sidecar,peer,routing.bgp_peer_prefix_received|routing.bgp_peer_prefix_sent|routing.bgp_peer_up|routing.bgp_peer_uptime_seconds,routing label references address; address-to-node mapping is unverified
references_route_peer,nanjing-br-1,fd00:100:10::41,routing,dimension_sidecar,peer,routing.bgp_peer_prefix_received|routing.bgp_peer_prefix_sent|routing.bgp_peer_up|routing.bgp_peer_uptime_seconds,routing label references address; address-to-node mapping is unverified
references_route_peer,nanjing-br-1,fd00:100:10::51,routing,dimension_sidecar,peer,routing.bgp_peer_prefix_received|routing.bgp_peer_prefix_sent|routing.bgp_peer_up|routing.bgp_peer_uptime_seconds,routing label references address; address-to-node mapping is unverified
references_route_peer,nanjing-br-2,fd00:100:10::42,routing,dimension_sidecar,peer,routing.bgp_peer_prefix_received|routing.bgp_peer_prefix_sent|routing.bgp_peer_up|routing.bgp_peer_uptime_seconds,routing label references address; address-to-node mapping is unverified
references_route_peer,nanjing-br-2,fd00:100:10::52,routing,dimension_sidecar,peer,routing.bgp_peer_prefix_received|routing.bgp_peer_prefix_sent|routing.bgp_peer_up|routing.bgp_peer_uptime_seconds,routing label references address; address-to-node mapping is unverified
references_route_peer,shanghai-br-1,fd00:100:10::1,routing,dimension_sidecar,peer,routing.bgp_peer_prefix_received|routing.bgp_peer_prefix_sent|routing.bgp_peer_up|routing.bgp_peer_uptime_seconds,routing label references address; address-to-node mapping is unverified
references_route_peer,shanghai-br-1,fd00:100:10::11,routing,dimension_sidecar,peer,routing.bgp_peer_prefix_received|routing.bgp_peer_prefix_sent|routing.bgp_peer_up|routing.bgp_peer_uptime_seconds,routing label references address; address-to-node mapping is unverified
references_route_peer,shanghai-br-1,fd00:100:10::41,routing,dimension_sidecar,peer,routing.bgp_peer_prefix_received|routing.bgp_peer_prefix_sent|routing.bgp_peer_up|routing.bgp_peer_uptime_seconds,routing label references address; address-to-node mapping is unverified
references_route_peer,shanghai-br-1,fd00:100:10::61,routing,dimension_sidecar,peer,routing.bgp_peer_prefix_received|routing.bgp_peer_prefix_sent|routing.bgp_peer_up|routing.bgp_peer_uptime_seconds,routing label references address; address-to-node mapping is unverified
references_route_peer,shanghai-br-1,fd00:100:10::71,routing,dimension_sidecar,peer,routing.bgp_peer_prefix_received|routing.bgp_peer_prefix_sent|routing.bgp_peer_up|routing.bgp_peer_uptime_seconds,routing label references address; address-to-node mapping is unverified
references_route_peer,shanghai-br-2,fd00:100:10::12,routing,dimension_sidecar,peer,routing.bgp_peer_prefix_received|routing.bgp_peer_prefix_sent|routing.bgp_peer_up|routing.bgp_peer_uptime_seconds,routing label references address; address-to-node mapping is unverified
references_route_peer,shanghai-br-2,fd00:100:10::2,routing,dimension_sidecar,peer,routing.bgp_peer_prefix_received|routing.bgp_peer_prefix_sent|routing.bgp_peer_up|routing.bgp_peer_uptime_seconds,routing label references address; address-to-node mapping is unverified
references_route_peer,shanghai-br-2,fd00:100:10::42,routing,dimension_sidecar,peer,routing.bgp_peer_prefix_received|routing.bgp_peer_prefix_sent|routing.bgp_peer_up|routing.bgp_peer_uptime_seconds,routing label references address; address-to-node mapping is unverified
references_route_peer,shanghai-br-2,fd00:100:10::62,routing,dimension_sidecar,peer,routing.bgp_peer_prefix_received|routing.bgp_peer_prefix_sent|routing.bgp_peer_up|routing.bgp_peer_uptime_seconds,routing label references address; address-to-node mapping is unverified
references_route_peer,shanghai-br-2,fd00:100:10::72,routing,dimension_sidecar,peer,routing.bgp_peer_prefix_received|routing.bgp_peer_prefix_sent|routing.bgp_peer_up|routing.bgp_peer_uptime_seconds,routing label references address; address-to-node mapping is unverified
references_route_peer,shenyang-br-1,fd00:100:10::1,routing,dimension_sidecar,peer,routing.bgp_peer_prefix_received|routing.bgp_peer_prefix_sent|routing.bgp_peer_up|routing.bgp_peer_uptime_seconds,routing label references address; address-to-node mapping is unverified
references_route_peer,shenyang-br-1,fd00:100:10::51,routing,dimension_sidecar,peer,routing.bgp_peer_prefix_received|routing.bgp_peer_prefix_sent|routing.bgp_peer_up|routing.bgp_peer_uptime_seconds,routing label references address; address-to-node mapping is unverified
references_route_peer,shenyang-br-2,fd00:100:10::2,routing,dimension_sidecar,peer,routing.bgp_peer_prefix_received|routing.bgp_peer_prefix_sent|routing.bgp_peer_up|routing.bgp_peer_uptime_seconds,routing label references address; address-to-node mapping is unverified
references_route_peer,shenyang-br-2,fd00:100:10::52,routing,dimension_sidecar,peer,routing.bgp_peer_prefix_received|routing.bgp_peer_prefix_sent|routing.bgp_peer_up|routing.bgp_peer_uptime_seconds,routing label references address; address-to-node mapping is unverified
references_route_peer,wuhan-br-1,fd00:100:10::1,routing,dimension_sidecar,peer,routing.bgp_peer_prefix_received|routing.bgp_peer_prefix_sent|routing.bgp_peer_up|routing.bgp_peer_uptime_seconds,routing label references address; address-to-node mapping is unverified
references_route_peer,wuhan-br-1,fd00:100:10::21,routing,dimension_sidecar,peer,routing.bgp_peer_prefix_received|routing.bgp_peer_prefix_sent|routing.bgp_peer_up|routing.bgp_peer_uptime_seconds,routing label references address; address-to-node mapping is unverified
references_route_peer,wuhan-br-1,fd00:100:10::31,routing,dimension_sidecar,peer,routing.bgp_peer_prefix_received|routing.bgp_peer_prefix_sent|routing.bgp_peer_up|routing.bgp_peer_uptime_seconds,routing label references address; address-to-node mapping is unverified
references_route_peer,wuhan-br-1,fd00:100:10::51,routing,dimension_sidecar,peer,routing.bgp_peer_prefix_received|routing.bgp_peer_prefix_sent|routing.bgp_peer_up|routing.bgp_peer_uptime_seconds,routing label references address; address-to-node mapping is unverified
references_route_peer,wuhan-br-1,fd00:100:10::61,routing,dimension_sidecar,peer,routing.bgp_peer_prefix_received|routing.bgp_peer_prefix_sent|routing.bgp_peer_up|routing.bgp_peer_uptime_seconds,routing label references address; address-to-node mapping is unverified
references_route_peer,wuhan-br-1,fd00:100:10::71,routing,dimension_sidecar,peer,routing.bgp_peer_prefix_received|routing.bgp_peer_prefix_sent|routing.bgp_peer_up|routing.bgp_peer_uptime_seconds,routing label references address; address-to-node mapping is unverified
references_route_peer,wuhan-br-2,fd00:100:10::2,routing,dimension_sidecar,peer,routing.bgp_peer_prefix_received|routing.bgp_peer_prefix_sent|routing.bgp_peer_up|routing.bgp_peer_uptime_seconds,routing label references address; address-to-node mapping is unverified
references_route_peer,wuhan-br-2,fd00:100:10::22,routing,dimension_sidecar,peer,routing.bgp_peer_prefix_received|routing.bgp_peer_prefix_sent|routing.bgp_peer_up|routing.bgp_peer_uptime_seconds,routing label references address; address-to-node mapping is unverified
references_route_peer,wuhan-br-2,fd00:100:10::32,routing,dimension_sidecar,peer,routing.bgp_peer_prefix_received|routing.bgp_peer_prefix_sent|routing.bgp_peer_up|routing.bgp_peer_uptime_seconds,routing label references address; address-to-node mapping is unverified
references_route_peer,wuhan-br-2,fd00:100:10::52,routing,dimension_sidecar,peer,routing.bgp_peer_prefix_received|routing.bgp_peer_prefix_sent|routing.bgp_peer_up|routing.bgp_peer_uptime_seconds,routing label references address; address-to-node mapping is unverified
references_route_peer,wuhan-br-2,fd00:100:10::62,routing,dimension_sidecar,peer,routing.bgp_peer_prefix_received|routing.bgp_peer_prefix_sent|routing.bgp_peer_up|routing.bgp_peer_uptime_seconds,routing label references address; address-to-node mapping is unverified
references_route_peer,wuhan-br-2,fd00:100:10::72,routing,dimension_sidecar,peer,routing.bgp_peer_prefix_received|routing.bgp_peer_prefix_sent|routing.bgp_peer_up|routing.bgp_peer_uptime_seconds,routing label references address; address-to-node mapping is unverified
references_route_peer,xian-br-1,fd00:100:10::1,routing,dimension_sidecar,peer,routing.bgp_peer_prefix_received|routing.bgp_peer_prefix_sent|routing.bgp_peer_up|routing.bgp_peer_uptime_seconds,routing label references address; address-to-node mapping is unverified
references_route_peer,xian-br-1,fd00:100:10::31,routing,dimension_sidecar,peer,routing.bgp_peer_prefix_received|routing.bgp_peer_prefix_sent|routing.bgp_peer_up|routing.bgp_peer_uptime_seconds,routing label references address; address-to-node mapping is unverified
references_route_peer,xian-br-1,fd00:100:10::41,routing,dimension_sidecar,peer,routing.bgp_peer_prefix_received|routing.bgp_peer_prefix_sent|routing.bgp_peer_up|routing.bgp_peer_uptime_seconds,routing label references address; address-to-node mapping is unverified
references_route_peer,xian-br-2,fd00:100:10::2,routing,dimension_sidecar,peer,routing.bgp_peer_prefix_received|routing.bgp_peer_prefix_sent|routing.bgp_peer_up|routing.bgp_peer_uptime_seconds,routing label references address; address-to-node mapping is unverified
references_route_peer,xian-br-2,fd00:100:10::32,routing,dimension_sidecar,peer,routing.bgp_peer_prefix_received|routing.bgp_peer_prefix_sent|routing.bgp_peer_up|routing.bgp_peer_uptime_seconds,routing label references address; address-to-node mapping is unverified
references_route_peer,xian-br-2,fd00:100:10::42,routing,dimension_sidecar,peer,routing.bgp_peer_prefix_received|routing.bgp_peer_prefix_sent|routing.bgp_peer_up|routing.bgp_peer_uptime_seconds,routing label references address; address-to-node mapping is unverified
service_domain_targets_city,auth01.wuhan.aiops.local,wuhan,traffic,dimension_sidecar,target_domain|target_region,traffic.auth.active|traffic.auth.active_seconds_rate|traffic.auth.batch_concurrency|traffic.auth.batch_duration_seconds|traffic.auth.batches_completed_rate|traffic.auth.batches_failed_rate|traffic.auth.batches_started_rate|traffic.auth.batches_timeout_rate|traffic.auth.bytes_received_rate|traffic.auth.bytes_sent_rate|traffic.auth.duration_seconds_count_rate|traffic.auth.duration_seconds_sum_rate|traffic.auth.error_rate|traffic.auth.error_ratio|traffic.auth.error_ratio_weighted_denominator|traffic.auth.error_ratio_weighted_numerator|traffic.auth.last_batch_timestamp_seconds|traffic.auth.latency_mean_seconds|traffic.auth.latency_p95_seconds|traffic.auth.observed_qps|traffic.auth.request_latency_seconds_bucket_rate_le_0_01|traffic.auth.request_latency_seconds_bucket_rate_le_0_025|traffic.auth.request_latency_seconds_bucket_rate_le_0_05|traffic.auth.request_latency_seconds_bucket_rate_le_0_1|traffic.auth.request_latency_seconds_bucket_rate_le_0_25|traffic.auth.request_latency_seconds_bucket_rate_le_0_5|traffic.auth.request_latency_seconds_bucket_rate_le_1|traffic.auth.request_latency_seconds_bucket_rate_le_2_5|traffic.auth.request_latency_seconds_bucket_rate_le_5|traffic.auth.request_latency_seconds_bucket_rate_le_plus_inf|traffic.auth.request_latency_seconds_count_rate|traffic.auth.request_latency_seconds_sum_rate|traffic.auth.requests_rate|traffic.auth.success_rate|traffic.auth.success_ratio,target city is observed; service instance is unverified
service_domain_targets_city,dns.beida.aiops.local,beida,traffic,dimension_sidecar,target_domain|target_region,traffic.dns.active|traffic.dns.active_seconds_rate|traffic.dns.batch_concurrency|traffic.dns.batch_duration_seconds|traffic.dns.batches_completed_rate|traffic.dns.batches_failed_rate|traffic.dns.batches_started_rate|traffic.dns.batches_timeout_rate|traffic.dns.bytes_received_rate|traffic.dns.bytes_sent_rate|traffic.dns.duration_seconds_count_rate|traffic.dns.duration_seconds_sum_rate|traffic.dns.error_rate|traffic.dns.error_ratio|traffic.dns.error_ratio_weighted_denominator|traffic.dns.error_ratio_weighted_numerator|traffic.dns.last_batch_timestamp_seconds|traffic.dns.latency_mean_seconds|traffic.dns.latency_p95_seconds|traffic.dns.observed_qps|traffic.dns.request_latency_seconds_bucket_rate_le_0_01|traffic.dns.request_latency_seconds_bucket_rate_le_0_025|traffic.dns.request_latency_seconds_bucket_rate_le_0_05|traffic.dns.request_latency_seconds_bucket_rate_le_0_1|traffic.dns.request_latency_seconds_bucket_rate_le_0_25|traffic.dns.request_latency_seconds_bucket_rate_le_0_5|traffic.dns.request_latency_seconds_bucket_rate_le_1|traffic.dns.request_latency_seconds_bucket_rate_le_2_5|traffic.dns.request_latency_seconds_bucket_rate_le_5|traffic.dns.request_latency_seconds_bucket_rate_le_plus_inf|traffic.dns.request_latency_seconds_count_rate|traffic.dns.request_latency_seconds_sum_rate|traffic.dns.requests_rate|traffic.dns.success_rate|traffic.dns.success_ratio,target city is observed; service instance is unverified
service_domain_targets_city,elephant01.chengdu.aiops.local,chengdu,traffic,dimension_sidecar,target_domain|target_region,traffic.elephant.active|traffic.elephant.active_seconds_rate|traffic.elephant.batch_concurrency|traffic.elephant.batch_duration_seconds|traffic.elephant.batches_completed_rate|traffic.elephant.batches_failed_rate|traffic.elephant.batches_started_rate|traffic.elephant.batches_timeout_rate|traffic.elephant.bytes_received_rate|traffic.elephant.bytes_sent_rate|traffic.elephant.duration_seconds_count_rate|traffic.elephant.duration_seconds_sum_rate|traffic.elephant.error_rate|traffic.elephant.error_ratio|traffic.elephant.error_ratio_weighted_denominator|traffic.elephant.error_ratio_weighted_numerator|traffic.elephant.jitter_seconds|traffic.elephant.last_batch_timestamp_seconds|traffic.elephant.loss_rate|traffic.elephant.requests_rate|traffic.elephant.retransmits_rate|traffic.elephant.success_rate|traffic.elephant.success_ratio|traffic.elephant.throughput_bps,target city is observed; service instance is unverified
service_domain_targets_city,elephant01.guangzhou.aiops.local,guangzhou,traffic,dimension_sidecar,target_domain|target_region,traffic.elephant.active|traffic.elephant.active_seconds_rate|traffic.elephant.batch_concurrency|traffic.elephant.batch_duration_seconds|traffic.elephant.batches_completed_rate|traffic.elephant.batches_failed_rate|traffic.elephant.batches_started_rate|traffic.elephant.batches_timeout_rate|traffic.elephant.bytes_received_rate|traffic.elephant.bytes_sent_rate|traffic.elephant.duration_seconds_count_rate|traffic.elephant.duration_seconds_sum_rate|traffic.elephant.error_rate|traffic.elephant.error_ratio|traffic.elephant.error_ratio_weighted_denominator|traffic.elephant.error_ratio_weighted_numerator|traffic.elephant.jitter_seconds|traffic.elephant.last_batch_timestamp_seconds|traffic.elephant.loss_rate|traffic.elephant.requests_rate|traffic.elephant.retransmits_rate|traffic.elephant.success_rate|traffic.elephant.success_ratio|traffic.elephant.throughput_bps,target city is observed; service instance is unverified
service_domain_targets_city,elephant01.nanjing.aiops.local,nanjing,traffic,dimension_sidecar,target_domain|target_region,traffic.elephant.active|traffic.elephant.active_seconds_rate|traffic.elephant.batch_concurrency|traffic.elephant.batch_duration_seconds|traffic.elephant.batches_completed_rate|traffic.elephant.batches_failed_rate|traffic.elephant.batches_started_rate|traffic.elephant.batches_timeout_rate|traffic.elephant.bytes_received_rate|traffic.elephant.bytes_sent_rate|traffic.elephant.duration_seconds_count_rate|traffic.elephant.duration_seconds_sum_rate|traffic.elephant.error_rate|traffic.elephant.error_ratio|traffic.elephant.error_ratio_weighted_denominator|traffic.elephant.error_ratio_weighted_numerator|traffic.elephant.jitter_seconds|traffic.elephant.last_batch_timestamp_seconds|traffic.elephant.loss_rate|traffic.elephant.requests_rate|traffic.elephant.retransmits_rate|traffic.elephant.success_rate|traffic.elephant.success_ratio|traffic.elephant.throughput_bps,target city is observed; service instance is unverified
service_domain_targets_city,elephant01.shenyang.aiops.local,shenyang,traffic,dimension_sidecar,target_domain|target_region,traffic.elephant.active|traffic.elephant.active_seconds_rate|traffic.elephant.batch_concurrency|traffic.elephant.batch_duration_seconds|traffic.elephant.batches_completed_rate|traffic.elephant.batches_failed_rate|traffic.elephant.batches_started_rate|traffic.elephant.batches_timeout_rate|traffic.elephant.bytes_received_rate|traffic.elephant.bytes_sent_rate|traffic.elephant.duration_seconds_count_rate|traffic.elephant.duration_seconds_sum_rate|traffic.elephant.error_rate|traffic.elephant.error_ratio|traffic.elephant.error_ratio_weighted_denominator|traffic.elephant.error_ratio_weighted_numerator|traffic.elephant.jitter_seconds|traffic.elephant.last_batch_timestamp_seconds|traffic.elephant.loss_rate|traffic.elephant.requests_rate|traffic.elephant.retransmits_rate|traffic.elephant.success_rate|traffic.elephant.success_ratio|traffic.elephant.throughput_bps,target city is observed; service instance is unverified
service_domain_targets_city,elephant01.xian.aiops.local,xian,traffic,dimension_sidecar,target_domain|target_region,traffic.elephant.active|traffic.elephant.active_seconds_rate|traffic.elephant.batch_concurrency|traffic.elephant.batch_duration_seconds|traffic.elephant.batches_completed_rate|traffic.elephant.batches_failed_rate|traffic.elephant.batches_started_rate|traffic.elephant.batches_timeout_rate|traffic.elephant.bytes_received_rate|traffic.elephant.bytes_sent_rate|traffic.elephant.duration_seconds_count_rate|traffic.elephant.duration_seconds_sum_rate|traffic.elephant.error_rate|traffic.elephant.error_ratio|traffic.elephant.error_ratio_weighted_denominator|traffic.elephant.error_ratio_weighted_numerator|traffic.elephant.jitter_seconds|traffic.elephant.last_batch_timestamp_seconds|traffic.elephant.loss_rate|traffic.elephant.requests_rate|traffic.elephant.retransmits_rate|traffic.elephant.success_rate|traffic.elephant.success_ratio|traffic.elephant.throughput_bps,target city is observed; service instance is unverified
service_domain_targets_city,elephant02.beida.aiops.local,beida,traffic,dimension_sidecar,target_domain|target_region,traffic.elephant.active|traffic.elephant.active_seconds_rate|traffic.elephant.batch_concurrency|traffic.elephant.batch_duration_seconds|traffic.elephant.batches_completed_rate|traffic.elephant.batches_failed_rate|traffic.elephant.batches_started_rate|traffic.elephant.batches_timeout_rate|traffic.elephant.bytes_received_rate|traffic.elephant.bytes_sent_rate|traffic.elephant.duration_seconds_count_rate|traffic.elephant.duration_seconds_sum_rate|traffic.elephant.error_rate|traffic.elephant.last_batch_timestamp_seconds|traffic.elephant.requests_rate|traffic.elephant.retransmits_rate|traffic.elephant.success_rate,target city is observed; service instance is unverified
service_domain_targets_city,elephant02.chengdu.aiops.local,chengdu,traffic,dimension_sidecar,target_domain|target_region,traffic.elephant.active|traffic.elephant.active_seconds_rate|traffic.elephant.batch_concurrency|traffic.elephant.batch_duration_seconds|traffic.elephant.batches_completed_rate|traffic.elephant.batches_failed_rate|traffic.elephant.batches_started_rate|traffic.elephant.batches_timeout_rate|traffic.elephant.bytes_received_rate|traffic.elephant.bytes_sent_rate|traffic.elephant.duration_seconds_count_rate|traffic.elephant.duration_seconds_sum_rate|traffic.elephant.error_rate|traffic.elephant.error_ratio|traffic.elephant.error_ratio_weighted_denominator|traffic.elephant.error_ratio_weighted_numerator|traffic.elephant.jitter_seconds|traffic.elephant.last_batch_timestamp_seconds|traffic.elephant.loss_rate|traffic.elephant.requests_rate|traffic.elephant.retransmits_rate|traffic.elephant.success_rate|traffic.elephant.success_ratio|traffic.elephant.throughput_bps,target city is observed; service instance is unverified
service_domain_targets_city,elephant02.guangzhou.aiops.local,guangzhou,traffic,dimension_sidecar,target_domain|target_region,traffic.elephant.active|traffic.elephant.active_seconds_rate|traffic.elephant.batch_concurrency|traffic.elephant.batch_duration_seconds|traffic.elephant.batches_completed_rate|traffic.elephant.batches_failed_rate|traffic.elephant.batches_started_rate|traffic.elephant.batches_timeout_rate|traffic.elephant.bytes_received_rate|traffic.elephant.bytes_sent_rate|traffic.elephant.duration_seconds_count_rate|traffic.elephant.duration_seconds_sum_rate|traffic.elephant.error_rate|traffic.elephant.error_ratio|traffic.elephant.error_ratio_weighted_denominator|traffic.elephant.error_ratio_weighted_numerator|traffic.elephant.jitter_seconds|traffic.elephant.last_batch_timestamp_seconds|traffic.elephant.loss_rate|traffic.elephant.requests_rate|traffic.elephant.retransmits_rate|traffic.elephant.success_rate|traffic.elephant.success_ratio|traffic.elephant.throughput_bps,target city is observed; service instance is unverified
service_domain_targets_city,elephant02.nanjing.aiops.local,nanjing,traffic,dimension_sidecar,target_domain|target_region,traffic.elephant.active|traffic.elephant.active_seconds_rate|traffic.elephant.batch_concurrency|traffic.elephant.batch_duration_seconds|traffic.elephant.batches_completed_rate|traffic.elephant.batches_failed_rate|traffic.elephant.batches_started_rate|traffic.elephant.batches_timeout_rate|traffic.elephant.bytes_received_rate|traffic.elephant.bytes_sent_rate|traffic.elephant.duration_seconds_count_rate|traffic.elephant.duration_seconds_sum_rate|traffic.elephant.error_rate|traffic.elephant.error_ratio|traffic.elephant.error_ratio_weighted_denominator|traffic.elephant.error_ratio_weighted_numerator|traffic.elephant.jitter_seconds|traffic.elephant.last_batch_timestamp_seconds|traffic.elephant.loss_rate|traffic.elephant.requests_rate|traffic.elephant.retransmits_rate|traffic.elephant.success_rate|traffic.elephant.success_ratio|traffic.elephant.throughput_bps,target city is observed; service instance is unverified
service_domain_targets_city,elephant02.shanghai.aiops.local,shanghai,traffic,dimension_sidecar,target_domain|target_region,traffic.elephant.active|traffic.elephant.active_seconds_rate|traffic.elephant.batch_concurrency|traffic.elephant.batch_duration_seconds|traffic.elephant.batches_completed_rate|traffic.elephant.batches_failed_rate|traffic.elephant.batches_started_rate|traffic.elephant.batches_timeout_rate|traffic.elephant.bytes_received_rate|traffic.elephant.bytes_sent_rate|traffic.elephant.duration_seconds_count_rate|traffic.elephant.duration_seconds_sum_rate|traffic.elephant.error_rate|traffic.elephant.last_batch_timestamp_seconds|traffic.elephant.requests_rate|traffic.elephant.retransmits_rate|traffic.elephant.success_rate,target city is observed; service instance is unverified
service_domain_targets_city,elephant02.shenyang.aiops.local,shenyang,traffic,dimension_sidecar,target_domain|target_region,traffic.elephant.active|traffic.elephant.active_seconds_rate|traffic.elephant.batch_concurrency|traffic.elephant.batch_duration_seconds|traffic.elephant.batches_completed_rate|traffic.elephant.batches_failed_rate|traffic.elephant.batches_started_rate|traffic.elephant.batches_timeout_rate|traffic.elephant.bytes_received_rate|traffic.elephant.bytes_sent_rate|traffic.elephant.duration_seconds_count_rate|traffic.elephant.duration_seconds_sum_rate|traffic.elephant.error_rate|traffic.elephant.error_ratio|traffic.elephant.error_ratio_weighted_denominator|traffic.elephant.error_ratio_weighted_numerator|traffic.elephant.jitter_seconds|traffic.elephant.last_batch_timestamp_seconds|traffic.elephant.loss_rate|traffic.elephant.requests_rate|traffic.elephant.retransmits_rate|traffic.elephant.success_rate|traffic.elephant.success_ratio|traffic.elephant.throughput_bps,target city is observed; service instance is unverified
service_domain_targets_city,elephant02.wuhan.aiops.local,wuhan,traffic,dimension_sidecar,target_domain|target_region,traffic.elephant.active|traffic.elephant.active_seconds_rate|traffic.elephant.batch_concurrency|traffic.elephant.batch_duration_seconds|traffic.elephant.batches_completed_rate|traffic.elephant.batches_failed_rate|traffic.elephant.batches_started_rate|traffic.elephant.batches_timeout_rate|traffic.elephant.bytes_received_rate|traffic.elephant.bytes_sent_rate|traffic.elephant.duration_seconds_count_rate|traffic.elephant.duration_seconds_sum_rate|traffic.elephant.error_rate|traffic.elephant.error_ratio|traffic.elephant.error_ratio_weighted_denominator|traffic.elephant.error_ratio_weighted_numerator|traffic.elephant.jitter_seconds|traffic.elephant.last_batch_timestamp_seconds|traffic.elephant.loss_rate|traffic.elephant.requests_rate|traffic.elephant.retransmits_rate|traffic.elephant.success_rate|traffic.elephant.success_ratio|traffic.elephant.throughput_bps,target city is observed; service instance is unverified
service_domain_targets_city,elephant02.xian.aiops.local,xian,traffic,dimension_sidecar,target_domain|target_region,traffic.elephant.active|traffic.elephant.active_seconds_rate|traffic.elephant.batch_concurrency|traffic.elephant.batch_duration_seconds|traffic.elephant.batches_completed_rate|traffic.elephant.batches_failed_rate|traffic.elephant.batches_started_rate|traffic.elephant.batches_timeout_rate|traffic.elephant.bytes_received_rate|traffic.elephant.bytes_sent_rate|traffic.elephant.duration_seconds_count_rate|traffic.elephant.duration_seconds_sum_rate|traffic.elephant.error_rate|traffic.elephant.error_ratio|traffic.elephant.error_ratio_weighted_denominator|traffic.elephant.error_ratio_weighted_numerator|traffic.elephant.jitter_seconds|traffic.elephant.last_batch_timestamp_seconds|traffic.elephant.loss_rate|traffic.elephant.requests_rate|traffic.elephant.retransmits_rate|traffic.elephant.success_rate|traffic.elephant.success_ratio|traffic.elephant.throughput_bps,target city is observed; service instance is unverified
service_domain_targets_city,elephant03.beida.aiops.local,beida,traffic,dimension_sidecar,target_domain|target_region,traffic.elephant.active|traffic.elephant.active_seconds_rate|traffic.elephant.batch_concurrency|traffic.elephant.batch_duration_seconds|traffic.elephant.batches_completed_rate|traffic.elephant.batches_failed_rate|traffic.elephant.batches_started_rate|traffic.elephant.batches_timeout_rate|traffic.elephant.bytes_received_rate|traffic.elephant.bytes_sent_rate|traffic.elephant.duration_seconds_count_rate|traffic.elephant.duration_seconds_sum_rate|traffic.elephant.error_rate|traffic.elephant.last_batch_timestamp_seconds|traffic.elephant.requests_rate|traffic.elephant.retransmits_rate|traffic.elephant.success_rate,target city is observed; service instance is unverified
service_domain_targets_city,elephant03.chengdu.aiops.local,chengdu,traffic,dimension_sidecar,target_domain|target_region,traffic.elephant.active|traffic.elephant.active_seconds_rate|traffic.elephant.batch_concurrency|traffic.elephant.batch_duration_seconds|traffic.elephant.batches_completed_rate|traffic.elephant.batches_failed_rate|traffic.elephant.batches_started_rate|traffic.elephant.batches_timeout_rate|traffic.elephant.bytes_received_rate|traffic.elephant.bytes_sent_rate|traffic.elephant.duration_seconds_count_rate|traffic.elephant.duration_seconds_sum_rate|traffic.elephant.error_rate|traffic.elephant.error_ratio|traffic.elephant.error_ratio_weighted_denominator|traffic.elephant.error_ratio_weighted_numerator|traffic.elephant.jitter_seconds|traffic.elephant.last_batch_timestamp_seconds|traffic.elephant.loss_rate|traffic.elephant.requests_rate|traffic.elephant.retransmits_rate|traffic.elephant.success_rate|traffic.elephant.success_ratio|traffic.elephant.throughput_bps,target city is observed; service instance is unverified
service_domain_targets_city,elephant03.guangzhou.aiops.local,guangzhou,traffic,dimension_sidecar,target_domain|target_region,traffic.elephant.active|traffic.elephant.active_seconds_rate|traffic.elephant.batch_concurrency|traffic.elephant.batch_duration_seconds|traffic.elephant.batches_completed_rate|traffic.elephant.batches_failed_rate|traffic.elephant.batches_started_rate|traffic.elephant.batches_timeout_rate|traffic.elephant.bytes_received_rate|traffic.elephant.bytes_sent_rate|traffic.elephant.duration_seconds_count_rate|traffic.elephant.duration_seconds_sum_rate|traffic.elephant.error_rate|traffic.elephant.error_ratio|traffic.elephant.error_ratio_weighted_denominator|traffic.elephant.error_ratio_weighted_numerator|traffic.elephant.jitter_seconds|traffic.elephant.last_batch_timestamp_seconds|traffic.elephant.loss_rate|traffic.elephant.requests_rate|traffic.elephant.retransmits_rate|traffic.elephant.success_rate|traffic.elephant.success_ratio|traffic.elephant.throughput_bps,target city is observed; service instance is unverified
service_domain_targets_city,elephant03.nanjing.aiops.local,nanjing,traffic,dimension_sidecar,target_domain|target_region,traffic.elephant.active|traffic.elephant.active_seconds_rate|traffic.elephant.batch_concurrency|traffic.elephant.batch_duration_seconds|traffic.elephant.batches_completed_rate|traffic.elephant.batches_failed_rate|traffic.elephant.batches_started_rate|traffic.elephant.batches_timeout_rate|traffic.elephant.bytes_received_rate|traffic.elephant.bytes_sent_rate|traffic.elephant.duration_seconds_count_rate|traffic.elephant.duration_seconds_sum_rate|traffic.elephant.error_rate|traffic.elephant.last_batch_timestamp_seconds|traffic.elephant.requests_rate|traffic.elephant.retransmits_rate|traffic.elephant.success_rate,target city is observed; service instance is unverified
service_domain_targets_city,elephant03.shanghai.aiops.local,shanghai,traffic,dimension_sidecar,target_domain|target_region,traffic.elephant.active|traffic.elephant.active_seconds_rate|traffic.elephant.batch_concurrency|traffic.elephant.batch_duration_seconds|traffic.elephant.batches_completed_rate|traffic.elephant.batches_failed_rate|traffic.elephant.batches_started_rate|traffic.elephant.batches_timeout_rate|traffic.elephant.bytes_received_rate|traffic.elephant.bytes_sent_rate|traffic.elephant.duration_seconds_count_rate|traffic.elephant.duration_seconds_sum_rate|traffic.elephant.error_rate|traffic.elephant.last_batch_timestamp_seconds|traffic.elephant.requests_rate|traffic.elephant.retransmits_rate|traffic.elephant.success_rate,target city is observed; service instance is unverified
service_domain_targets_city,elephant03.shenyang.aiops.local,shenyang,traffic,dimension_sidecar,target_domain|target_region,traffic.elephant.active|traffic.elephant.active_seconds_rate|traffic.elephant.batch_concurrency|traffic.elephant.batch_duration_seconds|traffic.elephant.batches_completed_rate|traffic.elephant.batches_failed_rate|traffic.elephant.batches_started_rate|traffic.elephant.batches_timeout_rate|traffic.elephant.bytes_received_rate|traffic.elephant.bytes_sent_rate|traffic.elephant.duration_seconds_count_rate|traffic.elephant.duration_seconds_sum_rate|traffic.elephant.error_rate|traffic.elephant.error_ratio|traffic.elephant.error_ratio_weighted_denominator|traffic.elephant.error_ratio_weighted_numerator|traffic.elephant.jitter_seconds|traffic.elephant.last_batch_timestamp_seconds|traffic.elephant.loss_rate|traffic.elephant.requests_rate|traffic.elephant.retransmits_rate|traffic.elephant.success_rate|traffic.elephant.success_ratio|traffic.elephant.throughput_bps,target city is observed; service instance is unverified
service_domain_targets_city,elephant03.wuhan.aiops.local,wuhan,traffic,dimension_sidecar,target_domain|target_region,traffic.elephant.active|traffic.elephant.active_seconds_rate|traffic.elephant.batch_concurrency|traffic.elephant.batch_duration_seconds|traffic.elephant.batches_completed_rate|traffic.elephant.batches_failed_rate|traffic.elephant.batches_started_rate|traffic.elephant.batches_timeout_rate|traffic.elephant.bytes_received_rate|traffic.elephant.bytes_sent_rate|traffic.elephant.duration_seconds_count_rate|traffic.elephant.duration_seconds_sum_rate|traffic.elephant.error_rate|traffic.elephant.last_batch_timestamp_seconds|traffic.elephant.requests_rate|traffic.elephant.retransmits_rate|traffic.elephant.success_rate,target city is observed; service instance is unverified
service_domain_targets_city,elephant03.xian.aiops.local,xian,traffic,dimension_sidecar,target_domain|target_region,traffic.elephant.active|traffic.elephant.active_seconds_rate|traffic.elephant.batch_concurrency|traffic.elephant.batch_duration_seconds|traffic.elephant.batches_completed_rate|traffic.elephant.batches_failed_rate|traffic.elephant.batches_started_rate|traffic.elephant.batches_timeout_rate|traffic.elephant.bytes_received_rate|traffic.elephant.bytes_sent_rate|traffic.elephant.duration_seconds_count_rate|traffic.elephant.duration_seconds_sum_rate|traffic.elephant.error_rate|traffic.elephant.error_ratio|traffic.elephant.error_ratio_weighted_denominator|traffic.elephant.error_ratio_weighted_numerator|traffic.elephant.jitter_seconds|traffic.elephant.last_batch_timestamp_seconds|traffic.elephant.loss_rate|traffic.elephant.requests_rate|traffic.elephant.retransmits_rate|traffic.elephant.success_rate|traffic.elephant.success_ratio|traffic.elephant.throughput_bps,target city is observed; service instance is unverified
service_domain_targets_city,web01.shanghai.aiops.local,shanghai,traffic,dimension_sidecar,target_domain|target_region,traffic.web.active|traffic.web.active_seconds_rate|traffic.web.batch_concurrency|traffic.web.batch_duration_seconds|traffic.web.batches_completed_rate|traffic.web.batches_failed_rate|traffic.web.batches_started_rate|traffic.web.batches_timeout_rate|traffic.web.bytes_received_rate|traffic.web.bytes_sent_rate|traffic.web.duration_seconds_count_rate|traffic.web.duration_seconds_sum_rate|traffic.web.error_rate|traffic.web.error_ratio|traffic.web.error_ratio_weighted_denominator|traffic.web.error_ratio_weighted_numerator|traffic.web.last_batch_timestamp_seconds|traffic.web.latency_mean_seconds|traffic.web.latency_p95_seconds|traffic.web.observed_qps|traffic.web.request_latency_seconds_bucket_rate_le_0_01|traffic.web.request_latency_seconds_bucket_rate_le_0_025|traffic.web.request_latency_seconds_bucket_rate_le_0_05|traffic.web.request_latency_seconds_bucket_rate_le_0_1|traffic.web.request_latency_seconds_bucket_rate_le_0_25|traffic.web.request_latency_seconds_bucket_rate_le_0_5|traffic.web.request_latency_seconds_bucket_rate_le_1|traffic.web.request_latency_seconds_bucket_rate_le_2_5|traffic.web.request_latency_seconds_bucket_rate_le_5|traffic.web.request_latency_seconds_bucket_rate_le_plus_inf|traffic.web.request_latency_seconds_count_rate|traffic.web.request_latency_seconds_sum_rate|traffic.web.requests_rate|traffic.web.success_rate|traffic.web.success_ratio,target city is observed; service instance is unverified
