prediction_id,city,start_time,end_time,duration_minutes,root_top1,root_top5,major_category,sub_category,driver_kind,driver_score,anchor_status,anchor_metric,root_direct_strength,frr_support_peak,netflow_support_peak,review_priority
pred_000001,beida,2026-08-19T04:49:00.000Z,2026-08-19T05:15:00.000Z,26,beida-service-vm-3,beida-service-vm-3;beida-service-vm-1;beida-service-vm-2;beida-br-2;beida-cr-1,resource,cpu_pressure,node,0.99999952,supported,node.cpu_usage,16.0,0.0,0.0,standard
pred_000002,shanghai,2026-08-19T06:07:00.000Z,2026-08-19T06:08:00.000Z,1,beida-service-vm-1,beida-service-vm-1;shanghai-service-vm-1;xian-fw;shanghai-service-vm-3;shenyang-traffic-vm,service,web_5xx,service,0.85379779,not_evaluated,,0.60000002,0.0,0.0,standard
pred_000003,guangzhou,2026-08-19T06:45:00.000Z,2026-08-19T06:47:00.000Z,2,guangzhou-br-2,guangzhou-br-2;guangzhou-traffic-vm;guangzhou-cr-2;guangzhou-service-vm-2;guangzhou-fw,routing,bgp_session_down,node,0.9022274,not_evaluated,,5.0,0.0,0.0,standard
pred_000004,shanghai,2026-08-19T06:49:00.000Z,2026-08-19T06:50:00.000Z,1,shanghai-br-2,shanghai-br-2;shanghai-service-vm-1;shanghai-fw;shanghai-cr-1;shanghai-service-vm-2,routing,bgp_session_down,node,0.9022274,not_evaluated,,5.0,0.0,0.0,standard
pred_000005,shanghai,2026-08-19T06:52:00.000Z,2026-08-19T06:53:00.000Z,1,shanghai-br-2,shanghai-br-2;shanghai-fw;shanghai-service-vm-1;shanghai-cr-2;shanghai-br-1,routing,bgp_session_down,node,0.9022274,not_evaluated,,5.0,0.0,0.0,standard
pred_000006,beida,2026-08-19T07:33:00.000Z,2026-08-19T07:37:00.000Z,4,shenyang-service-vm-1,shenyang-service-vm-1;beida-br-2;xian-br-2;beida-service-vm-1;beida-service-vm-2,service,dns_down,service,0.89716607,not_evaluated,,2.0,0.0,0.0,standard
pred_000007,beida,2026-08-19T07:38:00.000Z,2026-08-19T07:43:00.000Z,5,shanghai-cr-1,shanghai-cr-1;chengdu-cr-1;nanjing-br-2;nanjing-fw;beida-service-vm-1,service,dns_down,service,0.89538902,not_evaluated,,2.0,0.0,0.0,standard
pred_000008,beida,2026-08-19T07:54:00.000Z,2026-08-19T07:58:00.000Z,4,beida-service-vm-1,beida-service-vm-1;beida-service-vm-2;beida-service-vm-3;beida-traffic-vm;beida-cr-1,resource,cpu_pressure,node,0.98106325,supported,node.cpu_usage,6.5527782,0.0,0.0,standard
pred_000009,wuhan,2026-08-19T08:29:00.000Z,2026-08-19T08:32:00.000Z,3,wuhan-br-1,wuhan-br-1;chengdu-cr-1;shenyang-br-1;shenyang-br-2;wuhan-service-vm-1,service,auth_timeout,service,0.72601082,not_evaluated,,1.9874743,0.0,0.0,standard
pred_000010,shanghai,2026-08-19T09:03:00.000Z,2026-08-19T09:11:00.000Z,8,xian-service-vm-3,xian-service-vm-3;nanjing-br-1;nanjing-cr-2;guangzhou-cr-1;shanghai-service-vm-1,service,web_5xx,service,0.89874839,not_evaluated,,2.0,0.0,0.0,standard
pred_000011,chengdu,2026-08-19T09:33:00.000Z,2026-08-19T09:37:00.000Z,4,chengdu-service-vm-3,chengdu-service-vm-3;chengdu-fw;chengdu-cr-2;chengdu-traffic-vm;chengdu-cr-1,resource,cpu_pressure,node,0.99999952,supported,node.cpu_usage,16.0,0.0,0.0,standard
pred_000012,beida,2026-08-19T14:01:00.000Z,2026-08-19T14:02:00.000Z,1,beida-service-vm-1,beida-service-vm-1;beida-service-vm-3;beida-fw;beida-service-vm-2;beida-br-1,resource,cpu_pressure,node,0.99776626,supported,node.cpu_usage,8.4916668,0.0,0.0,standard
pred_000013,shenyang,2026-08-19T14:12:00.000Z,2026-08-19T14:29:00.000Z,17,shenyang-service-vm-2,shenyang-service-vm-2;shenyang-cr-1;shenyang-traffic-vm;shenyang-cr-2;shenyang-fw,resource,cpu_pressure,node,0.99999952,supported,node.cpu_usage,16.0,0.0,0.0,standard
pred_000014,wuhan,2026-08-19T15:11:00.000Z,2026-08-19T15:39:00.000Z,28,wuhan-service-vm-2,wuhan-service-vm-2;wuhan-fw;wuhan-service-vm-1;wuhan-traffic-vm;wuhan-br-2,resource,cpu_pressure,node,0.99999952,supported,node.cpu_usage,16.0,0.0,0.0,standard
pred_000015,shanghai,2026-08-19T16:47:00.000Z,2026-08-19T16:50:00.000Z,3,guangzhou-br-2,guangzhou-br-2;guangzhou-traffic-vm;shanghai-service-vm-3;shanghai-service-vm-1;nanjing-traffic-vm,service,web_5xx,service,0.88494883,not_evaluated,,0.5,0.0,0.18654847,standard
pred_000016,shanghai,2026-08-19T16:59:00.000Z,2026-08-19T17:01:00.000Z,2,xian-br-2,xian-br-2;nanjing-br-1;shanghai-service-vm-3;shenyang-br-2;shanghai-service-vm-1,service,web_5xx,service,0.89198904,not_evaluated,,0.72367245,0.0,0.0,standard
pred_000017,beida,2026-08-19T17:48:00.000Z,2026-08-19T17:56:00.000Z,8,beida-br-2,beida-br-2;beida-br-1;chengdu-traffic-vm;beida-cr-1;beida-service-vm-3,resource,cpu_pressure,service,0.89978372,supported,node.cpu_usage,8.7789841,0.0,3.5271087,standard
pred_000018,shanghai,2026-08-19T18:31:00.000Z,2026-08-19T18:45:00.000Z,14,shanghai-service-vm-1,shanghai-service-vm-1;guangzhou-br-1;wuhan-traffic-vm;shanghai-service-vm-3;shanghai-service-vm-2,service,web_slow,ambiguous,0.89999952,not_evaluated,,0.40000001,0.0,0.0,high
pred_000019,beida,2026-08-19T19:11:00.000Z,2026-08-19T19:14:00.000Z,3,wuhan-br-1,wuhan-br-1;xian-traffic-vm;nanjing-traffic-vm;beida-service-vm-3;beida-service-vm-2,service,dns_down,service,0.89681699,not_evaluated,,1.6843324,0.0,0.0,standard
pred_000020,beida,2026-08-19T20:50:00.000Z,2026-08-19T21:01:00.000Z,11,beida-br-1,beida-br-1;beida-fw;beida-br-2;beida-cr-2;beida-service-vm-1,routing,bgp_session_down,node,0.9022274,not_evaluated,,5.0,0.0,0.0,standard
pred_000021,beida,2026-08-19T21:20:00.000Z,2026-08-19T21:21:00.000Z,1,beida-service-vm-1,beida-service-vm-1;beida-br-2;beida-fw;beida-br-1;beida-cr-1,resource,disk_io_pressure,node,0.9999131,supported,node.disk_io_util,11.415278,0.0,0.0,standard
pred_000022,beida,2026-08-19T22:49:00.000Z,2026-08-19T22:53:00.000Z,4,nanjing-br-1,nanjing-br-1;beida-service-vm-2;shanghai-cr-1;shenyang-br-2;beida-service-vm-3,service,dns_down,service,0.89849043,not_evaluated,,2.0,0.0,0.45909107,standard
pred_000023,nanjing,2026-08-19T23:31:00.000Z,2026-08-19T23:43:00.000Z,12,nanjing-br-1,nanjing-br-1;nanjing-traffic-vm;nanjing-cr-1;nanjing-fw;nanjing-br-2,resource,cpu_pressure,node,0.9959299,supported,node.cpu_usage,6.875,0.0,4.0,standard
pred_000024,chengdu,2026-08-20T00:32:00.000Z,2026-08-20T00:36:00.000Z,4,chengdu-service-vm-1,chengdu-service-vm-1;chengdu-service-vm-3;chengdu-traffic-vm;chengdu-br-2;chengdu-fw,resource,disk_space_low,node,0.99999952,supported,node.filesystem_used_ratio,16.0,0.0,0.0,standard
pred_000025,shanghai,2026-08-20T02:44:00.000Z,2026-08-20T02:47:00.000Z,3,shanghai-service-vm-1,shanghai-service-vm-1;guangzhou-service-vm-3;shanghai-service-vm-3;shanghai-service-vm-2;xian-traffic-vm,service,web_slow,service,0.89999947,not_evaluated,,2.0,0.0,0.0,standard
pred_000026,beida,2026-08-20T02:51:00.000Z,2026-08-20T02:55:00.000Z,4,beida-service-vm-1,beida-service-vm-1;beida-traffic-vm;beida-cr-2;beida-service-vm-2;beida-service-vm-3,resource,cpu_pressure,node,0.97300863,supported,node.cpu_usage,6.2263889,0.0,0.0,standard
pred_000027,beida,2026-08-20T02:57:00.000Z,2026-08-20T03:02:00.000Z,5,beida-traffic-vm,beida-traffic-vm;beida-service-vm-3;beida-fw;beida-service-vm-1;beida-cr-2,resource,disk_io_pressure,node,0.98833591,supported,node.disk_io_util,6.9955549,0.0,0.0,standard
pred_000028,beida,2026-08-20T03:11:00.000Z,2026-08-20T03:21:00.000Z,10,beida-service-vm-2,beida-service-vm-2;beida-service-vm-1;beida-service-vm-3;beida-br-2;beida-traffic-vm,resource,memory_pressure,node,0.99901891,supported,node.memory_available_ratio,7.7718735,0.0,0.0,standard
pred_000029,guangzhou,2026-08-20T04:39:00.000Z,2026-08-20T04:49:00.000Z,10,guangzhou-br-2,guangzhou-br-2;guangzhou-fw;guangzhou-cr-1;guangzhou-service-vm-1;guangzhou-cr-2,routing,bgp_session_down,node,0.9022274,not_evaluated,,5.0,0.0,0.0,standard
pred_000030,beida,2026-08-20T05:35:00.000Z,2026-08-20T05:38:00.000Z,3,beida-service-vm-2,beida-service-vm-2;beida-traffic-vm;beida-cr-1;beida-fw;beida-cr-2,resource,disk_io_pressure,node,0.99631578,supported,node.disk_io_util,9.507555,0.0,0.0,standard
pred_000031,beida,2026-08-20T05:44:00.000Z,2026-08-20T05:48:00.000Z,4,beida-service-vm-1,beida-service-vm-1;beida-br-2;beida-service-vm-2;beida-traffic-vm;beida-service-vm-3,resource,disk_io_pressure,node,0.99560487,supported,node.disk_io_util,7.8805561,0.0,0.0,standard
pred_000032,wuhan,2026-08-20T06:50:00.000Z,2026-08-20T06:51:00.000Z,1,chengdu-service-vm-2,chengdu-service-vm-2;wuhan-service-vm-2;wuhan-fw;nanjing-fw;nanjing-br-1,service,auth_timeout,service,0.89629908,not_evaluated,,2.0,0.0,0.0,standard
pred_000033,wuhan,2026-08-20T06:54:00.000Z,2026-08-20T06:55:00.000Z,1,beida-br-1,beida-br-1;shanghai-fw;xian-service-vm-1;wuhan-service-vm-1;chengdu-traffic-vm,service,auth_timeout,service,0.89318286,not_evaluated,,0.64076614,0.0,0.0,standard
pred_000034,wuhan,2026-08-20T07:00:00.000Z,2026-08-20T07:02:00.000Z,2,nanjing-traffic-vm,nanjing-traffic-vm;nanjing-service-vm-2;guangzhou-service-vm-3;xian-fw;shenyang-traffic-vm,resource,cpu_pressure,service,0.80009836,supported,node.cpu_usage,4.0250001,0.0,0.0,standard
pred_000035,nanjing,2026-08-20T08:01:00.000Z,2026-08-20T08:20:00.000Z,19,nanjing-br-1,nanjing-br-1;nanjing-traffic-vm;nanjing-fw;nanjing-cr-2;nanjing-service-vm-3,resource,cpu_pressure,node,0.99439794,supported,node.cpu_usage,6.6333332,0.0,4.0,standard
pred_000036,beida,2026-08-20T09:08:00.000Z,2026-08-20T09:22:00.000Z,14,beida-fw,beida-fw;shanghai-service-vm-1;beida-service-vm-1;beida-service-vm-2;nanjing-fw,service,dns_down,service,0.89974756,not_evaluated,,2.0,0.0,0.0,standard
pred_000037,chengdu,2026-08-20T09:35:00.000Z,2026-08-20T09:57:00.000Z,22,chengdu-fw,chengdu-fw;chengdu-service-vm-1;chengdu-traffic-vm;chengdu-br-2;chengdu-cr-1,resource,disk_io_pressure,node,0.99999952,supported,node.disk_io_util,15.882666,0.0,0.0,standard
pred_000038,shenyang,2026-08-20T09:58:00.000Z,2026-08-20T10:00:00.000Z,2,shenyang-br-2,shenyang-br-2;shenyang-fw;shenyang-service-vm-2;shenyang-service-vm-1;shenyang-traffic-vm,routing,bgp_session_down,node,0.9022274,not_evaluated,,5.0,0.0,0.0,standard
pred_000039,chengdu,2026-08-20T10:00:00.000Z,2026-08-20T10:02:00.000Z,2,chengdu-service-vm-1,chengdu-service-vm-1;chengdu-fw;chengdu-traffic-vm;chengdu-br-2;chengdu-service-vm-3,resource,disk_io_pressure,node,0.99999833,supported,node.disk_io_util,14.98311,0.0,0.0,standard
pred_000040,chengdu,2026-08-20T10:03:00.000Z,2026-08-20T10:05:00.000Z,2,chengdu-service-vm-1,chengdu-service-vm-1;chengdu-traffic-vm;chengdu-fw;chengdu-br-1;chengdu-br-2,resource,disk_io_pressure,node,0.99999785,supported,node.disk_io_util,14.758222,0.0,0.0,standard
pred_000041,chengdu,2026-08-20T10:35:00.000Z,2026-08-20T10:39:00.000Z,4,chengdu-traffic-vm,chengdu-traffic-vm;chengdu-br-2;chengdu-cr-2;chengdu-cr-1;chengdu-br-1,resource,disk_io_pressure,node,0.96938723,supported,node.disk_io_util,6.1097221,0.0,0.0,standard
pred_000042,chengdu,2026-08-20T10:41:00.000Z,2026-08-20T10:43:00.000Z,2,chengdu-traffic-vm,chengdu-traffic-vm;chengdu-cr-2;chengdu-cr-1;chengdu-service-vm-3;chengdu-fw,resource,cpu_pressure,node,0.9716385,supported,node.cpu_usage,6.1805558,0.0,0.0,standard
pred_000043,shanghai,2026-08-20T10:53:00.000Z,2026-08-20T11:06:00.000Z,13,shanghai-traffic-vm,shanghai-traffic-vm;shanghai-br-2;shanghai-cr-1;shanghai-br-1;shanghai-fw,resource,cpu_pressure,node,0.98855096,supported,node.cpu_usage,7.0124998,0.0,0.0,standard
pred_000044,beida,2026-08-20T11:45:00.000Z,2026-08-20T11:49:00.000Z,4,beida-service-vm-1,beida-service-vm-1;beida-fw;beida-traffic-vm;beida-br-1;beida-service-vm-3,resource,cpu_pressure,node,0.99892718,supported,node.cpu_usage,9.1527777,0.0,0.0,standard
pred_000045,shanghai,2026-08-20T11:49:00.000Z,2026-08-20T12:09:00.000Z,20,xian-traffic-vm,xian-traffic-vm;shanghai-br-2;beida-service-vm-1;guangzhou-br-2;guangzhou-traffic-vm,resource,cpu_pressure,service,0.89911456,supported,node.cpu_usage,5.2416668,0.0,0.0,standard
pred_000046,beida,2026-08-20T12:48:00.000Z,2026-08-20T12:51:00.000Z,3,beida-service-vm-1,beida-service-vm-1;beida-br-1;beida-cr-2;beida-service-vm-2;beida-service-vm-3,resource,cpu_pressure,node,0.99790621,supported,node.cpu_usage,8.5500002,0.0,0.0,standard
pred_000047,beida,2026-08-20T13:51:00.000Z,2026-08-20T13:53:00.000Z,2,beida-service-vm-1,beida-service-vm-1;beida-fw;beida-service-vm-2;beida-br-2;beida-cr-2,resource,cpu_pressure,node,0.87982148,supported,node.cpu_usage,4.791667,0.0,0.0,standard
pred_000048,shanghai,2026-08-20T13:55:00.000Z,2026-08-20T14:17:00.000Z,22,shanghai-br-1,shanghai-br-1;shanghai-fw;shanghai-traffic-vm;shanghai-cr-2;shanghai-cr-1,routing,bgp_session_down,node,0.9022274,not_evaluated,,5.0,0.0,0.0,standard
pred_000049,shanghai,2026-08-20T16:30:00.000Z,2026-08-20T16:36:00.000Z,6,shanghai-service-vm-3,shanghai-service-vm-3;shanghai-traffic-vm;shanghai-br-1;shanghai-service-vm-2;shanghai-service-vm-1,resource,disk_io_pressure,node,0.99999952,supported,node.disk_io_util,16.0,0.0,0.0,standard
pred_000050,shanghai,2026-08-20T17:06:00.000Z,2026-08-20T17:22:00.000Z,16,shanghai-traffic-vm,shanghai-traffic-vm;shanghai-cr-1;shanghai-br-2;shanghai-cr-2;shanghai-service-vm-1,resource,cpu_pressure,node,0.99194419,supported,node.cpu_usage,7.3319445,0.0,0.0,standard
pred_000051,shanghai,2026-08-20T18:56:00.000Z,2026-08-20T19:05:00.000Z,9,shanghai-fw,shanghai-fw;shanghai-service-vm-1;chengdu-service-vm-2;shanghai-service-vm-2;beida-traffic-vm,service,web_5xx,service,0.89911456,not_evaluated,,0.60000002,0.0,0.0,standard
pred_000052,beida,2026-08-21T00:05:00.000Z,2026-08-21T00:10:00.000Z,5,beida-service-vm-1,beida-service-vm-1;beida-service-vm-2;beida-service-vm-3;beida-traffic-vm;beida-br-1,resource,disk_io_pressure,node,0.99898797,supported,node.disk_io_util,9.2053337,0.0,0.0,standard
pred_000053,beida,2026-08-21T02:29:00.000Z,2026-08-21T02:30:00.000Z,1,beida-service-vm-1,beida-service-vm-1;beida-br-1;beida-cr-1;beida-service-vm-3;beida-traffic-vm,resource,cpu_pressure,node,0.98409361,supported,node.cpu_usage,6.7125006,0.0,0.0,standard
pred_000054,beida,2026-08-21T04:03:00.000Z,2026-08-21T04:07:00.000Z,4,beida-service-vm-1,beida-service-vm-1;beida-br-2;beida-cr-1;beida-cr-2;beida-service-vm-2,resource,cpu_pressure,node,0.98165601,supported,node.cpu_usage,6.5819445,0.0,0.0,standard
pred_000055,nanjing,2026-08-21T06:04:00.000Z,2026-08-21T06:06:00.000Z,2,nanjing-fw,nanjing-fw;nanjing-service-vm-1;nanjing-cr-2;nanjing-service-vm-2;nanjing-traffic-vm,firewall,cpu_pressure,node,0.97767168,supported,node.cpu_usage,6.4013886,0.0,0.0,standard
pred_000056,wuhan,2026-08-21T06:07:00.000Z,2026-08-21T06:09:00.000Z,2,wuhan-service-vm-3,wuhan-service-vm-3;wuhan-cr-1;wuhan-cr-2;wuhan-br-1;wuhan-br-2,resource,disk_io_pressure,node,0.98278749,supported,node.disk_io_util,6.6402779,0.0,0.0,standard
pred_000057,nanjing,2026-08-21T06:27:00.000Z,2026-08-21T06:29:00.000Z,2,nanjing-traffic-vm,nanjing-traffic-vm;nanjing-service-vm-1;nanjing-service-vm-2;nanjing-br-2;nanjing-service-vm-3,resource,cpu_pressure,node,0.95428693,supported,node.cpu_usage,5.7347221,0.0,0.0,standard
pred_000058,guangzhou,2026-08-21T06:29:00.000Z,2026-08-21T06:31:00.000Z,2,guangzhou-fw,guangzhou-fw;guangzhou-cr-2;guangzhou-br-2;guangzhou-service-vm-3;guangzhou-cr-1,firewall,cpu_pressure,node,0.97667366,supported,node.cpu_usage,6.3611112,0.0,0.0,standard
pred_000059,xian,2026-08-21T06:31:00.000Z,2026-08-21T06:33:00.000Z,2,xian-fw,xian-fw;xian-cr-2;xian-cr-1;xian-br-1;xian-traffic-vm,firewall,cpu_pressure,node,0.99998999,supported,node.cpu_usage,13.363889,0.0,0.0,standard
pred_000060,chengdu,2026-08-21T06:35:00.000Z,2026-08-21T06:37:00.000Z,2,chengdu-traffic-vm,chengdu-traffic-vm;chengdu-service-vm-2;chengdu-cr-1;chengdu-br-2;chengdu-cr-2,resource,cpu_pressure,node,0.97929549,supported,node.cpu_usage,6.4708333,0.0,0.0,standard
pred_000061,shanghai,2026-08-21T06:43:00.000Z,2026-08-21T06:45:00.000Z,2,shanghai-service-vm-3,shanghai-service-vm-3;shanghai-cr-2;shanghai-traffic-vm;shanghai-br-1;shanghai-cr-1,resource,disk_io_pressure,node,0.98939216,supported,node.disk_io_util,7.0819445,0.0,0.0,standard
pred_000062,wuhan,2026-08-21T06:48:00.000Z,2026-08-21T06:50:00.000Z,2,wuhan-traffic-vm,wuhan-traffic-vm;wuhan-br-1;wuhan-cr-2;wuhan-service-vm-3;wuhan-br-2,resource,cpu_pressure,node,0.91295874,supported,node.cpu_usage,5.1152778,0.0,0.0,standard
pred_000063,beida,2026-08-21T07:18:00.000Z,2026-08-21T07:20:00.000Z,2,beida-service-vm-1,beida-service-vm-1;beida-traffic-vm;beida-fw;beida-cr-1;beida-br-1,resource,disk_io_pressure,node,0.9955231,supported,node.disk_io_util,7.8638887,0.0,0.0,standard
pred_000064,shanghai,2026-08-21T10:25:00.000Z,2026-08-21T10:37:00.000Z,12,shanghai-service-vm-3,shanghai-service-vm-3;shenyang-cr-1;xian-fw;beida-br-2;shanghai-cr-1,service,web_5xx,service,0.80519848,not_evaluated,,2.0,0.0,0.0,standard
pred_000065,shanghai,2026-08-21T10:39:00.000Z,2026-08-21T10:42:00.000Z,3,wuhan-service-vm-2,wuhan-service-vm-2;beida-cr-1;xian-fw;shenyang-traffic-vm;shenyang-cr-1,service,web_slow,service,0.85379779,not_evaluated,,2.0,0.0,0.0,standard
pred_000066,shanghai,2026-08-21T10:45:00.000Z,2026-08-21T10:49:00.000Z,4,nanjing-service-vm-2,nanjing-service-vm-2;guangzhou-cr-2;xian-br-2;nanjing-br-2;xian-traffic-vm,service,web_slow,service,0.82757164,not_evaluated,,2.0,0.0,0.0,standard
pred_000067,beida,2026-08-21T11:53:00.000Z,2026-08-21T12:10:00.000Z,17,chengdu-service-vm-2,chengdu-service-vm-2;xian-fw;nanjing-service-vm-1;chengdu-service-vm-1;chengdu-service-vm-3,service,dns_down,service,0.89986271,not_evaluated,,2.0,0.0,0.0,standard
pred_000068,beida,2026-08-21T13:01:00.000Z,2026-08-21T13:05:00.000Z,4,beida-service-vm-1,beida-service-vm-1;beida-service-vm-2;beida-service-vm-3;beida-br-2;beida-br-1,resource,disk_io_pressure,node,0.99999881,supported,node.disk_io_util,15.254222,0.0,0.0,standard
pred_000069,beida,2026-08-21T14:39:00.000Z,2026-08-21T14:42:00.000Z,3,beida-service-vm-1,beida-service-vm-1;beida-service-vm-2;beida-service-vm-3;beida-cr-1;beida-traffic-vm,resource,disk_io_pressure,node,0.92583781,supported,node.disk_io_util,5.2720003,0.0,0.0,standard
pred_000070,shanghai,2026-08-21T16:56:00.000Z,2026-08-21T17:01:00.000Z,5,shanghai-service-vm-1,shanghai-service-vm-1;shanghai-service-vm-3;shanghai-service-vm-2;xian-traffic-vm;nanjing-traffic-vm,service,web_slow,service,0.89999888,not_evaluated,,0.5,0.0,0.0,standard
pred_000071,shanghai,2026-08-21T17:58:00.000Z,2026-08-21T18:12:00.000Z,14,shanghai-service-vm-1,shanghai-service-vm-1;xian-fw;guangzhou-cr-2;xian-br-1;shanghai-service-vm-3,service,web_5xx,ambiguous,0.89998923,not_evaluated,,2.0,0.0,0.0,high
pred_000072,wuhan,2026-08-21T18:46:00.000Z,2026-08-21T18:57:00.000Z,11,wuhan-br-1,wuhan-br-1;wuhan-br-2;wuhan-traffic-vm;wuhan-service-vm-2;wuhan-cr-2,routing,bgp_session_down,node,0.9022274,not_evaluated,,5.0,0.0,0.0,standard
pred_000073,guangzhou,2026-08-21T19:46:00.000Z,2026-08-21T20:04:00.000Z,18,guangzhou-fw,guangzhou-fw;guangzhou-cr-2;guangzhou-br-2;guangzhou-service-vm-1;guangzhou-cr-1,firewall,cpu_pressure,node,0.99999952,supported,node.cpu_usage,16.0,0.0,0.0,standard
pred_000074,beida,2026-08-21T21:12:00.000Z,2026-08-21T21:15:00.000Z,3,beida-service-vm-3,beida-service-vm-3;beida-service-vm-1;beida-cr-1;beida-br-2;beida-service-vm-2,resource,memory_pressure,node,0.98971319,supported,node.memory_available_ratio,7.1098924,0.0,0.0,standard
pred_000075,wuhan,2026-08-21T21:43:00.000Z,2026-08-21T21:51:00.000Z,8,guangzhou-br-2,guangzhou-br-2;wuhan-service-vm-1;chengdu-service-vm-2;wuhan-service-vm-3;xian-traffic-vm,service,auth_timeout,service,0.88494883,not_evaluated,,1.1058098,0.0,0.0,standard
pred_000076,beida,2026-08-21T23:24:00.000Z,2026-08-21T23:25:00.000Z,1,nanjing-fw,nanjing-fw;beida-cr-2;beida-fw;beida-service-vm-3;beida-service-vm-2,service,dns_down,service,0.84305975,not_evaluated,,0.5,0.0,0.0,standard
pred_000077,beida,2026-08-21T23:26:00.000Z,2026-08-21T23:28:00.000Z,2,shanghai-service-vm-1,shanghai-service-vm-1;guangzhou-traffic-vm;beida-service-vm-1;beida-service-vm-3;beida-service-vm-2,service,dns_down,service,0.86899932,not_evaluated,,2.0,0.0,0.0,standard
pred_000078,shanghai,2026-08-22T00:01:00.000Z,2026-08-22T00:04:00.000Z,3,shanghai-service-vm-1,shanghai-service-vm-1;beida-fw;guangzhou-fw;shenyang-br-1;shanghai-service-vm-3,service,web_5xx,service,0.89906374,not_evaluated,,2.0,0.0,0.0,standard
pred_000079,shanghai,2026-08-22T00:07:00.000Z,2026-08-22T00:17:00.000Z,10,shanghai-service-vm-1,shanghai-service-vm-1;nanjing-service-vm-3;shenyang-br-1;wuhan-traffic-vm;shanghai-service-vm-2,service,web_5xx,service,0.89821513,not_evaluated,,2.0,0.0,0.0,standard
pred_000080,wuhan,2026-08-22T01:04:00.000Z,2026-08-22T01:34:00.000Z,30,wuhan-service-vm-2,wuhan-service-vm-2;wuhan-br-1;wuhan-service-vm-1;wuhan-cr-2;wuhan-br-2,resource,memory_pressure,node,0.99549109,supported,node.memory_available_ratio,7.8574581,0.0,0.0,standard
pred_000081,shanghai,2026-08-22T02:27:00.000Z,2026-08-22T02:30:00.000Z,3,shanghai-traffic-vm,shanghai-traffic-vm;guangzhou-cr-1;nanjing-cr-2;shanghai-service-vm-1;beida-br-2,service,web_5xx,service,0.88494883,not_evaluated,,2.0,0.0,0.0,standard
pred_000082,beida,2026-08-22T02:56:00.000Z,2026-08-22T02:58:00.000Z,2,beida-service-vm-1,beida-service-vm-1;beida-br-2;beida-traffic-vm;beida-service-vm-3;beida-service-vm-2,resource,disk_io_pressure,node,0.98940057,supported,node.disk_io_util,7.0826669,0.0,0.0,standard
pred_000083,shanghai,2026-08-22T03:00:00.000Z,2026-08-22T03:07:00.000Z,7,beida-service-vm-1,beida-service-vm-1;wuhan-service-vm-2;shanghai-service-vm-1;xian-traffic-vm;nanjing-br-1,service,web_5xx,service,0.89874839,not_evaluated,,0.5,0.0,0.0,standard
pred_000084,shanghai,2026-08-22T03:38:00.000Z,2026-08-22T03:51:00.000Z,13,shanghai-service-vm-3,shanghai-service-vm-3;guangzhou-traffic-vm;shanghai-service-vm-2;guangzhou-br-1;shanghai-service-vm-1,service,web_5xx,ambiguous,0.89911456,not_evaluated,,0.5,0.0,0.0,high
pred_000085,wuhan,2026-08-22T04:21:00.000Z,2026-08-22T04:23:00.000Z,2,shenyang-service-vm-3,shenyang-service-vm-3;shanghai-traffic-vm;shenyang-br-1;wuhan-service-vm-1;beida-cr-2,service,auth_timeout,service,0.88494883,not_evaluated,,2.0,0.0,0.0,standard
pred_000086,wuhan,2026-08-22T04:31:00.000Z,2026-08-22T04:36:00.000Z,5,guangzhou-traffic-vm,guangzhou-traffic-vm;xian-fw;shanghai-traffic-vm;wuhan-service-vm-1;wuhan-service-vm-3,service,auth_timeout,service,0.82940624,not_evaluated,,2.0,0.0,0.0,standard
pred_000087,shenyang,2026-08-22T06:04:00.000Z,2026-08-22T06:06:00.000Z,2,shenyang-traffic-vm,shenyang-traffic-vm;shenyang-cr-2;shenyang-br-2;shenyang-service-vm-2;shenyang-service-vm-3,resource,disk_io_pressure,node,0.97329098,supported,node.disk_io_util,6.2361112,0.0,0.0,standard
pred_000088,chengdu,2026-08-22T06:07:00.000Z,2026-08-22T06:11:00.000Z,4,chengdu-fw,chengdu-fw;chengdu-service-vm-3;chengdu-traffic-vm;chengdu-br-2;chengdu-cr-1,firewall,cpu_pressure,node,0.98810601,supported,node.cpu_usage,6.977778,0.0,0.0,standard
pred_000089,chengdu,2026-08-22T06:14:00.000Z,2026-08-22T06:16:00.000Z,2,chengdu-service-vm-1,chengdu-service-vm-1;chengdu-cr-1;chengdu-service-vm-3;chengdu-fw;chengdu-br-1,resource,disk_io_pressure,node,0.99039489,supported,node.disk_io_util,7.1722221,0.0,0.0,standard
pred_000090,xian,2026-08-22T06:17:00.000Z,2026-08-22T06:19:00.000Z,2,xian-service-vm-1,xian-service-vm-1;xian-service-vm-3;xian-traffic-vm;xian-fw;xian-br-1,resource,cpu_pressure,node,0.97639072,supported,node.cpu_usage,6.3499999,0.0,0.0,standard
pred_000091,guangzhou,2026-08-22T06:21:00.000Z,2026-08-22T06:23:00.000Z,2,guangzhou-service-vm-2,guangzhou-service-vm-2;guangzhou-cr-1;guangzhou-fw;guangzhou-br-2;guangzhou-traffic-vm,resource,disk_io_pressure,node,0.98841536,supported,node.disk_io_util,7.0017776,0.0,0.0,standard
pred_000092,shanghai,2026-08-22T06:23:00.000Z,2026-08-22T06:25:00.000Z,2,shanghai-service-vm-2,shanghai-service-vm-2;shanghai-cr-1;shanghai-traffic-vm;shanghai-br-1;shanghai-service-vm-1,resource,disk_io_pressure,node,0.98806959,supported,node.disk_io_util,6.9749999,0.0,0.0,standard
pred_000093,beida,2026-08-22T06:25:00.000Z,2026-08-22T06:27:00.000Z,2,beida-service-vm-3,beida-service-vm-3;beida-traffic-vm;beida-service-vm-1;beida-service-vm-2;beida-fw,resource,disk_io_pressure,node,0.9879232,supported,node.disk_io_util,6.9638886,0.0,0.0,standard
pred_000094,shanghai,2026-08-22T06:40:00.000Z,2026-08-22T06:42:00.000Z,2,shanghai-traffic-vm,shanghai-traffic-vm;shanghai-br-2;shanghai-service-vm-1;shanghai-service-vm-3;shanghai-cr-1,resource,disk_io_pressure,node,0.99278522,supported,node.disk_io_util,7.4319439,0.0,0.0,standard
pred_000095,beida,2026-08-22T06:42:00.000Z,2026-08-22T06:44:00.000Z,2,beida-fw,beida-fw;beida-service-vm-2;beida-traffic-vm;beida-service-vm-3;beida-cr-2,firewall,cpu_pressure,node,0.99998581,supported,node.cpu_usage,13.047222,0.0,0.0,standard
pred_000096,guangzhou,2026-08-22T06:59:00.000Z,2026-08-22T07:01:00.000Z,2,guangzhou-service-vm-1,guangzhou-service-vm-1;guangzhou-br-1;guangzhou-fw;guangzhou-cr-1;guangzhou-traffic-vm,resource,cpu_pressure,node,0.98629552,supported,node.cpu_usage,6.8486114,0.0,0.0,standard
pred_000097,shanghai,2026-08-22T07:18:00.000Z,2026-08-22T07:45:00.000Z,27,shanghai-br-2,shanghai-br-2;shanghai-service-vm-2;shanghai-service-vm-1;shanghai-traffic-vm;guangzhou-traffic-vm,service,web_slow,ambiguous,0.89999952,not_evaluated,,0.17950155,2.7725887,3.2836223,high
pred_000098,beida,2026-08-22T11:04:00.000Z,2026-08-22T11:06:00.000Z,2,beida-service-vm-1,beida-service-vm-1;beida-service-vm-2;beida-cr-2;beida-br-1;beida-service-vm-3,resource,cpu_pressure,node,0.87348151,supported,node.cpu_usage,4.7388887,0.0,0.0,standard
pred_000099,wuhan,2026-08-22T12:12:00.000Z,2026-08-22T12:40:00.000Z,28,wuhan-service-vm-2,wuhan-service-vm-2;wuhan-cr-2;wuhan-cr-1;wuhan-traffic-vm;wuhan-service-vm-1,resource,cpu_pressure,node,0.99999952,supported,node.cpu_usage,16.0,0.0,0.0,standard
pred_000100,xian,2026-08-22T13:44:00.000Z,2026-08-22T13:47:00.000Z,3,xian-br-1,xian-br-1;xian-cr-2;xian-traffic-vm;xian-service-vm-1;xian-service-vm-3,routing,bgp_session_down,node,0.9022274,not_evaluated,,5.0,2.7725887,0.0,standard
pred_000101,xian,2026-08-22T13:48:00.000Z,2026-08-22T13:50:00.000Z,2,xian-br-1,xian-br-1;xian-cr-2;xian-cr-1;xian-service-vm-3;xian-fw,routing,bgp_session_down,node,0.9022274,not_evaluated,,5.0,0.0,4.0,standard
pred_000102,xian,2026-08-22T13:52:00.000Z,2026-08-22T13:54:00.000Z,2,xian-br-1,xian-br-1;xian-service-vm-2;xian-service-vm-3;xian-cr-2;xian-traffic-vm,routing,bgp_session_down,node,0.9022274,not_evaluated,,5.0,2.7725887,0.0,standard
pred_000103,xian,2026-08-22T13:56:00.000Z,2026-08-22T13:58:00.000Z,2,xian-br-1,xian-br-1;xian-cr-2;xian-traffic-vm;xian-service-vm-2;xian-cr-1,routing,bgp_session_down,node,0.9022274,not_evaluated,,5.0,2.7725887,0.0,standard
pred_000104,chengdu,2026-08-22T13:59:00.000Z,2026-08-22T14:02:00.000Z,3,chengdu-br-1,chengdu-br-1;chengdu-cr-1;chengdu-service-vm-3;chengdu-traffic-vm;chengdu-br-2,routing,bgp_session_down,node,0.9022274,not_evaluated,,5.0,0.0,0.0,standard
pred_000105,beida,2026-08-22T17:06:00.000Z,2026-08-22T17:08:00.000Z,2,beida-service-vm-1,beida-service-vm-1;beida-br-1;beida-service-vm-3;beida-service-vm-2;beida-traffic-vm,resource,cpu_pressure,node,0.98065764,supported,node.cpu_usage,6.5333338,0.0,0.0,standard
pred_000106,wuhan,2026-08-22T17:42:00.000Z,2026-08-22T17:54:00.000Z,12,wuhan-service-vm-1,wuhan-service-vm-1;wuhan-br-1;wuhan-cr-1;wuhan-br-2;wuhan-traffic-vm,resource,cpu_pressure,node,0.99970716,supported,node.cpu_usage,10.322223,0.0,0.0,standard
pred_000107,shanghai,2026-08-22T18:44:00.000Z,2026-08-22T19:02:00.000Z,18,shanghai-br-2,shanghai-br-2;shanghai-service-vm-1;shanghai-cr-1;shanghai-cr-2;shanghai-br-1,resource,cpu_pressure,node,0.9709065,supported,node.cpu_usage,6.1569443,0.0,4.0,standard
pred_000108,shanghai,2026-08-22T20:58:00.000Z,2026-08-22T21:12:00.000Z,14,shanghai-service-vm-1,shanghai-service-vm-1;guangzhou-br-2;shanghai-service-vm-2;shanghai-service-vm-3;shanghai-br-2,service,web_5xx,ambiguous,0.89999045,not_evaluated,,2.0,0.0,0.0,high
pred_000109,beida,2026-08-22T21:44:00.000Z,2026-08-22T21:51:00.000Z,7,beida-service-vm-3,beida-service-vm-3;beida-cr-2;beida-service-vm-2;beida-service-vm-1;guangzhou-cr-1,service,dns_down,service,0.89681699,not_evaluated,,0.53556865,0.0,0.0,standard
pred_000110,beida,2026-08-22T21:53:00.000Z,2026-08-22T22:09:00.000Z,16,wuhan-fw,wuhan-fw;beida-service-vm-1;xian-cr-1;shanghai-traffic-vm;beida-service-vm-2,service,dns_down,service,0.89947752,not_evaluated,,2.0,0.0,0.0,standard
pred_000111,beida,2026-08-23T00:01:00.000Z,2026-08-23T00:03:00.000Z,2,beida-service-vm-1,beida-service-vm-1;beida-fw;beida-service-vm-3;beida-traffic-vm;beida-cr-1,resource,disk_io_pressure,node,0.99846554,supported,node.disk_io_util,8.8302221,0.0,0.0,standard
pred_000112,beida,2026-08-23T03:04:00.000Z,2026-08-23T03:12:00.000Z,8,beida-service-vm-1,beida-service-vm-1;beida-fw;beida-service-vm-2;beida-service-vm-3;beida-traffic-vm,resource,disk_io_pressure,node,0.99776971,supported,node.disk_io_util,8.4930563,0.0,0.0,standard
pred_000113,beida,2026-08-23T04:36:00.000Z,2026-08-23T04:39:00.000Z,3,beida-service-vm-1,beida-service-vm-1;wuhan-service-vm-2;wuhan-traffic-vm;xian-cr-1;beida-cr-1,resource,disk_io_pressure,service,0.8388697,supported,node.disk_io_util,5.3591108,0.0,0.0,standard
pred_000114,beida,2026-08-23T06:20:00.000Z,2026-08-23T06:31:00.000Z,11,beida-service-vm-1,beida-service-vm-1;xian-traffic-vm;guangzhou-cr-2;guangzhou-fw;guangzhou-cr-1,resource,disk_io_pressure,service,0.89935215,supported,node.disk_io_util,6.5991111,0.0,0.0,standard
pred_000115,beida,2026-08-23T06:32:00.000Z,2026-08-23T06:37:00.000Z,5,beida-service-vm-1,beida-service-vm-1;shenyang-fw;beida-fw;shanghai-fw;nanjing-service-vm-2,service,dns_down,service,0.89947752,not_evaluated,,2.0,0.0,0.0,standard
pred_000116,beida,2026-08-23T06:38:00.000Z,2026-08-23T06:42:00.000Z,4,beida-service-vm-3,beida-service-vm-3;wuhan-service-vm-3;wuhan-service-vm-1;beida-fw;beida-service-vm-1,link,delay,service,0.89911456,not_evaluated,,2.0,0.0,0.0,standard
pred_000117,beida,2026-08-23T06:43:00.000Z,2026-08-23T06:47:00.000Z,4,wuhan-br-1,wuhan-br-1;beida-service-vm-1;wuhan-br-2;chengdu-service-vm-2;beida-service-vm-3,resource,cpu_pressure,service,0.89978372,supported,node.cpu_usage,10.738877,0.0,1.6699786,standard
pred_000118,wuhan,2026-08-23T09:36:00.000Z,2026-08-23T09:57:00.000Z,21,wuhan-br-2,wuhan-br-2;wuhan-cr-1;wuhan-traffic-vm;wuhan-cr-2;wuhan-service-vm-1,routing,bgp_session_down,node,0.9022274,not_evaluated,,5.0,0.0,0.0,standard
pred_000119,guangzhou,2026-08-23T10:49:00.000Z,2026-08-23T11:02:00.000Z,13,guangzhou-br-1,guangzhou-br-1;guangzhou-traffic-vm;guangzhou-cr-1;guangzhou-service-vm-2;guangzhou-service-vm-1,resource,cpu_pressure,node,0.99305636,supported,node.cpu_usage,6.4347224,0.0,4.0,standard
pred_000120,beida,2026-08-23T11:11:00.000Z,2026-08-23T11:14:00.000Z,3,beida-service-vm-1,beida-service-vm-1;beida-traffic-vm;beida-br-1;beida-service-vm-2;beida-cr-2,resource,cpu_pressure,node,0.94008744,supported,node.cpu_usage,5.4777775,0.0,0.0,standard
pred_000121,wuhan,2026-08-23T12:42:00.000Z,2026-08-23T12:48:00.000Z,6,xian-fw,xian-fw;nanjing-cr-1;nanjing-cr-2;wuhan-service-vm-1;wuhan-service-vm-2,service,auth_timeout,service,0.89962311,not_evaluated,,2.0,0.0,0.0,standard
pred_000122,wuhan,2026-08-23T12:50:00.000Z,2026-08-23T12:53:00.000Z,3,wuhan-service-vm-3,wuhan-service-vm-3;shenyang-br-1;nanjing-service-vm-2;wuhan-service-vm-1;xian-traffic-vm,service,auth_timeout,service,0.89962311,not_evaluated,,0.30658671,0.0,0.0,standard
pred_000123,shanghai,2026-08-23T13:33:00.000Z,2026-08-23T13:38:00.000Z,5,shenyang-cr-2,shenyang-cr-2;wuhan-cr-1;guangzhou-cr-1;beida-br-2;xian-cr-2,service,web_5xx,service,0.89911456,not_evaluated,,2.0,0.0,0.0,standard
pred_000124,shanghai,2026-08-23T13:39:00.000Z,2026-08-23T13:41:00.000Z,2,nanjing-cr-1,nanjing-cr-1;shanghai-service-vm-2;wuhan-cr-2;shanghai-service-vm-3;shanghai-service-vm-1,service,web_5xx,service,0.87866279,not_evaluated,,2.0,0.0,0.0,standard
pred_000125,beida,2026-08-23T14:23:00.000Z,2026-08-23T14:33:00.000Z,10,beida-service-vm-1,beida-service-vm-1;beida-service-vm-2;beida-service-vm-3;nanjing-br-2;wuhan-traffic-vm,service,dns_down,service,0.89978372,not_evaluated,,2.0,0.0,0.0,standard
pred_000126,xian,2026-08-23T14:58:00.000Z,2026-08-23T15:12:00.000Z,14,xian-service-vm-1,xian-service-vm-1;xian-cr-1;xian-traffic-vm;xian-service-vm-3;xian-br-1,resource,disk_space_low,node,0.99999952,supported,node.filesystem_used_ratio,16.0,0.0,0.0,standard
pred_000127,wuhan,2026-08-23T16:07:00.000Z,2026-08-23T16:08:00.000Z,1,wuhan-service-vm-1,wuhan-service-vm-1;nanjing-fw;guangzhou-br-2;wuhan-service-vm-2;wuhan-service-vm-3,service,auth_error,service,0.86899932,not_evaluated,,0.13179706,0.0,0.0,standard
pred_000128,beida,2026-08-23T16:22:00.000Z,2026-08-23T16:28:00.000Z,6,beida-service-vm-1,beida-service-vm-1;beida-traffic-vm;beida-br-2;beida-service-vm-2;beida-service-vm-3,resource,disk_io_pressure,node,0.99958187,supported,node.disk_io_util,10.00139,0.0,0.0,standard
pred_000129,guangzhou,2026-08-23T18:55:00.000Z,2026-08-23T19:15:00.000Z,20,guangzhou-service-vm-2,guangzhou-service-vm-2;guangzhou-cr-2;guangzhou-br-1;guangzhou-br-2;guangzhou-service-vm-3,resource,cpu_pressure,node,0.99999952,supported,node.cpu_usage,16.0,0.0,0.0,standard
pred_000130,xian,2026-08-23T20:36:00.000Z,2026-08-23T21:03:00.000Z,27,xian-service-vm-1,xian-service-vm-1;xian-cr-2;xian-cr-1;xian-br-2;xian-traffic-vm,resource,cpu_pressure,node,0.99999952,supported,node.cpu_usage,16.0,0.0,0.0,standard
pred_000131,beida,2026-08-23T21:08:00.000Z,2026-08-23T21:10:00.000Z,2,beida-service-vm-1,beida-service-vm-1;beida-service-vm-3;beida-br-1;beida-service-vm-2;beida-cr-1,resource,disk_io_pressure,node,0.99828351,supported,node.disk_io_util,8.729167,0.0,0.0,standard
pred_000132,wuhan,2026-08-23T22:03:00.000Z,2026-08-23T22:06:00.000Z,3,beida-traffic-vm,beida-traffic-vm;wuhan-service-vm-2;nanjing-cr-1;wuhan-service-vm-1;wuhan-service-vm-3,service,auth_timeout,service,0.88494883,not_evaluated,,0.70900404,0.0,0.0,standard
pred_000133,wuhan,2026-08-23T22:10:00.000Z,2026-08-23T22:13:00.000Z,3,shanghai-br-2,shanghai-br-2;chengdu-br-1;wuhan-service-vm-3;wuhan-service-vm-1;beida-traffic-vm,service,auth_timeout,service,0.88494883,not_evaluated,,1.6191404,0.0,0.0,standard
pred_000134,shanghai,2026-08-23T22:39:00.000Z,2026-08-23T22:50:00.000Z,11,shanghai-service-vm-1,shanghai-service-vm-1;shanghai-cr-2;shanghai-br-1;shanghai-traffic-vm;shanghai-cr-1,resource,cpu_pressure,node,0.99970263,supported,node.cpu_usage,10.308333,0.0,0.0,standard
pred_000135,beida,2026-08-23T23:29:00.000Z,2026-08-23T23:31:00.000Z,2,beida-br-2,beida-br-2;beida-traffic-vm;beida-service-vm-1;beida-service-vm-3;beida-service-vm-2,routing,bgp_session_down,node,0.9022274,not_evaluated,,5.0,0.0,0.0,standard
pred_000136,xian,2026-08-23T23:33:00.000Z,2026-08-23T23:35:00.000Z,2,xian-br-2,xian-br-2;xian-service-vm-1;xian-service-vm-2;xian-service-vm-3;xian-traffic-vm,routing,bgp_session_down,node,0.9022274,not_evaluated,,5.0,0.0,0.0,standard
pred_000137,beida,2026-08-23T23:37:00.000Z,2026-08-23T23:39:00.000Z,2,beida-br-2,beida-br-2;beida-cr-2;beida-service-vm-2;beida-service-vm-3;beida-fw,routing,bgp_session_down,node,0.9022274,not_evaluated,,5.0,0.0,0.0,standard
pred_000138,beida,2026-08-24T00:48:00.000Z,2026-08-24T00:51:00.000Z,3,beida-service-vm-1,beida-service-vm-1;beida-service-vm-2;beida-cr-1;beida-br-2;beida-service-vm-3,resource,cpu_pressure,node,0.99817443,supported,node.cpu_usage,8.6736116,0.0,0.0,standard
pred_000139,beida,2026-08-24T00:55:00.000Z,2026-08-24T00:59:00.000Z,4,beida-service-vm-1,beida-service-vm-1;beida-br-2;beida-service-vm-2;beida-service-vm-3;beida-cr-1,resource,disk_io_pressure,node,0.99768221,supported,node.disk_io_util,8.458334,0.0,0.0,standard
pred_000140,shanghai,2026-08-24T01:48:00.000Z,2026-08-24T02:10:00.000Z,22,shanghai-service-vm-3,shanghai-service-vm-3;shenyang-traffic-vm;shanghai-service-vm-1;shanghai-service-vm-2;beida-traffic-vm,service,web_5xx,ambiguous,0.89998988,not_evaluated,,0.69999999,0.0,0.0,high
pred_000141,wuhan,2026-08-24T03:18:00.000Z,2026-08-24T03:30:00.000Z,12,xian-cr-2,xian-cr-2;nanjing-br-1;shenyang-br-1;wuhan-service-vm-1;wuhan-service-vm-3,service,auth_timeout,service,0.89962311,not_evaluated,,2.0,0.0,0.0,standard
pred_000142,beida,2026-08-24T04:09:00.000Z,2026-08-24T04:11:00.000Z,2,shanghai-fw,shanghai-fw;beida-service-vm-2;beida-service-vm-3;beida-service-vm-1;wuhan-service-vm-3,service,dns_down,service,0.8974682,not_evaluated,,1.1768088,0.0,0.0,standard
pred_000143,beida,2026-08-24T04:13:00.000Z,2026-08-24T04:21:00.000Z,8,beida-service-vm-3,beida-service-vm-3;shanghai-traffic-vm;beida-service-vm-2;beida-service-vm-1;xian-cr-2,service,dns_down,service,0.89978372,not_evaluated,,0.20598798,0.0,0.0,standard
pred_000144,beida,2026-08-24T04:22:00.000Z,2026-08-24T04:23:00.000Z,1,beida-service-vm-1,beida-service-vm-1;beida-service-vm-3;beida-br-1;beida-service-vm-2;wuhan-cr-2,service,dns_down,service,0.89924556,not_evaluated,,0.13423252,0.0,0.0,standard
pred_000145,beida,2026-08-24T04:24:00.000Z,2026-08-24T04:25:00.000Z,1,wuhan-service-vm-3,wuhan-service-vm-3;beida-service-vm-3;beida-service-vm-2;beida-service-vm-1;wuhan-cr-2,service,dns_down,service,0.86899932,not_evaluated,,0.80000001,0.0,0.0,standard
pred_000146,beida,2026-08-24T04:27:00.000Z,2026-08-24T04:31:00.000Z,4,shanghai-cr-1,shanghai-cr-1;beida-service-vm-1;beida-service-vm-3;shenyang-br-2;beida-service-vm-2,link,delay,service,0.89911456,not_evaluated,,1.6019155,0.0,0.0,standard
pred_000147,beida,2026-08-24T04:32:00.000Z,2026-08-24T04:37:00.000Z,5,beida-service-vm-3,beida-service-vm-3;guangzhou-fw;beida-service-vm-2;shenyang-cr-1;xian-service-vm-3,link,delay,service,0.89924556,not_evaluated,,0.69999999,0.0,0.0,standard
pred_000148,xian,2026-08-24T05:37:00.000Z,2026-08-24T05:50:00.000Z,13,xian-service-vm-3,xian-service-vm-3;xian-br-1;xian-br-2;xian-service-vm-1;xian-cr-2,resource,disk_io_pressure,node,0.99999952,supported,node.disk_io_util,16.0,0.0,0.0,standard
pred_000149,beida,2026-08-24T05:57:00.000Z,2026-08-24T05:59:00.000Z,2,beida-service-vm-1,beida-service-vm-1;beida-traffic-vm;beida-service-vm-2;beida-service-vm-3;beida-cr-2,resource,cpu_pressure,node,0.91381329,supported,node.cpu_usage,5.125,0.0,0.0,standard
pred_000150,beida,2026-08-24T06:00:00.000Z,2026-08-24T06:02:00.000Z,2,beida-service-vm-1,beida-service-vm-1;beida-traffic-vm;beida-cr-1;beida-service-vm-3;beida-service-vm-2,resource,cpu_pressure,node,0.94485414,supported,node.cpu_usage,5.5569448,0.0,0.0,standard
pred_000151,beida,2026-08-24T06:50:00.000Z,2026-08-24T06:52:00.000Z,2,beida-service-vm-1,beida-service-vm-1;beida-traffic-vm;beida-cr-1;beida-service-vm-3;beida-service-vm-2,resource,cpu_pressure,node,0.97341102,supported,node.cpu_usage,6.2402782,0.0,0.0,standard
pred_000152,wuhan,2026-08-24T09:18:00.000Z,2026-08-24T09:32:00.000Z,14,wuhan-traffic-vm,wuhan-traffic-vm;xian-cr-1;shenyang-service-vm-2;wuhan-service-vm-1;shanghai-traffic-vm,service,auth_timeout,service,0.89962311,not_evaluated,,2.0,0.0,0.0,standard
pred_000153,wuhan,2026-08-24T09:33:00.000Z,2026-08-24T09:37:00.000Z,4,chengdu-traffic-vm,chengdu-traffic-vm;nanjing-traffic-vm;wuhan-service-vm-1;wuhan-service-vm-3;wuhan-service-vm-2,service,auth_timeout,service,0.89962311,not_evaluated,,2.0,0.0,0.0,standard
pred_000154,xian,2026-08-24T10:07:00.000Z,2026-08-24T10:29:00.000Z,22,xian-service-vm-3,xian-service-vm-3;xian-br-1;xian-cr-2;xian-service-vm-1;xian-cr-1,resource,memory_pressure,node,0.99999952,supported,node.memory_available_ratio,16.0,0.0,0.0,standard
pred_000155,beida,2026-08-24T13:18:00.000Z,2026-08-24T13:21:00.000Z,3,beida-service-vm-1,beida-service-vm-1;beida-cr-1;beida-service-vm-2;beida-service-vm-3;beida-cr-2,resource,disk_io_pressure,node,0.98718369,supported,node.disk_io_util,6.9097223,0.0,0.0,standard
pred_000156,shanghai,2026-08-24T15:08:00.000Z,2026-08-24T15:25:00.000Z,17,shanghai-br-2,shanghai-br-2;shanghai-service-vm-1;shanghai-traffic-vm;shanghai-cr-1;shanghai-service-vm-2,routing,bgp_session_down,node,0.9022274,not_evaluated,,5.0,4.3944492,4.0,standard
pred_000157,shanghai,2026-08-24T18:41:00.000Z,2026-08-24T18:49:00.000Z,8,shanghai-br-2,shanghai-br-2;shanghai-cr-1;shanghai-service-vm-1;shanghai-br-1;shanghai-traffic-vm,resource,cpu_pressure,node,0.97125322,supported,node.cpu_usage,6.1680555,0.0,4.0,standard
pred_000158,beida,2026-08-24T20:49:00.000Z,2026-08-24T20:56:00.000Z,7,beida-service-vm-1,beida-service-vm-1;beida-service-vm-3;beida-service-vm-2;chengdu-cr-2;beida-br-2,service,dns_down,service,0.89970243,not_evaluated,,0.30000001,0.0,0.0,standard
pred_000159,beida,2026-08-24T21:28:00.000Z,2026-08-24T21:52:00.000Z,24,nanjing-cr-1,nanjing-cr-1;shenyang-cr-1;beida-service-vm-2;beida-service-vm-1;shenyang-br-1,service,dns_down,service,0.89982953,not_evaluated,,1.9598083,0.0,0.0,standard
pred_000160,xian,2026-08-24T22:18:00.000Z,2026-08-24T22:39:00.000Z,21,xian-fw,xian-fw;xian-cr-1;xian-br-1;xian-service-vm-1;xian-cr-2,firewall,cpu_pressure,node,0.9983176,supported,node.cpu_usage,8.7472219,0.0,0.0,standard
pred_000161,wuhan,2026-08-24T23:37:00.000Z,2026-08-24T23:57:00.000Z,20,nanjing-traffic-vm,nanjing-traffic-vm;guangzhou-cr-1;wuhan-service-vm-1;shanghai-traffic-vm;wuhan-service-vm-2,service,auth_timeout,service,0.89962311,not_evaluated,,2.0,0.0,0.0,standard
pred_000162,beida,2026-08-25T00:39:00.000Z,2026-08-25T00:45:00.000Z,6,beida-br-2,beida-br-2;beida-service-vm-1;beida-service-vm-3;chengdu-service-vm-3;wuhan-fw,service,dns_down,service,0.89924556,not_evaluated,,1.3350747,0.0,0.0,standard
pred_000163,beida,2026-08-25T00:46:00.000Z,2026-08-25T00:52:00.000Z,6,xian-br-2,xian-br-2;xian-br-1;shanghai-traffic-vm;nanjing-traffic-vm;shenyang-cr-1,resource,cpu_pressure,service,0.8991835,supported,node.cpu_usage,12.806045,0.0,4.0,standard
pred_000164,beida,2026-08-25T01:00:00.000Z,2026-08-25T01:02:00.000Z,2,beida-service-vm-1,beida-service-vm-1;beida-fw;beida-service-vm-3;beida-service-vm-2;beida-cr-1,resource,cpu_pressure,node,0.98682737,supported,node.cpu_usage,6.8847227,0.0,0.0,standard
pred_000165,beida,2026-08-25T03:10:00.000Z,2026-08-25T03:12:00.000Z,2,beida-service-vm-1,beida-service-vm-1;beida-br-1;beida-traffic-vm;beida-cr-2;beida-service-vm-2,resource,cpu_pressure,node,0.83801323,supported,node.cpu_usage,4.479167,0.0,0.0,standard
pred_000166,beida,2026-08-25T03:49:00.000Z,2026-08-25T03:50:00.000Z,1,beida-service-vm-1,beida-service-vm-1;beida-service-vm-3;beida-cr-1;beida-br-1;beida-br-2,resource,cpu_pressure,node,0.82967609,supported,node.cpu_usage,4.4250002,0.0,0.0,standard
pred_000167,beida,2026-08-25T05:06:00.000Z,2026-08-25T05:09:00.000Z,3,beida-service-vm-1,beida-service-vm-1;beida-fw;beida-br-2;beida-cr-1;beida-br-1,resource,cpu_pressure,node,0.99992371,supported,node.cpu_usage,11.533334,0.0,0.0,standard
pred_000168,beida,2026-08-25T06:37:00.000Z,2026-08-25T06:42:00.000Z,5,beida-service-vm-1,beida-service-vm-1;beida-traffic-vm;beida-cr-1;beida-br-2;beida-service-vm-3,resource,cpu_pressure,node,0.99829143,supported,node.cpu_usage,8.7333336,0.0,0.0,standard
pred_000169,beida,2026-08-25T07:46:00.000Z,2026-08-25T07:49:00.000Z,3,guangzhou-br-2,guangzhou-br-2;wuhan-br-2;guangzhou-cr-2;wuhan-cr-2;guangzhou-br-1,service,dns_down,service,0.86899932,not_evaluated,,1.4661298,0.0,0.0,standard
pred_000170,beida,2026-08-25T08:21:00.000Z,2026-08-25T08:25:00.000Z,4,beida-service-vm-1,beida-service-vm-1;beida-traffic-vm;beida-service-vm-2;beida-br-2;beida-service-vm-3,resource,cpu_pressure,node,0.88588518,supported,node.cpu_usage,4.8444443,0.0,0.0,standard
pred_000171,beida,2026-08-25T08:32:00.000Z,2026-08-25T08:36:00.000Z,4,beida-br-2,beida-br-2;beida-cr-2;beida-service-vm-3;beida-service-vm-2;beida-service-vm-1,routing,bgp_session_down,node,0.9022274,not_evaluated,,5.0,0.0,0.0,standard
pred_000172,shanghai,2026-08-25T09:04:00.000Z,2026-08-25T09:31:00.000Z,27,beida-service-vm-1,beida-service-vm-1;shanghai-service-vm-2;shanghai-cr-1;shenyang-cr-2;nanjing-traffic-vm,resource,disk_io_pressure,service,0.89911456,supported,node.disk_io_util,6.8430557,0.0,0.0,standard
pred_000173,wuhan,2026-08-25T10:09:00.000Z,2026-08-25T10:32:00.000Z,23,wuhan-service-vm-1,wuhan-service-vm-1;wuhan-br-2;wuhan-br-1;wuhan-service-vm-3;wuhan-cr-2,resource,memory_pressure,node,0.98062837,supported,node.memory_available_ratio,6.5319443,0.0,0.0,standard
pred_000174,guangzhou,2026-08-25T11:34:00.000Z,2026-08-25T11:38:00.000Z,4,guangzhou-traffic-vm,guangzhou-traffic-vm;guangzhou-br-2;guangzhou-cr-2;guangzhou-cr-1;guangzhou-fw,resource,cpu_pressure,node,0.99539042,supported,node.cpu_usage,7.8374996,0.0,0.0,standard
pred_000175,beida,2026-08-25T11:58:00.000Z,2026-08-25T12:00:00.000Z,2,beida-service-vm-1,beida-service-vm-1;beida-br-1;beida-traffic-vm;beida-cr-2;beida-br-2,resource,cpu_pressure,node,0.69379067,supported,node.cpu_usage,3.7361114,0.0,0.0,standard
pred_000176,beida,2026-08-25T12:42:00.000Z,2026-08-25T12:45:00.000Z,3,shanghai-fw,shanghai-fw;beida-service-vm-1;beida-service-vm-2;nanjing-cr-2;beida-cr-1,service,dns_down,service,0.89930154,not_evaluated,,2.0,0.0,0.0,standard
pred_000177,beida,2026-08-25T12:46:00.000Z,2026-08-25T12:47:00.000Z,1,nanjing-cr-1,nanjing-cr-1;nanjing-cr-2;shenyang-br-1;beida-service-vm-3;beida-service-vm-1,service,dns_down,service,0.89198904,not_evaluated,,2.0,0.0,0.0,standard
pred_000178,beida,2026-08-25T12:48:00.000Z,2026-08-25T12:50:00.000Z,2,nanjing-cr-1,nanjing-cr-1;chengdu-br-1;guangzhou-br-1;beida-service-vm-2;chengdu-service-vm-1,service,dns_down,service,0.81200466,not_evaluated,,0.62115091,0.0,0.0,standard
pred_000179,shanghai,2026-08-25T12:51:00.000Z,2026-08-25T13:00:00.000Z,9,shanghai-br-1,shanghai-br-1;shanghai-br-2;xian-traffic-vm;guangzhou-cr-1;shanghai-service-vm-2,resource,cpu_pressure,ambiguous,0.89815981,supported,node.cpu_usage,12.310371,0.0,4.0,high
pred_000180,beida,2026-08-25T13:28:00.000Z,2026-08-25T13:33:00.000Z,5,beida-service-vm-1,beida-service-vm-1;beida-cr-2;beida-cr-1;beida-service-vm-3;beida-traffic-vm,resource,disk_io_pressure,node,0.99731404,supported,node.disk_io_util,8.3253336,0.0,0.0,standard
pred_000181,beida,2026-08-25T14:10:00.000Z,2026-08-25T14:14:00.000Z,4,beida-service-vm-1,beida-service-vm-1;beida-service-vm-2;beida-service-vm-3;beida-br-1;beida-cr-1,resource,disk_io_pressure,node,0.99997544,supported,node.disk_io_util,12.551389,0.0,0.0,standard
pred_000182,shanghai,2026-08-25T15:35:00.000Z,2026-08-25T15:52:00.000Z,17,shanghai-cr-1,shanghai-cr-1;shenyang-cr-2;chengdu-cr-1;shenyang-br-1;chengdu-br-1,service,web_5xx,service,0.89911456,not_evaluated,,1.7992806,0.0,1.8131194,standard
pred_000183,beida,2026-08-25T16:19:00.000Z,2026-08-25T16:33:00.000Z,14,wuhan-br-2,wuhan-br-2;wuhan-fw;guangzhou-cr-1;beida-service-vm-2;beida-service-vm-1,service,dns_down,service,0.89990599,not_evaluated,,1.6449683,0.0,4.0,standard
pred_000184,wuhan,2026-08-25T16:54:00.000Z,2026-08-25T16:55:00.000Z,1,wuhan-service-vm-1,wuhan-service-vm-1;guangzhou-traffic-vm;shenyang-cr-1;wuhan-service-vm-2;guangzhou-cr-2,service,auth_timeout,service,0.82940624,not_evaluated,,0.30000001,0.0,0.0,standard
pred_000185,beida,2026-08-25T17:13:00.000Z,2026-08-25T17:15:00.000Z,2,beida-service-vm-1,beida-service-vm-1;beida-traffic-vm;beida-service-vm-3;beida-fw;beida-cr-2,resource,disk_io_pressure,node,0.99990642,supported,node.disk_io_util,11.348612,0.0,0.0,standard
pred_000186,xian,2026-08-25T17:34:00.000Z,2026-08-25T17:39:00.000Z,5,xian-fw,xian-fw;xian-cr-1;xian-br-2;xian-service-vm-1;xian-br-1,firewall,cpu_pressure,node,0.99270743,supported,node.cpu_usage,7.4222221,0.0,0.0,standard
pred_000187,shanghai,2026-08-25T17:58:00.000Z,2026-08-25T18:00:00.000Z,2,shanghai-traffic-vm,shanghai-traffic-vm;shanghai-br-1;shanghai-fw;shanghai-cr-2;shanghai-service-vm-1,resource,disk_io_pressure,node,0.99524224,supported,node.disk_io_util,7.8088889,0.0,0.0,standard
pred_000188,beida,2026-08-25T18:01:00.000Z,2026-08-25T18:03:00.000Z,2,beida-service-vm-1,beida-service-vm-1;beida-fw;beida-cr-2;beida-cr-1;beida-traffic-vm,resource,cpu_pressure,node,0.82325834,supported,node.cpu_usage,4.3847227,0.0,0.0,standard
pred_000189,chengdu,2026-08-25T18:40:00.000Z,2026-08-25T18:41:00.000Z,1,chengdu-br-2,chengdu-br-2;chengdu-service-vm-1;chengdu-traffic-vm;chengdu-cr-1;chengdu-service-vm-2,routing,bgp_session_down,node,0.9022274,not_evaluated,,5.0,0.0,0.0,standard
pred_000190,shanghai,2026-08-25T20:20:00.000Z,2026-08-25T20:31:00.000Z,11,xian-service-vm-1,xian-service-vm-1;beida-traffic-vm;shanghai-service-vm-1;shanghai-service-vm-2;shanghai-service-vm-3,service,web_slow,ambiguous,0.89999952,not_evaluated,,2.0,0.0,0.0,high
pred_000191,beida,2026-08-25T20:56:00.000Z,2026-08-25T21:07:00.000Z,11,shanghai-cr-1,shanghai-cr-1;shenyang-cr-2;xian-fw;beida-service-vm-3;beida-service-vm-2,service,dns_down,service,0.89939801,not_evaluated,,2.0,0.0,0.0,standard
pred_000192,xian,2026-08-25T21:50:00.000Z,2026-08-25T21:58:00.000Z,8,xian-fw,xian-fw;xian-traffic-vm;xian-cr-2;xian-br-1;xian-service-vm-3,firewall,cpu_pressure,node,0.99999952,supported,node.cpu_usage,16.0,0.0,0.0,standard
pred_000193,wuhan,2026-08-25T22:33:00.000Z,2026-08-25T22:44:00.000Z,11,shenyang-br-2,shenyang-br-2;wuhan-service-vm-1;shenyang-traffic-vm;wuhan-service-vm-2;wuhan-service-vm-3,service,auth_timeout,service,0.89951204,not_evaluated,,1.15776,0.0,4.0,standard
pred_000194,wuhan,2026-08-25T23:23:00.000Z,2026-08-25T23:39:00.000Z,16,wuhan-fw,wuhan-fw;wuhan-service-vm-1;wuhan-br-2;wuhan-br-1;wuhan-cr-1,firewall,cpu_pressure,node,0.99999952,supported,node.cpu_usage,16.0,0.0,0.0,standard
pred_000195,beida,2026-08-25T23:58:00.000Z,2026-08-26T00:03:00.000Z,5,beida-service-vm-1,beida-service-vm-1;beida-traffic-vm;beida-service-vm-2;beida-service-vm-3;beida-br-2,resource,cpu_pressure,node,0.98775637,supported,node.cpu_usage,6.9513893,0.0,0.0,standard
pred_000196,beida,2026-08-26T02:07:00.000Z,2026-08-26T02:09:00.000Z,2,beida-service-vm-1,beida-service-vm-1;beida-cr-1;beida-br-1;beida-service-vm-3;beida-br-2,resource,cpu_pressure,node,0.9552862,supported,node.cpu_usage,5.7555552,0.0,0.0,standard
pred_000197,wuhan,2026-08-26T02:20:00.000Z,2026-08-26T02:39:00.000Z,19,wuhan-service-vm-3,wuhan-service-vm-3;wuhan-cr-1;wuhan-br-1;wuhan-cr-2;wuhan-traffic-vm,resource,disk_io_pressure,node,0.99999952,supported,node.disk_io_util,16.0,0.0,0.0,standard
pred_000198,beida,2026-08-26T03:17:00.000Z,2026-08-26T03:21:00.000Z,4,beida-service-vm-1,beida-service-vm-1;beida-cr-1;beida-fw;beida-cr-2;beida-br-2,resource,disk_io_pressure,node,0.99808514,supported,node.disk_io_util,8.6305561,0.0,0.0,standard
pred_000199,shanghai,2026-08-26T04:05:00.000Z,2026-08-26T04:14:00.000Z,9,wuhan-cr-1,wuhan-cr-1;wuhan-cr-2;shanghai-service-vm-1;shanghai-service-vm-2;wuhan-br-1,service,web_slow,service,0.89999952,not_evaluated,,2.0,0.0,0.0,standard
pred_000200,shenyang,2026-08-26T04:18:00.000Z,2026-08-26T04:23:00.000Z,5,shenyang-fw,shenyang-fw;shenyang-cr-2;shenyang-service-vm-3;shenyang-service-vm-1;shenyang-cr-1,resource,process_pressure,node,0.99999952,not_evaluated,,16.0,0.0,0.0,standard
pred_000201,shanghai,2026-08-26T04:52:00.000Z,2026-08-26T05:16:00.000Z,24,shanghai-traffic-vm,shanghai-traffic-vm;shanghai-br-1;shanghai-cr-1;shanghai-br-2;shanghai-cr-2,resource,cpu_pressure,node,0.99698907,supported,node.cpu_usage,8.2222223,0.0,0.0,standard
pred_000202,beida,2026-08-26T05:46:00.000Z,2026-08-26T05:49:00.000Z,3,beida-service-vm-1,beida-service-vm-1;beida-service-vm-2;beida-br-1;beida-cr-1;beida-br-2,resource,cpu_pressure,node,0.99993646,supported,node.cpu_usage,11.697223,0.0,0.0,standard
pred_000203,xian,2026-08-26T06:02:00.000Z,2026-08-26T06:04:00.000Z,2,xian-br-2,xian-br-2;xian-cr-1;xian-br-1;xian-traffic-vm;xian-service-vm-1,routing,bgp_session_down,node,0.9022274,not_evaluated,,5.0,0.0,0.0,standard
pred_000204,chengdu,2026-08-26T06:06:00.000Z,2026-08-26T06:08:00.000Z,2,chengdu-br-2,chengdu-br-2;chengdu-service-vm-2;chengdu-traffic-vm;chengdu-cr-1;chengdu-br-1,routing,bgp_session_down,node,0.9022274,not_evaluated,,5.0,0.0,0.0,standard
pred_000205,chengdu,2026-08-26T06:10:00.000Z,2026-08-26T06:12:00.000Z,2,chengdu-br-2,chengdu-br-2;chengdu-cr-1;chengdu-br-1;chengdu-service-vm-2;chengdu-traffic-vm,routing,bgp_session_down,node,0.9022274,not_evaluated,,5.0,0.0,0.0,standard
pred_000206,nanjing,2026-08-26T06:34:00.000Z,2026-08-26T06:36:00.000Z,2,nanjing-traffic-vm,nanjing-traffic-vm;nanjing-service-vm-3;nanjing-service-vm-2;nanjing-fw;nanjing-service-vm-1,resource,cpu_pressure,node,0.9554835,supported,node.cpu_usage,5.7597222,0.0,0.0,standard
pred_000207,chengdu,2026-08-26T06:38:00.000Z,2026-08-26T06:40:00.000Z,2,chengdu-traffic-vm,chengdu-traffic-vm;chengdu-service-vm-3;chengdu-fw;chengdu-cr-1;chengdu-br-2,resource,cpu_pressure,node,0.9566502,supported,node.cpu_usage,5.7847223,0.0,0.0,standard
pred_000208,shanghai,2026-08-26T06:46:00.000Z,2026-08-26T06:48:00.000Z,2,shanghai-service-vm-2,shanghai-service-vm-2;shanghai-service-vm-1;shanghai-cr-1;shanghai-fw;shanghai-service-vm-3,resource,cpu_pressure,node,0.98690748,supported,node.cpu_usage,6.8902779,0.0,0.0,standard
pred_000209,chengdu,2026-08-26T07:02:00.000Z,2026-08-26T07:04:00.000Z,2,chengdu-service-vm-3,chengdu-service-vm-3;chengdu-service-vm-1;chengdu-cr-1;chengdu-br-2;chengdu-br-1,resource,disk_io_pressure,node,0.99316448,supported,node.disk_io_util,7.4808884,0.0,0.0,standard
pred_000210,beida,2026-08-26T07:50:00.000Z,2026-08-26T07:52:00.000Z,2,beida-service-vm-1,beida-service-vm-1;beida-br-2;beida-br-1;beida-service-vm-2;beida-cr-1,resource,cpu_pressure,node,0.77969486,supported,node.cpu_usage,4.1374998,0.0,0.0,standard
pred_000211,guangzhou,2026-08-26T07:54:00.000Z,2026-08-26T08:24:00.000Z,30,guangzhou-fw,guangzhou-fw;guangzhou-cr-1;guangzhou-service-vm-2;guangzhou-br-2;guangzhou-service-vm-3,firewall,cpu_pressure,node,0.99999952,supported,node.cpu_usage,16.0,0.0,0.0,standard
pred_000212,beida,2026-08-26T08:47:00.000Z,2026-08-26T08:53:00.000Z,6,wuhan-traffic-vm,wuhan-traffic-vm;shenyang-traffic-vm;wuhan-br-2;beida-traffic-vm;chengdu-fw,resource,disk_io_pressure,service,0.89849043,supported,node.disk_io_util,8.2631111,0.0,0.0,standard
pred_000213,beida,2026-08-26T09:10:00.000Z,2026-08-26T09:27:00.000Z,17,beida-service-vm-1,beida-service-vm-1;beida-service-vm-2;beida-service-vm-3;beida-cr-1;beida-br-2,resource,disk_io_pressure,node,0.99999952,supported,node.disk_io_util,16.0,0.0,0.0,standard
pred_000214,beida,2026-08-26T10:21:00.000Z,2026-08-26T10:22:00.000Z,1,xian-br-2,xian-br-2;beida-service-vm-2;beida-service-vm-1;beida-service-vm-3;wuhan-traffic-vm,service,dns_down,service,0.89954357,not_evaluated,,1.5246302,0.0,0.0,standard
pred_000215,beida,2026-08-26T10:24:00.000Z,2026-08-26T10:28:00.000Z,4,chengdu-br-2,chengdu-br-2;wuhan-br-2;beida-service-vm-3;xian-cr-1;beida-br-2,service,dns_down,service,0.8991835,not_evaluated,,1.6483344,0.0,0.0,standard
pred_000216,beida,2026-08-26T10:34:00.000Z,2026-08-26T10:42:00.000Z,8,beida-br-2,beida-br-2;beida-cr-2;xian-service-vm-3;beida-service-vm-1;beida-service-vm-2,service,dns_down,service,0.89939801,not_evaluated,,2.0,0.0,3.5271945,standard
pred_000217,beida,2026-08-26T14:27:00.000Z,2026-08-26T14:38:00.000Z,11,beida-service-vm-1,beida-service-vm-1;beida-traffic-vm;beida-br-2;beida-service-vm-3;beida-service-vm-2,resource,disk_io_pressure,node,0.99999952,supported,node.disk_io_util,16.0,0.0,0.0,standard
pred_000218,beida,2026-08-26T21:15:00.000Z,2026-08-26T21:19:00.000Z,4,beida-service-vm-1,beida-service-vm-1;beida-cr-1;beida-service-vm-3;beida-service-vm-2;beida-traffic-vm,resource,disk_io_pressure,node,0.99994361,supported,node.disk_io_util,11.805556,0.0,0.0,standard
pred_000219,beida,2026-08-26T22:20:00.000Z,2026-08-26T22:21:00.000Z,1,beida-service-vm-1,beida-service-vm-1;beida-service-vm-2;beida-cr-1;beida-fw;beida-cr-2,resource,disk_io_pressure,node,0.99548161,supported,node.disk_io_util,7.8555555,0.0,0.0,standard
pred_000220,beida,2026-08-26T22:51:00.000Z,2026-08-26T22:53:00.000Z,2,beida-service-vm-1,beida-service-vm-1;beida-fw;beida-service-vm-2;beida-service-vm-3;beida-traffic-vm,resource,cpu_pressure,node,0.93760693,supported,node.cpu_usage,5.4388885,0.0,0.0,standard
pred_000221,beida,2026-08-27T00:16:00.000Z,2026-08-27T00:18:00.000Z,2,beida-service-vm-1,beida-service-vm-1;beida-cr-1;beida-traffic-vm;beida-service-vm-2;beida-br-1,resource,cpu_pressure,node,0.9903211,supported,node.cpu_usage,7.1652784,0.0,0.0,standard
pred_000222,beida,2026-08-27T00:33:00.000Z,2026-08-27T01:02:00.000Z,29,beida-br-2,beida-br-2;shanghai-service-vm-2;shenyang-service-vm-2;nanjing-cr-1;chengdu-cr-2,service,dns_down,service,0.89988732,not_evaluated,,1.8965708,0.0,4.0,standard
pred_000223,shanghai,2026-08-27T01:38:00.000Z,2026-08-27T01:42:00.000Z,4,beida-service-vm-1,beida-service-vm-1;shanghai-service-vm-1;shanghai-service-vm-2;shanghai-service-vm-3;shanghai-traffic-vm,resource,cpu_pressure,ambiguous,0.89998179,supported,node.cpu_usage,5.3249998,0.0,0.0,high
pred_000224,shanghai,2026-08-27T03:06:00.000Z,2026-08-27T03:29:00.000Z,23,guangzhou-cr-1,guangzhou-cr-1;shanghai-br-2;xian-br-2;xian-fw;xian-traffic-vm,service,web_5xx,ambiguous,0.89999071,not_evaluated,,2.0,0.0,4.0,high
pred_000225,nanjing,2026-08-27T03:30:00.000Z,2026-08-27T03:35:00.000Z,5,nanjing-service-vm-2,nanjing-service-vm-2;nanjing-br-2;nanjing-service-vm-3;nanjing-cr-1;nanjing-traffic-vm,resource,disk_io_pressure,node,0.99999952,supported,node.disk_io_util,16.0,0.0,0.0,standard
pred_000226,xian,2026-08-27T04:02:00.000Z,2026-08-27T04:11:00.000Z,9,xian-service-vm-2,xian-service-vm-2;xian-cr-1;xian-cr-2;xian-br-1;xian-br-2,resource,memory_pressure,node,0.99458921,supported,node.memory_available_ratio,7.6925397,0.0,0.0,standard
pred_000227,beida,2026-08-27T04:26:00.000Z,2026-08-27T04:28:00.000Z,2,beida-service-vm-1,beida-service-vm-1;beida-br-2;beida-br-1;beida-cr-1;beida-cr-2,resource,cpu_pressure,node,0.98633713,supported,node.cpu_usage,6.8513889,0.0,0.0,standard
pred_000228,shanghai,2026-08-27T05:00:00.000Z,2026-08-27T05:02:00.000Z,2,shanghai-br-2,shanghai-br-2;shanghai-cr-2;shanghai-traffic-vm;shanghai-fw;shanghai-cr-1,routing,bgp_session_down,node,0.9022274,not_evaluated,,5.0,0.0,0.0,standard
pred_000229,nanjing,2026-08-27T05:03:00.000Z,2026-08-27T05:05:00.000Z,2,nanjing-br-2,nanjing-br-2;nanjing-cr-2;nanjing-service-vm-1;nanjing-service-vm-3;nanjing-cr-1,routing,bgp_session_down,node,0.9022274,not_evaluated,,5.0,0.0,0.0,standard
pred_000230,shanghai,2026-08-27T05:07:00.000Z,2026-08-27T05:09:00.000Z,2,shanghai-br-2,shanghai-br-2;shanghai-traffic-vm;shanghai-fw;shanghai-service-vm-1;shanghai-cr-1,routing,bgp_session_down,node,0.9022274,not_evaluated,,5.0,0.0,0.0,standard
pred_000231,beida,2026-08-27T05:20:00.000Z,2026-08-27T05:25:00.000Z,5,beida-service-vm-1,beida-service-vm-1;beida-service-vm-3;beida-fw;beida-br-2;beida-cr-1,resource,disk_io_pressure,node,0.99999952,supported,node.disk_io_util,16.0,0.0,0.0,standard
pred_000232,shanghai,2026-08-27T05:45:00.000Z,2026-08-27T05:47:00.000Z,2,guangzhou-fw,guangzhou-fw;beida-service-vm-1;wuhan-cr-2;shanghai-service-vm-3;shanghai-service-vm-2,service,web_5xx,service,0.8974682,not_evaluated,,2.0,0.0,0.0,standard
pred_000233,beida,2026-08-27T05:57:00.000Z,2026-08-27T05:59:00.000Z,2,beida-service-vm-1,beida-service-vm-1;beida-service-vm-3;beida-cr-1;beida-service-vm-2;beida-br-1,resource,cpu_pressure,node,0.99331737,supported,node.cpu_usage,7.5013895,0.0,0.0,standard
pred_000234,shanghai,2026-08-27T06:02:00.000Z,2026-08-27T06:04:00.000Z,2,shanghai-service-vm-3,shanghai-service-vm-3;shanghai-cr-2;shanghai-service-vm-1;shanghai-service-vm-2;shanghai-cr-1,resource,cpu_pressure,node,0.98068684,supported,node.cpu_usage,6.5347219,0.0,0.0,standard
pred_000235,xian,2026-08-27T06:04:00.000Z,2026-08-27T06:06:00.000Z,2,xian-fw,xian-fw;xian-br-2;xian-service-vm-3;xian-traffic-vm;xian-cr-2,firewall,cpu_pressure,node,0.99997342,supported,node.cpu_usage,12.483333,0.0,0.0,standard
pred_000236,beida,2026-08-27T06:38:00.000Z,2026-08-27T06:40:00.000Z,2,beida-fw,beida-fw;beida-service-vm-1;beida-service-vm-3;beida-br-1;beida-service-vm-2,firewall,cpu_pressure,node,0.9999733,supported,node.cpu_usage,12.477777,0.0,0.0,standard
pred_000237,guangzhou,2026-08-27T06:46:00.000Z,2026-08-27T06:48:00.000Z,2,guangzhou-service-vm-2,guangzhou-service-vm-2;guangzhou-service-vm-3;guangzhou-br-1;guangzhou-service-vm-1;guangzhou-fw,resource,cpu_pressure,node,0.92094427,supported,node.cpu_usage,5.209722,0.0,0.0,standard
pred_000238,xian,2026-08-27T06:53:00.000Z,2026-08-27T07:02:00.000Z,9,xian-br-1,xian-br-1;xian-cr-2;xian-traffic-vm;xian-service-vm-3;xian-cr-1,routing,bgp_session_down,node,0.9022274,not_evaluated,,5.0,0.0,0.0,standard
pred_000239,nanjing,2026-08-27T07:39:00.000Z,2026-08-27T07:57:00.000Z,18,nanjing-service-vm-1,nanjing-service-vm-1;nanjing-service-vm-2;nanjing-traffic-vm;nanjing-cr-1;nanjing-service-vm-3,resource,cpu_pressure,node,0.99999952,supported,node.cpu_usage,16.0,0.0,0.0,standard
pred_000240,shenyang,2026-08-27T10:05:00.000Z,2026-08-27T10:35:00.000Z,30,shenyang-service-vm-1,shenyang-service-vm-1;shenyang-service-vm-3;shenyang-cr-2;shenyang-br-2;shenyang-br-1,resource,disk_space_low,node,0.99999952,supported,node.filesystem_used_ratio,16.0,0.0,0.0,standard
pred_000241,beida,2026-08-27T11:56:00.000Z,2026-08-27T11:57:00.000Z,1,beida-service-vm-1,beida-service-vm-1;beida-cr-1;beida-service-vm-2;beida-fw;beida-br-1,resource,cpu_pressure,node,0.9607994,supported,node.cpu_usage,5.8791666,0.0,0.0,standard
pred_000242,shanghai,2026-08-27T12:27:00.000Z,2026-08-27T12:39:00.000Z,12,shanghai-br-1,shanghai-br-1;shanghai-service-vm-3;shanghai-traffic-vm;shanghai-service-vm-1;shanghai-cr-2,routing,bgp_session_down,node,0.9022274,not_evaluated,,5.0,0.0,0.0,standard
pred_000243,beida,2026-08-27T13:24:00.000Z,2026-08-27T13:27:00.000Z,3,guangzhou-fw,guangzhou-fw;beida-service-vm-2;beida-service-vm-3;beida-service-vm-1;xian-cr-2,service,dns_down,service,0.89971863,not_evaluated,,0.5,0.0,0.0,standard
pred_000244,beida,2026-08-27T14:04:00.000Z,2026-08-27T14:12:00.000Z,8,chengdu-fw,chengdu-fw;nanjing-cr-2;shanghai-br-1;beida-service-vm-1;beida-service-vm-2,service,dns_down,service,0.89895204,not_evaluated,,2.0,0.0,0.0,standard
pred_000245,xian,2026-08-27T14:43:00.000Z,2026-08-27T14:57:00.000Z,14,xian-service-vm-2,xian-service-vm-2;xian-cr-1;xian-cr-2;xian-br-2;xian-fw,resource,disk_space_low,node,0.99999952,supported,node.filesystem_used_ratio,16.0,0.0,0.0,standard
pred_000246,beida,2026-08-27T17:58:00.000Z,2026-08-27T18:01:00.000Z,3,beida-service-vm-1,beida-service-vm-1;beida-br-1;beida-service-vm-3;beida-cr-1;beida-br-2,resource,cpu_pressure,node,0.99670804,supported,node.cpu_usage,8.1416674,0.0,0.0,standard
pred_000247,wuhan,2026-08-27T18:51:00.000Z,2026-08-27T18:54:00.000Z,3,xian-service-vm-3,xian-service-vm-3;chengdu-traffic-vm;nanjing-br-2;wuhan-service-vm-1;shanghai-cr-1,service,auth_timeout,service,0.88494883,not_evaluated,,0.89999998,0.0,0.0,standard
pred_000248,wuhan,2026-08-27T18:55:00.000Z,2026-08-27T19:03:00.000Z,8,xian-cr-2,xian-cr-2;shenyang-traffic-vm;xian-br-2;beida-fw;wuhan-service-vm-3,service,auth_timeout,service,0.86899932,not_evaluated,,1.6917255,0.0,0.0,standard
pred_000249,wuhan,2026-08-27T19:04:00.000Z,2026-08-27T19:08:00.000Z,4,shenyang-br-2,shenyang-br-2;chengdu-br-1;wuhan-service-vm-1;nanjing-br-2;wuhan-service-vm-3,service,auth_error,service,0.86899932,not_evaluated,,1.0482421,0.0,0.0,standard
pred_000250,wuhan,2026-08-27T19:36:00.000Z,2026-08-27T19:40:00.000Z,4,wuhan-br-1,wuhan-br-1;xian-traffic-vm;wuhan-service-vm-3;wuhan-service-vm-1;nanjing-br-2,service,auth_timeout,service,0.88494883,not_evaluated,,1.1879374,0.0,4.0,standard
pred_000251,wuhan,2026-08-27T19:41:00.000Z,2026-08-27T19:47:00.000Z,6,shenyang-br-1,shenyang-br-1;shanghai-traffic-vm;wuhan-service-vm-2;chengdu-service-vm-3;shenyang-br-2,service,auth_timeout,ambiguous,0.82940624,not_evaluated,,2.0,0.0,0.0,high
pred_000252,wuhan,2026-08-27T19:48:00.000Z,2026-08-27T19:51:00.000Z,3,wuhan-service-vm-2,wuhan-service-vm-2;wuhan-service-vm-3;xian-traffic-vm;wuhan-service-vm-1;nanjing-br-2,service,auth_timeout,service,0.88494883,not_evaluated,,0.37710166,0.0,0.0,standard
pred_000253,guangzhou,2026-08-27T21:29:00.000Z,2026-08-27T21:37:00.000Z,8,guangzhou-service-vm-3,guangzhou-service-vm-3;guangzhou-cr-1;guangzhou-cr-2;guangzhou-br-1;guangzhou-traffic-vm,resource,disk_space_low,node,0.99999952,supported,node.filesystem_used_ratio,16.0,0.0,0.0,standard
pred_000254,wuhan,2026-08-28T01:01:00.000Z,2026-08-28T01:21:00.000Z,20,wuhan-br-2,wuhan-br-2;wuhan-br-1;wuhan-traffic-vm;wuhan-cr-2;wuhan-service-vm-2,routing,bgp_session_down,node,0.9022274,not_evaluated,,5.0,2.7725887,0.0,standard
pred_000255,wuhan,2026-08-28T02:14:00.000Z,2026-08-28T02:20:00.000Z,6,wuhan-br-1,wuhan-br-1;wuhan-br-2;wuhan-service-vm-1;wuhan-service-vm-2;wuhan-cr-2,routing,bgp_session_down,node,0.9022274,not_evaluated,,5.0,0.0,0.0,standard
pred_000256,beida,2026-08-28T02:29:00.000Z,2026-08-28T02:34:00.000Z,5,beida-service-vm-1,beida-service-vm-1;beida-service-vm-3;beida-service-vm-2;beida-br-1;beida-cr-1,resource,disk_io_pressure,node,0.99973267,supported,node.disk_io_util,10.404167,0.0,0.0,standard
pred_000257,shanghai,2026-08-28T02:50:00.000Z,2026-08-28T02:57:00.000Z,7,xian-service-vm-1,xian-service-vm-1;beida-service-vm-1;shanghai-service-vm-1;shanghai-service-vm-3;nanjing-traffic-vm,service,web_5xx,service,0.89999071,not_evaluated,,2.0,0.0,0.0,standard
pred_000258,shanghai,2026-08-28T03:34:00.000Z,2026-08-28T03:37:00.000Z,3,shenyang-cr-1,shenyang-cr-1;chengdu-cr-2;xian-fw;shanghai-service-vm-1;shanghai-service-vm-3,service,web_5xx,service,0.89815981,not_evaluated,,1.2272949,0.0,0.0,standard
pred_000259,wuhan,2026-08-28T04:14:00.000Z,2026-08-28T04:39:00.000Z,25,beida-service-vm-1,beida-service-vm-1;wuhan-service-vm-1;beida-service-vm-3;wuhan-cr-1;xian-fw,resource,cpu_pressure,service,0.89962311,supported,node.cpu_usage,4.8083334,0.0,0.0,standard
pred_000260,wuhan,2026-08-28T05:20:00.000Z,2026-08-28T05:24:00.000Z,4,wuhan-service-vm-1,wuhan-service-vm-1;wuhan-cr-2;wuhan-service-vm-3;shanghai-br-2;guangzhou-traffic-vm,service,auth_timeout,ambiguous,0.89962311,not_evaluated,,0.54075551,0.0,0.0,high
pred_000261,wuhan,2026-08-28T05:25:00.000Z,2026-08-28T05:42:00.000Z,17,wuhan-service-vm-1,wuhan-service-vm-1;wuhan-cr-1;nanjing-br-2;guangzhou-br-2;wuhan-service-vm-2,service,auth_timeout,service,0.89962311,not_evaluated,,1.6552159,0.0,0.0,standard
pred_000262,wuhan,2026-08-28T05:43:00.000Z,2026-08-28T05:48:00.000Z,5,beida-service-vm-1,beida-service-vm-1;shenyang-service-vm-1;xian-cr-2;shenyang-service-vm-3;wuhan-br-1,service,auth_timeout,service,0.88913563,not_evaluated,,2.0,0.0,0.0,standard
pred_000263,beida,2026-08-28T05:51:00.000Z,2026-08-28T05:53:00.000Z,2,beida-service-vm-1,beida-service-vm-1;beida-traffic-vm;beida-cr-1;beida-br-1;beida-fw,resource,cpu_pressure,node,0.89330941,supported,node.cpu_usage,4.9125004,0.0,0.0,standard
pred_000264,nanjing,2026-08-28T06:55:00.000Z,2026-08-28T07:16:00.000Z,21,nanjing-service-vm-1,nanjing-service-vm-1;nanjing-cr-1;nanjing-cr-2;nanjing-service-vm-2;nanjing-br-1,resource,cpu_pressure,node,0.99999952,supported,node.cpu_usage,16.0,0.0,0.0,standard
pred_000265,wuhan,2026-08-28T08:22:00.000Z,2026-08-28T08:25:00.000Z,3,beida-br-1,beida-br-1;shanghai-traffic-vm;nanjing-br-1;wuhan-cr-2;wuhan-service-vm-1,service,auth_timeout,service,0.87151374,not_evaluated,,2.0,0.0,0.0,standard
pred_000266,shanghai,2026-08-28T09:08:00.000Z,2026-08-28T09:12:00.000Z,4,shanghai-service-vm-1,shanghai-service-vm-1;beida-service-vm-1;wuhan-traffic-vm;shenyang-br-2;shanghai-service-vm-2,service,web_5xx,service,0.89716607,not_evaluated,,2.0,0.0,0.0,standard
pred_000267,shanghai,2026-08-28T09:13:00.000Z,2026-08-28T09:15:00.000Z,2,chengdu-br-1,chengdu-br-1;shanghai-service-vm-1;shanghai-service-vm-3;wuhan-service-vm-1;guangzhou-br-2,service,web_5xx,service,0.89716607,not_evaluated,,1.1803586,0.0,0.0,standard
pred_000268,shanghai,2026-08-28T09:16:00.000Z,2026-08-28T09:23:00.000Z,7,shanghai-cr-2,shanghai-cr-2;nanjing-cr-2;shanghai-cr-1;xian-cr-1;shenyang-cr-2,service,web_5xx,service,0.88724785,not_evaluated,,1.9463362,0.0,0.0,standard
pred_000269,shanghai,2026-08-28T09:25:00.000Z,2026-08-28T09:29:00.000Z,4,shanghai-service-vm-2,shanghai-service-vm-2;shanghai-service-vm-1;shanghai-service-vm-3;shanghai-br-2;nanjing-cr-2,service,web_5xx,service,0.89716607,not_evaluated,,0.2202014,0.0,0.0,standard
pred_000270,shanghai,2026-08-28T09:30:00.000Z,2026-08-28T09:33:00.000Z,3,shanghai-service-vm-2,shanghai-service-vm-2;wuhan-cr-2;guangzhou-cr-2;shanghai-service-vm-1;shanghai-service-vm-3,service,web_slow,service,0.89198904,not_evaluated,,0.28665859,0.0,0.0,standard
pred_000271,shanghai,2026-08-28T11:33:00.000Z,2026-08-28T11:57:00.000Z,24,shanghai-br-1,shanghai-br-1;guangzhou-br-2;shenyang-br-2;shanghai-service-vm-2;shanghai-service-vm-1,service,web_slow,service,0.89999952,not_evaluated,,2.0,0.0,2.4522521,standard
pred_000272,beida,2026-08-28T13:39:00.000Z,2026-08-28T13:42:00.000Z,3,beida-service-vm-1,beida-service-vm-1;beida-service-vm-2;beida-traffic-vm;beida-cr-2;beida-service-vm-3,resource,cpu_pressure,node,0.98385024,supported,node.cpu_usage,6.6986113,0.0,0.0,standard
pred_000273,beida,2026-08-28T15:24:00.000Z,2026-08-28T15:27:00.000Z,3,beida-service-vm-1,beida-service-vm-1;beida-service-vm-2;beida-br-1;beida-service-vm-3;beida-cr-2,resource,cpu_pressure,node,0.99986184,supported,node.cpu_usage,10.998611,0.0,0.0,standard
pred_000274,shanghai,2026-08-28T17:40:00.000Z,2026-08-28T17:59:00.000Z,19,beida-service-vm-2,beida-service-vm-2;shenyang-br-2;beida-service-vm-1;shanghai-service-vm-1;shanghai-service-vm-3,service,web_5xx,ambiguous,0.89999071,not_evaluated,,2.0,0.0,0.0,high
pred_000275,beida,2026-08-28T18:27:00.000Z,2026-08-28T18:35:00.000Z,8,guangzhou-br-1,guangzhou-br-1;guangzhou-br-2;wuhan-cr-2;guangzhou-fw;beida-br-1,resource,cpu_pressure,service,0.89947752,supported,node.cpu_usage,6.7417479,0.0,0.0,standard
pred_000276,beida,2026-08-28T19:10:00.000Z,2026-08-28T19:16:00.000Z,6,beida-service-vm-1,beida-service-vm-1;beida-service-vm-3;beida-service-vm-2;beida-cr-1;beida-traffic-vm,resource,cpu_pressure,node,0.98745418,supported,node.cpu_usage,6.9291668,0.0,0.0,standard
pred_000277,wuhan,2026-08-28T22:09:00.000Z,2026-08-28T22:15:00.000Z,6,wuhan-cr-1,wuhan-cr-1;wuhan-service-vm-1;shenyang-traffic-vm;wuhan-service-vm-2;wuhan-service-vm-3,service,auth_timeout,service,0.88494883,not_evaluated,,1.2371978,0.0,1.1503196,standard
pred_000278,chengdu,2026-08-28T22:55:00.000Z,2026-08-28T23:06:00.000Z,11,chengdu-service-vm-1,chengdu-service-vm-1;chengdu-br-2;chengdu-cr-1;chengdu-cr-2;chengdu-br-1,resource,memory_pressure,node,0.99972492,supported,node.memory_available_ratio,10.378397,0.0,0.0,standard
pred_000279,shanghai,2026-08-28T23:51:00.000Z,2026-08-29T00:00:00.000Z,9,guangzhou-br-1,guangzhou-br-1;beida-br-1;shanghai-service-vm-2;shanghai-service-vm-3;shanghai-service-vm-1,service,web_5xx,service,0.89198904,not_evaluated,,1.1858575,0.0,1.4168103,standard
pred_000280,shanghai,2026-08-29T00:01:00.000Z,2026-08-29T00:05:00.000Z,4,guangzhou-traffic-vm,guangzhou-traffic-vm;guangzhou-service-vm-3;guangzhou-service-vm-2;guangzhou-cr-1;shanghai-service-vm-1,service,web_5xx,service,0.89716607,not_evaluated,,1.9031677,0.0,0.0,standard
pred_000281,shanghai,2026-08-29T00:06:00.000Z,2026-08-29T00:09:00.000Z,3,beida-service-vm-1,beida-service-vm-1;wuhan-br-1;shanghai-cr-2;guangzhou-br-2;guangzhou-cr-1,service,web_slow,service,0.88494883,not_evaluated,,2.0,0.0,0.0,standard
pred_000282,shenyang,2026-08-29T00:55:00.000Z,2026-08-29T00:58:00.000Z,3,shenyang-fw,shenyang-fw;shenyang-br-2;shenyang-br-1;shenyang-service-vm-1;shenyang-service-vm-3,firewall,cpu_pressure,node,0.99999952,supported,node.cpu_usage,16.0,0.0,0.0,standard
pred_000283,beida,2026-08-29T01:36:00.000Z,2026-08-29T01:42:00.000Z,6,beida-service-vm-1,beida-service-vm-1;guangzhou-traffic-vm;beida-service-vm-2;beida-traffic-vm;beida-service-vm-3,service,dns_down,service,0.89957241,not_evaluated,,2.0,0.0,0.0,standard
pred_000284,beida,2026-08-29T01:50:00.000Z,2026-08-29T01:54:00.000Z,4,beida-service-vm-1,beida-service-vm-1;beida-service-vm-3;beida-service-vm-2;beida-traffic-vm;beida-br-1,resource,disk_io_pressure,node,0.99939644,supported,node.disk_io_util,9.6708336,0.0,0.0,standard
pred_000285,shanghai,2026-08-29T02:27:00.000Z,2026-08-29T02:29:00.000Z,2,shanghai-service-vm-3,shanghai-service-vm-3;shenyang-br-2;shanghai-service-vm-1;shanghai-service-vm-2;chengdu-br-2,service,web_5xx,service,0.89716607,not_evaluated,,0.2,0.0,0.0,standard
pred_000286,shanghai,2026-08-29T02:41:00.000Z,2026-08-29T02:43:00.000Z,2,chengdu-br-1,chengdu-br-1;beida-service-vm-1;wuhan-br-2;shanghai-cr-1;shanghai-fw,service,web_slow,service,0.87436183,not_evaluated,,1.9038043,0.0,0.0,standard
pred_000287,beida,2026-08-29T03:46:00.000Z,2026-08-29T03:47:00.000Z,1,chengdu-cr-2,chengdu-cr-2;beida-service-vm-2;beida-service-vm-3;shanghai-fw;shenyang-service-vm-2,service,dns_down,service,0.89874839,not_evaluated,,1.5427183,0.0,0.0,standard
pred_000288,beida,2026-08-29T03:48:00.000Z,2026-08-29T03:53:00.000Z,5,beida-service-vm-1,beida-service-vm-1;beida-service-vm-3;beida-service-vm-2;chengdu-cr-2;wuhan-br-1,service,dns_down,service,0.89951204,not_evaluated,,2.0,0.0,0.0,standard
pred_000289,beida,2026-08-29T03:54:00.000Z,2026-08-29T04:00:00.000Z,6,beida-service-vm-2,beida-service-vm-2;beida-service-vm-3;beida-service-vm-1;wuhan-fw;wuhan-br-2,service,dns_down,service,0.89978372,not_evaluated,,0.20325869,0.0,0.0,standard
pred_000290,beida,2026-08-29T04:01:00.000Z,2026-08-29T04:02:00.000Z,1,chengdu-br-2,chengdu-br-2;xian-br-2;beida-cr-2;shanghai-br-1;shenyang-cr-1,service,dns_down,service,0.89849043,not_evaluated,,2.0,0.0,0.0,standard
pred_000291,beida,2026-08-29T04:03:00.000Z,2026-08-29T04:10:00.000Z,7,wuhan-br-2,wuhan-br-2;guangzhou-br-1;nanjing-br-1;wuhan-cr-2;nanjing-cr-2,link,delay,service,0.89971863,not_evaluated,,2.0,0.0,4.0,standard
pred_000292,shanghai,2026-08-29T05:51:00.000Z,2026-08-29T05:53:00.000Z,2,shanghai-traffic-vm,shanghai-traffic-vm;shanghai-cr-2;shanghai-service-vm-1;shanghai-cr-1;shanghai-br-2,resource,disk_io_pressure,node,0.99262106,supported,node.disk_io_util,7.4115562,0.0,0.0,standard
pred_000293,beida,2026-08-29T05:53:00.000Z,2026-08-29T05:59:00.000Z,6,beida-service-vm-1,beida-service-vm-1;beida-br-1;beida-service-vm-3;beida-service-vm-2;beida-traffic-vm,resource,disk_io_pressure,node,0.9893434,supported,node.disk_io_util,7.0777779,0.0,0.0,standard
pred_000294,beida,2026-08-29T06:34:00.000Z,2026-08-29T06:39:00.000Z,5,beida-service-vm-2,beida-service-vm-2;beida-traffic-vm;beida-br-1;beida-service-vm-1;beida-cr-1,resource,cpu_pressure,node,0.99999952,supported,node.cpu_usage,16.0,0.0,0.0,standard
pred_000295,beida,2026-08-29T06:43:00.000Z,2026-08-29T06:48:00.000Z,5,beida-service-vm-1,beida-service-vm-1;beida-service-vm-2;beida-service-vm-3;beida-br-1;beida-cr-2,resource,disk_io_pressure,node,0.99906474,supported,node.disk_io_util,9.2763891,0.0,0.0,standard
pred_000296,shanghai,2026-08-29T07:13:00.000Z,2026-08-29T07:17:00.000Z,4,guangzhou-service-vm-3,guangzhou-service-vm-3;xian-br-2;xian-cr-2;shanghai-service-vm-3;shanghai-service-vm-2,service,web_5xx,service,0.89538902,not_evaluated,,2.0,0.0,0.0,standard
pred_000297,shanghai,2026-08-29T07:19:00.000Z,2026-08-29T07:22:00.000Z,3,guangzhou-cr-2,guangzhou-cr-2;beida-traffic-vm;shanghai-service-vm-2;guangzhou-service-vm-3;guangzhou-br-1,service,web_5xx,service,0.86227502,not_evaluated,,2.0,0.0,0.0,standard
pred_000298,beida,2026-08-29T08:32:00.000Z,2026-08-29T08:35:00.000Z,3,beida-service-vm-1,beida-service-vm-1;shenyang-cr-1;xian-br-1;chengdu-cr-2;beida-service-vm-2,service,dns_down,service,0.89924556,not_evaluated,,2.0,0.0,0.0,standard
pred_000299,shanghai,2026-08-29T08:44:00.000Z,2026-08-29T08:46:00.000Z,2,shanghai-service-vm-3,shanghai-service-vm-3;shanghai-traffic-vm;shanghai-fw;shanghai-br-2;shanghai-cr-1,resource,cpu_pressure,node,0.97095013,supported,node.cpu_usage,6.1583333,0.0,0.0,standard
pred_000300,chengdu,2026-08-29T10:09:00.000Z,2026-08-29T10:15:00.000Z,6,chengdu-service-vm-3,chengdu-service-vm-3;chengdu-cr-2;chengdu-br-1;chengdu-traffic-vm;chengdu-br-2,resource,disk_space_low,node,0.99999952,supported,node.filesystem_used_ratio,16.0,0.0,0.0,standard
pred_000301,wuhan,2026-08-29T10:56:00.000Z,2026-08-29T11:16:00.000Z,20,wuhan-service-vm-1,wuhan-service-vm-1;wuhan-br-2;wuhan-service-vm-2;wuhan-cr-2;wuhan-service-vm-3,resource,memory_pressure,node,0.98531508,supported,node.memory_available_ratio,6.7855282,0.0,0.0,standard
pred_000302,beida,2026-08-29T11:47:00.000Z,2026-08-29T11:48:00.000Z,1,beida-service-vm-1,beida-service-vm-1;beida-service-vm-3;beida-service-vm-2;beida-br-2;beida-traffic-vm,resource,cpu_pressure,node,0.89735824,supported,node.cpu_usage,4.9513893,0.0,0.0,standard
pred_000303,beida,2026-08-29T14:01:00.000Z,2026-08-29T14:04:00.000Z,3,beida-service-vm-1,beida-service-vm-1;wuhan-fw;beida-service-vm-2;beida-service-vm-3;chengdu-cr-1,service,dns_down,service,0.8974682,not_evaluated,,2.0,0.0,0.0,standard
pred_000304,shanghai,2026-08-29T14:47:00.000Z,2026-08-29T14:56:00.000Z,9,shanghai-service-vm-1,shanghai-service-vm-1;shanghai-br-2;shanghai-cr-1;shanghai-fw;shanghai-cr-2,resource,cpu_pressure,node,0.99969852,supported,node.cpu_usage,10.295833,0.0,0.0,standard
pred_000305,shanghai,2026-08-29T16:30:00.000Z,2026-08-29T16:34:00.000Z,4,shanghai-service-vm-1,shanghai-service-vm-1;shanghai-br-1;shanghai-fw;shanghai-br-2;shanghai-service-vm-2,resource,cpu_pressure,node,0.99999952,supported,node.cpu_usage,16.0,0.0,0.0,standard
pred_000306,shanghai,2026-08-29T17:11:00.000Z,2026-08-29T17:32:00.000Z,21,shanghai-service-vm-1,shanghai-service-vm-1;shanghai-service-vm-3;shanghai-service-vm-2;beida-traffic-vm;chengdu-traffic-vm,service,web_slow,service,0.89999952,not_evaluated,,1.0,0.0,0.0,standard
pred_000307,shanghai,2026-08-29T18:04:00.000Z,2026-08-29T18:26:00.000Z,22,shanghai-service-vm-1,shanghai-service-vm-1;beida-cr-1;guangzhou-traffic-vm;wuhan-traffic-vm;shanghai-cr-2,service,web_5xx,service,0.89874839,not_evaluated,,0.80000001,0.0,0.0,standard
pred_000308,beida,2026-08-30T03:16:00.000Z,2026-08-30T03:21:00.000Z,5,beida-service-vm-1,beida-service-vm-1;beida-service-vm-3;beida-service-vm-2;beida-traffic-vm;beida-br-1,resource,cpu_pressure,node,0.9865436,supported,node.cpu_usage,6.8652782,0.0,0.0,standard
pred_000309,beida,2026-08-30T07:12:00.000Z,2026-08-30T07:14:00.000Z,2,beida-service-vm-1,beida-service-vm-1;beida-cr-1;beida-service-vm-3;beida-service-vm-2;beida-cr-2,resource,cpu_pressure,node,0.98409361,supported,node.cpu_usage,6.7125006,0.0,0.0,standard
pred_000310,beida,2026-08-30T07:15:00.000Z,2026-08-30T07:17:00.000Z,2,beida-service-vm-1,beida-service-vm-1;beida-cr-1;beida-fw;beida-br-2;beida-cr-2,resource,disk_io_pressure,node,0.95031595,supported,node.disk_io_util,5.6559997,0.0,0.0,standard
pred_000311,beida,2026-08-30T12:39:00.000Z,2026-08-30T12:44:00.000Z,5,beida-service-vm-1,beida-service-vm-1;beida-service-vm-2;beida-traffic-vm;beida-cr-1;beida-br-1,resource,disk_io_pressure,node,0.99951434,supported,node.disk_io_util,9.8666668,0.0,0.0,standard
pred_000312,beida,2026-08-30T13:29:00.000Z,2026-08-30T13:31:00.000Z,2,beida-service-vm-1,beida-service-vm-1;beida-traffic-vm;beida-br-2;beida-cr-1;beida-service-vm-2,resource,disk_io_pressure,node,0.94706285,supported,node.disk_io_util,5.5958338,0.0,0.0,standard
pred_000313,beida,2026-08-30T14:00:00.000Z,2026-08-30T14:04:00.000Z,4,beida-service-vm-1,beida-service-vm-1;beida-cr-1;beida-br-1;beida-service-vm-2;beida-service-vm-3,resource,cpu_pressure,node,0.9904241,supported,node.cpu_usage,7.1750002,0.0,0.0,standard
pred_000314,wuhan,2026-08-30T16:45:00.000Z,2026-08-30T16:49:00.000Z,4,wuhan-traffic-vm,wuhan-traffic-vm;wuhan-service-vm-1;xian-br-2;wuhan-service-vm-2;wuhan-br-1,service,auth_timeout,service,0.8983356,not_evaluated,,2.0,0.0,0.0,standard
pred_000315,wuhan,2026-08-30T16:50:00.000Z,2026-08-30T17:01:00.000Z,11,guangzhou-br-2,guangzhou-br-2;beida-traffic-vm;wuhan-service-vm-1;shenyang-traffic-vm;wuhan-service-vm-2,service,auth_timeout,service,0.89962311,not_evaluated,,1.4732298,0.0,0.0,standard
pred_000316,wuhan,2026-08-30T17:02:00.000Z,2026-08-30T17:07:00.000Z,5,nanjing-cr-2,nanjing-cr-2;shanghai-br-2;nanjing-traffic-vm;wuhan-service-vm-1;beida-traffic-vm,service,auth_timeout,service,0.89954357,not_evaluated,,1.3148885,0.0,4.0,standard
pred_000317,shanghai,2026-08-30T17:39:00.000Z,2026-08-30T18:05:00.000Z,26,shanghai-service-vm-2,shanghai-service-vm-2;chengdu-br-1;shanghai-cr-1;nanjing-br-1;xian-cr-1,service,web_slow,ambiguous,0.89999952,not_evaluated,,2.0,0.0,0.0,high
pred_000318,guangzhou,2026-08-30T18:45:00.000Z,2026-08-30T18:46:00.000Z,1,guangzhou-br-1,guangzhou-br-1;guangzhou-service-vm-1;guangzhou-fw;guangzhou-cr-1;guangzhou-br-2,routing,bgp_session_down,node,0.9022274,not_evaluated,,5.0,0.0,2.2282605,standard
pred_000319,guangzhou,2026-08-30T18:49:00.000Z,2026-08-30T18:50:00.000Z,1,guangzhou-br-1,guangzhou-br-1;guangzhou-service-vm-3;guangzhou-cr-1;guangzhou-cr-2;guangzhou-traffic-vm,routing,bgp_session_down,node,0.9022274,not_evaluated,,5.0,0.0,4.0,standard
pred_000320,guangzhou,2026-08-30T18:52:00.000Z,2026-08-30T18:54:00.000Z,2,guangzhou-br-1,guangzhou-br-1;guangzhou-cr-1;guangzhou-service-vm-3;guangzhou-traffic-vm;guangzhou-cr-2,routing,bgp_session_down,node,0.9022274,not_evaluated,,5.0,0.0,4.0,standard
pred_000321,wuhan,2026-08-30T18:56:00.000Z,2026-08-30T18:57:00.000Z,1,wuhan-br-1,wuhan-br-1;wuhan-fw;wuhan-service-vm-3;wuhan-service-vm-2;wuhan-br-2,routing,bgp_session_down,node,0.9022274,not_evaluated,,5.0,0.0,0.0,standard
pred_000322,beida,2026-08-30T19:53:00.000Z,2026-08-30T19:58:00.000Z,5,xian-fw,xian-fw;wuhan-traffic-vm;beida-service-vm-3;beida-service-vm-1;beida-service-vm-2,service,dns_down,service,0.8974682,not_evaluated,,0.60000002,0.0,0.0,standard
pred_000323,beida,2026-08-30T20:32:00.000Z,2026-08-30T20:36:00.000Z,4,beida-service-vm-1,beida-service-vm-1;beida-service-vm-2;beida-service-vm-3;beida-br-2;beida-cr-1,resource,disk_io_pressure,node,0.9999969,supported,node.disk_io_util,14.401389,0.0,0.0,standard
pred_000324,wuhan,2026-08-30T20:39:00.000Z,2026-08-30T20:40:00.000Z,1,wuhan-br-2,wuhan-br-2;wuhan-service-vm-2;nanjing-cr-2;xian-br-2;beida-cr-1,service,auth_error,service,0.84979886,not_evaluated,,0.85387665,0.0,0.0,standard
pred_000325,wuhan,2026-08-30T20:48:00.000Z,2026-08-30T20:50:00.000Z,2,wuhan-service-vm-3,wuhan-service-vm-3;wuhan-service-vm-1;nanjing-traffic-vm;shanghai-br-2;nanjing-cr-2,service,auth_timeout,service,0.89552459,not_evaluated,,0.30000001,0.0,0.0,standard
pred_000326,chengdu,2026-08-30T22:14:00.000Z,2026-08-30T22:44:00.000Z,30,chengdu-service-vm-1,chengdu-service-vm-1;chengdu-br-1;chengdu-br-2;chengdu-cr-1;chengdu-cr-2,resource,disk_io_pressure,node,0.99999952,supported,node.disk_io_util,16.0,0.0,0.0,standard
pred_000327,beida,2026-08-31T02:31:00.000Z,2026-08-31T02:35:00.000Z,4,beida-br-1,beida-br-1;beida-traffic-vm;beida-fw;beida-br-2;beida-service-vm-1,routing,bgp_session_down,node,0.9022274,not_evaluated,,5.0,0.0,3.878984,standard
pred_000328,shanghai,2026-08-31T03:04:00.000Z,2026-08-31T03:20:00.000Z,16,beida-fw,beida-fw;chengdu-br-1;shanghai-service-vm-1;chengdu-cr-1;shanghai-service-vm-2,service,web_5xx,service,0.89999045,not_evaluated,,2.0,0.0,0.0,standard
pred_000329,beida,2026-08-31T03:42:00.000Z,2026-08-31T03:53:00.000Z,11,beida-service-vm-1,beida-service-vm-1;beida-traffic-vm;wuhan-cr-1;beida-service-vm-3;beida-service-vm-2,service,dns_down,service,0.89970243,not_evaluated,,2.0,0.0,0.0,standard
pred_000330,shanghai,2026-08-31T05:39:00.000Z,2026-08-31T05:42:00.000Z,3,guangzhou-service-vm-3,guangzhou-service-vm-3;guangzhou-cr-1;beida-cr-1;shenyang-traffic-vm;chengdu-service-vm-3,service,web_5xx,service,0.82940624,not_evaluated,,1.1,0.0,0.0,standard
pred_000331,shanghai,2026-08-31T05:45:00.000Z,2026-08-31T05:50:00.000Z,5,beida-service-vm-3,beida-service-vm-3;nanjing-br-1;beida-cr-2;shanghai-service-vm-1;nanjing-traffic-vm,service,web_5xx,service,0.89198904,not_evaluated,,2.0,0.0,0.0,standard
pred_000332,shanghai,2026-08-31T05:52:00.000Z,2026-08-31T05:54:00.000Z,2,beida-br-1,beida-br-1;xian-service-vm-3;nanjing-br-1;shanghai-service-vm-1;shanghai-service-vm-2,service,web_5xx,service,0.89069457,not_evaluated,,1.2531328,0.0,0.0,standard
pred_000333,beida,2026-08-31T07:22:00.000Z,2026-08-31T07:25:00.000Z,3,beida-service-vm-1,beida-service-vm-1;beida-service-vm-2;beida-traffic-vm;beida-cr-2;beida-br-1,resource,disk_io_pressure,node,0.98266488,supported,node.disk_io_util,6.6337776,0.0,0.0,standard
pred_000334,beida,2026-08-31T11:06:00.000Z,2026-08-31T11:17:00.000Z,11,beida-br-1,beida-br-1;beida-cr-2;beida-service-vm-1;beida-traffic-vm;beida-br-2,routing,bgp_session_down,node,0.9022274,not_evaluated,,5.0,0.0,0.0,standard
pred_000335,wuhan,2026-08-31T12:04:00.000Z,2026-08-31T12:07:00.000Z,3,xian-cr-2,xian-cr-2;shanghai-traffic-vm;chengdu-br-2;wuhan-service-vm-3;wuhan-br-1,service,auth_timeout,service,0.88494883,not_evaluated,,0.86694056,0.0,0.0,standard
pred_000336,wuhan,2026-08-31T12:09:00.000Z,2026-08-31T12:12:00.000Z,3,beida-service-vm-1,beida-service-vm-1;wuhan-service-vm-3;wuhan-service-vm-1;shanghai-traffic-vm;shenyang-traffic-vm,service,auth_timeout,service,0.88494883,not_evaluated,,2.0,0.0,0.0,standard
pred_000337,wuhan,2026-08-31T12:15:00.000Z,2026-08-31T12:22:00.000Z,7,nanjing-traffic-vm,nanjing-traffic-vm;chengdu-cr-2;beida-cr-2;beida-br-2;wuhan-br-1,service,auth_timeout,ambiguous,0.88494883,not_evaluated,,2.0,0.0,0.0,high
pred_000338,wuhan,2026-08-31T12:24:00.000Z,2026-08-31T12:30:00.000Z,6,nanjing-service-vm-1,nanjing-service-vm-1;chengdu-cr-1;shanghai-cr-2;wuhan-br-1;wuhan-service-vm-1,service,auth_error,service,0.88494883,not_evaluated,,2.0,0.0,0.0,standard
pred_000339,xian,2026-08-31T13:02:00.000Z,2026-08-31T13:09:00.000Z,7,xian-br-1,xian-br-1;xian-cr-2;xian-traffic-vm;xian-service-vm-1;xian-service-vm-2,routing,bgp_session_down,node,0.9022274,not_evaluated,,5.0,0.0,0.0,standard
pred_000340,wuhan,2026-08-31T15:22:00.000Z,2026-08-31T15:26:00.000Z,4,shanghai-cr-1,shanghai-cr-1;chengdu-br-2;wuhan-service-vm-1;nanjing-traffic-vm;chengdu-traffic-vm,service,auth_timeout,service,0.86899932,not_evaluated,,1.2340115,0.0,0.0,standard
pred_000341,wuhan,2026-08-31T16:03:00.000Z,2026-08-31T16:05:00.000Z,2,wuhan-br-2,wuhan-br-2;wuhan-traffic-vm;wuhan-cr-1;wuhan-cr-2;wuhan-service-vm-2,routing,bgp_session_down,node,0.9022274,not_evaluated,,5.0,4.3944492,0.0,standard
pred_000342,wuhan,2026-08-31T16:06:00.000Z,2026-08-31T16:09:00.000Z,3,wuhan-br-2,wuhan-br-2;wuhan-br-1;wuhan-cr-1;wuhan-service-vm-2;wuhan-traffic-vm,routing,bgp_session_down,node,0.9022274,not_evaluated,,5.0,0.0,0.0,standard
pred_000343,wuhan,2026-08-31T16:10:00.000Z,2026-08-31T16:13:00.000Z,3,wuhan-br-2,wuhan-br-2;wuhan-fw;wuhan-service-vm-1;wuhan-br-1;wuhan-cr-2,routing,bgp_session_down,node,0.9022274,not_evaluated,,5.0,0.0,0.0,standard
pred_000344,wuhan,2026-08-31T16:14:00.000Z,2026-08-31T16:16:00.000Z,2,wuhan-br-2,wuhan-br-2;wuhan-service-vm-1;wuhan-fw;wuhan-service-vm-3;wuhan-service-vm-2,routing,bgp_session_down,node,0.9022274,not_evaluated,,5.0,2.7725887,0.0,standard
pred_000345,guangzhou,2026-08-31T17:03:00.000Z,2026-08-31T17:30:00.000Z,27,guangzhou-service-vm-3,guangzhou-service-vm-3;guangzhou-cr-2;guangzhou-br-1;guangzhou-cr-1;guangzhou-traffic-vm,resource,cpu_pressure,node,0.99999952,supported,node.cpu_usage,16.0,0.0,0.0,standard
pred_000346,shanghai,2026-08-31T17:36:00.000Z,2026-08-31T17:38:00.000Z,2,shanghai-traffic-vm,shanghai-traffic-vm;shanghai-fw;shanghai-cr-1;shanghai-br-2;shanghai-service-vm-2,resource,disk_io_pressure,node,0.98322773,supported,node.disk_io_util,6.6640005,0.0,0.0,standard
pred_000347,wuhan,2026-08-31T20:49:00.000Z,2026-08-31T20:51:00.000Z,2,wuhan-service-vm-1,wuhan-service-vm-1;wuhan-service-vm-2;wuhan-service-vm-3;guangzhou-cr-1;xian-br-1,service,auth_timeout,service,0.89962311,not_evaluated,,0.38570017,0.0,0.0,standard
pred_000348,wuhan,2026-08-31T20:52:00.000Z,2026-08-31T21:00:00.000Z,8,shenyang-br-2,shenyang-br-2;wuhan-service-vm-1;wuhan-service-vm-3;shanghai-br-1;wuhan-service-vm-2,service,auth_timeout,service,0.89962311,not_evaluated,,2.0,0.0,4.0,standard
pred_000349,guangzhou,2026-08-31T22:19:00.000Z,2026-08-31T22:46:00.000Z,27,guangzhou-service-vm-2,guangzhou-service-vm-2;guangzhou-cr-1;guangzhou-br-1;guangzhou-cr-2;guangzhou-service-vm-3,resource,disk_space_low,node,0.99999952,supported,node.filesystem_used_ratio,16.0,0.0,0.0,standard
pred_000350,beida,2026-08-31T23:38:00.000Z,2026-08-31T23:42:00.000Z,4,beida-service-vm-1,beida-service-vm-1;beida-cr-1;beida-br-2;beida-traffic-vm;beida-service-vm-2,resource,disk_io_pressure,node,0.99642843,supported,node.disk_io_util,8.0680561,0.0,0.0,standard
pred_000351,beida,2026-09-01T00:41:00.000Z,2026-09-01T00:43:00.000Z,2,wuhan-br-1,wuhan-br-1;beida-service-vm-1;shanghai-br-1;beida-service-vm-3;beida-service-vm-2,service,dns_down,service,0.8964121,not_evaluated,,1.0420504,0.0,0.0,standard
pred_000352,beida,2026-09-01T00:44:00.000Z,2026-09-01T00:55:00.000Z,11,beida-service-vm-1,beida-service-vm-1;beida-service-vm-2;beida-service-vm-3;beida-traffic-vm;beida-cr-1,resource,cpu_pressure,node,0.99712038,supported,node.cpu_usage,8.2625008,0.0,0.0,standard
pred_000353,beida,2026-09-01T00:56:00.000Z,2026-09-01T00:58:00.000Z,2,guangzhou-cr-2,guangzhou-cr-2;beida-service-vm-3;beida-service-vm-1;shenyang-br-1;beida-service-vm-2,service,dns_down,service,0.89198904,not_evaluated,,0.82828945,0.0,0.0,standard
pred_000354,beida,2026-09-01T00:59:00.000Z,2026-09-01T01:03:00.000Z,4,xian-service-vm-2,xian-service-vm-2;nanjing-service-vm-2;shenyang-br-1;beida-service-vm-2;chengdu-br-1,service,dns_down,service,0.89538902,not_evaluated,,2.0,0.0,0.0,standard
pred_000355,beida,2026-09-01T02:22:00.000Z,2026-09-01T02:23:00.000Z,1,beida-service-vm-1,beida-service-vm-1;beida-br-2;beida-traffic-vm;beida-service-vm-2;beida-cr-1,resource,cpu_pressure,node,0.99613118,supported,node.cpu_usage,7.9958334,0.0,0.0,standard
pred_000356,wuhan,2026-09-01T03:34:00.000Z,2026-09-01T03:36:00.000Z,2,wuhan-br-2,wuhan-br-2;wuhan-cr-1;wuhan-service-vm-2;wuhan-service-vm-1;wuhan-fw,routing,bgp_session_down,node,0.9022274,not_evaluated,,5.0,0.0,0.0,standard
pred_000357,nanjing,2026-09-01T03:38:00.000Z,2026-09-01T03:41:00.000Z,3,nanjing-br-2,nanjing-br-2;nanjing-fw;nanjing-cr-1;nanjing-service-vm-1;nanjing-cr-2,routing,bgp_session_down,node,0.9022274,not_evaluated,,5.0,0.0,0.0,standard
pred_000358,wuhan,2026-09-01T03:43:00.000Z,2026-09-01T03:46:00.000Z,3,wuhan-br-2,wuhan-br-2;wuhan-traffic-vm;wuhan-br-1;wuhan-cr-1;wuhan-cr-2,routing,bgp_session_down,node,0.9022274,not_evaluated,,5.0,2.7725887,0.0,standard
pred_000359,wuhan,2026-09-01T03:48:00.000Z,2026-09-01T03:50:00.000Z,2,wuhan-br-2,wuhan-br-2;wuhan-cr-1;wuhan-br-1;wuhan-cr-2;wuhan-fw,routing,bgp_session_down,node,0.9022274,not_evaluated,,5.0,2.7725887,0.0,standard
pred_000360,nanjing,2026-09-01T04:39:00.000Z,2026-09-01T04:52:00.000Z,13,nanjing-fw,nanjing-fw;nanjing-br-2;nanjing-cr-1;nanjing-cr-2;nanjing-service-vm-2,firewall,cpu_pressure,node,0.99999952,supported,node.cpu_usage,16.0,0.0,0.0,standard
pred_000361,guangzhou,2026-09-01T06:05:00.000Z,2026-09-01T06:07:00.000Z,2,guangzhou-fw,guangzhou-fw;guangzhou-service-vm-2;guangzhou-br-2;guangzhou-service-vm-3;guangzhou-cr-1,firewall,cpu_pressure,node,0.97533673,supported,node.cpu_usage,6.3097224,0.0,0.0,standard
pred_000362,xian,2026-09-01T06:07:00.000Z,2026-09-01T06:09:00.000Z,2,xian-service-vm-1,xian-service-vm-1;xian-cr-1;xian-br-1;xian-traffic-vm;xian-cr-2,resource,cpu_pressure,node,0.97372866,supported,node.cpu_usage,6.251389,0.0,0.0,standard
pred_000363,wuhan,2026-09-01T06:14:00.000Z,2026-09-01T06:17:00.000Z,3,wuhan-traffic-vm,wuhan-traffic-vm;wuhan-cr-2;wuhan-service-vm-1;wuhan-cr-1;wuhan-service-vm-3,resource,cpu_pressure,node,0.9783684,supported,node.cpu_usage,6.4305558,0.0,0.0,standard
pred_000364,nanjing,2026-09-01T06:17:00.000Z,2026-09-01T06:19:00.000Z,2,nanjing-traffic-vm,nanjing-traffic-vm;nanjing-cr-1;nanjing-service-vm-1;nanjing-br-1;nanjing-cr-2,resource,cpu_pressure,node,0.97121012,supported,node.cpu_usage,6.1666665,0.0,0.0,standard
pred_000365,chengdu,2026-09-01T06:23:00.000Z,2026-09-01T06:26:00.000Z,3,chengdu-service-vm-3,chengdu-service-vm-3;chengdu-fw;chengdu-br-2;chengdu-cr-1;chengdu-cr-2,resource,cpu_pressure,node,0.97408164,supported,node.cpu_usage,6.2638893,0.0,0.0,standard
pred_000366,wuhan,2026-09-01T06:28:00.000Z,2026-09-01T06:31:00.000Z,3,wuhan-service-vm-1,wuhan-service-vm-1;wuhan-br-1;wuhan-br-2;wuhan-cr-2;wuhan-service-vm-3,resource,cpu_pressure,node,0.97129625,supported,node.cpu_usage,6.1694441,0.0,0.0,standard
pred_000367,nanjing,2026-09-01T06:31:00.000Z,2026-09-01T06:33:00.000Z,2,nanjing-fw,nanjing-fw;nanjing-cr-2;nanjing-cr-1;nanjing-br-1;nanjing-br-2,firewall,cpu_pressure,node,0.97574186,supported,node.cpu_usage,6.3249998,0.0,0.0,standard
pred_000368,shenyang,2026-09-01T06:35:00.000Z,2026-09-01T06:38:00.000Z,3,shenyang-traffic-vm,shenyang-traffic-vm;shenyang-cr-1;shenyang-service-vm-1;shenyang-br-2;shenyang-cr-2,resource,cpu_pressure,node,0.97341102,supported,node.cpu_usage,6.2402778,0.0,0.0,standard
pred_000369,beida,2026-09-01T06:43:00.000Z,2026-09-01T06:46:00.000Z,3,beida-service-vm-3,beida-service-vm-3;beida-cr-1;beida-service-vm-1;beida-cr-2;beida-br-2,resource,cpu_pressure,node,0.97492516,supported,node.cpu_usage,6.2944441,0.0,0.0,standard
pred_000370,xian,2026-09-01T06:47:00.000Z,2026-09-01T06:50:00.000Z,3,xian-fw,xian-fw;xian-cr-1;xian-traffic-vm;xian-cr-2;xian-service-vm-1,firewall,cpu_pressure,node,0.99998879,supported,node.cpu_usage,13.26111,0.0,0.0,standard
pred_000371,shenyang,2026-09-01T06:54:00.000Z,2026-09-01T06:57:00.000Z,3,shenyang-service-vm-3,shenyang-service-vm-3;shenyang-br-1;shenyang-br-2;shenyang-service-vm-2;shenyang-cr-2,resource,cpu_pressure,node,0.9771263,supported,node.cpu_usage,6.3791666,0.0,0.0,standard
pred_000372,nanjing,2026-09-01T06:59:00.000Z,2026-09-01T07:01:00.000Z,2,nanjing-service-vm-1,nanjing-service-vm-1;nanjing-br-1;nanjing-br-2;nanjing-cr-2;nanjing-cr-1,resource,cpu_pressure,node,0.97481173,supported,node.cpu_usage,6.290278,0.0,0.0,standard
pred_000373,beida,2026-09-01T07:26:00.000Z,2026-09-01T07:28:00.000Z,2,beida-service-vm-1,beida-service-vm-1;beida-service-vm-2;beida-cr-2;beida-br-2;beida-service-vm-3,resource,cpu_pressure,node,0.98939216,supported,node.cpu_usage,7.0819445,0.0,0.0,standard
pred_000374,wuhan,2026-09-01T07:52:00.000Z,2026-09-01T07:53:00.000Z,1,wuhan-br-2,wuhan-br-2;wuhan-service-vm-3;shanghai-cr-1;nanjing-cr-1;guangzhou-cr-2,service,auth_error,service,0.82940624,not_evaluated,,1.1265432,0.0,0.0,standard
pred_000375,beida,2026-09-01T07:59:00.000Z,2026-09-01T08:01:00.000Z,2,beida-service-vm-1,beida-service-vm-1;beida-fw;beida-cr-2;beida-br-2;beida-traffic-vm,resource,cpu_pressure,node,0.97770542,supported,node.cpu_usage,6.4027777,0.0,0.0,standard
pred_000376,beida,2026-09-01T08:39:00.000Z,2026-09-01T08:44:00.000Z,5,shanghai-fw,shanghai-fw;beida-service-vm-1;nanjing-br-2;beida-service-vm-3;beida-service-vm-2,service,dns_down,service,0.89885609,not_evaluated,,1.0,0.0,0.0,standard
pred_000377,beida,2026-09-01T09:26:00.000Z,2026-09-01T09:30:00.000Z,4,wuhan-br-2,wuhan-br-2;beida-service-vm-3;shenyang-br-1;chengdu-traffic-vm;beida-service-vm-1,service,dns_down,service,0.89968492,not_evaluated,,0.69781095,0.0,4.0,standard
pred_000378,shanghai,2026-09-01T09:52:00.000Z,2026-09-01T09:57:00.000Z,5,nanjing-br-1,nanjing-br-1;xian-fw;shenyang-br-1;xian-service-vm-1;shanghai-service-vm-1,service,web_5xx,service,0.89198904,not_evaluated,,1.061767,0.0,0.0,standard
pred_000379,shanghai,2026-09-01T10:33:00.000Z,2026-09-01T10:49:00.000Z,16,shanghai-br-1,shanghai-br-1;shanghai-br-2;shanghai-traffic-vm;shanghai-service-vm-3;shanghai-service-vm-2,routing,bgp_session_down,node,0.9022274,not_evaluated,,5.0,0.0,4.0,standard
pred_000380,shanghai,2026-09-01T11:45:00.000Z,2026-09-01T11:57:00.000Z,12,beida-br-1,beida-br-1;shanghai-traffic-vm;shanghai-cr-2;beida-cr-1;shanghai-service-vm-1,service,web_5xx,service,0.89911456,not_evaluated,,1.8566246,0.0,2.6827598,standard
pred_000381,shanghai,2026-09-01T11:58:00.000Z,2026-09-01T12:03:00.000Z,5,xian-fw,xian-fw;beida-service-vm-1;shanghai-br-1;beida-cr-1;shanghai-service-vm-2,service,web_slow,service,0.89911456,not_evaluated,,2.0,0.0,0.0,standard
pred_000382,wuhan,2026-09-01T12:36:00.000Z,2026-09-01T12:38:00.000Z,2,nanjing-cr-2,nanjing-cr-2;wuhan-service-vm-3;wuhan-service-vm-2;wuhan-service-vm-1;xian-service-vm-2,service,auth_timeout,service,0.88494883,not_evaluated,,1.2172165,0.0,0.0,standard
pred_000383,wuhan,2026-09-01T12:43:00.000Z,2026-09-01T12:47:00.000Z,4,guangzhou-br-2,guangzhou-br-2;wuhan-service-vm-1;shanghai-traffic-vm;wuhan-service-vm-3;shenyang-cr-1,service,auth_timeout,service,0.88494883,not_evaluated,,1.7803006,0.0,1.1355424,standard
pred_000384,wuhan,2026-09-01T12:52:00.000Z,2026-09-01T12:53:00.000Z,1,beida-traffic-vm,beida-traffic-vm;wuhan-service-vm-3;wuhan-service-vm-2;xian-cr-1;wuhan-service-vm-1,service,auth_error,service,0.86899932,not_evaluated,,0.43289676,0.0,0.0,standard
pred_000385,wuhan,2026-09-01T12:58:00.000Z,2026-09-01T13:02:00.000Z,4,nanjing-br-2,nanjing-br-2;guangzhou-cr-1;shenyang-br-1;xian-traffic-vm;wuhan-service-vm-3,service,auth_timeout,service,0.86899932,not_evaluated,,1.0923004,0.0,0.0,standard
pred_000386,shanghai,2026-09-01T13:23:00.000Z,2026-09-01T13:25:00.000Z,2,beida-cr-1,beida-cr-1;shanghai-service-vm-2;shanghai-service-vm-3;shanghai-service-vm-1;wuhan-fw,service,web_5xx,service,0.89242071,not_evaluated,,1.2119755,0.0,0.0,standard
pred_000387,wuhan,2026-09-01T17:07:00.000Z,2026-09-01T17:09:00.000Z,2,shanghai-fw,shanghai-fw;wuhan-service-vm-2;chengdu-traffic-vm;wuhan-service-vm-1;wuhan-service-vm-3,service,auth_timeout,service,0.88494883,not_evaluated,,2.0,0.0,0.0,standard
pred_000388,wuhan,2026-09-01T17:13:00.000Z,2026-09-01T17:15:00.000Z,2,chengdu-cr-1,chengdu-cr-1;nanjing-service-vm-1;wuhan-service-vm-3;shenyang-cr-1;wuhan-service-vm-1,service,auth_timeout,service,0.82940624,not_evaluated,,1.4323862,0.0,0.0,standard
pred_000389,beida,2026-09-01T17:32:00.000Z,2026-09-01T17:34:00.000Z,2,beida-service-vm-1,beida-service-vm-1;beida-service-vm-2;beida-br-1;beida-br-2;beida-traffic-vm,resource,disk_io_pressure,node,0.98504514,supported,node.disk_io_util,6.768889,0.0,0.0,standard
pred_000390,beida,2026-09-01T18:25:00.000Z,2026-09-01T18:28:00.000Z,3,beida-service-vm-1,beida-service-vm-1;beida-cr-2;beida-traffic-vm;beida-cr-1;beida-service-vm-2,resource,cpu_pressure,node,0.99896133,supported,node.cpu_usage,9.1819448,0.0,0.0,standard
pred_000391,beida,2026-09-01T19:21:00.000Z,2026-09-01T19:24:00.000Z,3,beida-service-vm-1,beida-service-vm-1;beida-br-1;beida-service-vm-3;beida-service-vm-2;beida-cr-1,resource,cpu_pressure,node,0.99330717,supported,node.cpu_usage,7.5,0.0,0.0,standard
pred_000392,wuhan,2026-09-01T19:35:00.000Z,2026-09-01T19:42:00.000Z,7,beida-service-vm-1,beida-service-vm-1;wuhan-service-vm-3;chengdu-traffic-vm;wuhan-cr-1;wuhan-service-vm-2,resource,cpu_pressure,service,0.89962311,supported,node.cpu_usage,4.4638891,0.0,0.0,standard
pred_000393,beida,2026-09-01T20:01:00.000Z,2026-09-01T20:04:00.000Z,3,beida-service-vm-1,beida-service-vm-1;beida-cr-1;beida-br-2;beida-service-vm-2;beida-traffic-vm,resource,disk_io_pressure,node,0.99922395,supported,node.disk_io_util,9.4444447,0.0,0.0,standard
pred_000394,shanghai,2026-09-01T20:19:00.000Z,2026-09-01T20:23:00.000Z,4,shanghai-service-vm-3,shanghai-service-vm-3;guangzhou-br-2;chengdu-br-2;xian-br-2;shanghai-service-vm-2,service,web_5xx,service,0.87866279,not_evaluated,,0.60000002,0.0,0.0,standard
pred_000395,shanghai,2026-09-01T20:24:00.000Z,2026-09-01T20:27:00.000Z,3,chengdu-br-2,chengdu-br-2;shanghai-service-vm-3;shanghai-service-vm-1;shanghai-service-vm-2;chengdu-fw,service,web_5xx,service,0.89815981,not_evaluated,,0.84690279,0.0,0.0,standard
pred_000396,beida,2026-09-01T21:05:00.000Z,2026-09-01T21:08:00.000Z,3,beida-service-vm-1,beida-service-vm-1;beida-br-1;beida-cr-1;beida-service-vm-3;beida-service-vm-2,resource,disk_io_pressure,node,0.99384576,supported,node.disk_io_util,7.5760002,0.0,0.0,standard
pred_000397,xian,2026-09-01T21:43:00.000Z,2026-09-01T21:55:00.000Z,12,xian-service-vm-1,xian-service-vm-1;xian-br-2;xian-cr-1;xian-cr-2;xian-service-vm-3,resource,memory_pressure,node,0.99999952,supported,node.memory_available_ratio,16.0,0.0,0.0,standard
pred_000398,shanghai,2026-09-01T23:43:00.000Z,2026-09-01T23:44:00.000Z,1,shanghai-br-2,shanghai-br-2;shanghai-cr-1;shanghai-br-1;shanghai-cr-2;shanghai-fw,routing,bgp_session_down,node,0.9022274,not_evaluated,,5.0,0.0,0.0,standard
pred_000399,shanghai,2026-09-02T00:14:00.000Z,2026-09-02T00:21:00.000Z,7,shanghai-service-vm-3,shanghai-service-vm-3;shanghai-service-vm-1;shanghai-service-vm-2;xian-br-1;shanghai-br-2,service,web_5xx,service,0.89874839,not_evaluated,,0.48372573,0.0,0.0,standard
pred_000400,shanghai,2026-09-02T00:44:00.000Z,2026-09-02T01:02:00.000Z,18,shanghai-service-vm-1,shanghai-service-vm-1;chengdu-service-vm-1;shanghai-cr-1;shanghai-service-vm-2;nanjing-traffic-vm,service,web_slow,ambiguous,0.89999952,not_evaluated,,0.60000002,0.0,0.0,high
pred_000401,shanghai,2026-09-02T01:22:00.000Z,2026-09-02T01:48:00.000Z,26,shanghai-service-vm-3,shanghai-service-vm-3;shanghai-traffic-vm;shanghai-service-vm-1;shanghai-fw;shanghai-br-2,resource,disk_io_pressure,node,0.99957293,supported,node.disk_io_util,9.9822226,0.0,0.0,standard
pred_000402,beida,2026-09-02T02:25:00.000Z,2026-09-02T02:28:00.000Z,3,beida-service-vm-1,beida-service-vm-1;beida-cr-1;beida-service-vm-3;beida-service-vm-2;beida-cr-2,resource,disk_io_pressure,node,0.99661034,supported,node.disk_io_util,8.1152782,0.0,0.0,standard
pred_000403,beida,2026-09-02T03:24:00.000Z,2026-09-02T03:27:00.000Z,3,beida-service-vm-1,beida-service-vm-1;beida-cr-1;beida-service-vm-2;beida-service-vm-3;beida-cr-2,resource,cpu_pressure,node,0.94690794,supported,node.cpu_usage,5.5930557,0.0,0.0,standard
