source,city,node_id,dimension_key,dimension_value,metric_count
interface,beida,beida-br-1,if_role,backbone,9
interface,beida,beida-br-1,interface_id,ens10,9
interface,beida,beida-br-1,interface_id,ens11,9
interface,beida,beida-br-1,interface_id,ens12,9
interface,beida,beida-br-1,interface_id,ens3,9
interface,beida,beida-br-1,interface_id,ens4,9
interface,beida,beida-br-1,interface_id,ens5,9
interface,beida,beida-br-1,interface_id,ens6,9
interface,beida,beida-br-1,interface_id,ens7,9
interface,beida,beida-br-1,interface_id,ens8,9
interface,beida,beida-br-1,interface_id,ens9,9
interface,beida,beida-br-2,if_role,backbone,9
interface,beida,beida-br-2,interface_id,ens10,9
interface,beida,beida-br-2,interface_id,ens11,9
interface,beida,beida-br-2,interface_id,ens12,9
interface,beida,beida-br-2,interface_id,ens3,9
interface,beida,beida-br-2,interface_id,ens4,9
interface,beida,beida-br-2,interface_id,ens5,9
interface,beida,beida-br-2,interface_id,ens6,9
interface,beida,beida-br-2,interface_id,ens7,9
interface,beida,beida-br-2,interface_id,ens8,9
interface,beida,beida-br-2,interface_id,ens9,9
interface,beida,beida-cr-1,if_role,backbone,9
interface,beida,beida-cr-1,interface_id,ens10,9
interface,beida,beida-cr-1,interface_id,ens11,9
interface,beida,beida-cr-1,interface_id,ens12,9
interface,beida,beida-cr-1,interface_id,ens3,9
interface,beida,beida-cr-1,interface_id,ens4,9
interface,beida,beida-cr-1,interface_id,ens5,9
interface,beida,beida-cr-1,interface_id,ens6,9
interface,beida,beida-cr-1,interface_id,ens7,9
interface,beida,beida-cr-1,interface_id,ens8,9
interface,beida,beida-cr-1,interface_id,ens9,9
interface,beida,beida-cr-2,if_role,backbone,9
interface,beida,beida-cr-2,interface_id,ens10,9
interface,beida,beida-cr-2,interface_id,ens11,9
interface,beida,beida-cr-2,interface_id,ens12,9
interface,beida,beida-cr-2,interface_id,ens3,9
interface,beida,beida-cr-2,interface_id,ens4,9
interface,beida,beida-cr-2,interface_id,ens5,9
interface,beida,beida-cr-2,interface_id,ens6,9
interface,beida,beida-cr-2,interface_id,ens7,9
interface,beida,beida-cr-2,interface_id,ens8,9
interface,beida,beida-cr-2,interface_id,ens9,9
interface,beida,beida-fw,if_role,backbone,9
interface,beida,beida-fw,if_role,business,9
interface,beida,beida-fw,interface_id,ens3,9
interface,beida,beida-fw,interface_id,ens4,9
interface,beida,beida-fw,interface_id,ens5,9
interface,beida,beida-fw,interface_id,ens6,9
interface,beida,beida-service-vm-1,if_role,service,9
interface,beida,beida-service-vm-1,interface_id,ens3,9
interface,beida,beida-service-vm-1,interface_id,ens4,9
interface,beida,beida-service-vm-1,interface_id,ens5,9
interface,beida,beida-service-vm-1,interface_id,ens6,9
interface,beida,beida-service-vm-2,if_role,service,9
interface,beida,beida-service-vm-2,interface_id,ens3,9
interface,beida,beida-service-vm-2,interface_id,ens4,9
interface,beida,beida-service-vm-2,interface_id,ens5,9
interface,beida,beida-service-vm-2,interface_id,ens6,9
interface,beida,beida-service-vm-3,if_role,service,9
interface,beida,beida-service-vm-3,interface_id,ens3,9
interface,beida,beida-service-vm-3,interface_id,ens4,9
interface,beida,beida-service-vm-3,interface_id,ens5,9
interface,beida,beida-service-vm-3,interface_id,ens6,9
interface,beida,beida-traffic-vm,if_role,business,9
interface,beida,beida-traffic-vm,interface_id,ens3,9
interface,beida,beida-traffic-vm,interface_id,ens4,9
interface,beida,beida-traffic-vm,interface_id,ens5,9
interface,beida,beida-traffic-vm,interface_id,ens6,9
interface,chengdu,chengdu-br-1,if_role,backbone,9
interface,chengdu,chengdu-br-1,interface_id,ens10,9
interface,chengdu,chengdu-br-1,interface_id,ens11,9
interface,chengdu,chengdu-br-1,interface_id,ens12,9
interface,chengdu,chengdu-br-1,interface_id,ens3,9
interface,chengdu,chengdu-br-1,interface_id,ens4,9
interface,chengdu,chengdu-br-1,interface_id,ens5,9
interface,chengdu,chengdu-br-1,interface_id,ens6,9
interface,chengdu,chengdu-br-1,interface_id,ens7,9
interface,chengdu,chengdu-br-1,interface_id,ens8,9
interface,chengdu,chengdu-br-1,interface_id,ens9,9
interface,chengdu,chengdu-br-2,if_role,backbone,9
interface,chengdu,chengdu-br-2,interface_id,ens10,9
interface,chengdu,chengdu-br-2,interface_id,ens11,9
interface,chengdu,chengdu-br-2,interface_id,ens12,9
interface,chengdu,chengdu-br-2,interface_id,ens3,9
interface,chengdu,chengdu-br-2,interface_id,ens4,9
interface,chengdu,chengdu-br-2,interface_id,ens5,9
interface,chengdu,chengdu-br-2,interface_id,ens6,9
interface,chengdu,chengdu-br-2,interface_id,ens7,9
interface,chengdu,chengdu-br-2,interface_id,ens8,9
interface,chengdu,chengdu-br-2,interface_id,ens9,9
interface,chengdu,chengdu-cr-1,if_role,backbone,9
interface,chengdu,chengdu-cr-1,interface_id,ens10,9
interface,chengdu,chengdu-cr-1,interface_id,ens11,9
interface,chengdu,chengdu-cr-1,interface_id,ens12,9
interface,chengdu,chengdu-cr-1,interface_id,ens3,9
interface,chengdu,chengdu-cr-1,interface_id,ens4,9
interface,chengdu,chengdu-cr-1,interface_id,ens5,9
interface,chengdu,chengdu-cr-1,interface_id,ens6,9
interface,chengdu,chengdu-cr-1,interface_id,ens7,9
interface,chengdu,chengdu-cr-1,interface_id,ens8,9
interface,chengdu,chengdu-cr-1,interface_id,ens9,9
interface,chengdu,chengdu-cr-2,if_role,backbone,9
interface,chengdu,chengdu-cr-2,interface_id,ens10,9
interface,chengdu,chengdu-cr-2,interface_id,ens11,9
interface,chengdu,chengdu-cr-2,interface_id,ens12,9
interface,chengdu,chengdu-cr-2,interface_id,ens3,9
interface,chengdu,chengdu-cr-2,interface_id,ens4,9
interface,chengdu,chengdu-cr-2,interface_id,ens5,9
interface,chengdu,chengdu-cr-2,interface_id,ens6,9
interface,chengdu,chengdu-cr-2,interface_id,ens7,9
interface,chengdu,chengdu-cr-2,interface_id,ens8,9
interface,chengdu,chengdu-cr-2,interface_id,ens9,9
interface,chengdu,chengdu-fw,if_role,backbone,9
interface,chengdu,chengdu-fw,if_role,business,9
interface,chengdu,chengdu-fw,interface_id,ens3,9
interface,chengdu,chengdu-fw,interface_id,ens4,9
interface,chengdu,chengdu-fw,interface_id,ens5,9
interface,chengdu,chengdu-fw,interface_id,ens6,9
interface,chengdu,chengdu-service-vm-1,if_role,service,9
interface,chengdu,chengdu-service-vm-1,interface_id,ens3,9
interface,chengdu,chengdu-service-vm-1,interface_id,ens4,9
interface,chengdu,chengdu-service-vm-1,interface_id,ens5,9
interface,chengdu,chengdu-service-vm-1,interface_id,ens6,9
interface,chengdu,chengdu-service-vm-2,if_role,service,9
interface,chengdu,chengdu-service-vm-2,interface_id,ens3,9
interface,chengdu,chengdu-service-vm-2,interface_id,ens4,9
interface,chengdu,chengdu-service-vm-2,interface_id,ens5,9
interface,chengdu,chengdu-service-vm-2,interface_id,ens6,9
interface,chengdu,chengdu-service-vm-3,if_role,service,9
interface,chengdu,chengdu-service-vm-3,interface_id,ens3,9
interface,chengdu,chengdu-service-vm-3,interface_id,ens4,9
interface,chengdu,chengdu-service-vm-3,interface_id,ens5,9
interface,chengdu,chengdu-service-vm-3,interface_id,ens6,9
interface,chengdu,chengdu-traffic-vm,if_role,business,9
interface,chengdu,chengdu-traffic-vm,interface_id,ens3,9
interface,chengdu,chengdu-traffic-vm,interface_id,ens4,9
interface,chengdu,chengdu-traffic-vm,interface_id,ens5,9
interface,chengdu,chengdu-traffic-vm,interface_id,ens6,9
interface,guangzhou,guangzhou-br-1,if_role,backbone,9
interface,guangzhou,guangzhou-br-1,interface_id,ens10,9
interface,guangzhou,guangzhou-br-1,interface_id,ens11,9
interface,guangzhou,guangzhou-br-1,interface_id,ens12,9
interface,guangzhou,guangzhou-br-1,interface_id,ens3,9
interface,guangzhou,guangzhou-br-1,interface_id,ens4,9
interface,guangzhou,guangzhou-br-1,interface_id,ens5,9
interface,guangzhou,guangzhou-br-1,interface_id,ens6,9
interface,guangzhou,guangzhou-br-1,interface_id,ens7,9
interface,guangzhou,guangzhou-br-1,interface_id,ens8,9
interface,guangzhou,guangzhou-br-1,interface_id,ens9,9
interface,guangzhou,guangzhou-br-2,if_role,backbone,9
interface,guangzhou,guangzhou-br-2,interface_id,ens10,9
interface,guangzhou,guangzhou-br-2,interface_id,ens11,9
interface,guangzhou,guangzhou-br-2,interface_id,ens12,9
interface,guangzhou,guangzhou-br-2,interface_id,ens3,9
interface,guangzhou,guangzhou-br-2,interface_id,ens4,9
interface,guangzhou,guangzhou-br-2,interface_id,ens5,9
interface,guangzhou,guangzhou-br-2,interface_id,ens6,9
interface,guangzhou,guangzhou-br-2,interface_id,ens7,9
interface,guangzhou,guangzhou-br-2,interface_id,ens8,9
interface,guangzhou,guangzhou-br-2,interface_id,ens9,9
interface,guangzhou,guangzhou-cr-1,if_role,backbone,9
interface,guangzhou,guangzhou-cr-1,interface_id,ens10,9
interface,guangzhou,guangzhou-cr-1,interface_id,ens11,9
interface,guangzhou,guangzhou-cr-1,interface_id,ens12,9
interface,guangzhou,guangzhou-cr-1,interface_id,ens3,9
interface,guangzhou,guangzhou-cr-1,interface_id,ens4,9
interface,guangzhou,guangzhou-cr-1,interface_id,ens5,9
interface,guangzhou,guangzhou-cr-1,interface_id,ens6,9
interface,guangzhou,guangzhou-cr-1,interface_id,ens7,9
interface,guangzhou,guangzhou-cr-1,interface_id,ens8,9
interface,guangzhou,guangzhou-cr-1,interface_id,ens9,9
interface,guangzhou,guangzhou-cr-2,if_role,backbone,9
interface,guangzhou,guangzhou-cr-2,interface_id,ens10,9
interface,guangzhou,guangzhou-cr-2,interface_id,ens11,9
interface,guangzhou,guangzhou-cr-2,interface_id,ens12,9
interface,guangzhou,guangzhou-cr-2,interface_id,ens3,9
interface,guangzhou,guangzhou-cr-2,interface_id,ens4,9
interface,guangzhou,guangzhou-cr-2,interface_id,ens5,9
interface,guangzhou,guangzhou-cr-2,interface_id,ens6,9
interface,guangzhou,guangzhou-cr-2,interface_id,ens7,9
interface,guangzhou,guangzhou-cr-2,interface_id,ens8,9
interface,guangzhou,guangzhou-cr-2,interface_id,ens9,9
interface,guangzhou,guangzhou-fw,if_role,backbone,9
interface,guangzhou,guangzhou-fw,if_role,business,9
interface,guangzhou,guangzhou-fw,interface_id,ens3,9
interface,guangzhou,guangzhou-fw,interface_id,ens4,9
interface,guangzhou,guangzhou-fw,interface_id,ens5,9
interface,guangzhou,guangzhou-fw,interface_id,ens6,9
interface,guangzhou,guangzhou-service-vm-1,if_role,service,9
interface,guangzhou,guangzhou-service-vm-1,interface_id,ens3,9
interface,guangzhou,guangzhou-service-vm-1,interface_id,ens4,9
interface,guangzhou,guangzhou-service-vm-1,interface_id,ens5,9
interface,guangzhou,guangzhou-service-vm-1,interface_id,ens6,9
interface,guangzhou,guangzhou-service-vm-2,if_role,service,9
interface,guangzhou,guangzhou-service-vm-2,interface_id,ens3,9
interface,guangzhou,guangzhou-service-vm-2,interface_id,ens4,9
interface,guangzhou,guangzhou-service-vm-2,interface_id,ens5,9
interface,guangzhou,guangzhou-service-vm-2,interface_id,ens6,9
interface,guangzhou,guangzhou-service-vm-3,if_role,service,9
interface,guangzhou,guangzhou-service-vm-3,interface_id,ens3,9
interface,guangzhou,guangzhou-service-vm-3,interface_id,ens4,9
interface,guangzhou,guangzhou-service-vm-3,interface_id,ens5,9
interface,guangzhou,guangzhou-service-vm-3,interface_id,ens6,9
interface,guangzhou,guangzhou-traffic-vm,if_role,business,9
interface,guangzhou,guangzhou-traffic-vm,interface_id,ens3,9
interface,guangzhou,guangzhou-traffic-vm,interface_id,ens4,9
interface,guangzhou,guangzhou-traffic-vm,interface_id,ens5,9
interface,guangzhou,guangzhou-traffic-vm,interface_id,ens6,9
interface,nanjing,nanjing-br-1,if_role,backbone,9
interface,nanjing,nanjing-br-1,interface_id,ens10,9
interface,nanjing,nanjing-br-1,interface_id,ens11,9
interface,nanjing,nanjing-br-1,interface_id,ens12,9
interface,nanjing,nanjing-br-1,interface_id,ens3,9
interface,nanjing,nanjing-br-1,interface_id,ens4,9
interface,nanjing,nanjing-br-1,interface_id,ens5,9
interface,nanjing,nanjing-br-1,interface_id,ens6,9
interface,nanjing,nanjing-br-1,interface_id,ens7,9
interface,nanjing,nanjing-br-1,interface_id,ens8,9
interface,nanjing,nanjing-br-1,interface_id,ens9,9
interface,nanjing,nanjing-br-2,if_role,backbone,9
interface,nanjing,nanjing-br-2,interface_id,ens10,9
interface,nanjing,nanjing-br-2,interface_id,ens11,9
interface,nanjing,nanjing-br-2,interface_id,ens12,9
interface,nanjing,nanjing-br-2,interface_id,ens3,9
interface,nanjing,nanjing-br-2,interface_id,ens4,9
interface,nanjing,nanjing-br-2,interface_id,ens5,9
interface,nanjing,nanjing-br-2,interface_id,ens6,9
interface,nanjing,nanjing-br-2,interface_id,ens7,9
interface,nanjing,nanjing-br-2,interface_id,ens8,9
interface,nanjing,nanjing-br-2,interface_id,ens9,9
interface,nanjing,nanjing-cr-1,if_role,backbone,9
interface,nanjing,nanjing-cr-1,interface_id,ens10,9
interface,nanjing,nanjing-cr-1,interface_id,ens11,9
interface,nanjing,nanjing-cr-1,interface_id,ens12,9
interface,nanjing,nanjing-cr-1,interface_id,ens3,9
interface,nanjing,nanjing-cr-1,interface_id,ens4,9
interface,nanjing,nanjing-cr-1,interface_id,ens5,9
interface,nanjing,nanjing-cr-1,interface_id,ens6,9
interface,nanjing,nanjing-cr-1,interface_id,ens7,9
interface,nanjing,nanjing-cr-1,interface_id,ens8,9
interface,nanjing,nanjing-cr-1,interface_id,ens9,9
interface,nanjing,nanjing-cr-1,interface_id,vxlan100,9
interface,nanjing,nanjing-cr-2,if_role,backbone,9
interface,nanjing,nanjing-cr-2,interface_id,ens10,9
interface,nanjing,nanjing-cr-2,interface_id,ens11,9
interface,nanjing,nanjing-cr-2,interface_id,ens12,9
interface,nanjing,nanjing-cr-2,interface_id,ens3,9
interface,nanjing,nanjing-cr-2,interface_id,ens4,9
interface,nanjing,nanjing-cr-2,interface_id,ens5,9
interface,nanjing,nanjing-cr-2,interface_id,ens6,9
interface,nanjing,nanjing-cr-2,interface_id,ens7,9
interface,nanjing,nanjing-cr-2,interface_id,ens8,9
interface,nanjing,nanjing-cr-2,interface_id,ens9,9
interface,nanjing,nanjing-fw,if_role,backbone,9
interface,nanjing,nanjing-fw,if_role,business,9
interface,nanjing,nanjing-fw,interface_id,ens3,9
interface,nanjing,nanjing-fw,interface_id,ens4,9
interface,nanjing,nanjing-fw,interface_id,ens5,9
interface,nanjing,nanjing-fw,interface_id,ens6,9
interface,nanjing,nanjing-fw,interface_id,vxlan100,9
interface,nanjing,nanjing-service-vm-1,if_role,service,9
interface,nanjing,nanjing-service-vm-1,interface_id,ens3,9
interface,nanjing,nanjing-service-vm-1,interface_id,ens4,9
interface,nanjing,nanjing-service-vm-1,interface_id,ens5,9
interface,nanjing,nanjing-service-vm-1,interface_id,ens6,9
interface,nanjing,nanjing-service-vm-2,if_role,service,9
interface,nanjing,nanjing-service-vm-2,interface_id,ens3,9
interface,nanjing,nanjing-service-vm-2,interface_id,ens4,9
interface,nanjing,nanjing-service-vm-2,interface_id,ens5,9
interface,nanjing,nanjing-service-vm-2,interface_id,ens6,9
interface,nanjing,nanjing-service-vm-3,if_role,service,9
interface,nanjing,nanjing-service-vm-3,interface_id,ens3,9
interface,nanjing,nanjing-service-vm-3,interface_id,ens4,9
interface,nanjing,nanjing-service-vm-3,interface_id,ens5,9
interface,nanjing,nanjing-service-vm-3,interface_id,ens6,9
interface,nanjing,nanjing-traffic-vm,if_role,business,9
interface,nanjing,nanjing-traffic-vm,interface_id,ens3,9
interface,nanjing,nanjing-traffic-vm,interface_id,ens4,9
interface,nanjing,nanjing-traffic-vm,interface_id,ens5,9
interface,nanjing,nanjing-traffic-vm,interface_id,ens6,9
interface,shanghai,shanghai-br-1,if_role,backbone,9
interface,shanghai,shanghai-br-1,interface_id,ens10,9
interface,shanghai,shanghai-br-1,interface_id,ens11,9
interface,shanghai,shanghai-br-1,interface_id,ens12,9
interface,shanghai,shanghai-br-1,interface_id,ens3,9
interface,shanghai,shanghai-br-1,interface_id,ens4,9
interface,shanghai,shanghai-br-1,interface_id,ens5,9
interface,shanghai,shanghai-br-1,interface_id,ens6,9
interface,shanghai,shanghai-br-1,interface_id,ens7,9
interface,shanghai,shanghai-br-1,interface_id,ens8,9
interface,shanghai,shanghai-br-1,interface_id,ens9,9
interface,shanghai,shanghai-br-2,if_role,backbone,9
interface,shanghai,shanghai-br-2,interface_id,ens10,9
interface,shanghai,shanghai-br-2,interface_id,ens11,9
interface,shanghai,shanghai-br-2,interface_id,ens12,9
interface,shanghai,shanghai-br-2,interface_id,ens3,9
interface,shanghai,shanghai-br-2,interface_id,ens4,9
interface,shanghai,shanghai-br-2,interface_id,ens5,9
interface,shanghai,shanghai-br-2,interface_id,ens6,9
interface,shanghai,shanghai-br-2,interface_id,ens7,9
interface,shanghai,shanghai-br-2,interface_id,ens8,9
interface,shanghai,shanghai-br-2,interface_id,ens9,9
interface,shanghai,shanghai-cr-1,if_role,backbone,9
interface,shanghai,shanghai-cr-1,interface_id,ens10,9
interface,shanghai,shanghai-cr-1,interface_id,ens11,9
interface,shanghai,shanghai-cr-1,interface_id,ens12,9
interface,shanghai,shanghai-cr-1,interface_id,ens3,9
interface,shanghai,shanghai-cr-1,interface_id,ens4,9
interface,shanghai,shanghai-cr-1,interface_id,ens5,9
interface,shanghai,shanghai-cr-1,interface_id,ens6,9
interface,shanghai,shanghai-cr-1,interface_id,ens7,9
interface,shanghai,shanghai-cr-1,interface_id,ens8,9
interface,shanghai,shanghai-cr-1,interface_id,ens9,9
interface,shanghai,shanghai-cr-2,if_role,backbone,9
interface,shanghai,shanghai-cr-2,interface_id,ens10,9
interface,shanghai,shanghai-cr-2,interface_id,ens11,9
interface,shanghai,shanghai-cr-2,interface_id,ens12,9
interface,shanghai,shanghai-cr-2,interface_id,ens3,9
interface,shanghai,shanghai-cr-2,interface_id,ens4,9
interface,shanghai,shanghai-cr-2,interface_id,ens5,9
interface,shanghai,shanghai-cr-2,interface_id,ens6,9
interface,shanghai,shanghai-cr-2,interface_id,ens7,9
interface,shanghai,shanghai-cr-2,interface_id,ens8,9
interface,shanghai,shanghai-cr-2,interface_id,ens9,9
interface,shanghai,shanghai-fw,if_role,backbone,9
interface,shanghai,shanghai-fw,if_role,business,9
interface,shanghai,shanghai-fw,interface_id,ens3,9
interface,shanghai,shanghai-fw,interface_id,ens4,9
interface,shanghai,shanghai-fw,interface_id,ens5,9
interface,shanghai,shanghai-fw,interface_id,ens6,9
interface,shanghai,shanghai-service-vm-1,if_role,service,9
interface,shanghai,shanghai-service-vm-1,interface_id,ens3,9
interface,shanghai,shanghai-service-vm-1,interface_id,ens4,9
interface,shanghai,shanghai-service-vm-1,interface_id,ens5,9
interface,shanghai,shanghai-service-vm-1,interface_id,ens6,9
interface,shanghai,shanghai-service-vm-2,if_role,service,9
interface,shanghai,shanghai-service-vm-2,interface_id,ens3,9
interface,shanghai,shanghai-service-vm-2,interface_id,ens4,9
interface,shanghai,shanghai-service-vm-2,interface_id,ens5,9
interface,shanghai,shanghai-service-vm-2,interface_id,ens6,9
interface,shanghai,shanghai-service-vm-3,if_role,service,9
interface,shanghai,shanghai-service-vm-3,interface_id,ens3,9
interface,shanghai,shanghai-service-vm-3,interface_id,ens4,9
interface,shanghai,shanghai-service-vm-3,interface_id,ens5,9
interface,shanghai,shanghai-service-vm-3,interface_id,ens6,9
interface,shanghai,shanghai-traffic-vm,if_role,business,9
interface,shanghai,shanghai-traffic-vm,interface_id,ens3,9
interface,shanghai,shanghai-traffic-vm,interface_id,ens4,9
interface,shanghai,shanghai-traffic-vm,interface_id,ens5,9
interface,shanghai,shanghai-traffic-vm,interface_id,ens6,9
interface,shenyang,shenyang-br-1,if_role,backbone,9
interface,shenyang,shenyang-br-1,interface_id,ens10,9
interface,shenyang,shenyang-br-1,interface_id,ens11,9
interface,shenyang,shenyang-br-1,interface_id,ens12,9
interface,shenyang,shenyang-br-1,interface_id,ens3,9
interface,shenyang,shenyang-br-1,interface_id,ens4,9
interface,shenyang,shenyang-br-1,interface_id,ens5,9
interface,shenyang,shenyang-br-1,interface_id,ens6,9
interface,shenyang,shenyang-br-1,interface_id,ens7,9
interface,shenyang,shenyang-br-1,interface_id,ens8,9
interface,shenyang,shenyang-br-1,interface_id,ens9,9
interface,shenyang,shenyang-br-2,if_role,backbone,9
interface,shenyang,shenyang-br-2,interface_id,ens10,9
interface,shenyang,shenyang-br-2,interface_id,ens11,9
interface,shenyang,shenyang-br-2,interface_id,ens12,9
interface,shenyang,shenyang-br-2,interface_id,ens3,9
interface,shenyang,shenyang-br-2,interface_id,ens4,9
interface,shenyang,shenyang-br-2,interface_id,ens5,9
interface,shenyang,shenyang-br-2,interface_id,ens6,9
interface,shenyang,shenyang-br-2,interface_id,ens7,9
interface,shenyang,shenyang-br-2,interface_id,ens8,9
interface,shenyang,shenyang-br-2,interface_id,ens9,9
interface,shenyang,shenyang-cr-1,if_role,backbone,9
interface,shenyang,shenyang-cr-1,interface_id,ens10,9
interface,shenyang,shenyang-cr-1,interface_id,ens11,9
interface,shenyang,shenyang-cr-1,interface_id,ens12,9
interface,shenyang,shenyang-cr-1,interface_id,ens3,9
interface,shenyang,shenyang-cr-1,interface_id,ens4,9
interface,shenyang,shenyang-cr-1,interface_id,ens5,9
interface,shenyang,shenyang-cr-1,interface_id,ens6,9
interface,shenyang,shenyang-cr-1,interface_id,ens7,9
interface,shenyang,shenyang-cr-1,interface_id,ens8,9
interface,shenyang,shenyang-cr-1,interface_id,ens9,9
interface,shenyang,shenyang-cr-2,if_role,backbone,9
interface,shenyang,shenyang-cr-2,interface_id,ens10,9
interface,shenyang,shenyang-cr-2,interface_id,ens11,9
interface,shenyang,shenyang-cr-2,interface_id,ens12,9
interface,shenyang,shenyang-cr-2,interface_id,ens3,9
interface,shenyang,shenyang-cr-2,interface_id,ens4,9
interface,shenyang,shenyang-cr-2,interface_id,ens5,9
interface,shenyang,shenyang-cr-2,interface_id,ens6,9
interface,shenyang,shenyang-cr-2,interface_id,ens7,9
interface,shenyang,shenyang-cr-2,interface_id,ens8,9
interface,shenyang,shenyang-cr-2,interface_id,ens9,9
interface,shenyang,shenyang-fw,if_role,backbone,9
interface,shenyang,shenyang-fw,if_role,business,9
interface,shenyang,shenyang-fw,interface_id,ens3,9
interface,shenyang,shenyang-fw,interface_id,ens4,9
interface,shenyang,shenyang-fw,interface_id,ens5,9
interface,shenyang,shenyang-fw,interface_id,ens6,9
interface,shenyang,shenyang-service-vm-1,if_role,service,9
interface,shenyang,shenyang-service-vm-1,interface_id,ens3,9
interface,shenyang,shenyang-service-vm-1,interface_id,ens4,9
interface,shenyang,shenyang-service-vm-1,interface_id,ens5,9
interface,shenyang,shenyang-service-vm-1,interface_id,ens6,9
interface,shenyang,shenyang-service-vm-2,if_role,service,9
interface,shenyang,shenyang-service-vm-2,interface_id,ens3,9
interface,shenyang,shenyang-service-vm-2,interface_id,ens4,9
interface,shenyang,shenyang-service-vm-2,interface_id,ens5,9
interface,shenyang,shenyang-service-vm-2,interface_id,ens6,9
interface,shenyang,shenyang-service-vm-3,if_role,service,9
interface,shenyang,shenyang-service-vm-3,interface_id,ens3,9
interface,shenyang,shenyang-service-vm-3,interface_id,ens4,9
interface,shenyang,shenyang-service-vm-3,interface_id,ens5,9
interface,shenyang,shenyang-service-vm-3,interface_id,ens6,9
interface,shenyang,shenyang-traffic-vm,if_role,business,9
interface,shenyang,shenyang-traffic-vm,interface_id,ens3,9
interface,shenyang,shenyang-traffic-vm,interface_id,ens4,9
interface,shenyang,shenyang-traffic-vm,interface_id,ens5,9
interface,shenyang,shenyang-traffic-vm,interface_id,ens6,9
interface,wuhan,wuhan-br-1,if_role,backbone,9
interface,wuhan,wuhan-br-1,interface_id,ens10,9
interface,wuhan,wuhan-br-1,interface_id,ens11,9
interface,wuhan,wuhan-br-1,interface_id,ens12,9
interface,wuhan,wuhan-br-1,interface_id,ens3,9
interface,wuhan,wuhan-br-1,interface_id,ens4,9
interface,wuhan,wuhan-br-1,interface_id,ens5,9
interface,wuhan,wuhan-br-1,interface_id,ens6,9
interface,wuhan,wuhan-br-1,interface_id,ens7,9
interface,wuhan,wuhan-br-1,interface_id,ens8,9
interface,wuhan,wuhan-br-1,interface_id,ens9,9
interface,wuhan,wuhan-br-2,if_role,backbone,9
interface,wuhan,wuhan-br-2,interface_id,ens10,9
interface,wuhan,wuhan-br-2,interface_id,ens11,9
interface,wuhan,wuhan-br-2,interface_id,ens12,9
interface,wuhan,wuhan-br-2,interface_id,ens3,9
interface,wuhan,wuhan-br-2,interface_id,ens4,9
interface,wuhan,wuhan-br-2,interface_id,ens5,9
interface,wuhan,wuhan-br-2,interface_id,ens6,9
interface,wuhan,wuhan-br-2,interface_id,ens7,9
interface,wuhan,wuhan-br-2,interface_id,ens8,9
interface,wuhan,wuhan-br-2,interface_id,ens9,9
interface,wuhan,wuhan-cr-1,if_role,backbone,9
interface,wuhan,wuhan-cr-1,interface_id,ens10,9
interface,wuhan,wuhan-cr-1,interface_id,ens11,9
interface,wuhan,wuhan-cr-1,interface_id,ens12,9
interface,wuhan,wuhan-cr-1,interface_id,ens3,9
interface,wuhan,wuhan-cr-1,interface_id,ens4,9
interface,wuhan,wuhan-cr-1,interface_id,ens5,9
interface,wuhan,wuhan-cr-1,interface_id,ens6,9
interface,wuhan,wuhan-cr-1,interface_id,ens7,9
interface,wuhan,wuhan-cr-1,interface_id,ens8,9
interface,wuhan,wuhan-cr-1,interface_id,ens9,9
interface,wuhan,wuhan-cr-2,if_role,backbone,9
interface,wuhan,wuhan-cr-2,interface_id,ens10,9
interface,wuhan,wuhan-cr-2,interface_id,ens11,9
interface,wuhan,wuhan-cr-2,interface_id,ens12,9
interface,wuhan,wuhan-cr-2,interface_id,ens3,9
interface,wuhan,wuhan-cr-2,interface_id,ens4,9
interface,wuhan,wuhan-cr-2,interface_id,ens5,9
interface,wuhan,wuhan-cr-2,interface_id,ens6,9
interface,wuhan,wuhan-cr-2,interface_id,ens7,9
interface,wuhan,wuhan-cr-2,interface_id,ens8,9
interface,wuhan,wuhan-cr-2,interface_id,ens9,9
interface,wuhan,wuhan-fw,if_role,backbone,9
interface,wuhan,wuhan-fw,if_role,business,9
interface,wuhan,wuhan-fw,interface_id,ens3,9
interface,wuhan,wuhan-fw,interface_id,ens4,9
interface,wuhan,wuhan-fw,interface_id,ens5,9
interface,wuhan,wuhan-fw,interface_id,ens6,9
interface,wuhan,wuhan-service-vm-1,if_role,service,9
interface,wuhan,wuhan-service-vm-1,interface_id,ens3,9
interface,wuhan,wuhan-service-vm-1,interface_id,ens4,9
interface,wuhan,wuhan-service-vm-1,interface_id,ens5,9
interface,wuhan,wuhan-service-vm-1,interface_id,ens6,9
interface,wuhan,wuhan-service-vm-2,if_role,service,9
interface,wuhan,wuhan-service-vm-2,interface_id,ens3,9
interface,wuhan,wuhan-service-vm-2,interface_id,ens4,9
interface,wuhan,wuhan-service-vm-2,interface_id,ens5,9
interface,wuhan,wuhan-service-vm-2,interface_id,ens6,9
interface,wuhan,wuhan-service-vm-3,if_role,service,9
interface,wuhan,wuhan-service-vm-3,interface_id,ens3,9
interface,wuhan,wuhan-service-vm-3,interface_id,ens4,9
interface,wuhan,wuhan-service-vm-3,interface_id,ens5,9
interface,wuhan,wuhan-service-vm-3,interface_id,ens6,9
interface,wuhan,wuhan-traffic-vm,if_role,business,9
interface,wuhan,wuhan-traffic-vm,interface_id,ens3,9
interface,wuhan,wuhan-traffic-vm,interface_id,ens4,9
interface,wuhan,wuhan-traffic-vm,interface_id,ens5,9
interface,wuhan,wuhan-traffic-vm,interface_id,ens6,9
interface,xian,xian-br-1,if_role,backbone,9
interface,xian,xian-br-1,interface_id,ens10,9
interface,xian,xian-br-1,interface_id,ens11,9
interface,xian,xian-br-1,interface_id,ens12,9
interface,xian,xian-br-1,interface_id,ens3,9
interface,xian,xian-br-1,interface_id,ens4,9
interface,xian,xian-br-1,interface_id,ens5,9
interface,xian,xian-br-1,interface_id,ens6,9
interface,xian,xian-br-1,interface_id,ens7,9
interface,xian,xian-br-1,interface_id,ens8,9
interface,xian,xian-br-1,interface_id,ens9,9
interface,xian,xian-br-2,if_role,backbone,9
interface,xian,xian-br-2,interface_id,ens10,9
interface,xian,xian-br-2,interface_id,ens11,9
interface,xian,xian-br-2,interface_id,ens12,9
interface,xian,xian-br-2,interface_id,ens3,9
interface,xian,xian-br-2,interface_id,ens4,9
interface,xian,xian-br-2,interface_id,ens5,9
interface,xian,xian-br-2,interface_id,ens6,9
interface,xian,xian-br-2,interface_id,ens7,9
interface,xian,xian-br-2,interface_id,ens8,9
interface,xian,xian-br-2,interface_id,ens9,9
interface,xian,xian-cr-1,if_role,backbone,9
interface,xian,xian-cr-1,interface_id,ens10,9
interface,xian,xian-cr-1,interface_id,ens11,9
interface,xian,xian-cr-1,interface_id,ens12,9
interface,xian,xian-cr-1,interface_id,ens3,9
interface,xian,xian-cr-1,interface_id,ens4,9
interface,xian,xian-cr-1,interface_id,ens5,9
interface,xian,xian-cr-1,interface_id,ens6,9
interface,xian,xian-cr-1,interface_id,ens7,9
interface,xian,xian-cr-1,interface_id,ens8,9
interface,xian,xian-cr-1,interface_id,ens9,9
interface,xian,xian-cr-2,if_role,backbone,9
interface,xian,xian-cr-2,interface_id,ens10,9
interface,xian,xian-cr-2,interface_id,ens11,9
interface,xian,xian-cr-2,interface_id,ens12,9
interface,xian,xian-cr-2,interface_id,ens3,9
interface,xian,xian-cr-2,interface_id,ens4,9
interface,xian,xian-cr-2,interface_id,ens5,9
interface,xian,xian-cr-2,interface_id,ens6,9
interface,xian,xian-cr-2,interface_id,ens7,9
interface,xian,xian-cr-2,interface_id,ens8,9
interface,xian,xian-cr-2,interface_id,ens9,9
interface,xian,xian-fw,if_role,backbone,9
interface,xian,xian-fw,if_role,business,9
interface,xian,xian-fw,interface_id,ens3,9
interface,xian,xian-fw,interface_id,ens4,9
interface,xian,xian-fw,interface_id,ens5,9
interface,xian,xian-fw,interface_id,ens6,9
interface,xian,xian-service-vm-1,if_role,service,9
interface,xian,xian-service-vm-1,interface_id,ens3,9
interface,xian,xian-service-vm-1,interface_id,ens4,9
interface,xian,xian-service-vm-1,interface_id,ens5,9
interface,xian,xian-service-vm-1,interface_id,ens6,9
interface,xian,xian-service-vm-2,if_role,service,9
interface,xian,xian-service-vm-2,interface_id,ens3,9
interface,xian,xian-service-vm-2,interface_id,ens4,9
interface,xian,xian-service-vm-2,interface_id,ens5,9
interface,xian,xian-service-vm-2,interface_id,ens6,9
interface,xian,xian-service-vm-3,if_role,service,9
interface,xian,xian-service-vm-3,interface_id,ens3,9
interface,xian,xian-service-vm-3,interface_id,ens4,9
interface,xian,xian-service-vm-3,interface_id,ens5,9
interface,xian,xian-service-vm-3,interface_id,ens6,9
interface,xian,xian-traffic-vm,if_role,business,9
interface,xian,xian-traffic-vm,interface_id,ens3,9
interface,xian,xian-traffic-vm,interface_id,ens4,9
interface,xian,xian-traffic-vm,interface_id,ens5,9
interface,xian,xian-traffic-vm,interface_id,ens6,9
routing,beida,beida-br-1,command,bgp_summary,1
routing,beida,beida-br-1,dev,ens4,2
routing,beida,beida-br-1,dev,ens5,1
routing,beida,beida-br-1,interface,ens10,1
routing,beida,beida-br-1,interface,ens11,1
routing,beida,beida-br-1,interface,ens12,1
routing,beida,beida-br-1,interface,ens3,1
routing,beida,beida-br-1,interface,ens4,1
routing,beida,beida-br-1,interface,ens5,3
routing,beida,beida-br-1,interface,ens6,1
routing,beida,beida-br-1,interface,ens7,1
routing,beida,beida-br-1,interface,ens8,1
routing,beida,beida-br-1,interface,ens9,1
routing,beida,beida-br-1,interface,lo,1
routing,beida,beida-br-1,interface,virbr0,1
routing,beida,beida-br-1,metric,1024,2
routing,beida,beida-br-1,metric,20,1
routing,beida,beida-br-1,neighbor_id,1.1.1.11,1
routing,beida,beida-br-1,neighbor_id,1.1.1.12,1
routing,beida,beida-br-1,neighbor_id,1.1.1.2,1
routing,beida,beida-br-1,next_hop,240a:a023::1,2
routing,beida,beida-br-1,next_hop,fe80::100:10:11,1
routing,beida,beida-br-1,next_hop,fe80::100:10:21,1
routing,beida,beida-br-1,next_hop,fe80::100:10:41,1
routing,beida,beida-br-1,next_hop,fe80::100:10:51,1
routing,beida,beida-br-1,next_hop,fe80::11:4,1
routing,beida,beida-br-1,next_hop,fe80::12:4,1
routing,beida,beida-br-1,nh_index,0,2
routing,beida,beida-br-1,nh_index,1,1
routing,beida,beida-br-1,peer,fd00:100:10::11,4
routing,beida,beida-br-1,peer,fd00:100:10::21,4
routing,beida,beida-br-1,peer,fd00:100:10::41,4
routing,beida,beida-br-1,peer,fd00:100:10::51,4
routing,beida,beida-br-1,prefix,::/0,3
routing,beida,beida-br-1,prefix,fd00:1:40::/64,3
routing,beida,beida-br-1,prefix,fd00:2:40::/64,3
routing,beida,beida-br-1,prefix,fd00:3:40::/64,3
routing,beida,beida-br-1,prefix,fd00:4:40::/64,3
routing,beida,beida-br-1,prefix,fd00:5:40::/64,3
routing,beida,beida-br-1,prefix,fd00:6:40::/64,3
routing,beida,beida-br-1,prefix,fd00:7:40::/64,3
routing,beida,beida-br-1,prefix,fd00:8:40::/64,3
routing,beida,beida-br-1,protocol,all,1
routing,beida,beida-br-1,protocol,bgp,2
routing,beida,beida-br-1,protocol,kernel,1
routing,beida,beida-br-1,protocol,ospf,2
routing,beida,beida-br-1,protocol,unknown,3
routing,beida,beida-br-1,remote_as,65002,4
routing,beida,beida-br-1,remote_as,65003,4
routing,beida,beida-br-1,remote_as,65005,4
routing,beida,beida-br-1,remote_as,65006,4
routing,beida,beida-br-1,route_index,0,2
routing,beida,beida-br-1,state,Established,4
routing,beida,beida-br-1,state,Full,1
routing,beida,beida-br-1,state,Idle (Admin),3
routing,beida,beida-br-1,state,Twoway,1
routing,beida,beida-br-2,command,bgp_summary,1
routing,beida,beida-br-2,dev,ens4,2
routing,beida,beida-br-2,dev,ens5,1
routing,beida,beida-br-2,interface,ens10,1
routing,beida,beida-br-2,interface,ens11,1
routing,beida,beida-br-2,interface,ens12,1
routing,beida,beida-br-2,interface,ens3,1
routing,beida,beida-br-2,interface,ens4,1
routing,beida,beida-br-2,interface,ens5,3
routing,beida,beida-br-2,interface,ens6,1
routing,beida,beida-br-2,interface,ens7,1
routing,beida,beida-br-2,interface,ens8,1
routing,beida,beida-br-2,interface,ens9,1
routing,beida,beida-br-2,interface,lo,1
routing,beida,beida-br-2,interface,virbr0,1
routing,beida,beida-br-2,metric,1024,2
routing,beida,beida-br-2,metric,20,1
routing,beida,beida-br-2,neighbor_id,1.1.1.1,1
routing,beida,beida-br-2,neighbor_id,1.1.1.11,1
routing,beida,beida-br-2,neighbor_id,1.1.1.12,1
routing,beida,beida-br-2,next_hop,240a:a023::1,2
routing,beida,beida-br-2,next_hop,fe80::100:10:12,1
routing,beida,beida-br-2,next_hop,fe80::100:10:22,1
routing,beida,beida-br-2,next_hop,fe80::100:10:42,1
routing,beida,beida-br-2,next_hop,fe80::100:10:52,1
routing,beida,beida-br-2,next_hop,fe80::11:4,1
routing,beida,beida-br-2,next_hop,fe80::12:4,1
routing,beida,beida-br-2,nh_index,0,2
routing,beida,beida-br-2,nh_index,1,1
routing,beida,beida-br-2,peer,fd00:100:10::12,4
routing,beida,beida-br-2,peer,fd00:100:10::22,4
routing,beida,beida-br-2,peer,fd00:100:10::42,4
routing,beida,beida-br-2,peer,fd00:100:10::52,4
routing,beida,beida-br-2,prefix,::/0,3
routing,beida,beida-br-2,prefix,fd00:1:40::/64,3
routing,beida,beida-br-2,prefix,fd00:2:40::/64,3
routing,beida,beida-br-2,prefix,fd00:3:40::/64,3
routing,beida,beida-br-2,prefix,fd00:4:40::/64,3
routing,beida,beida-br-2,prefix,fd00:5:40::/64,3
routing,beida,beida-br-2,prefix,fd00:6:40::/64,3
routing,beida,beida-br-2,prefix,fd00:7:40::/64,3
routing,beida,beida-br-2,prefix,fd00:8:40::/64,3
routing,beida,beida-br-2,protocol,all,1
routing,beida,beida-br-2,protocol,bgp,2
routing,beida,beida-br-2,protocol,kernel,1
routing,beida,beida-br-2,protocol,ospf,2
routing,beida,beida-br-2,protocol,unknown,3
routing,beida,beida-br-2,remote_as,65002,4
routing,beida,beida-br-2,remote_as,65003,4
routing,beida,beida-br-2,remote_as,65005,4
routing,beida,beida-br-2,remote_as,65006,4
routing,beida,beida-br-2,route_index,0,2
routing,beida,beida-br-2,state,Established,4
routing,beida,beida-br-2,state,Full,1
routing,beida,beida-br-2,state,Idle (Admin),3
routing,beida,beida-br-2,state,Twoway,1
routing,beida,beida-cr-1,dev,ens4,2
routing,beida,beida-cr-1,dev,ens5,1
routing,beida,beida-cr-1,interface,ens10,1
routing,beida,beida-cr-1,interface,ens11,1
routing,beida,beida-cr-1,interface,ens12,1
routing,beida,beida-cr-1,interface,ens3,1
routing,beida,beida-cr-1,interface,ens4,3
routing,beida,beida-cr-1,interface,ens5,3
routing,beida,beida-cr-1,interface,ens6,1
routing,beida,beida-cr-1,interface,ens7,1
routing,beida,beida-cr-1,interface,ens8,1
routing,beida,beida-cr-1,interface,ens9,1
routing,beida,beida-cr-1,interface,lo,1
routing,beida,beida-cr-1,interface,virbr0,1
routing,beida,beida-cr-1,metric,20,2
routing,beida,beida-cr-1,neighbor_id,1.1.1.1,1
routing,beida,beida-cr-1,neighbor_id,1.1.1.12,1
routing,beida,beida-cr-1,neighbor_id,1.1.1.2,1
routing,beida,beida-cr-1,next_hop,fd00:1:20::1,2
routing,beida,beida-cr-1,next_hop,fd00:1:20::2,2
routing,beida,beida-cr-1,next_hop,fd00:1:30::254,1
routing,beida,beida-cr-1,next_hop,fe80::1:5,1
routing,beida,beida-cr-1,next_hop,fe80::2:5,1
routing,beida,beida-cr-1,nh_index,0,2
routing,beida,beida-cr-1,nh_index,1,2
routing,beida,beida-cr-1,prefix,::/0,3
routing,beida,beida-cr-1,prefix,fd00:1:40::/64,3
routing,beida,beida-cr-1,prefix,fd00:2:40::/64,3
routing,beida,beida-cr-1,prefix,fd00:3:40::/64,3
routing,beida,beida-cr-1,prefix,fd00:4:40::/64,3
routing,beida,beida-cr-1,prefix,fd00:5:40::/64,3
routing,beida,beida-cr-1,prefix,fd00:6:40::/64,3
routing,beida,beida-cr-1,prefix,fd00:7:40::/64,3
routing,beida,beida-cr-1,prefix,fd00:8:40::/64,3
routing,beida,beida-cr-1,protocol,196,3
routing,beida,beida-cr-1,protocol,all,1
routing,beida,beida-cr-1,protocol,kernel,1
routing,beida,beida-cr-1,protocol,ospf,2
routing,beida,beida-cr-1,protocol,unknown,1
routing,beida,beida-cr-1,route_index,0,2
routing,beida,beida-cr-1,state,Full,1
routing,beida,beida-cr-2,dev,ens4,2
routing,beida,beida-cr-2,dev,ens5,1
routing,beida,beida-cr-2,interface,ens10,1
routing,beida,beida-cr-2,interface,ens11,1
routing,beida,beida-cr-2,interface,ens12,1
routing,beida,beida-cr-2,interface,ens3,1
routing,beida,beida-cr-2,interface,ens4,3
routing,beida,beida-cr-2,interface,ens5,3
routing,beida,beida-cr-2,interface,ens6,1
routing,beida,beida-cr-2,interface,ens7,1
routing,beida,beida-cr-2,interface,ens8,1
routing,beida,beida-cr-2,interface,ens9,1
routing,beida,beida-cr-2,interface,lo,1
routing,beida,beida-cr-2,interface,virbr0,1
routing,beida,beida-cr-2,metric,20,2
routing,beida,beida-cr-2,neighbor_id,1.1.1.1,1
routing,beida,beida-cr-2,neighbor_id,1.1.1.11,1
routing,beida,beida-cr-2,neighbor_id,1.1.1.2,1
routing,beida,beida-cr-2,next_hop,fd00:1:20::1,2
routing,beida,beida-cr-2,next_hop,fd00:1:20::2,2
routing,beida,beida-cr-2,next_hop,fd00:1:30::254,1
routing,beida,beida-cr-2,next_hop,fe80::1:5,1
routing,beida,beida-cr-2,next_hop,fe80::2:5,1
routing,beida,beida-cr-2,nh_index,0,2
routing,beida,beida-cr-2,nh_index,1,2
routing,beida,beida-cr-2,prefix,::/0,3
routing,beida,beida-cr-2,prefix,fd00:1:40::/64,3
routing,beida,beida-cr-2,prefix,fd00:2:40::/64,3
routing,beida,beida-cr-2,prefix,fd00:3:40::/64,3
routing,beida,beida-cr-2,prefix,fd00:4:40::/64,3
routing,beida,beida-cr-2,prefix,fd00:5:40::/64,3
routing,beida,beida-cr-2,prefix,fd00:6:40::/64,3
routing,beida,beida-cr-2,prefix,fd00:7:40::/64,3
routing,beida,beida-cr-2,prefix,fd00:8:40::/64,3
routing,beida,beida-cr-2,protocol,196,3
routing,beida,beida-cr-2,protocol,all,1
routing,beida,beida-cr-2,protocol,kernel,1
routing,beida,beida-cr-2,protocol,ospf,2
routing,beida,beida-cr-2,protocol,unknown,1
routing,beida,beida-cr-2,route_index,0,2
routing,beida,beida-cr-2,state,Full,1
routing,chengdu,chengdu-br-1,command,bgp_summary,1
routing,chengdu,chengdu-br-1,dev,ens4,2
routing,chengdu,chengdu-br-1,dev,ens5,1
routing,chengdu,chengdu-br-1,interface,ens10,1
routing,chengdu,chengdu-br-1,interface,ens11,1
routing,chengdu,chengdu-br-1,interface,ens12,1
routing,chengdu,chengdu-br-1,interface,ens3,1
routing,chengdu,chengdu-br-1,interface,ens4,1
routing,chengdu,chengdu-br-1,interface,ens5,3
routing,chengdu,chengdu-br-1,interface,ens6,1
routing,chengdu,chengdu-br-1,interface,ens7,1
routing,chengdu,chengdu-br-1,interface,ens8,1
routing,chengdu,chengdu-br-1,interface,ens9,1
routing,chengdu,chengdu-br-1,interface,lo,1
routing,chengdu,chengdu-br-1,interface,virbr0,1
routing,chengdu,chengdu-br-1,metric,1024,2
routing,chengdu,chengdu-br-1,metric,20,1
routing,chengdu,chengdu-br-1,neighbor_id,4.4.4.11,1
routing,chengdu,chengdu-br-1,neighbor_id,4.4.4.12,1
routing,chengdu,chengdu-br-1,neighbor_id,4.4.4.2,1
routing,chengdu,chengdu-br-1,next_hop,240a:a023::1,2
routing,chengdu,chengdu-br-1,next_hop,fe80::100:10:21,1
routing,chengdu,chengdu-br-1,next_hop,fe80::100:10:41,1
routing,chengdu,chengdu-br-1,next_hop,fe80::4:20:11,1
routing,chengdu,chengdu-br-1,next_hop,fe80::4:20:12,1
routing,chengdu,chengdu-br-1,nh_index,0,2
routing,chengdu,chengdu-br-1,nh_index,1,1
routing,chengdu,chengdu-br-1,peer,fd00:100:10::21,4
routing,chengdu,chengdu-br-1,peer,fd00:100:10::41,4
routing,chengdu,chengdu-br-1,prefix,::/0,3
routing,chengdu,chengdu-br-1,prefix,fd00:1:40::/64,3
routing,chengdu,chengdu-br-1,prefix,fd00:2:40::/64,3
routing,chengdu,chengdu-br-1,prefix,fd00:3:40::/64,3
routing,chengdu,chengdu-br-1,prefix,fd00:4:40::/64,3
routing,chengdu,chengdu-br-1,prefix,fd00:5:40::/64,3
routing,chengdu,chengdu-br-1,prefix,fd00:6:40::/64,3
routing,chengdu,chengdu-br-1,prefix,fd00:7:40::/64,3
routing,chengdu,chengdu-br-1,prefix,fd00:8:40::/64,3
routing,chengdu,chengdu-br-1,protocol,all,1
routing,chengdu,chengdu-br-1,protocol,bgp,2
routing,chengdu,chengdu-br-1,protocol,kernel,1
routing,chengdu,chengdu-br-1,protocol,ospf,2
routing,chengdu,chengdu-br-1,protocol,unknown,3
routing,chengdu,chengdu-br-1,remote_as,65003,4
routing,chengdu,chengdu-br-1,remote_as,65005,4
routing,chengdu,chengdu-br-1,route_index,0,2
routing,chengdu,chengdu-br-1,state,Active,3
routing,chengdu,chengdu-br-1,state,Established,4
routing,chengdu,chengdu-br-1,state,Full,1
routing,chengdu,chengdu-br-1,state,Idle (Admin),3
routing,chengdu,chengdu-br-1,state,Twoway,1
routing,chengdu,chengdu-br-2,command,bgp_summary,1
routing,chengdu,chengdu-br-2,dev,ens4,2
routing,chengdu,chengdu-br-2,dev,ens5,1
routing,chengdu,chengdu-br-2,interface,ens10,1
routing,chengdu,chengdu-br-2,interface,ens11,1
routing,chengdu,chengdu-br-2,interface,ens12,1
routing,chengdu,chengdu-br-2,interface,ens3,1
routing,chengdu,chengdu-br-2,interface,ens4,1
routing,chengdu,chengdu-br-2,interface,ens5,3
routing,chengdu,chengdu-br-2,interface,ens6,1
routing,chengdu,chengdu-br-2,interface,ens7,1
routing,chengdu,chengdu-br-2,interface,ens8,1
routing,chengdu,chengdu-br-2,interface,ens9,1
routing,chengdu,chengdu-br-2,interface,lo,1
routing,chengdu,chengdu-br-2,interface,virbr0,1
routing,chengdu,chengdu-br-2,metric,1024,2
routing,chengdu,chengdu-br-2,metric,20,1
routing,chengdu,chengdu-br-2,neighbor_id,4.4.4.1,1
routing,chengdu,chengdu-br-2,neighbor_id,4.4.4.11,1
routing,chengdu,chengdu-br-2,neighbor_id,4.4.4.12,1
routing,chengdu,chengdu-br-2,next_hop,240a:a023::1,2
routing,chengdu,chengdu-br-2,next_hop,fe80::100:10:22,1
routing,chengdu,chengdu-br-2,next_hop,fe80::100:10:42,1
routing,chengdu,chengdu-br-2,next_hop,fe80::4:20:11,1
routing,chengdu,chengdu-br-2,next_hop,fe80::4:20:12,1
routing,chengdu,chengdu-br-2,nh_index,0,2
routing,chengdu,chengdu-br-2,nh_index,1,1
routing,chengdu,chengdu-br-2,peer,fd00:100:10::22,4
routing,chengdu,chengdu-br-2,peer,fd00:100:10::42,4
routing,chengdu,chengdu-br-2,prefix,::/0,3
routing,chengdu,chengdu-br-2,prefix,fd00:1:40::/64,3
routing,chengdu,chengdu-br-2,prefix,fd00:2:40::/64,3
routing,chengdu,chengdu-br-2,prefix,fd00:3:40::/64,3
routing,chengdu,chengdu-br-2,prefix,fd00:4:40::/64,3
routing,chengdu,chengdu-br-2,prefix,fd00:5:40::/64,3
routing,chengdu,chengdu-br-2,prefix,fd00:6:40::/64,3
routing,chengdu,chengdu-br-2,prefix,fd00:7:40::/64,3
routing,chengdu,chengdu-br-2,prefix,fd00:8:40::/64,3
routing,chengdu,chengdu-br-2,protocol,all,1
routing,chengdu,chengdu-br-2,protocol,bgp,2
routing,chengdu,chengdu-br-2,protocol,kernel,1
routing,chengdu,chengdu-br-2,protocol,ospf,2
routing,chengdu,chengdu-br-2,protocol,unknown,3
routing,chengdu,chengdu-br-2,remote_as,65003,4
routing,chengdu,chengdu-br-2,remote_as,65005,4
routing,chengdu,chengdu-br-2,route_index,0,2
routing,chengdu,chengdu-br-2,state,Active,3
routing,chengdu,chengdu-br-2,state,Established,4
routing,chengdu,chengdu-br-2,state,Full,1
routing,chengdu,chengdu-br-2,state,Twoway,1
routing,chengdu,chengdu-cr-1,dev,ens4,2
routing,chengdu,chengdu-cr-1,dev,ens5,1
routing,chengdu,chengdu-cr-1,interface,ens10,1
routing,chengdu,chengdu-cr-1,interface,ens11,1
routing,chengdu,chengdu-cr-1,interface,ens12,1
routing,chengdu,chengdu-cr-1,interface,ens3,1
routing,chengdu,chengdu-cr-1,interface,ens4,3
routing,chengdu,chengdu-cr-1,interface,ens5,3
routing,chengdu,chengdu-cr-1,interface,ens6,1
routing,chengdu,chengdu-cr-1,interface,ens7,1
routing,chengdu,chengdu-cr-1,interface,ens8,1
routing,chengdu,chengdu-cr-1,interface,ens9,1
routing,chengdu,chengdu-cr-1,interface,lo,1
routing,chengdu,chengdu-cr-1,interface,virbr0,1
routing,chengdu,chengdu-cr-1,metric,20,2
routing,chengdu,chengdu-cr-1,neighbor_id,4.4.4.1,1
routing,chengdu,chengdu-cr-1,neighbor_id,4.4.4.12,1
routing,chengdu,chengdu-cr-1,neighbor_id,4.4.4.2,1
routing,chengdu,chengdu-cr-1,next_hop,fd00:4:20::1,2
routing,chengdu,chengdu-cr-1,next_hop,fd00:4:20::2,2
routing,chengdu,chengdu-cr-1,next_hop,fd00:4:30::254,1
routing,chengdu,chengdu-cr-1,next_hop,fe80::4:20:1,1
routing,chengdu,chengdu-cr-1,next_hop,fe80::4:20:2,1
routing,chengdu,chengdu-cr-1,nh_index,0,2
routing,chengdu,chengdu-cr-1,nh_index,1,2
routing,chengdu,chengdu-cr-1,prefix,::/0,3
routing,chengdu,chengdu-cr-1,prefix,fd00:1:40::/64,3
routing,chengdu,chengdu-cr-1,prefix,fd00:2:40::/64,3
routing,chengdu,chengdu-cr-1,prefix,fd00:3:40::/64,3
routing,chengdu,chengdu-cr-1,prefix,fd00:4:40::/64,3
routing,chengdu,chengdu-cr-1,prefix,fd00:5:40::/64,3
routing,chengdu,chengdu-cr-1,prefix,fd00:6:40::/64,3
routing,chengdu,chengdu-cr-1,prefix,fd00:7:40::/64,3
routing,chengdu,chengdu-cr-1,prefix,fd00:8:40::/64,3
routing,chengdu,chengdu-cr-1,protocol,196,3
routing,chengdu,chengdu-cr-1,protocol,all,1
routing,chengdu,chengdu-cr-1,protocol,kernel,1
routing,chengdu,chengdu-cr-1,protocol,ospf,2
routing,chengdu,chengdu-cr-1,protocol,unknown,1
routing,chengdu,chengdu-cr-1,route_index,0,2
routing,chengdu,chengdu-cr-1,state,Full,1
routing,chengdu,chengdu-cr-2,dev,ens4,2
routing,chengdu,chengdu-cr-2,dev,ens5,1
routing,chengdu,chengdu-cr-2,interface,ens10,1
routing,chengdu,chengdu-cr-2,interface,ens11,1
routing,chengdu,chengdu-cr-2,interface,ens12,1
routing,chengdu,chengdu-cr-2,interface,ens3,1
routing,chengdu,chengdu-cr-2,interface,ens4,3
routing,chengdu,chengdu-cr-2,interface,ens5,3
routing,chengdu,chengdu-cr-2,interface,ens6,1
routing,chengdu,chengdu-cr-2,interface,ens7,1
routing,chengdu,chengdu-cr-2,interface,ens8,1
routing,chengdu,chengdu-cr-2,interface,ens9,1
routing,chengdu,chengdu-cr-2,interface,lo,1
routing,chengdu,chengdu-cr-2,interface,virbr0,1
routing,chengdu,chengdu-cr-2,metric,20,2
routing,chengdu,chengdu-cr-2,neighbor_id,4.4.4.1,1
routing,chengdu,chengdu-cr-2,neighbor_id,4.4.4.11,1
routing,chengdu,chengdu-cr-2,neighbor_id,4.4.4.2,1
routing,chengdu,chengdu-cr-2,next_hop,fd00:4:20::1,2
routing,chengdu,chengdu-cr-2,next_hop,fd00:4:20::2,2
routing,chengdu,chengdu-cr-2,next_hop,fd00:4:30::254,1
routing,chengdu,chengdu-cr-2,next_hop,fe80::4:20:1,1
routing,chengdu,chengdu-cr-2,next_hop,fe80::4:20:2,1
routing,chengdu,chengdu-cr-2,nh_index,0,2
routing,chengdu,chengdu-cr-2,nh_index,1,2
routing,chengdu,chengdu-cr-2,prefix,::/0,3
routing,chengdu,chengdu-cr-2,prefix,fd00:1:40::/64,3
routing,chengdu,chengdu-cr-2,prefix,fd00:2:40::/64,3
routing,chengdu,chengdu-cr-2,prefix,fd00:3:40::/64,3
routing,chengdu,chengdu-cr-2,prefix,fd00:4:40::/64,3
routing,chengdu,chengdu-cr-2,prefix,fd00:5:40::/64,3
routing,chengdu,chengdu-cr-2,prefix,fd00:6:40::/64,3
routing,chengdu,chengdu-cr-2,prefix,fd00:7:40::/64,3
routing,chengdu,chengdu-cr-2,prefix,fd00:8:40::/64,3
routing,chengdu,chengdu-cr-2,protocol,196,3
routing,chengdu,chengdu-cr-2,protocol,all,1
routing,chengdu,chengdu-cr-2,protocol,kernel,1
routing,chengdu,chengdu-cr-2,protocol,ospf,2
routing,chengdu,chengdu-cr-2,protocol,unknown,1
routing,chengdu,chengdu-cr-2,route_index,0,2
routing,chengdu,chengdu-cr-2,state,Full,1
routing,guangzhou,guangzhou-br-1,command,bgp_summary,1
routing,guangzhou,guangzhou-br-1,dev,ens4,2
routing,guangzhou,guangzhou-br-1,dev,ens5,1
routing,guangzhou,guangzhou-br-1,interface,ens10,1
routing,guangzhou,guangzhou-br-1,interface,ens11,1
routing,guangzhou,guangzhou-br-1,interface,ens12,1
routing,guangzhou,guangzhou-br-1,interface,ens3,1
routing,guangzhou,guangzhou-br-1,interface,ens4,1
routing,guangzhou,guangzhou-br-1,interface,ens5,3
routing,guangzhou,guangzhou-br-1,interface,ens6,1
routing,guangzhou,guangzhou-br-1,interface,ens7,1
routing,guangzhou,guangzhou-br-1,interface,ens8,1
routing,guangzhou,guangzhou-br-1,interface,ens9,1
routing,guangzhou,guangzhou-br-1,interface,lo,1
routing,guangzhou,guangzhou-br-1,interface,virbr0,1
routing,guangzhou,guangzhou-br-1,metric,1024,2
routing,guangzhou,guangzhou-br-1,metric,20,1
routing,guangzhou,guangzhou-br-1,neighbor_id,8.8.8.11,1
routing,guangzhou,guangzhou-br-1,neighbor_id,8.8.8.12,1
routing,guangzhou,guangzhou-br-1,neighbor_id,8.8.8.2,1
routing,guangzhou,guangzhou-br-1,next_hop,240a:a023::1,2
routing,guangzhou,guangzhou-br-1,next_hop,fe80::100:10:41,1
routing,guangzhou,guangzhou-br-1,next_hop,fe80::100:10:51,1
routing,guangzhou,guangzhou-br-1,next_hop,fe80::8:20:11,1
routing,guangzhou,guangzhou-br-1,next_hop,fe80::8:20:12,1
routing,guangzhou,guangzhou-br-1,nh_index,0,2
routing,guangzhou,guangzhou-br-1,nh_index,1,1
routing,guangzhou,guangzhou-br-1,peer,fd00:100:10::41,4
routing,guangzhou,guangzhou-br-1,peer,fd00:100:10::51,4
routing,guangzhou,guangzhou-br-1,prefix,::/0,3
routing,guangzhou,guangzhou-br-1,prefix,fd00:1:40::/64,3
routing,guangzhou,guangzhou-br-1,prefix,fd00:2:40::/64,3
routing,guangzhou,guangzhou-br-1,prefix,fd00:3:40::/64,3
routing,guangzhou,guangzhou-br-1,prefix,fd00:4:40::/64,3
routing,guangzhou,guangzhou-br-1,prefix,fd00:5:40::/64,3
routing,guangzhou,guangzhou-br-1,prefix,fd00:6:40::/64,3
routing,guangzhou,guangzhou-br-1,prefix,fd00:7:40::/64,3
routing,guangzhou,guangzhou-br-1,prefix,fd00:8:40::/64,3
routing,guangzhou,guangzhou-br-1,protocol,all,1
routing,guangzhou,guangzhou-br-1,protocol,bgp,2
routing,guangzhou,guangzhou-br-1,protocol,kernel,1
routing,guangzhou,guangzhou-br-1,protocol,ospf,2
routing,guangzhou,guangzhou-br-1,protocol,unknown,3
routing,guangzhou,guangzhou-br-1,remote_as,65005,4
routing,guangzhou,guangzhou-br-1,remote_as,65006,4
routing,guangzhou,guangzhou-br-1,route_index,0,2
routing,guangzhou,guangzhou-br-1,state,Active,3
routing,guangzhou,guangzhou-br-1,state,Established,4
routing,guangzhou,guangzhou-br-1,state,Full,1
routing,guangzhou,guangzhou-br-1,state,Idle,3
routing,guangzhou,guangzhou-br-1,state,Idle (Admin),3
routing,guangzhou,guangzhou-br-2,command,bgp_summary,1
routing,guangzhou,guangzhou-br-2,dev,ens4,2
routing,guangzhou,guangzhou-br-2,dev,ens5,1
routing,guangzhou,guangzhou-br-2,interface,ens10,1
routing,guangzhou,guangzhou-br-2,interface,ens11,1
routing,guangzhou,guangzhou-br-2,interface,ens12,1
routing,guangzhou,guangzhou-br-2,interface,ens3,1
routing,guangzhou,guangzhou-br-2,interface,ens4,1
routing,guangzhou,guangzhou-br-2,interface,ens5,3
routing,guangzhou,guangzhou-br-2,interface,ens6,1
routing,guangzhou,guangzhou-br-2,interface,ens7,1
routing,guangzhou,guangzhou-br-2,interface,ens8,1
routing,guangzhou,guangzhou-br-2,interface,ens9,1
routing,guangzhou,guangzhou-br-2,interface,lo,1
routing,guangzhou,guangzhou-br-2,interface,virbr0,1
routing,guangzhou,guangzhou-br-2,metric,1024,2
routing,guangzhou,guangzhou-br-2,metric,20,1
routing,guangzhou,guangzhou-br-2,neighbor_id,8.8.8.1,1
routing,guangzhou,guangzhou-br-2,neighbor_id,8.8.8.11,1
routing,guangzhou,guangzhou-br-2,neighbor_id,8.8.8.12,1
routing,guangzhou,guangzhou-br-2,next_hop,240a:a023::1,2
routing,guangzhou,guangzhou-br-2,next_hop,fe80::100:10:42,1
routing,guangzhou,guangzhou-br-2,next_hop,fe80::100:10:52,1
routing,guangzhou,guangzhou-br-2,next_hop,fe80::8:20:11,1
routing,guangzhou,guangzhou-br-2,next_hop,fe80::8:20:12,1
routing,guangzhou,guangzhou-br-2,nh_index,0,2
routing,guangzhou,guangzhou-br-2,nh_index,1,1
routing,guangzhou,guangzhou-br-2,peer,fd00:100:10::42,4
routing,guangzhou,guangzhou-br-2,peer,fd00:100:10::52,4
routing,guangzhou,guangzhou-br-2,prefix,::/0,3
routing,guangzhou,guangzhou-br-2,prefix,fd00:1:40::/64,3
routing,guangzhou,guangzhou-br-2,prefix,fd00:2:40::/64,3
routing,guangzhou,guangzhou-br-2,prefix,fd00:3:40::/64,3
routing,guangzhou,guangzhou-br-2,prefix,fd00:4:40::/64,3
routing,guangzhou,guangzhou-br-2,prefix,fd00:5:40::/64,3
routing,guangzhou,guangzhou-br-2,prefix,fd00:6:40::/64,3
routing,guangzhou,guangzhou-br-2,prefix,fd00:7:40::/64,3
routing,guangzhou,guangzhou-br-2,prefix,fd00:8:40::/64,3
routing,guangzhou,guangzhou-br-2,protocol,all,1
routing,guangzhou,guangzhou-br-2,protocol,bgp,2
routing,guangzhou,guangzhou-br-2,protocol,kernel,1
routing,guangzhou,guangzhou-br-2,protocol,ospf,2
routing,guangzhou,guangzhou-br-2,protocol,unknown,3
routing,guangzhou,guangzhou-br-2,remote_as,65005,4
routing,guangzhou,guangzhou-br-2,remote_as,65006,4
routing,guangzhou,guangzhou-br-2,route_index,0,2
routing,guangzhou,guangzhou-br-2,state,Active,3
routing,guangzhou,guangzhou-br-2,state,Established,4
routing,guangzhou,guangzhou-br-2,state,Full,1
routing,guangzhou,guangzhou-br-2,state,Idle (Admin),3
routing,guangzhou,guangzhou-cr-1,dev,ens4,2
routing,guangzhou,guangzhou-cr-1,dev,ens5,1
routing,guangzhou,guangzhou-cr-1,interface,ens10,1
routing,guangzhou,guangzhou-cr-1,interface,ens11,1
routing,guangzhou,guangzhou-cr-1,interface,ens12,1
routing,guangzhou,guangzhou-cr-1,interface,ens3,1
routing,guangzhou,guangzhou-cr-1,interface,ens4,3
routing,guangzhou,guangzhou-cr-1,interface,ens5,3
routing,guangzhou,guangzhou-cr-1,interface,ens6,1
routing,guangzhou,guangzhou-cr-1,interface,ens7,1
routing,guangzhou,guangzhou-cr-1,interface,ens8,1
routing,guangzhou,guangzhou-cr-1,interface,ens9,1
routing,guangzhou,guangzhou-cr-1,interface,lo,1
routing,guangzhou,guangzhou-cr-1,interface,virbr0,1
routing,guangzhou,guangzhou-cr-1,metric,20,2
routing,guangzhou,guangzhou-cr-1,neighbor_id,8.8.8.1,1
routing,guangzhou,guangzhou-cr-1,neighbor_id,8.8.8.12,1
routing,guangzhou,guangzhou-cr-1,neighbor_id,8.8.8.2,1
routing,guangzhou,guangzhou-cr-1,next_hop,fd00:8:20::1,2
routing,guangzhou,guangzhou-cr-1,next_hop,fd00:8:20::2,2
routing,guangzhou,guangzhou-cr-1,next_hop,fd00:8:30::254,1
routing,guangzhou,guangzhou-cr-1,next_hop,fe80::8:20:1,1
routing,guangzhou,guangzhou-cr-1,next_hop,fe80::8:20:2,1
routing,guangzhou,guangzhou-cr-1,nh_index,0,2
routing,guangzhou,guangzhou-cr-1,nh_index,1,2
routing,guangzhou,guangzhou-cr-1,prefix,::/0,3
routing,guangzhou,guangzhou-cr-1,prefix,fd00:1:40::/64,3
routing,guangzhou,guangzhou-cr-1,prefix,fd00:2:40::/64,3
routing,guangzhou,guangzhou-cr-1,prefix,fd00:3:40::/64,3
routing,guangzhou,guangzhou-cr-1,prefix,fd00:4:40::/64,3
routing,guangzhou,guangzhou-cr-1,prefix,fd00:5:40::/64,3
routing,guangzhou,guangzhou-cr-1,prefix,fd00:6:40::/64,3
routing,guangzhou,guangzhou-cr-1,prefix,fd00:7:40::/64,3
routing,guangzhou,guangzhou-cr-1,prefix,fd00:8:40::/64,3
routing,guangzhou,guangzhou-cr-1,protocol,196,3
routing,guangzhou,guangzhou-cr-1,protocol,all,1
routing,guangzhou,guangzhou-cr-1,protocol,kernel,1
routing,guangzhou,guangzhou-cr-1,protocol,ospf,2
routing,guangzhou,guangzhou-cr-1,route_index,0,2
routing,guangzhou,guangzhou-cr-1,state,Full,1
routing,guangzhou,guangzhou-cr-1,state,Twoway,1
routing,guangzhou,guangzhou-cr-2,dev,ens4,2
routing,guangzhou,guangzhou-cr-2,dev,ens5,1
routing,guangzhou,guangzhou-cr-2,interface,ens10,1
routing,guangzhou,guangzhou-cr-2,interface,ens11,1
routing,guangzhou,guangzhou-cr-2,interface,ens12,1
routing,guangzhou,guangzhou-cr-2,interface,ens3,1
routing,guangzhou,guangzhou-cr-2,interface,ens4,3
routing,guangzhou,guangzhou-cr-2,interface,ens5,3
routing,guangzhou,guangzhou-cr-2,interface,ens6,1
routing,guangzhou,guangzhou-cr-2,interface,ens7,1
routing,guangzhou,guangzhou-cr-2,interface,ens8,1
routing,guangzhou,guangzhou-cr-2,interface,ens9,1
routing,guangzhou,guangzhou-cr-2,interface,lo,1
routing,guangzhou,guangzhou-cr-2,interface,virbr0,1
routing,guangzhou,guangzhou-cr-2,metric,20,2
routing,guangzhou,guangzhou-cr-2,neighbor_id,8.8.8.1,1
routing,guangzhou,guangzhou-cr-2,neighbor_id,8.8.8.11,1
routing,guangzhou,guangzhou-cr-2,neighbor_id,8.8.8.2,1
routing,guangzhou,guangzhou-cr-2,next_hop,fd00:8:20::1,2
routing,guangzhou,guangzhou-cr-2,next_hop,fd00:8:20::2,2
routing,guangzhou,guangzhou-cr-2,next_hop,fd00:8:30::254,1
routing,guangzhou,guangzhou-cr-2,next_hop,fe80::8:20:1,1
routing,guangzhou,guangzhou-cr-2,next_hop,fe80::8:20:2,1
routing,guangzhou,guangzhou-cr-2,nh_index,0,2
routing,guangzhou,guangzhou-cr-2,nh_index,1,2
routing,guangzhou,guangzhou-cr-2,prefix,::/0,3
routing,guangzhou,guangzhou-cr-2,prefix,fd00:1:40::/64,3
routing,guangzhou,guangzhou-cr-2,prefix,fd00:2:40::/64,3
routing,guangzhou,guangzhou-cr-2,prefix,fd00:3:40::/64,3
routing,guangzhou,guangzhou-cr-2,prefix,fd00:4:40::/64,3
routing,guangzhou,guangzhou-cr-2,prefix,fd00:5:40::/64,3
routing,guangzhou,guangzhou-cr-2,prefix,fd00:6:40::/64,3
routing,guangzhou,guangzhou-cr-2,prefix,fd00:7:40::/64,3
routing,guangzhou,guangzhou-cr-2,prefix,fd00:8:40::/64,3
routing,guangzhou,guangzhou-cr-2,protocol,196,3
routing,guangzhou,guangzhou-cr-2,protocol,all,1
routing,guangzhou,guangzhou-cr-2,protocol,kernel,1
routing,guangzhou,guangzhou-cr-2,protocol,ospf,2
routing,guangzhou,guangzhou-cr-2,protocol,unknown,1
routing,guangzhou,guangzhou-cr-2,route_index,0,2
routing,guangzhou,guangzhou-cr-2,state,Full,1
routing,guangzhou,guangzhou-cr-2,state,Twoway,1
routing,nanjing,nanjing-br-1,command,bgp_summary,1
routing,nanjing,nanjing-br-1,dev,ens4,2
routing,nanjing,nanjing-br-1,dev,ens5,1
routing,nanjing,nanjing-br-1,interface,ens10,1
routing,nanjing,nanjing-br-1,interface,ens11,1
routing,nanjing,nanjing-br-1,interface,ens12,1
routing,nanjing,nanjing-br-1,interface,ens3,1
routing,nanjing,nanjing-br-1,interface,ens4,1
routing,nanjing,nanjing-br-1,interface,ens5,3
routing,nanjing,nanjing-br-1,interface,ens6,1
routing,nanjing,nanjing-br-1,interface,ens7,1
routing,nanjing,nanjing-br-1,interface,ens8,1
routing,nanjing,nanjing-br-1,interface,ens9,1
routing,nanjing,nanjing-br-1,interface,lo,1
routing,nanjing,nanjing-br-1,interface,virbr0,1
routing,nanjing,nanjing-br-1,metric,1024,2
routing,nanjing,nanjing-br-1,metric,20,1
routing,nanjing,nanjing-br-1,neighbor_id,7.7.7.11,1
routing,nanjing,nanjing-br-1,neighbor_id,7.7.7.12,1
routing,nanjing,nanjing-br-1,neighbor_id,7.7.7.2,1
routing,nanjing,nanjing-br-1,next_hop,240a:a023::1,2
routing,nanjing,nanjing-br-1,next_hop,fe80::100:10:41,1
routing,nanjing,nanjing-br-1,next_hop,fe80::100:10:51,1
routing,nanjing,nanjing-br-1,next_hop,fe80::7:20:11,1
routing,nanjing,nanjing-br-1,next_hop,fe80::7:20:12,1
routing,nanjing,nanjing-br-1,nh_index,0,2
routing,nanjing,nanjing-br-1,nh_index,1,1
routing,nanjing,nanjing-br-1,peer,fd00:100:10::41,4
routing,nanjing,nanjing-br-1,peer,fd00:100:10::51,4
routing,nanjing,nanjing-br-1,prefix,::/0,3
routing,nanjing,nanjing-br-1,prefix,fd00:1:40::/64,3
routing,nanjing,nanjing-br-1,prefix,fd00:2:40::/64,3
routing,nanjing,nanjing-br-1,prefix,fd00:3:40::/64,3
routing,nanjing,nanjing-br-1,prefix,fd00:4:40::/64,3
routing,nanjing,nanjing-br-1,prefix,fd00:5:40::/64,3
routing,nanjing,nanjing-br-1,prefix,fd00:6:40::/64,3
routing,nanjing,nanjing-br-1,prefix,fd00:7:40::/64,3
routing,nanjing,nanjing-br-1,prefix,fd00:8:40::/64,3
routing,nanjing,nanjing-br-1,protocol,all,1
routing,nanjing,nanjing-br-1,protocol,bgp,2
routing,nanjing,nanjing-br-1,protocol,kernel,1
routing,nanjing,nanjing-br-1,protocol,ospf,2
routing,nanjing,nanjing-br-1,protocol,unknown,3
routing,nanjing,nanjing-br-1,remote_as,65005,4
routing,nanjing,nanjing-br-1,remote_as,65006,4
routing,nanjing,nanjing-br-1,route_index,0,2
routing,nanjing,nanjing-br-1,state,Established,4
routing,nanjing,nanjing-br-1,state,Full,1
routing,nanjing,nanjing-br-1,state,Idle (Admin),3
routing,nanjing,nanjing-br-1,state,Twoway,1
routing,nanjing,nanjing-br-2,command,bgp_summary,1
routing,nanjing,nanjing-br-2,dev,ens4,2
routing,nanjing,nanjing-br-2,dev,ens5,1
routing,nanjing,nanjing-br-2,interface,ens10,1
routing,nanjing,nanjing-br-2,interface,ens11,1
routing,nanjing,nanjing-br-2,interface,ens12,1
routing,nanjing,nanjing-br-2,interface,ens3,1
routing,nanjing,nanjing-br-2,interface,ens4,1
routing,nanjing,nanjing-br-2,interface,ens5,3
routing,nanjing,nanjing-br-2,interface,ens6,1
routing,nanjing,nanjing-br-2,interface,ens7,1
routing,nanjing,nanjing-br-2,interface,ens8,1
routing,nanjing,nanjing-br-2,interface,ens9,1
routing,nanjing,nanjing-br-2,interface,lo,1
routing,nanjing,nanjing-br-2,interface,virbr0,1
routing,nanjing,nanjing-br-2,metric,1024,2
routing,nanjing,nanjing-br-2,metric,20,1
routing,nanjing,nanjing-br-2,neighbor_id,7.7.7.1,1
routing,nanjing,nanjing-br-2,neighbor_id,7.7.7.11,1
routing,nanjing,nanjing-br-2,neighbor_id,7.7.7.12,1
routing,nanjing,nanjing-br-2,next_hop,240a:a023::1,2
routing,nanjing,nanjing-br-2,next_hop,fe80::100:10:42,1
routing,nanjing,nanjing-br-2,next_hop,fe80::100:10:52,1
routing,nanjing,nanjing-br-2,next_hop,fe80::7:20:11,1
routing,nanjing,nanjing-br-2,next_hop,fe80::7:20:12,1
routing,nanjing,nanjing-br-2,nh_index,0,2
routing,nanjing,nanjing-br-2,nh_index,1,1
routing,nanjing,nanjing-br-2,peer,fd00:100:10::42,4
routing,nanjing,nanjing-br-2,peer,fd00:100:10::52,4
routing,nanjing,nanjing-br-2,prefix,::/0,3
routing,nanjing,nanjing-br-2,prefix,fd00:1:40::/64,3
routing,nanjing,nanjing-br-2,prefix,fd00:2:40::/64,3
routing,nanjing,nanjing-br-2,prefix,fd00:3:40::/64,3
routing,nanjing,nanjing-br-2,prefix,fd00:4:40::/64,3
routing,nanjing,nanjing-br-2,prefix,fd00:5:40::/64,3
routing,nanjing,nanjing-br-2,prefix,fd00:6:40::/64,3
routing,nanjing,nanjing-br-2,prefix,fd00:7:40::/64,3
routing,nanjing,nanjing-br-2,prefix,fd00:8:40::/64,3
routing,nanjing,nanjing-br-2,protocol,all,1
routing,nanjing,nanjing-br-2,protocol,bgp,2
routing,nanjing,nanjing-br-2,protocol,kernel,1
routing,nanjing,nanjing-br-2,protocol,ospf,2
routing,nanjing,nanjing-br-2,protocol,unknown,3
routing,nanjing,nanjing-br-2,remote_as,65005,4
routing,nanjing,nanjing-br-2,remote_as,65006,4
routing,nanjing,nanjing-br-2,route_index,0,2
routing,nanjing,nanjing-br-2,state,Active,3
routing,nanjing,nanjing-br-2,state,Established,4
routing,nanjing,nanjing-br-2,state,Full,1
routing,nanjing,nanjing-br-2,state,Idle (Admin),3
routing,nanjing,nanjing-cr-1,dev,ens4,2
routing,nanjing,nanjing-cr-1,dev,ens5,1
routing,nanjing,nanjing-cr-1,interface,ens10,1
routing,nanjing,nanjing-cr-1,interface,ens11,1
routing,nanjing,nanjing-cr-1,interface,ens12,1
routing,nanjing,nanjing-cr-1,interface,ens3,1
routing,nanjing,nanjing-cr-1,interface,ens4,3
routing,nanjing,nanjing-cr-1,interface,ens5,3
routing,nanjing,nanjing-cr-1,interface,ens6,1
routing,nanjing,nanjing-cr-1,interface,ens7,1
routing,nanjing,nanjing-cr-1,interface,ens8,1
routing,nanjing,nanjing-cr-1,interface,ens9,1
routing,nanjing,nanjing-cr-1,interface,lo,1
routing,nanjing,nanjing-cr-1,interface,virbr0,1
routing,nanjing,nanjing-cr-1,interface,vxlan100,1
routing,nanjing,nanjing-cr-1,metric,20,2
routing,nanjing,nanjing-cr-1,neighbor_id,7.7.7.1,1
routing,nanjing,nanjing-cr-1,neighbor_id,7.7.7.12,1
routing,nanjing,nanjing-cr-1,neighbor_id,7.7.7.2,1
routing,nanjing,nanjing-cr-1,next_hop,fd00:7:20::1,2
routing,nanjing,nanjing-cr-1,next_hop,fd00:7:20::2,2
routing,nanjing,nanjing-cr-1,next_hop,fd00:7:30::254,1
routing,nanjing,nanjing-cr-1,next_hop,fe80::7:20:1,1
routing,nanjing,nanjing-cr-1,next_hop,fe80::7:20:2,1
routing,nanjing,nanjing-cr-1,nh_index,0,2
routing,nanjing,nanjing-cr-1,nh_index,1,2
routing,nanjing,nanjing-cr-1,prefix,::/0,3
routing,nanjing,nanjing-cr-1,prefix,fd00:1:40::/64,3
routing,nanjing,nanjing-cr-1,prefix,fd00:2:40::/64,3
routing,nanjing,nanjing-cr-1,prefix,fd00:3:40::/64,3
routing,nanjing,nanjing-cr-1,prefix,fd00:4:40::/64,3
routing,nanjing,nanjing-cr-1,prefix,fd00:5:40::/64,3
routing,nanjing,nanjing-cr-1,prefix,fd00:6:40::/64,3
routing,nanjing,nanjing-cr-1,prefix,fd00:7:40::/64,3
routing,nanjing,nanjing-cr-1,prefix,fd00:8:40::/64,3
routing,nanjing,nanjing-cr-1,protocol,196,3
routing,nanjing,nanjing-cr-1,protocol,all,1
routing,nanjing,nanjing-cr-1,protocol,kernel,1
routing,nanjing,nanjing-cr-1,protocol,ospf,2
routing,nanjing,nanjing-cr-1,route_index,0,2
routing,nanjing,nanjing-cr-1,state,Full,1
routing,nanjing,nanjing-cr-1,state,Twoway,1
routing,nanjing,nanjing-cr-2,dev,ens4,2
routing,nanjing,nanjing-cr-2,dev,ens5,1
routing,nanjing,nanjing-cr-2,interface,ens10,1
routing,nanjing,nanjing-cr-2,interface,ens11,1
routing,nanjing,nanjing-cr-2,interface,ens12,1
routing,nanjing,nanjing-cr-2,interface,ens3,1
routing,nanjing,nanjing-cr-2,interface,ens4,3
routing,nanjing,nanjing-cr-2,interface,ens5,3
routing,nanjing,nanjing-cr-2,interface,ens6,1
routing,nanjing,nanjing-cr-2,interface,ens7,1
routing,nanjing,nanjing-cr-2,interface,ens8,1
routing,nanjing,nanjing-cr-2,interface,ens9,1
routing,nanjing,nanjing-cr-2,interface,lo,1
routing,nanjing,nanjing-cr-2,interface,virbr0,1
routing,nanjing,nanjing-cr-2,metric,20,2
routing,nanjing,nanjing-cr-2,neighbor_id,7.7.7.1,1
routing,nanjing,nanjing-cr-2,neighbor_id,7.7.7.11,1
routing,nanjing,nanjing-cr-2,neighbor_id,7.7.7.2,1
routing,nanjing,nanjing-cr-2,next_hop,fd00:7:20::1,2
routing,nanjing,nanjing-cr-2,next_hop,fd00:7:20::2,2
routing,nanjing,nanjing-cr-2,next_hop,fd00:7:30::254,1
routing,nanjing,nanjing-cr-2,next_hop,fe80::7:20:1,1
routing,nanjing,nanjing-cr-2,next_hop,fe80::7:20:2,1
routing,nanjing,nanjing-cr-2,nh_index,0,2
routing,nanjing,nanjing-cr-2,nh_index,1,2
routing,nanjing,nanjing-cr-2,prefix,::/0,3
routing,nanjing,nanjing-cr-2,prefix,fd00:1:40::/64,3
routing,nanjing,nanjing-cr-2,prefix,fd00:2:40::/64,3
routing,nanjing,nanjing-cr-2,prefix,fd00:3:40::/64,3
routing,nanjing,nanjing-cr-2,prefix,fd00:4:40::/64,3
routing,nanjing,nanjing-cr-2,prefix,fd00:5:40::/64,3
routing,nanjing,nanjing-cr-2,prefix,fd00:6:40::/64,3
routing,nanjing,nanjing-cr-2,prefix,fd00:7:40::/64,3
routing,nanjing,nanjing-cr-2,prefix,fd00:8:40::/64,3
routing,nanjing,nanjing-cr-2,protocol,196,3
routing,nanjing,nanjing-cr-2,protocol,all,1
routing,nanjing,nanjing-cr-2,protocol,kernel,1
routing,nanjing,nanjing-cr-2,protocol,ospf,2
routing,nanjing,nanjing-cr-2,protocol,unknown,1
routing,nanjing,nanjing-cr-2,route_index,0,2
routing,nanjing,nanjing-cr-2,state,Full,1
routing,shanghai,shanghai-br-1,command,bgp_summary,1
routing,shanghai,shanghai-br-1,dev,ens4,2
routing,shanghai,shanghai-br-1,dev,ens5,1
routing,shanghai,shanghai-br-1,interface,ens10,1
routing,shanghai,shanghai-br-1,interface,ens11,1
routing,shanghai,shanghai-br-1,interface,ens12,1
routing,shanghai,shanghai-br-1,interface,ens3,1
routing,shanghai,shanghai-br-1,interface,ens4,1
routing,shanghai,shanghai-br-1,interface,ens5,3
routing,shanghai,shanghai-br-1,interface,ens6,1
routing,shanghai,shanghai-br-1,interface,ens7,1
routing,shanghai,shanghai-br-1,interface,ens8,1
routing,shanghai,shanghai-br-1,interface,ens9,1
routing,shanghai,shanghai-br-1,interface,lo,1
routing,shanghai,shanghai-br-1,interface,virbr0,1
routing,shanghai,shanghai-br-1,metric,1024,2
routing,shanghai,shanghai-br-1,metric,20,1
routing,shanghai,shanghai-br-1,neighbor_id,6.6.6.11,1
routing,shanghai,shanghai-br-1,neighbor_id,6.6.6.12,1
routing,shanghai,shanghai-br-1,neighbor_id,6.6.6.2,1
routing,shanghai,shanghai-br-1,next_hop,240a:a023::1,2
routing,shanghai,shanghai-br-1,next_hop,fe80::100:10:1,1
routing,shanghai,shanghai-br-1,next_hop,fe80::100:10:11,1
routing,shanghai,shanghai-br-1,next_hop,fe80::100:10:41,1
routing,shanghai,shanghai-br-1,next_hop,fe80::100:10:61,1
routing,shanghai,shanghai-br-1,next_hop,fe80::100:10:71,1
routing,shanghai,shanghai-br-1,next_hop,fe80::6:20:11,1
routing,shanghai,shanghai-br-1,next_hop,fe80::6:20:12,1
routing,shanghai,shanghai-br-1,nh_index,0,2
routing,shanghai,shanghai-br-1,nh_index,1,1
routing,shanghai,shanghai-br-1,peer,fd00:100:10::1,4
routing,shanghai,shanghai-br-1,peer,fd00:100:10::11,4
routing,shanghai,shanghai-br-1,peer,fd00:100:10::41,4
routing,shanghai,shanghai-br-1,peer,fd00:100:10::61,4
routing,shanghai,shanghai-br-1,peer,fd00:100:10::71,4
routing,shanghai,shanghai-br-1,prefix,::/0,3
routing,shanghai,shanghai-br-1,prefix,fd00:1:40::/64,3
routing,shanghai,shanghai-br-1,prefix,fd00:2:40::/64,3
routing,shanghai,shanghai-br-1,prefix,fd00:3:40::/64,3
routing,shanghai,shanghai-br-1,prefix,fd00:4:40::/64,3
routing,shanghai,shanghai-br-1,prefix,fd00:5:40::/64,3
routing,shanghai,shanghai-br-1,prefix,fd00:6:40::/64,3
routing,shanghai,shanghai-br-1,prefix,fd00:7:40::/64,3
routing,shanghai,shanghai-br-1,prefix,fd00:8:40::/64,3
routing,shanghai,shanghai-br-1,protocol,all,1
routing,shanghai,shanghai-br-1,protocol,bgp,2
routing,shanghai,shanghai-br-1,protocol,kernel,1
routing,shanghai,shanghai-br-1,protocol,ospf,2
routing,shanghai,shanghai-br-1,protocol,unknown,3
routing,shanghai,shanghai-br-1,remote_as,65001,4
routing,shanghai,shanghai-br-1,remote_as,65002,4
routing,shanghai,shanghai-br-1,remote_as,65005,4
routing,shanghai,shanghai-br-1,remote_as,65007,4
routing,shanghai,shanghai-br-1,remote_as,65008,4
routing,shanghai,shanghai-br-1,route_index,0,2
routing,shanghai,shanghai-br-1,state,Active,3
routing,shanghai,shanghai-br-1,state,Established,4
routing,shanghai,shanghai-br-1,state,Full,1
routing,shanghai,shanghai-br-1,state,Twoway,1
routing,shanghai,shanghai-br-2,command,bgp_summary,1
routing,shanghai,shanghai-br-2,dev,ens4,2
routing,shanghai,shanghai-br-2,dev,ens5,1
routing,shanghai,shanghai-br-2,interface,ens10,1
routing,shanghai,shanghai-br-2,interface,ens11,1
routing,shanghai,shanghai-br-2,interface,ens12,1
routing,shanghai,shanghai-br-2,interface,ens3,1
routing,shanghai,shanghai-br-2,interface,ens4,1
routing,shanghai,shanghai-br-2,interface,ens5,3
routing,shanghai,shanghai-br-2,interface,ens6,1
routing,shanghai,shanghai-br-2,interface,ens7,1
routing,shanghai,shanghai-br-2,interface,ens8,1
routing,shanghai,shanghai-br-2,interface,ens9,1
routing,shanghai,shanghai-br-2,interface,lo,1
routing,shanghai,shanghai-br-2,interface,virbr0,1
routing,shanghai,shanghai-br-2,metric,1024,2
routing,shanghai,shanghai-br-2,metric,20,1
routing,shanghai,shanghai-br-2,neighbor_id,6.6.6.1,1
routing,shanghai,shanghai-br-2,neighbor_id,6.6.6.11,1
routing,shanghai,shanghai-br-2,neighbor_id,6.6.6.12,1
routing,shanghai,shanghai-br-2,next_hop,240a:a023::1,2
routing,shanghai,shanghai-br-2,next_hop,fe80::100:10:12,1
routing,shanghai,shanghai-br-2,next_hop,fe80::100:10:2,1
routing,shanghai,shanghai-br-2,next_hop,fe80::100:10:42,1
routing,shanghai,shanghai-br-2,next_hop,fe80::100:10:62,1
routing,shanghai,shanghai-br-2,next_hop,fe80::100:10:72,1
routing,shanghai,shanghai-br-2,next_hop,fe80::6:20:11,1
routing,shanghai,shanghai-br-2,next_hop,fe80::6:20:12,1
routing,shanghai,shanghai-br-2,nh_index,0,2
routing,shanghai,shanghai-br-2,nh_index,1,1
routing,shanghai,shanghai-br-2,peer,fd00:100:10::12,4
routing,shanghai,shanghai-br-2,peer,fd00:100:10::2,4
routing,shanghai,shanghai-br-2,peer,fd00:100:10::42,4
routing,shanghai,shanghai-br-2,peer,fd00:100:10::62,4
routing,shanghai,shanghai-br-2,peer,fd00:100:10::72,4
routing,shanghai,shanghai-br-2,prefix,::/0,3
routing,shanghai,shanghai-br-2,prefix,fd00:1:40::/64,3
routing,shanghai,shanghai-br-2,prefix,fd00:2:40::/64,3
routing,shanghai,shanghai-br-2,prefix,fd00:3:40::/64,3
routing,shanghai,shanghai-br-2,prefix,fd00:4:40::/64,3
routing,shanghai,shanghai-br-2,prefix,fd00:5:40::/64,3
routing,shanghai,shanghai-br-2,prefix,fd00:6:40::/64,3
routing,shanghai,shanghai-br-2,prefix,fd00:7:40::/64,3
routing,shanghai,shanghai-br-2,prefix,fd00:8:40::/64,3
routing,shanghai,shanghai-br-2,protocol,all,1
routing,shanghai,shanghai-br-2,protocol,bgp,2
routing,shanghai,shanghai-br-2,protocol,kernel,1
routing,shanghai,shanghai-br-2,protocol,ospf,2
routing,shanghai,shanghai-br-2,protocol,unknown,3
routing,shanghai,shanghai-br-2,remote_as,65001,4
routing,shanghai,shanghai-br-2,remote_as,65002,4
routing,shanghai,shanghai-br-2,remote_as,65005,4
routing,shanghai,shanghai-br-2,remote_as,65007,4
routing,shanghai,shanghai-br-2,remote_as,65008,4
routing,shanghai,shanghai-br-2,route_index,0,2
routing,shanghai,shanghai-br-2,state,Active,3
routing,shanghai,shanghai-br-2,state,Established,4
routing,shanghai,shanghai-br-2,state,Full,1
routing,shanghai,shanghai-br-2,state,Idle (Admin),3
routing,shanghai,shanghai-br-2,state,Twoway,1
routing,shanghai,shanghai-cr-1,dev,ens4,2
routing,shanghai,shanghai-cr-1,dev,ens5,1
routing,shanghai,shanghai-cr-1,interface,ens10,1
routing,shanghai,shanghai-cr-1,interface,ens11,1
routing,shanghai,shanghai-cr-1,interface,ens12,1
routing,shanghai,shanghai-cr-1,interface,ens3,1
routing,shanghai,shanghai-cr-1,interface,ens4,3
routing,shanghai,shanghai-cr-1,interface,ens5,3
routing,shanghai,shanghai-cr-1,interface,ens6,1
routing,shanghai,shanghai-cr-1,interface,ens7,1
routing,shanghai,shanghai-cr-1,interface,ens8,1
routing,shanghai,shanghai-cr-1,interface,ens9,1
routing,shanghai,shanghai-cr-1,interface,lo,1
routing,shanghai,shanghai-cr-1,interface,virbr0,1
routing,shanghai,shanghai-cr-1,metric,20,2
routing,shanghai,shanghai-cr-1,neighbor_id,6.6.6.1,1
routing,shanghai,shanghai-cr-1,neighbor_id,6.6.6.12,1
routing,shanghai,shanghai-cr-1,neighbor_id,6.6.6.2,1
routing,shanghai,shanghai-cr-1,next_hop,fd00:6:20::1,2
routing,shanghai,shanghai-cr-1,next_hop,fd00:6:20::2,2
routing,shanghai,shanghai-cr-1,next_hop,fd00:6:30::254,1
routing,shanghai,shanghai-cr-1,next_hop,fe80::6:20:1,1
routing,shanghai,shanghai-cr-1,next_hop,fe80::6:20:2,1
routing,shanghai,shanghai-cr-1,nh_index,0,2
routing,shanghai,shanghai-cr-1,nh_index,1,2
routing,shanghai,shanghai-cr-1,prefix,::/0,3
routing,shanghai,shanghai-cr-1,prefix,fd00:1:40::/64,2
routing,shanghai,shanghai-cr-1,prefix,fd00:2:40::/64,3
routing,shanghai,shanghai-cr-1,prefix,fd00:3:40::/64,3
routing,shanghai,shanghai-cr-1,prefix,fd00:4:40::/64,3
routing,shanghai,shanghai-cr-1,prefix,fd00:5:40::/64,3
routing,shanghai,shanghai-cr-1,prefix,fd00:6:40::/64,3
routing,shanghai,shanghai-cr-1,prefix,fd00:7:40::/64,3
routing,shanghai,shanghai-cr-1,prefix,fd00:8:40::/64,3
routing,shanghai,shanghai-cr-1,protocol,196,3
routing,shanghai,shanghai-cr-1,protocol,all,1
routing,shanghai,shanghai-cr-1,protocol,kernel,1
routing,shanghai,shanghai-cr-1,protocol,ospf,2
routing,shanghai,shanghai-cr-1,route_index,0,2
routing,shanghai,shanghai-cr-1,state,Full,1
routing,shanghai,shanghai-cr-2,dev,ens4,2
routing,shanghai,shanghai-cr-2,dev,ens5,1
routing,shanghai,shanghai-cr-2,interface,ens10,1
routing,shanghai,shanghai-cr-2,interface,ens11,1
routing,shanghai,shanghai-cr-2,interface,ens12,1
routing,shanghai,shanghai-cr-2,interface,ens3,1
routing,shanghai,shanghai-cr-2,interface,ens4,3
routing,shanghai,shanghai-cr-2,interface,ens5,3
routing,shanghai,shanghai-cr-2,interface,ens6,1
routing,shanghai,shanghai-cr-2,interface,ens7,1
routing,shanghai,shanghai-cr-2,interface,ens8,1
routing,shanghai,shanghai-cr-2,interface,ens9,1
routing,shanghai,shanghai-cr-2,interface,lo,1
routing,shanghai,shanghai-cr-2,interface,virbr0,1
routing,shanghai,shanghai-cr-2,metric,20,2
routing,shanghai,shanghai-cr-2,neighbor_id,6.6.6.1,1
routing,shanghai,shanghai-cr-2,neighbor_id,6.6.6.11,1
routing,shanghai,shanghai-cr-2,neighbor_id,6.6.6.2,1
routing,shanghai,shanghai-cr-2,next_hop,fd00:6:20::1,2
routing,shanghai,shanghai-cr-2,next_hop,fd00:6:20::2,2
routing,shanghai,shanghai-cr-2,next_hop,fd00:6:30::254,1
routing,shanghai,shanghai-cr-2,next_hop,fe80::6:20:1,1
routing,shanghai,shanghai-cr-2,next_hop,fe80::6:20:2,1
routing,shanghai,shanghai-cr-2,nh_index,0,2
routing,shanghai,shanghai-cr-2,nh_index,1,2
routing,shanghai,shanghai-cr-2,prefix,::/0,3
routing,shanghai,shanghai-cr-2,prefix,fd00:1:40::/64,2
routing,shanghai,shanghai-cr-2,prefix,fd00:2:40::/64,3
routing,shanghai,shanghai-cr-2,prefix,fd00:3:40::/64,3
routing,shanghai,shanghai-cr-2,prefix,fd00:4:40::/64,3
routing,shanghai,shanghai-cr-2,prefix,fd00:5:40::/64,3
routing,shanghai,shanghai-cr-2,prefix,fd00:6:40::/64,3
routing,shanghai,shanghai-cr-2,prefix,fd00:7:40::/64,3
routing,shanghai,shanghai-cr-2,prefix,fd00:8:40::/64,3
routing,shanghai,shanghai-cr-2,protocol,196,3
routing,shanghai,shanghai-cr-2,protocol,all,1
routing,shanghai,shanghai-cr-2,protocol,kernel,1
routing,shanghai,shanghai-cr-2,protocol,ospf,2
routing,shanghai,shanghai-cr-2,route_index,0,2
routing,shanghai,shanghai-cr-2,state,Full,1
routing,shenyang,shenyang-br-1,command,bgp_summary,1
routing,shenyang,shenyang-br-1,dev,ens4,2
routing,shenyang,shenyang-br-1,dev,ens5,1
routing,shenyang,shenyang-br-1,interface,ens10,1
routing,shenyang,shenyang-br-1,interface,ens11,1
routing,shenyang,shenyang-br-1,interface,ens12,1
routing,shenyang,shenyang-br-1,interface,ens3,1
routing,shenyang,shenyang-br-1,interface,ens4,1
routing,shenyang,shenyang-br-1,interface,ens5,3
routing,shenyang,shenyang-br-1,interface,ens6,1
routing,shenyang,shenyang-br-1,interface,ens7,1
routing,shenyang,shenyang-br-1,interface,ens8,1
routing,shenyang,shenyang-br-1,interface,ens9,1
routing,shenyang,shenyang-br-1,interface,lo,1
routing,shenyang,shenyang-br-1,interface,virbr0,1
routing,shenyang,shenyang-br-1,metric,1024,2
routing,shenyang,shenyang-br-1,metric,20,1
routing,shenyang,shenyang-br-1,neighbor_id,2.2.2.11,1
routing,shenyang,shenyang-br-1,neighbor_id,2.2.2.12,1
routing,shenyang,shenyang-br-1,neighbor_id,2.2.2.2,1
routing,shenyang,shenyang-br-1,next_hop,240a:a023::1,2
routing,shenyang,shenyang-br-1,next_hop,fe80::100:10:1,1
routing,shenyang,shenyang-br-1,next_hop,fe80::100:10:51,1
routing,shenyang,shenyang-br-1,next_hop,fe80::2:20:11,1
routing,shenyang,shenyang-br-1,next_hop,fe80::2:20:12,1
routing,shenyang,shenyang-br-1,nh_index,0,2
routing,shenyang,shenyang-br-1,nh_index,1,1
routing,shenyang,shenyang-br-1,peer,fd00:100:10::1,4
routing,shenyang,shenyang-br-1,peer,fd00:100:10::51,4
routing,shenyang,shenyang-br-1,prefix,::/0,3
routing,shenyang,shenyang-br-1,prefix,fd00:1:40::/64,3
routing,shenyang,shenyang-br-1,prefix,fd00:2:40::/64,3
routing,shenyang,shenyang-br-1,prefix,fd00:3:40::/64,3
routing,shenyang,shenyang-br-1,prefix,fd00:4:40::/64,3
routing,shenyang,shenyang-br-1,prefix,fd00:5:40::/64,3
routing,shenyang,shenyang-br-1,prefix,fd00:6:40::/64,3
routing,shenyang,shenyang-br-1,prefix,fd00:7:40::/64,3
routing,shenyang,shenyang-br-1,prefix,fd00:8:40::/64,3
routing,shenyang,shenyang-br-1,protocol,all,1
routing,shenyang,shenyang-br-1,protocol,bgp,2
routing,shenyang,shenyang-br-1,protocol,kernel,1
routing,shenyang,shenyang-br-1,protocol,ospf,2
routing,shenyang,shenyang-br-1,protocol,unknown,3
routing,shenyang,shenyang-br-1,remote_as,65001,4
routing,shenyang,shenyang-br-1,remote_as,65006,4
routing,shenyang,shenyang-br-1,route_index,0,2
routing,shenyang,shenyang-br-1,state,Established,4
routing,shenyang,shenyang-br-1,state,Full,1
routing,shenyang,shenyang-br-1,state,Idle (Admin),3
routing,shenyang,shenyang-br-1,state,Twoway,1
routing,shenyang,shenyang-br-2,command,bgp_summary,1
routing,shenyang,shenyang-br-2,dev,ens4,2
routing,shenyang,shenyang-br-2,dev,ens5,1
routing,shenyang,shenyang-br-2,interface,ens10,1
routing,shenyang,shenyang-br-2,interface,ens11,1
routing,shenyang,shenyang-br-2,interface,ens12,1
routing,shenyang,shenyang-br-2,interface,ens3,1
routing,shenyang,shenyang-br-2,interface,ens4,1
routing,shenyang,shenyang-br-2,interface,ens5,3
routing,shenyang,shenyang-br-2,interface,ens6,1
routing,shenyang,shenyang-br-2,interface,ens7,1
routing,shenyang,shenyang-br-2,interface,ens8,1
routing,shenyang,shenyang-br-2,interface,ens9,1
routing,shenyang,shenyang-br-2,interface,lo,1
routing,shenyang,shenyang-br-2,interface,virbr0,1
routing,shenyang,shenyang-br-2,metric,1024,2
routing,shenyang,shenyang-br-2,metric,20,1
routing,shenyang,shenyang-br-2,neighbor_id,2.2.2.1,1
routing,shenyang,shenyang-br-2,neighbor_id,2.2.2.11,1
routing,shenyang,shenyang-br-2,neighbor_id,2.2.2.12,1
routing,shenyang,shenyang-br-2,next_hop,240a:a023::1,2
routing,shenyang,shenyang-br-2,next_hop,fe80::100:10:2,1
routing,shenyang,shenyang-br-2,next_hop,fe80::100:10:52,1
routing,shenyang,shenyang-br-2,next_hop,fe80::2:20:11,1
routing,shenyang,shenyang-br-2,next_hop,fe80::2:20:12,1
routing,shenyang,shenyang-br-2,nh_index,0,2
routing,shenyang,shenyang-br-2,nh_index,1,1
routing,shenyang,shenyang-br-2,peer,fd00:100:10::2,4
routing,shenyang,shenyang-br-2,peer,fd00:100:10::52,4
routing,shenyang,shenyang-br-2,prefix,::/0,3
routing,shenyang,shenyang-br-2,prefix,fd00:1:40::/64,3
routing,shenyang,shenyang-br-2,prefix,fd00:2:40::/64,3
routing,shenyang,shenyang-br-2,prefix,fd00:3:40::/64,3
routing,shenyang,shenyang-br-2,prefix,fd00:4:40::/64,3
routing,shenyang,shenyang-br-2,prefix,fd00:5:40::/64,3
routing,shenyang,shenyang-br-2,prefix,fd00:6:40::/64,3
routing,shenyang,shenyang-br-2,prefix,fd00:7:40::/64,3
routing,shenyang,shenyang-br-2,prefix,fd00:8:40::/64,3
routing,shenyang,shenyang-br-2,protocol,all,1
routing,shenyang,shenyang-br-2,protocol,bgp,2
routing,shenyang,shenyang-br-2,protocol,kernel,1
routing,shenyang,shenyang-br-2,protocol,ospf,2
routing,shenyang,shenyang-br-2,protocol,unknown,3
routing,shenyang,shenyang-br-2,remote_as,65001,4
routing,shenyang,shenyang-br-2,remote_as,65006,4
routing,shenyang,shenyang-br-2,route_index,0,2
routing,shenyang,shenyang-br-2,state,Established,4
routing,shenyang,shenyang-br-2,state,Full,1
routing,shenyang,shenyang-br-2,state,Idle (Admin),3
routing,shenyang,shenyang-br-2,state,Twoway,1
routing,shenyang,shenyang-cr-1,dev,ens4,2
routing,shenyang,shenyang-cr-1,dev,ens5,1
routing,shenyang,shenyang-cr-1,interface,ens10,1
routing,shenyang,shenyang-cr-1,interface,ens11,1
routing,shenyang,shenyang-cr-1,interface,ens12,1
routing,shenyang,shenyang-cr-1,interface,ens3,1
routing,shenyang,shenyang-cr-1,interface,ens4,3
routing,shenyang,shenyang-cr-1,interface,ens5,3
routing,shenyang,shenyang-cr-1,interface,ens6,1
routing,shenyang,shenyang-cr-1,interface,ens7,1
routing,shenyang,shenyang-cr-1,interface,ens8,1
routing,shenyang,shenyang-cr-1,interface,ens9,1
routing,shenyang,shenyang-cr-1,interface,lo,1
routing,shenyang,shenyang-cr-1,interface,virbr0,1
routing,shenyang,shenyang-cr-1,metric,20,2
routing,shenyang,shenyang-cr-1,neighbor_id,2.2.2.1,1
routing,shenyang,shenyang-cr-1,neighbor_id,2.2.2.12,1
routing,shenyang,shenyang-cr-1,neighbor_id,2.2.2.2,1
routing,shenyang,shenyang-cr-1,next_hop,fd00:2:20::1,2
routing,shenyang,shenyang-cr-1,next_hop,fd00:2:20::2,2
routing,shenyang,shenyang-cr-1,next_hop,fd00:2:30::254,1
routing,shenyang,shenyang-cr-1,next_hop,fe80::2:20:1,1
routing,shenyang,shenyang-cr-1,next_hop,fe80::2:20:2,1
routing,shenyang,shenyang-cr-1,nh_index,0,2
routing,shenyang,shenyang-cr-1,nh_index,1,2
routing,shenyang,shenyang-cr-1,prefix,::/0,3
routing,shenyang,shenyang-cr-1,prefix,fd00:1:40::/64,3
routing,shenyang,shenyang-cr-1,prefix,fd00:2:40::/64,3
routing,shenyang,shenyang-cr-1,prefix,fd00:3:40::/64,3
routing,shenyang,shenyang-cr-1,prefix,fd00:4:40::/64,3
routing,shenyang,shenyang-cr-1,prefix,fd00:5:40::/64,3
routing,shenyang,shenyang-cr-1,prefix,fd00:6:40::/64,3
routing,shenyang,shenyang-cr-1,prefix,fd00:7:40::/64,3
routing,shenyang,shenyang-cr-1,prefix,fd00:8:40::/64,3
routing,shenyang,shenyang-cr-1,protocol,196,3
routing,shenyang,shenyang-cr-1,protocol,all,1
routing,shenyang,shenyang-cr-1,protocol,kernel,1
routing,shenyang,shenyang-cr-1,protocol,ospf,2
routing,shenyang,shenyang-cr-1,protocol,unknown,1
routing,shenyang,shenyang-cr-1,route_index,0,2
routing,shenyang,shenyang-cr-1,state,Full,1
routing,shenyang,shenyang-cr-2,dev,ens4,2
routing,shenyang,shenyang-cr-2,dev,ens5,1
routing,shenyang,shenyang-cr-2,interface,ens10,1
routing,shenyang,shenyang-cr-2,interface,ens11,1
routing,shenyang,shenyang-cr-2,interface,ens12,1
routing,shenyang,shenyang-cr-2,interface,ens3,1
routing,shenyang,shenyang-cr-2,interface,ens4,3
routing,shenyang,shenyang-cr-2,interface,ens5,3
routing,shenyang,shenyang-cr-2,interface,ens6,1
routing,shenyang,shenyang-cr-2,interface,ens7,1
routing,shenyang,shenyang-cr-2,interface,ens8,1
routing,shenyang,shenyang-cr-2,interface,ens9,1
routing,shenyang,shenyang-cr-2,interface,lo,1
routing,shenyang,shenyang-cr-2,interface,virbr0,1
routing,shenyang,shenyang-cr-2,metric,20,2
routing,shenyang,shenyang-cr-2,neighbor_id,2.2.2.1,1
routing,shenyang,shenyang-cr-2,neighbor_id,2.2.2.11,1
routing,shenyang,shenyang-cr-2,neighbor_id,2.2.2.2,1
routing,shenyang,shenyang-cr-2,next_hop,fd00:2:20::1,2
routing,shenyang,shenyang-cr-2,next_hop,fd00:2:20::2,2
routing,shenyang,shenyang-cr-2,next_hop,fd00:2:30::254,1
routing,shenyang,shenyang-cr-2,next_hop,fe80::2:20:1,1
routing,shenyang,shenyang-cr-2,next_hop,fe80::2:20:2,1
routing,shenyang,shenyang-cr-2,nh_index,0,2
routing,shenyang,shenyang-cr-2,nh_index,1,2
routing,shenyang,shenyang-cr-2,prefix,::/0,3
routing,shenyang,shenyang-cr-2,prefix,fd00:1:40::/64,3
routing,shenyang,shenyang-cr-2,prefix,fd00:2:40::/64,3
routing,shenyang,shenyang-cr-2,prefix,fd00:3:40::/64,3
routing,shenyang,shenyang-cr-2,prefix,fd00:4:40::/64,3
routing,shenyang,shenyang-cr-2,prefix,fd00:5:40::/64,3
routing,shenyang,shenyang-cr-2,prefix,fd00:6:40::/64,3
routing,shenyang,shenyang-cr-2,prefix,fd00:7:40::/64,3
routing,shenyang,shenyang-cr-2,prefix,fd00:8:40::/64,3
routing,shenyang,shenyang-cr-2,protocol,196,3
routing,shenyang,shenyang-cr-2,protocol,all,1
routing,shenyang,shenyang-cr-2,protocol,kernel,1
routing,shenyang,shenyang-cr-2,protocol,ospf,2
routing,shenyang,shenyang-cr-2,route_index,0,2
routing,shenyang,shenyang-cr-2,state,Full,1
routing,wuhan,wuhan-br-1,command,bgp_summary,1
routing,wuhan,wuhan-br-1,dev,ens4,2
routing,wuhan,wuhan-br-1,dev,ens5,1
routing,wuhan,wuhan-br-1,interface,ens10,1
routing,wuhan,wuhan-br-1,interface,ens11,1
routing,wuhan,wuhan-br-1,interface,ens12,1
routing,wuhan,wuhan-br-1,interface,ens3,1
routing,wuhan,wuhan-br-1,interface,ens4,1
routing,wuhan,wuhan-br-1,interface,ens5,3
routing,wuhan,wuhan-br-1,interface,ens6,1
routing,wuhan,wuhan-br-1,interface,ens7,1
routing,wuhan,wuhan-br-1,interface,ens8,1
routing,wuhan,wuhan-br-1,interface,ens9,1
routing,wuhan,wuhan-br-1,interface,lo,1
routing,wuhan,wuhan-br-1,interface,virbr0,1
routing,wuhan,wuhan-br-1,metric,1024,2
routing,wuhan,wuhan-br-1,metric,20,1
routing,wuhan,wuhan-br-1,neighbor_id,5.5.5.11,1
routing,wuhan,wuhan-br-1,neighbor_id,5.5.5.12,1
routing,wuhan,wuhan-br-1,neighbor_id,5.5.5.2,1
routing,wuhan,wuhan-br-1,next_hop,240a:a023::1,2
routing,wuhan,wuhan-br-1,next_hop,fe80::100:10:1,1
routing,wuhan,wuhan-br-1,next_hop,fe80::100:10:21,1
routing,wuhan,wuhan-br-1,next_hop,fe80::100:10:31,1
routing,wuhan,wuhan-br-1,next_hop,fe80::100:10:51,1
routing,wuhan,wuhan-br-1,next_hop,fe80::100:10:61,1
routing,wuhan,wuhan-br-1,next_hop,fe80::100:10:71,1
routing,wuhan,wuhan-br-1,next_hop,fe80::5:20:11,1
routing,wuhan,wuhan-br-1,next_hop,fe80::5:20:12,1
routing,wuhan,wuhan-br-1,nh_index,0,2
routing,wuhan,wuhan-br-1,nh_index,1,1
routing,wuhan,wuhan-br-1,peer,fd00:100:10::1,4
routing,wuhan,wuhan-br-1,peer,fd00:100:10::21,4
routing,wuhan,wuhan-br-1,peer,fd00:100:10::31,4
routing,wuhan,wuhan-br-1,peer,fd00:100:10::51,4
routing,wuhan,wuhan-br-1,peer,fd00:100:10::61,4
routing,wuhan,wuhan-br-1,peer,fd00:100:10::71,4
routing,wuhan,wuhan-br-1,prefix,::/0,3
routing,wuhan,wuhan-br-1,prefix,fd00:1:40::/64,3
routing,wuhan,wuhan-br-1,prefix,fd00:2:40::/64,3
routing,wuhan,wuhan-br-1,prefix,fd00:3:40::/64,3
routing,wuhan,wuhan-br-1,prefix,fd00:4:40::/64,3
routing,wuhan,wuhan-br-1,prefix,fd00:5:40::/64,3
routing,wuhan,wuhan-br-1,prefix,fd00:6:40::/64,3
routing,wuhan,wuhan-br-1,prefix,fd00:7:40::/64,3
routing,wuhan,wuhan-br-1,prefix,fd00:8:40::/64,3
routing,wuhan,wuhan-br-1,protocol,all,1
routing,wuhan,wuhan-br-1,protocol,bgp,2
routing,wuhan,wuhan-br-1,protocol,kernel,1
routing,wuhan,wuhan-br-1,protocol,ospf,2
routing,wuhan,wuhan-br-1,protocol,unknown,3
routing,wuhan,wuhan-br-1,remote_as,65001,4
routing,wuhan,wuhan-br-1,remote_as,65003,4
routing,wuhan,wuhan-br-1,remote_as,65004,4
routing,wuhan,wuhan-br-1,remote_as,65006,4
routing,wuhan,wuhan-br-1,remote_as,65007,4
routing,wuhan,wuhan-br-1,remote_as,65008,4
routing,wuhan,wuhan-br-1,route_index,0,2
routing,wuhan,wuhan-br-1,state,Active,3
routing,wuhan,wuhan-br-1,state,Established,4
routing,wuhan,wuhan-br-1,state,Full,1
routing,wuhan,wuhan-br-1,state,Idle (Admin),3
routing,wuhan,wuhan-br-1,state,Twoway,1
routing,wuhan,wuhan-br-2,command,bgp_summary,1
routing,wuhan,wuhan-br-2,dev,ens4,2
routing,wuhan,wuhan-br-2,dev,ens5,1
routing,wuhan,wuhan-br-2,interface,ens10,1
routing,wuhan,wuhan-br-2,interface,ens11,1
routing,wuhan,wuhan-br-2,interface,ens12,1
routing,wuhan,wuhan-br-2,interface,ens3,1
routing,wuhan,wuhan-br-2,interface,ens4,1
routing,wuhan,wuhan-br-2,interface,ens5,3
routing,wuhan,wuhan-br-2,interface,ens6,1
routing,wuhan,wuhan-br-2,interface,ens7,1
routing,wuhan,wuhan-br-2,interface,ens8,1
routing,wuhan,wuhan-br-2,interface,ens9,1
routing,wuhan,wuhan-br-2,interface,lo,1
routing,wuhan,wuhan-br-2,interface,virbr0,1
routing,wuhan,wuhan-br-2,metric,1024,2
routing,wuhan,wuhan-br-2,metric,20,1
routing,wuhan,wuhan-br-2,neighbor_id,5.5.5.1,1
routing,wuhan,wuhan-br-2,neighbor_id,5.5.5.11,1
routing,wuhan,wuhan-br-2,neighbor_id,5.5.5.12,1
routing,wuhan,wuhan-br-2,next_hop,240a:a023::1,2
routing,wuhan,wuhan-br-2,next_hop,fe80::100:10:2,1
routing,wuhan,wuhan-br-2,next_hop,fe80::100:10:22,1
routing,wuhan,wuhan-br-2,next_hop,fe80::100:10:32,1
routing,wuhan,wuhan-br-2,next_hop,fe80::100:10:52,1
routing,wuhan,wuhan-br-2,next_hop,fe80::100:10:62,1
routing,wuhan,wuhan-br-2,next_hop,fe80::100:10:72,1
routing,wuhan,wuhan-br-2,next_hop,fe80::5:20:11,1
routing,wuhan,wuhan-br-2,next_hop,fe80::5:20:12,1
routing,wuhan,wuhan-br-2,nh_index,0,2
routing,wuhan,wuhan-br-2,nh_index,1,1
routing,wuhan,wuhan-br-2,peer,fd00:100:10::2,4
routing,wuhan,wuhan-br-2,peer,fd00:100:10::22,4
routing,wuhan,wuhan-br-2,peer,fd00:100:10::32,4
routing,wuhan,wuhan-br-2,peer,fd00:100:10::52,4
routing,wuhan,wuhan-br-2,peer,fd00:100:10::62,4
routing,wuhan,wuhan-br-2,peer,fd00:100:10::72,4
routing,wuhan,wuhan-br-2,prefix,::/0,3
routing,wuhan,wuhan-br-2,prefix,fd00:1:40::/64,3
routing,wuhan,wuhan-br-2,prefix,fd00:2:40::/64,3
routing,wuhan,wuhan-br-2,prefix,fd00:3:40::/64,3
routing,wuhan,wuhan-br-2,prefix,fd00:4:40::/64,3
routing,wuhan,wuhan-br-2,prefix,fd00:5:40::/64,3
routing,wuhan,wuhan-br-2,prefix,fd00:6:40::/64,3
routing,wuhan,wuhan-br-2,prefix,fd00:7:40::/64,3
routing,wuhan,wuhan-br-2,prefix,fd00:8:40::/64,3
routing,wuhan,wuhan-br-2,protocol,all,1
routing,wuhan,wuhan-br-2,protocol,bgp,2
routing,wuhan,wuhan-br-2,protocol,kernel,1
routing,wuhan,wuhan-br-2,protocol,ospf,2
routing,wuhan,wuhan-br-2,protocol,unknown,3
routing,wuhan,wuhan-br-2,remote_as,65001,4
routing,wuhan,wuhan-br-2,remote_as,65003,4
routing,wuhan,wuhan-br-2,remote_as,65004,4
routing,wuhan,wuhan-br-2,remote_as,65006,4
routing,wuhan,wuhan-br-2,remote_as,65007,4
routing,wuhan,wuhan-br-2,remote_as,65008,4
routing,wuhan,wuhan-br-2,route_index,0,2
routing,wuhan,wuhan-br-2,state,Active,3
routing,wuhan,wuhan-br-2,state,Established,4
routing,wuhan,wuhan-br-2,state,Full,1
routing,wuhan,wuhan-br-2,state,Idle (Admin),3
routing,wuhan,wuhan-br-2,state,Twoway,1
routing,wuhan,wuhan-cr-1,dev,ens4,2
routing,wuhan,wuhan-cr-1,dev,ens5,1
routing,wuhan,wuhan-cr-1,interface,ens10,1
routing,wuhan,wuhan-cr-1,interface,ens11,1
routing,wuhan,wuhan-cr-1,interface,ens12,1
routing,wuhan,wuhan-cr-1,interface,ens3,1
routing,wuhan,wuhan-cr-1,interface,ens4,3
routing,wuhan,wuhan-cr-1,interface,ens5,3
routing,wuhan,wuhan-cr-1,interface,ens6,1
routing,wuhan,wuhan-cr-1,interface,ens7,1
routing,wuhan,wuhan-cr-1,interface,ens8,1
routing,wuhan,wuhan-cr-1,interface,ens9,1
routing,wuhan,wuhan-cr-1,interface,lo,1
routing,wuhan,wuhan-cr-1,interface,virbr0,1
routing,wuhan,wuhan-cr-1,metric,20,2
routing,wuhan,wuhan-cr-1,neighbor_id,5.5.5.1,1
routing,wuhan,wuhan-cr-1,neighbor_id,5.5.5.12,1
routing,wuhan,wuhan-cr-1,neighbor_id,5.5.5.2,1
routing,wuhan,wuhan-cr-1,next_hop,fd00:5:20::1,2
routing,wuhan,wuhan-cr-1,next_hop,fd00:5:20::2,2
routing,wuhan,wuhan-cr-1,next_hop,fd00:5:30::254,1
routing,wuhan,wuhan-cr-1,next_hop,fe80::5:20:1,1
routing,wuhan,wuhan-cr-1,next_hop,fe80::5:20:2,1
routing,wuhan,wuhan-cr-1,nh_index,0,2
routing,wuhan,wuhan-cr-1,nh_index,1,2
routing,wuhan,wuhan-cr-1,prefix,::/0,3
routing,wuhan,wuhan-cr-1,prefix,fd00:1:40::/64,3
routing,wuhan,wuhan-cr-1,prefix,fd00:2:40::/64,3
routing,wuhan,wuhan-cr-1,prefix,fd00:3:40::/64,3
routing,wuhan,wuhan-cr-1,prefix,fd00:4:40::/64,3
routing,wuhan,wuhan-cr-1,prefix,fd00:5:40::/64,3
routing,wuhan,wuhan-cr-1,prefix,fd00:6:40::/64,3
routing,wuhan,wuhan-cr-1,prefix,fd00:7:40::/64,3
routing,wuhan,wuhan-cr-1,prefix,fd00:8:40::/64,3
routing,wuhan,wuhan-cr-1,protocol,196,3
routing,wuhan,wuhan-cr-1,protocol,all,1
routing,wuhan,wuhan-cr-1,protocol,kernel,1
routing,wuhan,wuhan-cr-1,protocol,ospf,2
routing,wuhan,wuhan-cr-1,protocol,unknown,1
routing,wuhan,wuhan-cr-1,route_index,0,2
routing,wuhan,wuhan-cr-1,state,Full,1
routing,wuhan,wuhan-cr-2,dev,ens4,2
routing,wuhan,wuhan-cr-2,dev,ens5,1
routing,wuhan,wuhan-cr-2,interface,ens10,1
routing,wuhan,wuhan-cr-2,interface,ens11,1
routing,wuhan,wuhan-cr-2,interface,ens12,1
routing,wuhan,wuhan-cr-2,interface,ens3,1
routing,wuhan,wuhan-cr-2,interface,ens4,3
routing,wuhan,wuhan-cr-2,interface,ens5,3
routing,wuhan,wuhan-cr-2,interface,ens6,1
routing,wuhan,wuhan-cr-2,interface,ens7,1
routing,wuhan,wuhan-cr-2,interface,ens8,1
routing,wuhan,wuhan-cr-2,interface,ens9,1
routing,wuhan,wuhan-cr-2,interface,lo,1
routing,wuhan,wuhan-cr-2,interface,virbr0,1
routing,wuhan,wuhan-cr-2,metric,20,2
routing,wuhan,wuhan-cr-2,neighbor_id,5.5.5.1,1
routing,wuhan,wuhan-cr-2,neighbor_id,5.5.5.11,1
routing,wuhan,wuhan-cr-2,neighbor_id,5.5.5.2,1
routing,wuhan,wuhan-cr-2,next_hop,fd00:5:20::1,2
routing,wuhan,wuhan-cr-2,next_hop,fd00:5:20::2,2
routing,wuhan,wuhan-cr-2,next_hop,fd00:5:30::254,1
routing,wuhan,wuhan-cr-2,next_hop,fe80::5:20:1,1
routing,wuhan,wuhan-cr-2,next_hop,fe80::5:20:2,1
routing,wuhan,wuhan-cr-2,nh_index,0,2
routing,wuhan,wuhan-cr-2,nh_index,1,2
routing,wuhan,wuhan-cr-2,prefix,::/0,3
routing,wuhan,wuhan-cr-2,prefix,fd00:1:40::/64,3
routing,wuhan,wuhan-cr-2,prefix,fd00:2:40::/64,3
routing,wuhan,wuhan-cr-2,prefix,fd00:3:40::/64,3
routing,wuhan,wuhan-cr-2,prefix,fd00:4:40::/64,3
routing,wuhan,wuhan-cr-2,prefix,fd00:5:40::/64,3
routing,wuhan,wuhan-cr-2,prefix,fd00:6:40::/64,3
routing,wuhan,wuhan-cr-2,prefix,fd00:7:40::/64,3
routing,wuhan,wuhan-cr-2,prefix,fd00:8:40::/64,3
routing,wuhan,wuhan-cr-2,protocol,196,3
routing,wuhan,wuhan-cr-2,protocol,all,1
routing,wuhan,wuhan-cr-2,protocol,kernel,1
routing,wuhan,wuhan-cr-2,protocol,ospf,2
routing,wuhan,wuhan-cr-2,route_index,0,2
routing,wuhan,wuhan-cr-2,state,Full,1
routing,xian,xian-br-1,command,bgp_summary,1
routing,xian,xian-br-1,dev,ens4,2
routing,xian,xian-br-1,dev,ens5,1
routing,xian,xian-br-1,interface,ens10,1
routing,xian,xian-br-1,interface,ens11,1
routing,xian,xian-br-1,interface,ens12,1
routing,xian,xian-br-1,interface,ens3,1
routing,xian,xian-br-1,interface,ens4,1
routing,xian,xian-br-1,interface,ens5,3
routing,xian,xian-br-1,interface,ens6,1
routing,xian,xian-br-1,interface,ens7,1
routing,xian,xian-br-1,interface,ens8,1
routing,xian,xian-br-1,interface,ens9,1
routing,xian,xian-br-1,interface,lo,1
routing,xian,xian-br-1,interface,virbr0,1
routing,xian,xian-br-1,metric,1024,2
routing,xian,xian-br-1,metric,20,1
routing,xian,xian-br-1,neighbor_id,3.3.3.12,1
routing,xian,xian-br-1,neighbor_id,3.3.3.2,1
routing,xian,xian-br-1,next_hop,240a:a023::1,2
routing,xian,xian-br-1,next_hop,fe80::100:10:1,1
routing,xian,xian-br-1,next_hop,fe80::100:10:31,1
routing,xian,xian-br-1,next_hop,fe80::100:10:41,1
routing,xian,xian-br-1,next_hop,fe80::3:20:11,1
routing,xian,xian-br-1,next_hop,fe80::3:20:12,1
routing,xian,xian-br-1,nh_index,0,2
routing,xian,xian-br-1,nh_index,1,1
routing,xian,xian-br-1,peer,fd00:100:10::1,4
routing,xian,xian-br-1,peer,fd00:100:10::31,4
routing,xian,xian-br-1,peer,fd00:100:10::41,4
routing,xian,xian-br-1,prefix,::/0,3
routing,xian,xian-br-1,prefix,fd00:1:40::/64,3
routing,xian,xian-br-1,prefix,fd00:2:40::/64,3
routing,xian,xian-br-1,prefix,fd00:3:40::/64,3
routing,xian,xian-br-1,prefix,fd00:4:40::/64,3
routing,xian,xian-br-1,prefix,fd00:5:40::/64,3
routing,xian,xian-br-1,prefix,fd00:6:40::/64,3
routing,xian,xian-br-1,prefix,fd00:7:40::/64,3
routing,xian,xian-br-1,prefix,fd00:8:40::/64,3
routing,xian,xian-br-1,protocol,all,1
routing,xian,xian-br-1,protocol,bgp,2
routing,xian,xian-br-1,protocol,kernel,1
routing,xian,xian-br-1,protocol,ospf,2
routing,xian,xian-br-1,protocol,unknown,3
routing,xian,xian-br-1,remote_as,65001,4
routing,xian,xian-br-1,remote_as,65004,4
routing,xian,xian-br-1,remote_as,65005,4
routing,xian,xian-br-1,route_index,0,2
routing,xian,xian-br-1,state,Active,3
routing,xian,xian-br-1,state,Established,4
routing,xian,xian-br-1,state,Full,1
routing,xian,xian-br-1,state,Idle (Admin),3
routing,xian,xian-br-2,command,bgp_summary,1
routing,xian,xian-br-2,dev,ens4,2
routing,xian,xian-br-2,dev,ens5,1
routing,xian,xian-br-2,interface,ens10,1
routing,xian,xian-br-2,interface,ens11,1
routing,xian,xian-br-2,interface,ens12,1
routing,xian,xian-br-2,interface,ens3,1
routing,xian,xian-br-2,interface,ens4,1
routing,xian,xian-br-2,interface,ens5,3
routing,xian,xian-br-2,interface,ens6,1
routing,xian,xian-br-2,interface,ens7,1
routing,xian,xian-br-2,interface,ens8,1
routing,xian,xian-br-2,interface,ens9,1
routing,xian,xian-br-2,interface,lo,1
routing,xian,xian-br-2,interface,virbr0,1
routing,xian,xian-br-2,metric,1024,2
routing,xian,xian-br-2,metric,20,1
routing,xian,xian-br-2,neighbor_id,3.3.3.1,1
routing,xian,xian-br-2,neighbor_id,3.3.3.12,1
routing,xian,xian-br-2,next_hop,240a:a023::1,2
routing,xian,xian-br-2,next_hop,fe80::100:10:2,1
routing,xian,xian-br-2,next_hop,fe80::100:10:32,1
routing,xian,xian-br-2,next_hop,fe80::100:10:42,1
routing,xian,xian-br-2,next_hop,fe80::3:20:11,1
routing,xian,xian-br-2,next_hop,fe80::3:20:12,1
routing,xian,xian-br-2,nh_index,0,2
routing,xian,xian-br-2,nh_index,1,1
routing,xian,xian-br-2,peer,fd00:100:10::2,4
routing,xian,xian-br-2,peer,fd00:100:10::32,4
routing,xian,xian-br-2,peer,fd00:100:10::42,4
routing,xian,xian-br-2,prefix,::/0,3
routing,xian,xian-br-2,prefix,fd00:1:40::/64,3
routing,xian,xian-br-2,prefix,fd00:2:40::/64,3
routing,xian,xian-br-2,prefix,fd00:3:40::/64,3
routing,xian,xian-br-2,prefix,fd00:4:40::/64,3
routing,xian,xian-br-2,prefix,fd00:5:40::/64,3
routing,xian,xian-br-2,prefix,fd00:6:40::/64,3
routing,xian,xian-br-2,prefix,fd00:7:40::/64,3
routing,xian,xian-br-2,prefix,fd00:8:40::/64,3
routing,xian,xian-br-2,protocol,all,1
routing,xian,xian-br-2,protocol,bgp,2
routing,xian,xian-br-2,protocol,kernel,1
routing,xian,xian-br-2,protocol,ospf,2
routing,xian,xian-br-2,protocol,unknown,3
routing,xian,xian-br-2,remote_as,65001,4
routing,xian,xian-br-2,remote_as,65004,4
routing,xian,xian-br-2,remote_as,65005,4
routing,xian,xian-br-2,route_index,0,2
routing,xian,xian-br-2,state,Active,3
routing,xian,xian-br-2,state,Established,4
routing,xian,xian-br-2,state,Full,1
routing,xian,xian-br-2,state,Idle (Admin),3
routing,xian,xian-cr-1,dev,ens4,2
routing,xian,xian-cr-1,dev,ens5,1
routing,xian,xian-cr-1,interface,ens10,1
routing,xian,xian-cr-1,interface,ens11,1
routing,xian,xian-cr-1,interface,ens12,1
routing,xian,xian-cr-1,interface,ens3,1
routing,xian,xian-cr-1,interface,ens4,1
routing,xian,xian-cr-1,interface,ens5,3
routing,xian,xian-cr-1,interface,ens6,1
routing,xian,xian-cr-1,interface,ens7,1
routing,xian,xian-cr-1,interface,ens8,1
routing,xian,xian-cr-1,interface,ens9,1
routing,xian,xian-cr-1,interface,lo,1
routing,xian,xian-cr-1,interface,virbr0,1
routing,xian,xian-cr-1,metric,20,2
routing,xian,xian-cr-1,neighbor_id,3.3.3.12,1
routing,xian,xian-cr-1,next_hop,fd00:3:20::1,2
routing,xian,xian-cr-1,next_hop,fd00:3:20::2,2
routing,xian,xian-cr-1,next_hop,fd00:3:30::254,1
routing,xian,xian-cr-1,next_hop,fe80::3:1:2,1
routing,xian,xian-cr-1,next_hop,fe80::3:2:2,1
routing,xian,xian-cr-1,next_hop,fe80::3:30:2,1
routing,xian,xian-cr-1,nh_index,0,2
routing,xian,xian-cr-1,nh_index,1,2
routing,xian,xian-cr-1,prefix,::/0,3
routing,xian,xian-cr-1,prefix,fd00:1:40::/64,3
routing,xian,xian-cr-1,prefix,fd00:2:40::/64,3
routing,xian,xian-cr-1,prefix,fd00:3:40::/64,3
routing,xian,xian-cr-1,prefix,fd00:4:40::/64,3
routing,xian,xian-cr-1,prefix,fd00:5:40::/64,3
routing,xian,xian-cr-1,prefix,fd00:6:40::/64,3
routing,xian,xian-cr-1,prefix,fd00:7:40::/64,3
routing,xian,xian-cr-1,prefix,fd00:8:40::/64,3
routing,xian,xian-cr-1,protocol,196,3
routing,xian,xian-cr-1,protocol,all,1
routing,xian,xian-cr-1,protocol,kernel,1
routing,xian,xian-cr-1,protocol,ospf,2
routing,xian,xian-cr-1,protocol,unknown,1
routing,xian,xian-cr-1,route_index,0,2
routing,xian,xian-cr-1,state,Full,1
routing,xian,xian-cr-2,dev,ens4,2
routing,xian,xian-cr-2,dev,ens5,1
routing,xian,xian-cr-2,interface,ens10,1
routing,xian,xian-cr-2,interface,ens11,1
routing,xian,xian-cr-2,interface,ens12,1
routing,xian,xian-cr-2,interface,ens3,1
routing,xian,xian-cr-2,interface,ens4,3
routing,xian,xian-cr-2,interface,ens5,3
routing,xian,xian-cr-2,interface,ens6,1
routing,xian,xian-cr-2,interface,ens7,1
routing,xian,xian-cr-2,interface,ens8,1
routing,xian,xian-cr-2,interface,ens9,1
routing,xian,xian-cr-2,interface,lo,1
routing,xian,xian-cr-2,interface,virbr0,1
routing,xian,xian-cr-2,metric,1024,1
routing,xian,xian-cr-2,metric,20,2
routing,xian,xian-cr-2,neighbor_id,3.3.3.1,1
routing,xian,xian-cr-2,neighbor_id,3.3.3.11,1
routing,xian,xian-cr-2,neighbor_id,3.3.3.2,1
routing,xian,xian-cr-2,next_hop,fd00:3:20::1,2
routing,xian,xian-cr-2,next_hop,fd00:3:20::2,2
routing,xian,xian-cr-2,next_hop,fd00:3:30::254,1
routing,xian,xian-cr-2,next_hop,fe80::3:1:2,1
routing,xian,xian-cr-2,next_hop,fe80::3:2:2,1
routing,xian,xian-cr-2,nh_index,0,2
routing,xian,xian-cr-2,nh_index,1,2
routing,xian,xian-cr-2,prefix,::/0,3
routing,xian,xian-cr-2,prefix,fd00:1:40::/64,3
routing,xian,xian-cr-2,prefix,fd00:2:40::/64,3
routing,xian,xian-cr-2,prefix,fd00:3:40::/64,3
routing,xian,xian-cr-2,prefix,fd00:4:40::/64,3
routing,xian,xian-cr-2,prefix,fd00:5:40::/64,3
routing,xian,xian-cr-2,prefix,fd00:6:40::/64,3
routing,xian,xian-cr-2,prefix,fd00:7:40::/64,3
routing,xian,xian-cr-2,prefix,fd00:8:40::/64,3
routing,xian,xian-cr-2,protocol,196,3
routing,xian,xian-cr-2,protocol,all,1
routing,xian,xian-cr-2,protocol,kernel,1
routing,xian,xian-cr-2,protocol,ospf,2
routing,xian,xian-cr-2,protocol,unknown,2
routing,xian,xian-cr-2,route_index,0,2
routing,xian,xian-cr-2,route_index,1,1
routing,xian,xian-cr-2,state,Full,1
scrape,beida,beida-br-1,exporter_type,node_exporter,3
scrape,beida,beida-br-1,exporter_type,routing_exporter,3
scrape,beida,beida-br-1,target_id,[fd00:1:20::1]:9100,3
scrape,beida,beida-br-1,target_id,[fd00:1:20::1]:9343,3
scrape,beida,beida-br-2,exporter_type,node_exporter,3
scrape,beida,beida-br-2,exporter_type,routing_exporter,3
scrape,beida,beida-br-2,target_id,[fd00:1:20::2]:9100,3
scrape,beida,beida-br-2,target_id,[fd00:1:20::2]:9343,3
scrape,beida,beida-cr-1,exporter_type,node_exporter,3
scrape,beida,beida-cr-1,exporter_type,routing_exporter,3
scrape,beida,beida-cr-1,target_id,[fd00:1:30::1]:9100,3
scrape,beida,beida-cr-1,target_id,[fd00:1:30::1]:9343,3
scrape,beida,beida-cr-2,exporter_type,node_exporter,3
scrape,beida,beida-cr-2,exporter_type,routing_exporter,3
scrape,beida,beida-cr-2,target_id,[fd00:1:30::2]:9100,3
scrape,beida,beida-cr-2,target_id,[fd00:1:30::2]:9343,3
scrape,beida,beida-fw,exporter_type,node_exporter,3
scrape,beida,beida-fw,target_id,[fd00:1:40::254]:9100,3
scrape,beida,beida-service-vm-1,exporter_type,node_exporter,3
scrape,beida,beida-service-vm-1,target_id,[fd00:1:40::31]:9100,3
scrape,beida,beida-service-vm-2,exporter_type,node_exporter,3
scrape,beida,beida-service-vm-2,target_id,[fd00:1:40::32]:9100,3
scrape,beida,beida-service-vm-3,exporter_type,node_exporter,3
scrape,beida,beida-service-vm-3,target_id,[fd00:1:40::33]:9100,3
scrape,beida,beida-traffic-vm,exporter_type,node_exporter,3
scrape,beida,beida-traffic-vm,target_id,[fd00:1:40::10]:9100,3
scrape,chengdu,chengdu-br-1,exporter_type,node_exporter,3
scrape,chengdu,chengdu-br-1,exporter_type,routing_exporter,3
scrape,chengdu,chengdu-br-1,target_id,[fd00:4:20::1]:9100,3
scrape,chengdu,chengdu-br-1,target_id,[fd00:4:20::1]:9343,3
scrape,chengdu,chengdu-br-2,exporter_type,node_exporter,3
scrape,chengdu,chengdu-br-2,exporter_type,routing_exporter,3
scrape,chengdu,chengdu-br-2,target_id,[fd00:4:20::2]:9100,3
scrape,chengdu,chengdu-br-2,target_id,[fd00:4:20::2]:9343,3
scrape,chengdu,chengdu-cr-1,exporter_type,node_exporter,3
scrape,chengdu,chengdu-cr-1,exporter_type,routing_exporter,3
scrape,chengdu,chengdu-cr-1,target_id,[fd00:4:30::1]:9100,3
scrape,chengdu,chengdu-cr-1,target_id,[fd00:4:30::1]:9343,3
scrape,chengdu,chengdu-cr-2,exporter_type,node_exporter,3
scrape,chengdu,chengdu-cr-2,exporter_type,routing_exporter,3
scrape,chengdu,chengdu-cr-2,target_id,[fd00:4:30::2]:9100,3
scrape,chengdu,chengdu-cr-2,target_id,[fd00:4:30::2]:9343,3
scrape,chengdu,chengdu-fw,exporter_type,node_exporter,3
scrape,chengdu,chengdu-fw,target_id,[fd00:4:40::254]:9100,3
scrape,chengdu,chengdu-service-vm-1,exporter_type,node_exporter,3
scrape,chengdu,chengdu-service-vm-1,target_id,[fd00:4:40::31]:9100,3
scrape,chengdu,chengdu-service-vm-2,exporter_type,node_exporter,3
scrape,chengdu,chengdu-service-vm-2,target_id,[fd00:4:40::32]:9100,3
scrape,chengdu,chengdu-service-vm-3,exporter_type,node_exporter,3
scrape,chengdu,chengdu-service-vm-3,target_id,[fd00:4:40::33]:9100,3
scrape,chengdu,chengdu-traffic-vm,exporter_type,node_exporter,3
scrape,chengdu,chengdu-traffic-vm,target_id,[fd00:4:40::10]:9100,3
scrape,guangzhou,guangzhou-br-1,exporter_type,node_exporter,3
scrape,guangzhou,guangzhou-br-1,exporter_type,routing_exporter,3
scrape,guangzhou,guangzhou-br-1,target_id,[fd00:8:20::1]:9100,3
scrape,guangzhou,guangzhou-br-1,target_id,[fd00:8:20::1]:9343,3
scrape,guangzhou,guangzhou-br-2,exporter_type,node_exporter,3
scrape,guangzhou,guangzhou-br-2,exporter_type,routing_exporter,3
scrape,guangzhou,guangzhou-br-2,target_id,[fd00:8:20::2]:9100,3
scrape,guangzhou,guangzhou-br-2,target_id,[fd00:8:20::2]:9343,3
scrape,guangzhou,guangzhou-cr-1,exporter_type,node_exporter,3
scrape,guangzhou,guangzhou-cr-1,exporter_type,routing_exporter,3
scrape,guangzhou,guangzhou-cr-1,target_id,[fd00:8:30::1]:9100,3
scrape,guangzhou,guangzhou-cr-1,target_id,[fd00:8:30::1]:9343,3
scrape,guangzhou,guangzhou-cr-2,exporter_type,node_exporter,3
scrape,guangzhou,guangzhou-cr-2,exporter_type,routing_exporter,3
scrape,guangzhou,guangzhou-cr-2,target_id,[fd00:8:30::2]:9100,3
scrape,guangzhou,guangzhou-cr-2,target_id,[fd00:8:30::2]:9343,3
scrape,guangzhou,guangzhou-fw,exporter_type,node_exporter,3
scrape,guangzhou,guangzhou-fw,target_id,[fd00:8:40::254]:9100,3
scrape,guangzhou,guangzhou-service-vm-1,exporter_type,node_exporter,3
scrape,guangzhou,guangzhou-service-vm-1,target_id,[fd00:8:40::31]:9100,3
scrape,guangzhou,guangzhou-service-vm-2,exporter_type,node_exporter,3
scrape,guangzhou,guangzhou-service-vm-2,target_id,[fd00:8:40::32]:9100,3
scrape,guangzhou,guangzhou-service-vm-3,exporter_type,node_exporter,3
scrape,guangzhou,guangzhou-service-vm-3,target_id,[fd00:8:40::33]:9100,3
scrape,guangzhou,guangzhou-traffic-vm,exporter_type,node_exporter,3
scrape,guangzhou,guangzhou-traffic-vm,target_id,[fd00:8:40::10]:9100,3
scrape,nanjing,nanjing-br-1,exporter_type,node_exporter,3
scrape,nanjing,nanjing-br-1,exporter_type,routing_exporter,3
scrape,nanjing,nanjing-br-1,target_id,[fd00:7:20::1]:9100,3
scrape,nanjing,nanjing-br-1,target_id,[fd00:7:20::1]:9343,3
scrape,nanjing,nanjing-br-2,exporter_type,node_exporter,3
scrape,nanjing,nanjing-br-2,exporter_type,routing_exporter,3
scrape,nanjing,nanjing-br-2,target_id,[fd00:7:20::2]:9100,3
scrape,nanjing,nanjing-br-2,target_id,[fd00:7:20::2]:9343,3
scrape,nanjing,nanjing-cr-1,exporter_type,node_exporter,3
scrape,nanjing,nanjing-cr-1,exporter_type,routing_exporter,3
scrape,nanjing,nanjing-cr-1,target_id,[fd00:7:30::1]:9100,3
scrape,nanjing,nanjing-cr-1,target_id,[fd00:7:30::1]:9343,3
scrape,nanjing,nanjing-cr-2,exporter_type,node_exporter,3
scrape,nanjing,nanjing-cr-2,exporter_type,routing_exporter,3
scrape,nanjing,nanjing-cr-2,target_id,[fd00:7:30::2]:9100,3
scrape,nanjing,nanjing-cr-2,target_id,[fd00:7:30::2]:9343,3
scrape,nanjing,nanjing-fw,exporter_type,node_exporter,3
scrape,nanjing,nanjing-fw,target_id,[fd00:7:40::254]:9100,3
scrape,nanjing,nanjing-service-vm-1,exporter_type,node_exporter,3
scrape,nanjing,nanjing-service-vm-1,target_id,[fd00:7:40::31]:9100,3
scrape,nanjing,nanjing-service-vm-2,exporter_type,node_exporter,3
scrape,nanjing,nanjing-service-vm-2,target_id,[fd00:7:40::32]:9100,3
scrape,nanjing,nanjing-service-vm-3,exporter_type,node_exporter,3
scrape,nanjing,nanjing-service-vm-3,target_id,[fd00:7:40::33]:9100,3
scrape,nanjing,nanjing-traffic-vm,exporter_type,node_exporter,3
scrape,nanjing,nanjing-traffic-vm,target_id,[fd00:7:40::10]:9100,3
scrape,shanghai,shanghai-br-1,exporter_type,node_exporter,3
scrape,shanghai,shanghai-br-1,exporter_type,routing_exporter,3
scrape,shanghai,shanghai-br-1,target_id,[fd00:6:20::1]:9100,3
scrape,shanghai,shanghai-br-1,target_id,[fd00:6:20::1]:9343,3
scrape,shanghai,shanghai-br-2,exporter_type,node_exporter,3
scrape,shanghai,shanghai-br-2,exporter_type,routing_exporter,3
scrape,shanghai,shanghai-br-2,target_id,[fd00:6:20::2]:9100,3
scrape,shanghai,shanghai-br-2,target_id,[fd00:6:20::2]:9343,3
scrape,shanghai,shanghai-cr-1,exporter_type,node_exporter,3
scrape,shanghai,shanghai-cr-1,exporter_type,routing_exporter,3
scrape,shanghai,shanghai-cr-1,target_id,[fd00:6:30::1]:9100,3
scrape,shanghai,shanghai-cr-1,target_id,[fd00:6:30::1]:9343,3
scrape,shanghai,shanghai-cr-2,exporter_type,node_exporter,3
scrape,shanghai,shanghai-cr-2,exporter_type,routing_exporter,3
scrape,shanghai,shanghai-cr-2,target_id,[fd00:6:30::2]:9100,3
scrape,shanghai,shanghai-cr-2,target_id,[fd00:6:30::2]:9343,3
scrape,shanghai,shanghai-fw,exporter_type,node_exporter,3
scrape,shanghai,shanghai-fw,target_id,[fd00:6:40::254]:9100,3
scrape,shanghai,shanghai-service-vm-1,exporter_type,node_exporter,3
scrape,shanghai,shanghai-service-vm-1,target_id,[fd00:6:40::31]:9100,3
scrape,shanghai,shanghai-service-vm-2,exporter_type,node_exporter,3
scrape,shanghai,shanghai-service-vm-2,target_id,[fd00:6:40::32]:9100,3
scrape,shanghai,shanghai-service-vm-3,exporter_type,node_exporter,3
scrape,shanghai,shanghai-service-vm-3,target_id,[fd00:6:40::33]:9100,3
scrape,shanghai,shanghai-traffic-vm,exporter_type,node_exporter,3
scrape,shanghai,shanghai-traffic-vm,target_id,[fd00:6:40::10]:9100,3
scrape,shenyang,shenyang-br-1,exporter_type,node_exporter,3
scrape,shenyang,shenyang-br-1,exporter_type,routing_exporter,3
scrape,shenyang,shenyang-br-1,target_id,[fd00:2:20::1]:9100,3
scrape,shenyang,shenyang-br-1,target_id,[fd00:2:20::1]:9343,3
scrape,shenyang,shenyang-br-2,exporter_type,node_exporter,3
scrape,shenyang,shenyang-br-2,exporter_type,routing_exporter,3
scrape,shenyang,shenyang-br-2,target_id,[fd00:2:20::2]:9100,3
scrape,shenyang,shenyang-br-2,target_id,[fd00:2:20::2]:9343,3
scrape,shenyang,shenyang-cr-1,exporter_type,node_exporter,3
scrape,shenyang,shenyang-cr-1,exporter_type,routing_exporter,3
scrape,shenyang,shenyang-cr-1,target_id,[fd00:2:30::1]:9100,3
scrape,shenyang,shenyang-cr-1,target_id,[fd00:2:30::1]:9343,3
scrape,shenyang,shenyang-cr-2,exporter_type,node_exporter,3
scrape,shenyang,shenyang-cr-2,exporter_type,routing_exporter,3
scrape,shenyang,shenyang-cr-2,target_id,[fd00:2:30::2]:9100,3
scrape,shenyang,shenyang-cr-2,target_id,[fd00:2:30::2]:9343,3
scrape,shenyang,shenyang-fw,exporter_type,node_exporter,3
scrape,shenyang,shenyang-fw,target_id,[fd00:2:40::254]:9100,3
scrape,shenyang,shenyang-service-vm-1,exporter_type,node_exporter,3
scrape,shenyang,shenyang-service-vm-1,target_id,[fd00:2:40::31]:9100,3
scrape,shenyang,shenyang-service-vm-2,exporter_type,node_exporter,3
scrape,shenyang,shenyang-service-vm-2,target_id,[fd00:2:40::32]:9100,3
scrape,shenyang,shenyang-service-vm-3,exporter_type,node_exporter,3
scrape,shenyang,shenyang-service-vm-3,target_id,[fd00:2:40::33]:9100,3
scrape,shenyang,shenyang-traffic-vm,exporter_type,node_exporter,3
scrape,shenyang,shenyang-traffic-vm,target_id,[fd00:2:40::10]:9100,3
scrape,wuhan,wuhan-br-1,exporter_type,node_exporter,3
scrape,wuhan,wuhan-br-1,exporter_type,routing_exporter,3
scrape,wuhan,wuhan-br-1,target_id,[fd00:5:20::1]:9100,3
scrape,wuhan,wuhan-br-1,target_id,[fd00:5:20::1]:9343,3
scrape,wuhan,wuhan-br-2,exporter_type,node_exporter,3
scrape,wuhan,wuhan-br-2,exporter_type,routing_exporter,3
scrape,wuhan,wuhan-br-2,target_id,[fd00:5:20::2]:9100,3
scrape,wuhan,wuhan-br-2,target_id,[fd00:5:20::2]:9343,3
scrape,wuhan,wuhan-cr-1,exporter_type,node_exporter,3
scrape,wuhan,wuhan-cr-1,exporter_type,routing_exporter,3
scrape,wuhan,wuhan-cr-1,target_id,[fd00:5:30::1]:9100,3
scrape,wuhan,wuhan-cr-1,target_id,[fd00:5:30::1]:9343,3
scrape,wuhan,wuhan-cr-2,exporter_type,node_exporter,3
scrape,wuhan,wuhan-cr-2,exporter_type,routing_exporter,3
scrape,wuhan,wuhan-cr-2,target_id,[fd00:5:30::2]:9100,3
scrape,wuhan,wuhan-cr-2,target_id,[fd00:5:30::2]:9343,3
scrape,wuhan,wuhan-fw,exporter_type,node_exporter,3
scrape,wuhan,wuhan-fw,target_id,[fd00:5:40::254]:9100,3
scrape,wuhan,wuhan-service-vm-1,exporter_type,node_exporter,3
scrape,wuhan,wuhan-service-vm-1,target_id,[fd00:5:40::31]:9100,3
scrape,wuhan,wuhan-service-vm-2,exporter_type,node_exporter,3
scrape,wuhan,wuhan-service-vm-2,target_id,[fd00:5:40::32]:9100,3
scrape,wuhan,wuhan-service-vm-3,exporter_type,node_exporter,3
scrape,wuhan,wuhan-service-vm-3,target_id,[fd00:5:40::33]:9100,3
scrape,wuhan,wuhan-traffic-vm,exporter_type,node_exporter,3
scrape,wuhan,wuhan-traffic-vm,target_id,[fd00:5:40::10]:9100,3
scrape,xian,xian-br-1,exporter_type,node_exporter,3
scrape,xian,xian-br-1,exporter_type,routing_exporter,3
scrape,xian,xian-br-1,target_id,[fd00:3:20::1]:9100,3
scrape,xian,xian-br-1,target_id,[fd00:3:20::1]:9343,3
scrape,xian,xian-br-2,exporter_type,node_exporter,3
scrape,xian,xian-br-2,exporter_type,routing_exporter,3
scrape,xian,xian-br-2,target_id,[fd00:3:20::2]:9100,3
scrape,xian,xian-br-2,target_id,[fd00:3:20::2]:9343,3
scrape,xian,xian-cr-1,exporter_type,node_exporter,3
scrape,xian,xian-cr-1,exporter_type,routing_exporter,3
scrape,xian,xian-cr-1,target_id,[fd00:3:30::1]:9100,3
scrape,xian,xian-cr-1,target_id,[fd00:3:30::1]:9343,3
scrape,xian,xian-cr-2,exporter_type,node_exporter,3
scrape,xian,xian-cr-2,exporter_type,routing_exporter,3
scrape,xian,xian-cr-2,target_id,[fd00:3:30::2]:9100,3
scrape,xian,xian-cr-2,target_id,[fd00:3:30::2]:9343,3
scrape,xian,xian-fw,exporter_type,node_exporter,3
scrape,xian,xian-fw,target_id,[fd00:3:40::254]:9100,3
scrape,xian,xian-service-vm-1,exporter_type,node_exporter,3
scrape,xian,xian-service-vm-1,target_id,[fd00:3:40::31]:9100,3
scrape,xian,xian-service-vm-2,exporter_type,node_exporter,3
scrape,xian,xian-service-vm-2,target_id,[fd00:3:40::32]:9100,3
scrape,xian,xian-service-vm-3,exporter_type,node_exporter,3
scrape,xian,xian-service-vm-3,target_id,[fd00:3:40::33]:9100,3
scrape,xian,xian-traffic-vm,exporter_type,node_exporter,3
scrape,xian,xian-traffic-vm,target_id,[fd00:3:40::10]:9100,3
traffic,beida,beida-traffic-vm,flow_type,auth,33
traffic,beida,beida-traffic-vm,flow_type,dns,33
traffic,beida,beida-traffic-vm,flow_type,elephant,22
traffic,beida,beida-traffic-vm,flow_type,web,33
traffic,beida,beida-traffic-vm,protocol,http,66
traffic,beida,beida-traffic-vm,protocol,udp,55
traffic,beida,beida-traffic-vm,source_region,beida,121
traffic,beida,beida-traffic-vm,target_domain,auth01.wuhan.aiops.local,33
traffic,beida,beida-traffic-vm,target_domain,dns.beida.aiops.local,33
traffic,beida,beida-traffic-vm,target_domain,elephant01.chengdu.aiops.local,22
traffic,beida,beida-traffic-vm,target_domain,elephant01.guangzhou.aiops.local,22
traffic,beida,beida-traffic-vm,target_domain,elephant01.nanjing.aiops.local,22
traffic,beida,beida-traffic-vm,target_domain,elephant01.shenyang.aiops.local,22
traffic,beida,beida-traffic-vm,target_domain,elephant01.xian.aiops.local,22
traffic,beida,beida-traffic-vm,target_domain,elephant02.beida.aiops.local,17
traffic,beida,beida-traffic-vm,target_domain,elephant02.chengdu.aiops.local,22
traffic,beida,beida-traffic-vm,target_domain,elephant02.guangzhou.aiops.local,22
traffic,beida,beida-traffic-vm,target_domain,elephant02.nanjing.aiops.local,22
traffic,beida,beida-traffic-vm,target_domain,elephant02.shanghai.aiops.local,17
traffic,beida,beida-traffic-vm,target_domain,elephant02.shenyang.aiops.local,22
traffic,beida,beida-traffic-vm,target_domain,elephant02.wuhan.aiops.local,22
traffic,beida,beida-traffic-vm,target_domain,elephant02.xian.aiops.local,22
traffic,beida,beida-traffic-vm,target_domain,elephant03.beida.aiops.local,17
traffic,beida,beida-traffic-vm,target_domain,elephant03.chengdu.aiops.local,22
traffic,beida,beida-traffic-vm,target_domain,elephant03.guangzhou.aiops.local,22
traffic,beida,beida-traffic-vm,target_domain,elephant03.nanjing.aiops.local,17
traffic,beida,beida-traffic-vm,target_domain,elephant03.shanghai.aiops.local,17
traffic,beida,beida-traffic-vm,target_domain,elephant03.shenyang.aiops.local,22
traffic,beida,beida-traffic-vm,target_domain,elephant03.wuhan.aiops.local,17
traffic,beida,beida-traffic-vm,target_domain,elephant03.xian.aiops.local,22
traffic,beida,beida-traffic-vm,target_domain,web01.shanghai.aiops.local,33
traffic,beida,beida-traffic-vm,target_region,beida,50
traffic,beida,beida-traffic-vm,target_region,chengdu,22
traffic,beida,beida-traffic-vm,target_region,guangzhou,22
traffic,beida,beida-traffic-vm,target_region,nanjing,22
traffic,beida,beida-traffic-vm,target_region,shanghai,50
traffic,beida,beida-traffic-vm,target_region,shenyang,22
traffic,beida,beida-traffic-vm,target_region,wuhan,55
traffic,beida,beida-traffic-vm,target_region,xian,22
traffic,chengdu,chengdu-traffic-vm,flow_type,auth,33
traffic,chengdu,chengdu-traffic-vm,flow_type,dns,33
traffic,chengdu,chengdu-traffic-vm,flow_type,elephant,22
traffic,chengdu,chengdu-traffic-vm,flow_type,web,33
traffic,chengdu,chengdu-traffic-vm,protocol,http,66
traffic,chengdu,chengdu-traffic-vm,protocol,udp,55
traffic,chengdu,chengdu-traffic-vm,source_region,chengdu,121
traffic,chengdu,chengdu-traffic-vm,target_domain,auth01.wuhan.aiops.local,33
traffic,chengdu,chengdu-traffic-vm,target_domain,dns.beida.aiops.local,33
traffic,chengdu,chengdu-traffic-vm,target_domain,elephant01.chengdu.aiops.local,22
traffic,chengdu,chengdu-traffic-vm,target_domain,elephant01.guangzhou.aiops.local,22
traffic,chengdu,chengdu-traffic-vm,target_domain,elephant01.nanjing.aiops.local,22
traffic,chengdu,chengdu-traffic-vm,target_domain,elephant01.shenyang.aiops.local,22
traffic,chengdu,chengdu-traffic-vm,target_domain,elephant01.xian.aiops.local,22
traffic,chengdu,chengdu-traffic-vm,target_domain,elephant02.beida.aiops.local,17
traffic,chengdu,chengdu-traffic-vm,target_domain,elephant02.chengdu.aiops.local,22
traffic,chengdu,chengdu-traffic-vm,target_domain,elephant02.guangzhou.aiops.local,22
traffic,chengdu,chengdu-traffic-vm,target_domain,elephant02.nanjing.aiops.local,22
traffic,chengdu,chengdu-traffic-vm,target_domain,elephant02.shanghai.aiops.local,17
traffic,chengdu,chengdu-traffic-vm,target_domain,elephant02.shenyang.aiops.local,22
traffic,chengdu,chengdu-traffic-vm,target_domain,elephant02.wuhan.aiops.local,22
traffic,chengdu,chengdu-traffic-vm,target_domain,elephant02.xian.aiops.local,22
traffic,chengdu,chengdu-traffic-vm,target_domain,elephant03.beida.aiops.local,17
traffic,chengdu,chengdu-traffic-vm,target_domain,elephant03.chengdu.aiops.local,22
traffic,chengdu,chengdu-traffic-vm,target_domain,elephant03.guangzhou.aiops.local,22
traffic,chengdu,chengdu-traffic-vm,target_domain,elephant03.nanjing.aiops.local,17
traffic,chengdu,chengdu-traffic-vm,target_domain,elephant03.shanghai.aiops.local,17
traffic,chengdu,chengdu-traffic-vm,target_domain,elephant03.shenyang.aiops.local,22
traffic,chengdu,chengdu-traffic-vm,target_domain,elephant03.wuhan.aiops.local,17
traffic,chengdu,chengdu-traffic-vm,target_domain,elephant03.xian.aiops.local,22
traffic,chengdu,chengdu-traffic-vm,target_domain,web01.shanghai.aiops.local,33
traffic,chengdu,chengdu-traffic-vm,target_region,beida,50
traffic,chengdu,chengdu-traffic-vm,target_region,chengdu,22
traffic,chengdu,chengdu-traffic-vm,target_region,guangzhou,22
traffic,chengdu,chengdu-traffic-vm,target_region,nanjing,22
traffic,chengdu,chengdu-traffic-vm,target_region,shanghai,50
traffic,chengdu,chengdu-traffic-vm,target_region,shenyang,22
traffic,chengdu,chengdu-traffic-vm,target_region,wuhan,55
traffic,chengdu,chengdu-traffic-vm,target_region,xian,22
traffic,guangzhou,guangzhou-traffic-vm,flow_type,auth,33
traffic,guangzhou,guangzhou-traffic-vm,flow_type,dns,33
traffic,guangzhou,guangzhou-traffic-vm,flow_type,elephant,22
traffic,guangzhou,guangzhou-traffic-vm,flow_type,web,33
traffic,guangzhou,guangzhou-traffic-vm,protocol,http,66
traffic,guangzhou,guangzhou-traffic-vm,protocol,udp,55
traffic,guangzhou,guangzhou-traffic-vm,source_region,guangzhou,121
traffic,guangzhou,guangzhou-traffic-vm,target_domain,auth01.wuhan.aiops.local,33
traffic,guangzhou,guangzhou-traffic-vm,target_domain,dns.beida.aiops.local,33
traffic,guangzhou,guangzhou-traffic-vm,target_domain,elephant01.chengdu.aiops.local,22
traffic,guangzhou,guangzhou-traffic-vm,target_domain,elephant01.guangzhou.aiops.local,22
traffic,guangzhou,guangzhou-traffic-vm,target_domain,elephant01.nanjing.aiops.local,22
traffic,guangzhou,guangzhou-traffic-vm,target_domain,elephant01.shenyang.aiops.local,22
traffic,guangzhou,guangzhou-traffic-vm,target_domain,elephant01.xian.aiops.local,22
traffic,guangzhou,guangzhou-traffic-vm,target_domain,elephant02.beida.aiops.local,17
traffic,guangzhou,guangzhou-traffic-vm,target_domain,elephant02.chengdu.aiops.local,22
traffic,guangzhou,guangzhou-traffic-vm,target_domain,elephant02.guangzhou.aiops.local,22
traffic,guangzhou,guangzhou-traffic-vm,target_domain,elephant02.nanjing.aiops.local,22
traffic,guangzhou,guangzhou-traffic-vm,target_domain,elephant02.shanghai.aiops.local,17
traffic,guangzhou,guangzhou-traffic-vm,target_domain,elephant02.shenyang.aiops.local,22
traffic,guangzhou,guangzhou-traffic-vm,target_domain,elephant02.wuhan.aiops.local,22
traffic,guangzhou,guangzhou-traffic-vm,target_domain,elephant02.xian.aiops.local,22
traffic,guangzhou,guangzhou-traffic-vm,target_domain,elephant03.beida.aiops.local,17
traffic,guangzhou,guangzhou-traffic-vm,target_domain,elephant03.chengdu.aiops.local,22
traffic,guangzhou,guangzhou-traffic-vm,target_domain,elephant03.guangzhou.aiops.local,22
traffic,guangzhou,guangzhou-traffic-vm,target_domain,elephant03.nanjing.aiops.local,17
traffic,guangzhou,guangzhou-traffic-vm,target_domain,elephant03.shanghai.aiops.local,17
traffic,guangzhou,guangzhou-traffic-vm,target_domain,elephant03.shenyang.aiops.local,22
traffic,guangzhou,guangzhou-traffic-vm,target_domain,elephant03.wuhan.aiops.local,17
traffic,guangzhou,guangzhou-traffic-vm,target_domain,elephant03.xian.aiops.local,22
traffic,guangzhou,guangzhou-traffic-vm,target_domain,web01.shanghai.aiops.local,33
traffic,guangzhou,guangzhou-traffic-vm,target_region,beida,50
traffic,guangzhou,guangzhou-traffic-vm,target_region,chengdu,22
traffic,guangzhou,guangzhou-traffic-vm,target_region,guangzhou,22
traffic,guangzhou,guangzhou-traffic-vm,target_region,nanjing,22
traffic,guangzhou,guangzhou-traffic-vm,target_region,shanghai,50
traffic,guangzhou,guangzhou-traffic-vm,target_region,shenyang,22
traffic,guangzhou,guangzhou-traffic-vm,target_region,wuhan,55
traffic,guangzhou,guangzhou-traffic-vm,target_region,xian,22
traffic,nanjing,nanjing-traffic-vm,flow_type,auth,33
traffic,nanjing,nanjing-traffic-vm,flow_type,dns,33
traffic,nanjing,nanjing-traffic-vm,flow_type,elephant,22
traffic,nanjing,nanjing-traffic-vm,flow_type,web,33
traffic,nanjing,nanjing-traffic-vm,protocol,http,66
traffic,nanjing,nanjing-traffic-vm,protocol,udp,55
traffic,nanjing,nanjing-traffic-vm,source_region,nanjing,121
traffic,nanjing,nanjing-traffic-vm,target_domain,auth01.wuhan.aiops.local,33
traffic,nanjing,nanjing-traffic-vm,target_domain,dns.beida.aiops.local,33
traffic,nanjing,nanjing-traffic-vm,target_domain,elephant01.chengdu.aiops.local,22
traffic,nanjing,nanjing-traffic-vm,target_domain,elephant01.guangzhou.aiops.local,22
traffic,nanjing,nanjing-traffic-vm,target_domain,elephant01.nanjing.aiops.local,22
traffic,nanjing,nanjing-traffic-vm,target_domain,elephant01.shenyang.aiops.local,22
traffic,nanjing,nanjing-traffic-vm,target_domain,elephant01.xian.aiops.local,22
traffic,nanjing,nanjing-traffic-vm,target_domain,elephant02.beida.aiops.local,17
traffic,nanjing,nanjing-traffic-vm,target_domain,elephant02.chengdu.aiops.local,22
traffic,nanjing,nanjing-traffic-vm,target_domain,elephant02.guangzhou.aiops.local,22
traffic,nanjing,nanjing-traffic-vm,target_domain,elephant02.nanjing.aiops.local,22
traffic,nanjing,nanjing-traffic-vm,target_domain,elephant02.shanghai.aiops.local,17
traffic,nanjing,nanjing-traffic-vm,target_domain,elephant02.shenyang.aiops.local,22
traffic,nanjing,nanjing-traffic-vm,target_domain,elephant02.wuhan.aiops.local,22
traffic,nanjing,nanjing-traffic-vm,target_domain,elephant02.xian.aiops.local,22
traffic,nanjing,nanjing-traffic-vm,target_domain,elephant03.beida.aiops.local,17
traffic,nanjing,nanjing-traffic-vm,target_domain,elephant03.chengdu.aiops.local,22
traffic,nanjing,nanjing-traffic-vm,target_domain,elephant03.guangzhou.aiops.local,22
traffic,nanjing,nanjing-traffic-vm,target_domain,elephant03.nanjing.aiops.local,17
traffic,nanjing,nanjing-traffic-vm,target_domain,elephant03.shanghai.aiops.local,17
traffic,nanjing,nanjing-traffic-vm,target_domain,elephant03.shenyang.aiops.local,22
traffic,nanjing,nanjing-traffic-vm,target_domain,elephant03.wuhan.aiops.local,17
traffic,nanjing,nanjing-traffic-vm,target_domain,elephant03.xian.aiops.local,22
traffic,nanjing,nanjing-traffic-vm,target_domain,web01.shanghai.aiops.local,33
traffic,nanjing,nanjing-traffic-vm,target_region,beida,50
traffic,nanjing,nanjing-traffic-vm,target_region,chengdu,22
traffic,nanjing,nanjing-traffic-vm,target_region,guangzhou,22
traffic,nanjing,nanjing-traffic-vm,target_region,nanjing,22
traffic,nanjing,nanjing-traffic-vm,target_region,shanghai,50
traffic,nanjing,nanjing-traffic-vm,target_region,shenyang,22
traffic,nanjing,nanjing-traffic-vm,target_region,wuhan,55
traffic,nanjing,nanjing-traffic-vm,target_region,xian,22
traffic,shanghai,shanghai-traffic-vm,flow_type,auth,33
traffic,shanghai,shanghai-traffic-vm,flow_type,dns,33
traffic,shanghai,shanghai-traffic-vm,flow_type,elephant,22
traffic,shanghai,shanghai-traffic-vm,flow_type,web,33
traffic,shanghai,shanghai-traffic-vm,protocol,http,66
traffic,shanghai,shanghai-traffic-vm,protocol,udp,55
traffic,shanghai,shanghai-traffic-vm,source_region,shanghai,121
traffic,shanghai,shanghai-traffic-vm,target_domain,auth01.wuhan.aiops.local,33
traffic,shanghai,shanghai-traffic-vm,target_domain,dns.beida.aiops.local,33
traffic,shanghai,shanghai-traffic-vm,target_domain,elephant01.chengdu.aiops.local,22
traffic,shanghai,shanghai-traffic-vm,target_domain,elephant01.guangzhou.aiops.local,22
traffic,shanghai,shanghai-traffic-vm,target_domain,elephant01.nanjing.aiops.local,22
traffic,shanghai,shanghai-traffic-vm,target_domain,elephant01.shenyang.aiops.local,22
traffic,shanghai,shanghai-traffic-vm,target_domain,elephant01.xian.aiops.local,22
traffic,shanghai,shanghai-traffic-vm,target_domain,elephant02.beida.aiops.local,17
traffic,shanghai,shanghai-traffic-vm,target_domain,elephant02.chengdu.aiops.local,22
traffic,shanghai,shanghai-traffic-vm,target_domain,elephant02.guangzhou.aiops.local,22
traffic,shanghai,shanghai-traffic-vm,target_domain,elephant02.nanjing.aiops.local,22
traffic,shanghai,shanghai-traffic-vm,target_domain,elephant02.shanghai.aiops.local,17
traffic,shanghai,shanghai-traffic-vm,target_domain,elephant02.shenyang.aiops.local,22
traffic,shanghai,shanghai-traffic-vm,target_domain,elephant02.wuhan.aiops.local,22
traffic,shanghai,shanghai-traffic-vm,target_domain,elephant02.xian.aiops.local,22
traffic,shanghai,shanghai-traffic-vm,target_domain,elephant03.beida.aiops.local,17
traffic,shanghai,shanghai-traffic-vm,target_domain,elephant03.chengdu.aiops.local,22
traffic,shanghai,shanghai-traffic-vm,target_domain,elephant03.guangzhou.aiops.local,22
traffic,shanghai,shanghai-traffic-vm,target_domain,elephant03.nanjing.aiops.local,17
traffic,shanghai,shanghai-traffic-vm,target_domain,elephant03.shanghai.aiops.local,17
traffic,shanghai,shanghai-traffic-vm,target_domain,elephant03.shenyang.aiops.local,22
traffic,shanghai,shanghai-traffic-vm,target_domain,elephant03.wuhan.aiops.local,17
traffic,shanghai,shanghai-traffic-vm,target_domain,elephant03.xian.aiops.local,22
traffic,shanghai,shanghai-traffic-vm,target_domain,web01.shanghai.aiops.local,33
traffic,shanghai,shanghai-traffic-vm,target_region,beida,50
traffic,shanghai,shanghai-traffic-vm,target_region,chengdu,22
traffic,shanghai,shanghai-traffic-vm,target_region,guangzhou,22
traffic,shanghai,shanghai-traffic-vm,target_region,nanjing,22
traffic,shanghai,shanghai-traffic-vm,target_region,shanghai,50
traffic,shanghai,shanghai-traffic-vm,target_region,shenyang,22
traffic,shanghai,shanghai-traffic-vm,target_region,wuhan,55
traffic,shanghai,shanghai-traffic-vm,target_region,xian,22
traffic,shenyang,shenyang-traffic-vm,flow_type,auth,33
traffic,shenyang,shenyang-traffic-vm,flow_type,dns,33
traffic,shenyang,shenyang-traffic-vm,flow_type,elephant,22
traffic,shenyang,shenyang-traffic-vm,flow_type,web,33
traffic,shenyang,shenyang-traffic-vm,protocol,http,66
traffic,shenyang,shenyang-traffic-vm,protocol,udp,55
traffic,shenyang,shenyang-traffic-vm,source_region,shenyang,121
traffic,shenyang,shenyang-traffic-vm,target_domain,auth01.wuhan.aiops.local,33
traffic,shenyang,shenyang-traffic-vm,target_domain,dns.beida.aiops.local,33
traffic,shenyang,shenyang-traffic-vm,target_domain,elephant01.chengdu.aiops.local,22
traffic,shenyang,shenyang-traffic-vm,target_domain,elephant01.guangzhou.aiops.local,22
traffic,shenyang,shenyang-traffic-vm,target_domain,elephant01.nanjing.aiops.local,22
traffic,shenyang,shenyang-traffic-vm,target_domain,elephant01.shenyang.aiops.local,22
traffic,shenyang,shenyang-traffic-vm,target_domain,elephant01.xian.aiops.local,22
traffic,shenyang,shenyang-traffic-vm,target_domain,elephant02.beida.aiops.local,17
traffic,shenyang,shenyang-traffic-vm,target_domain,elephant02.chengdu.aiops.local,22
traffic,shenyang,shenyang-traffic-vm,target_domain,elephant02.guangzhou.aiops.local,22
traffic,shenyang,shenyang-traffic-vm,target_domain,elephant02.nanjing.aiops.local,22
traffic,shenyang,shenyang-traffic-vm,target_domain,elephant02.shanghai.aiops.local,17
traffic,shenyang,shenyang-traffic-vm,target_domain,elephant02.shenyang.aiops.local,22
traffic,shenyang,shenyang-traffic-vm,target_domain,elephant02.wuhan.aiops.local,22
traffic,shenyang,shenyang-traffic-vm,target_domain,elephant02.xian.aiops.local,22
traffic,shenyang,shenyang-traffic-vm,target_domain,elephant03.beida.aiops.local,17
traffic,shenyang,shenyang-traffic-vm,target_domain,elephant03.chengdu.aiops.local,22
traffic,shenyang,shenyang-traffic-vm,target_domain,elephant03.guangzhou.aiops.local,22
traffic,shenyang,shenyang-traffic-vm,target_domain,elephant03.nanjing.aiops.local,17
traffic,shenyang,shenyang-traffic-vm,target_domain,elephant03.shanghai.aiops.local,17
traffic,shenyang,shenyang-traffic-vm,target_domain,elephant03.shenyang.aiops.local,22
traffic,shenyang,shenyang-traffic-vm,target_domain,elephant03.wuhan.aiops.local,17
traffic,shenyang,shenyang-traffic-vm,target_domain,elephant03.xian.aiops.local,22
traffic,shenyang,shenyang-traffic-vm,target_domain,web01.shanghai.aiops.local,33
traffic,shenyang,shenyang-traffic-vm,target_region,beida,50
traffic,shenyang,shenyang-traffic-vm,target_region,chengdu,22
traffic,shenyang,shenyang-traffic-vm,target_region,guangzhou,22
traffic,shenyang,shenyang-traffic-vm,target_region,nanjing,22
traffic,shenyang,shenyang-traffic-vm,target_region,shanghai,50
traffic,shenyang,shenyang-traffic-vm,target_region,shenyang,22
traffic,shenyang,shenyang-traffic-vm,target_region,wuhan,55
traffic,shenyang,shenyang-traffic-vm,target_region,xian,22
traffic,wuhan,wuhan-traffic-vm,flow_type,auth,33
traffic,wuhan,wuhan-traffic-vm,flow_type,dns,33
traffic,wuhan,wuhan-traffic-vm,flow_type,elephant,22
traffic,wuhan,wuhan-traffic-vm,flow_type,web,33
traffic,wuhan,wuhan-traffic-vm,protocol,http,66
traffic,wuhan,wuhan-traffic-vm,protocol,udp,55
traffic,wuhan,wuhan-traffic-vm,source_region,wuhan,121
traffic,wuhan,wuhan-traffic-vm,target_domain,auth01.wuhan.aiops.local,33
traffic,wuhan,wuhan-traffic-vm,target_domain,dns.beida.aiops.local,33
traffic,wuhan,wuhan-traffic-vm,target_domain,elephant01.chengdu.aiops.local,22
traffic,wuhan,wuhan-traffic-vm,target_domain,elephant01.guangzhou.aiops.local,22
traffic,wuhan,wuhan-traffic-vm,target_domain,elephant01.nanjing.aiops.local,22
traffic,wuhan,wuhan-traffic-vm,target_domain,elephant01.shenyang.aiops.local,22
traffic,wuhan,wuhan-traffic-vm,target_domain,elephant01.xian.aiops.local,22
traffic,wuhan,wuhan-traffic-vm,target_domain,elephant02.beida.aiops.local,17
traffic,wuhan,wuhan-traffic-vm,target_domain,elephant02.chengdu.aiops.local,22
traffic,wuhan,wuhan-traffic-vm,target_domain,elephant02.guangzhou.aiops.local,22
traffic,wuhan,wuhan-traffic-vm,target_domain,elephant02.nanjing.aiops.local,22
traffic,wuhan,wuhan-traffic-vm,target_domain,elephant02.shanghai.aiops.local,17
traffic,wuhan,wuhan-traffic-vm,target_domain,elephant02.shenyang.aiops.local,22
traffic,wuhan,wuhan-traffic-vm,target_domain,elephant02.wuhan.aiops.local,22
traffic,wuhan,wuhan-traffic-vm,target_domain,elephant02.xian.aiops.local,22
traffic,wuhan,wuhan-traffic-vm,target_domain,elephant03.beida.aiops.local,17
traffic,wuhan,wuhan-traffic-vm,target_domain,elephant03.chengdu.aiops.local,22
traffic,wuhan,wuhan-traffic-vm,target_domain,elephant03.guangzhou.aiops.local,22
traffic,wuhan,wuhan-traffic-vm,target_domain,elephant03.nanjing.aiops.local,17
traffic,wuhan,wuhan-traffic-vm,target_domain,elephant03.shanghai.aiops.local,17
traffic,wuhan,wuhan-traffic-vm,target_domain,elephant03.shenyang.aiops.local,22
traffic,wuhan,wuhan-traffic-vm,target_domain,elephant03.wuhan.aiops.local,17
traffic,wuhan,wuhan-traffic-vm,target_domain,elephant03.xian.aiops.local,22
traffic,wuhan,wuhan-traffic-vm,target_domain,web01.shanghai.aiops.local,33
traffic,wuhan,wuhan-traffic-vm,target_region,beida,50
traffic,wuhan,wuhan-traffic-vm,target_region,chengdu,22
traffic,wuhan,wuhan-traffic-vm,target_region,guangzhou,22
traffic,wuhan,wuhan-traffic-vm,target_region,nanjing,22
traffic,wuhan,wuhan-traffic-vm,target_region,shanghai,50
traffic,wuhan,wuhan-traffic-vm,target_region,shenyang,22
traffic,wuhan,wuhan-traffic-vm,target_region,wuhan,55
traffic,wuhan,wuhan-traffic-vm,target_region,xian,22
traffic,xian,xian-traffic-vm,flow_type,auth,33
traffic,xian,xian-traffic-vm,flow_type,dns,33
traffic,xian,xian-traffic-vm,flow_type,elephant,22
traffic,xian,xian-traffic-vm,flow_type,web,33
traffic,xian,xian-traffic-vm,protocol,http,66
traffic,xian,xian-traffic-vm,protocol,udp,55
traffic,xian,xian-traffic-vm,source_region,xian,121
traffic,xian,xian-traffic-vm,target_domain,auth01.wuhan.aiops.local,33
traffic,xian,xian-traffic-vm,target_domain,dns.beida.aiops.local,33
traffic,xian,xian-traffic-vm,target_domain,elephant01.chengdu.aiops.local,22
traffic,xian,xian-traffic-vm,target_domain,elephant01.guangzhou.aiops.local,22
traffic,xian,xian-traffic-vm,target_domain,elephant01.nanjing.aiops.local,22
traffic,xian,xian-traffic-vm,target_domain,elephant01.shenyang.aiops.local,22
traffic,xian,xian-traffic-vm,target_domain,elephant01.xian.aiops.local,22
traffic,xian,xian-traffic-vm,target_domain,elephant02.beida.aiops.local,17
traffic,xian,xian-traffic-vm,target_domain,elephant02.chengdu.aiops.local,22
traffic,xian,xian-traffic-vm,target_domain,elephant02.guangzhou.aiops.local,22
traffic,xian,xian-traffic-vm,target_domain,elephant02.nanjing.aiops.local,22
traffic,xian,xian-traffic-vm,target_domain,elephant02.shanghai.aiops.local,17
traffic,xian,xian-traffic-vm,target_domain,elephant02.shenyang.aiops.local,22
traffic,xian,xian-traffic-vm,target_domain,elephant02.wuhan.aiops.local,22
traffic,xian,xian-traffic-vm,target_domain,elephant02.xian.aiops.local,22
traffic,xian,xian-traffic-vm,target_domain,elephant03.beida.aiops.local,17
traffic,xian,xian-traffic-vm,target_domain,elephant03.chengdu.aiops.local,22
traffic,xian,xian-traffic-vm,target_domain,elephant03.guangzhou.aiops.local,22
traffic,xian,xian-traffic-vm,target_domain,elephant03.nanjing.aiops.local,17
traffic,xian,xian-traffic-vm,target_domain,elephant03.shanghai.aiops.local,17
traffic,xian,xian-traffic-vm,target_domain,elephant03.shenyang.aiops.local,22
traffic,xian,xian-traffic-vm,target_domain,elephant03.wuhan.aiops.local,17
traffic,xian,xian-traffic-vm,target_domain,elephant03.xian.aiops.local,22
traffic,xian,xian-traffic-vm,target_domain,web01.shanghai.aiops.local,33
traffic,xian,xian-traffic-vm,target_region,beida,50
traffic,xian,xian-traffic-vm,target_region,chengdu,22
traffic,xian,xian-traffic-vm,target_region,guangzhou,22
traffic,xian,xian-traffic-vm,target_region,nanjing,22
traffic,xian,xian-traffic-vm,target_region,shanghai,50
traffic,xian,xian-traffic-vm,target_region,shenyang,22
traffic,xian,xian-traffic-vm,target_region,wuhan,55
traffic,xian,xian-traffic-vm,target_region,xian,22
