city,source,metric,series_count,series_with_adjacent_pairs,observed_cells,adjacent_minute_pairs,median_series_absolute_delta_p99,p90_series_absolute_delta_p99,max_series_absolute_delta_p99,constant_series_fraction
beida,interface,interface.carrier_changes,60,60,1209400,1209260,0.0,0.0,0.0,1.0
beida,interface,interface.rx_bytes_rate,60,60,1209400,1209260,0.0,2677832.2,6519416.5,0.61666667
beida,interface,interface.rx_drop_rate,60,60,1209400,1209260,0.0,0.0,0.0,1.0
beida,interface,interface.rx_error_rate,60,60,1209400,1209260,0.0,0.0,0.0,1.0
beida,interface,interface.rx_packets_rate,60,60,1209400,1209260,0.0,1797.9081,4360.7832,0.61666667
beida,interface,interface.tx_bytes_rate,60,60,1209400,1209260,0.0,274552.78,6520782.0,0.61666667
beida,interface,interface.tx_drop_rate,60,60,1209400,1209260,0.0,0.0,0.0,1.0
beida,interface,interface.tx_error_rate,60,60,1209400,1209260,0.0,0.0,0.0,1.0
beida,interface,interface.tx_packets_rate,60,60,1209400,1209260,0.0,197.23798,4373.1938,0.61666667
beida,routing,routing.bgp_command_success,2,2,40304,40300,0.0,0.0,0.0,1.0
beida,routing,routing.bgp_peer_prefix_received,10,10,161216,161186,0.0,0.0,0.0,1.0
beida,routing,routing.bgp_peer_prefix_sent,8,8,161180,161157,0.0,0.0,0.0,1.0
beida,routing,routing.bgp_peer_up,10,10,161216,161186,0.0,0.0,0.0,1.0
beida,routing,routing.bgp_peer_uptime_seconds,10,10,161216,161186,62.0,62.0,62.0,0.0
beida,routing,routing.ipv6_default_route_info,6,6,120944,120936,0.0,0.0,0.0,1.0
beida,routing,routing.ipv6_route_change_total,36,36,725616,725562,0.0,0.0,0.0,1.0
beida,routing,routing.ipv6_route_count,20,20,362832,362802,0.0,0.0,0.0,1.0
beida,routing,routing.ipv6_route_exists,36,36,725616,725562,0.0,0.0,0.0,1.0
beida,routing,routing.ipv6_route_nexthop_info,60,60,1088480,1088384,0.0,0.0,0.0,1.0
beida,routing,routing.ospf6_interface_cost,6,6,120944,120936,0.0,0.0,0.0,1.0
beida,routing,routing.ospf6_interface_enabled,48,48,967488,967416,0.0,0.0,0.0,1.0
beida,routing,routing.ospf6_neighbor_state_code,14,14,282158,282134,0.0,0.0,0.0,1.0
beida,scrape,scrape.scrape_duration_seconds,13,13,262067,262041,0.016297553,0.02939059,0.034233812,0.0
beida,scrape,scrape.scrape_samples,13,13,262067,262041,1.0,12.0,12.0,0.30769231
beida,scrape,scrape.scrape_up,13,13,262067,262041,0.0,0.0,0.0,1.0
beida,traffic,traffic.auth.active,1,1,13098,9008,1.0,1.0,1.0,0.0
beida,traffic,traffic.auth.active_seconds_rate,1,1,13097,9007,29.323135,29.323135,29.323135,0.0
beida,traffic,traffic.auth.batch_concurrency,1,1,13098,9008,4.0,4.0,4.0,0.0
beida,traffic,traffic.auth.batch_duration_seconds,1,1,13098,9008,20.077831,20.077831,20.077831,0.0
beida,traffic,traffic.auth.batches_completed_rate,1,1,13097,9007,2.0,2.0,2.0,0.0
beida,traffic,traffic.auth.batches_failed_rate,1,1,13097,9007,1.0,1.0,1.0,0.0
beida,traffic,traffic.auth.batches_started_rate,1,1,13097,9007,2.0,2.0,2.0,0.0
beida,traffic,traffic.auth.batches_timeout_rate,1,1,13097,9007,0.0,0.0,0.0,1.0
beida,traffic,traffic.auth.bytes_received_rate,1,1,13097,9007,11960.0,11960.0,11960.0,0.0
beida,traffic,traffic.auth.bytes_sent_rate,1,1,13097,9007,11170.0,11170.0,11170.0,0.0
beida,traffic,traffic.auth.duration_seconds_count_rate,1,1,13097,9007,2.0,2.0,2.0,0.0
beida,traffic,traffic.auth.duration_seconds_sum_rate,1,1,13097,9007,40.124542,40.124542,40.124542,0.0
beida,traffic,traffic.auth.error_rate,1,1,13097,9007,9.6566668,9.6566668,9.6566668,0.0
beida,traffic,traffic.auth.error_ratio,1,1,12754,8559,0.0,0.0,0.0,1.0
beida,traffic,traffic.auth.last_batch_timestamp_seconds,1,1,13098,9008,256.0,256.0,256.0,0.0
beida,traffic,traffic.auth.latency_mean_seconds,1,1,13098,9008,0.088445075,0.088445075,0.088445075,0.0
beida,traffic,traffic.auth.latency_p95_seconds,1,1,13098,9008,0.2277637,0.2277637,0.2277637,0.0
beida,traffic,traffic.auth.observed_qps,1,1,13098,9008,2.8351524,2.8351524,2.8351524,0.0
beida,traffic,traffic.auth.request_latency_seconds_bucket_rate_le_0_01,1,1,13097,9007,0.0,0.0,0.0,1.0
beida,traffic,traffic.auth.request_latency_seconds_bucket_rate_le_0_025,1,1,13097,9007,0.0,0.0,0.0,1.0
beida,traffic,traffic.auth.request_latency_seconds_bucket_rate_le_0_05,1,1,13097,9007,0.0,0.0,0.0,1.0
beida,traffic,traffic.auth.request_latency_seconds_bucket_rate_le_0_1,1,1,13097,9007,52.0,52.0,52.0,0.0
beida,traffic,traffic.auth.request_latency_seconds_bucket_rate_le_0_25,1,1,13097,9007,52.0,52.0,52.0,0.0
beida,traffic,traffic.auth.request_latency_seconds_bucket_rate_le_0_5,1,1,13097,9007,56.0,56.0,56.0,0.0
beida,traffic,traffic.auth.request_latency_seconds_bucket_rate_le_1,1,1,13097,9007,56.0,56.0,56.0,0.0
beida,traffic,traffic.auth.request_latency_seconds_bucket_rate_le_2_5,1,1,13097,9007,56.0,56.0,56.0,0.0
beida,traffic,traffic.auth.request_latency_seconds_bucket_rate_le_5,1,1,13097,9007,56.0,56.0,56.0,0.0
beida,traffic,traffic.auth.request_latency_seconds_bucket_rate_le_plus_inf,1,1,13097,9007,56.0,56.0,56.0,0.0
beida,traffic,traffic.auth.request_latency_seconds_count_rate,1,1,13097,9007,56.0,56.0,56.0,0.0
beida,traffic,traffic.auth.request_latency_seconds_sum_rate,1,1,13097,9007,4.8692489,4.8692489,4.8692489,0.0
beida,traffic,traffic.auth.requests_rate,1,1,13097,9007,56.0,56.0,56.0,0.0
beida,traffic,traffic.auth.success_rate,1,1,13097,9007,56.0,56.0,56.0,0.0
beida,traffic,traffic.auth.success_ratio,1,1,12754,8559,0.33333331,0.33333331,0.33333331,0.0
beida,traffic,traffic.dns.active,1,1,19973,19788,1.0,1.0,1.0,0.0
beida,traffic,traffic.dns.active_seconds_rate,1,1,19972,19787,41.619564,41.619564,41.619564,0.0
beida,traffic,traffic.dns.batch_concurrency,1,1,19973,19788,5.0,5.0,5.0,0.0
beida,traffic,traffic.dns.batch_duration_seconds,1,1,19973,19788,20.033846,20.033846,20.033846,0.0
beida,traffic,traffic.dns.batches_completed_rate,1,1,19972,19787,3.0,3.0,3.0,0.0
beida,traffic,traffic.dns.batches_failed_rate,1,1,19972,19787,0.0,0.0,0.0,1.0
beida,traffic,traffic.dns.batches_started_rate,1,1,19972,19787,3.0,3.0,3.0,0.0
beida,traffic,traffic.dns.batches_timeout_rate,1,1,19972,19787,0.0,0.0,0.0,1.0
beida,traffic,traffic.dns.bytes_received_rate,1,1,19972,19787,13889.26,13889.26,13889.26,0.0
beida,traffic,traffic.dns.bytes_sent_rate,1,1,19972,19787,8717.8398,8717.8398,8717.8398,0.0
beida,traffic,traffic.dns.duration_seconds_count_rate,1,1,19972,19787,3.0,3.0,3.0,0.0
beida,traffic,traffic.dns.duration_seconds_sum_rate,1,1,19972,19787,60.102936,60.102936,60.102936,0.0
beida,traffic,traffic.dns.error_rate,1,1,19972,19787,6.0,6.0,6.0,0.0
beida,traffic,traffic.dns.error_ratio,1,1,19895,19633,0.055555556,0.055555556,0.055555556,0.0
beida,traffic,traffic.dns.last_batch_timestamp_seconds,1,1,19973,19788,128.0,128.0,128.0,0.0
beida,traffic,traffic.dns.latency_mean_seconds,1,1,19973,19788,0.00052917714,0.00052917714,0.00052917714,0.0
beida,traffic,traffic.dns.latency_p95_seconds,1,1,19973,19788,0.00098988262,0.00098988262,0.00098988262,0.0
beida,traffic,traffic.dns.observed_qps,1,1,19973,19788,4.991962,4.991962,4.991962,0.0
beida,traffic,traffic.dns.request_latency_seconds_bucket_rate_le_0_01,1,1,19972,19787,184.0,184.0,184.0,0.0
beida,traffic,traffic.dns.request_latency_seconds_bucket_rate_le_0_025,1,1,19972,19787,184.0,184.0,184.0,0.0
beida,traffic,traffic.dns.request_latency_seconds_bucket_rate_le_0_05,1,1,19972,19787,184.0,184.0,184.0,0.0
beida,traffic,traffic.dns.request_latency_seconds_bucket_rate_le_0_1,1,1,19972,19787,184.0,184.0,184.0,0.0
beida,traffic,traffic.dns.request_latency_seconds_bucket_rate_le_0_25,1,1,19972,19787,184.0,184.0,184.0,0.0
beida,traffic,traffic.dns.request_latency_seconds_bucket_rate_le_0_5,1,1,19972,19787,184.0,184.0,184.0,0.0
beida,traffic,traffic.dns.request_latency_seconds_bucket_rate_le_1,1,1,19972,19787,184.14,184.14,184.14,0.0
beida,traffic,traffic.dns.request_latency_seconds_bucket_rate_le_2_5,1,1,19972,19787,184.14,184.14,184.14,0.0
beida,traffic,traffic.dns.request_latency_seconds_bucket_rate_le_5,1,1,19972,19787,184.14,184.14,184.14,0.0
beida,traffic,traffic.dns.request_latency_seconds_bucket_rate_le_plus_inf,1,1,19972,19787,184.14,184.14,184.14,0.0
beida,traffic,traffic.dns.request_latency_seconds_count_rate,1,1,19972,19787,184.14,184.14,184.14,0.0
beida,traffic,traffic.dns.request_latency_seconds_sum_rate,1,1,19972,19787,0.14461601,0.14461601,0.14461601,0.0
beida,traffic,traffic.dns.requests_rate,1,1,19972,19787,184.0,184.0,184.0,0.0
beida,traffic,traffic.dns.success_rate,1,1,19972,19787,184.14,184.14,184.14,0.0
beida,traffic,traffic.dns.success_ratio,1,1,19895,19633,0.064516127,0.064516127,0.064516127,0.0
beida,traffic,traffic.elephant.active,21,16,843,448,1.0,1.0,1.0,0.0
beida,traffic,traffic.elephant.active_seconds_rate,21,16,822,433,60.558342,60.803108,60.944252,0.0
beida,traffic,traffic.elephant.batch_concurrency,21,16,843,448,4.0,4.0,4.0,0.0
beida,traffic,traffic.elephant.batch_duration_seconds,21,16,843,448,60.204185,61.454414,99.698051,0.0
beida,traffic,traffic.elephant.batches_completed_rate,21,16,822,433,1.0,1.0,1.0,0.0625
beida,traffic,traffic.elephant.batches_failed_rate,21,16,822,433,0.0,0.37,1.0,0.875
beida,traffic,traffic.elephant.batches_started_rate,21,16,822,433,0.013492586,0.045666665,0.050000001,0.0
beida,traffic,traffic.elephant.batches_timeout_rate,21,16,822,433,0.0,0.0,0.0,1.0
beida,traffic,traffic.elephant.bytes_received_rate,21,16,822,433,1499992100.0,1499994100.0,1499994100.0,0.0625
beida,traffic,traffic.elephant.bytes_sent_rate,21,16,822,433,1499992100.0,1499994100.0,1499994100.0,0.0625
beida,traffic,traffic.elephant.duration_seconds_count_rate,21,16,822,433,1.0,1.0,1.0,0.0
beida,traffic,traffic.elephant.duration_seconds_sum_rate,21,16,822,433,120.74837,121.39578,122.70629,0.0
beida,traffic,traffic.elephant.error_rate,21,16,822,433,0.0,0.0,0.0,1.0
beida,traffic,traffic.elephant.error_ratio,15,0,284,0,,,,
beida,traffic,traffic.elephant.jitter_seconds,15,15,735,447,0.00017655276,0.0046977024,0.0070341569,0.0
beida,traffic,traffic.elephant.last_batch_timestamp_seconds,21,16,843,448,212532.47,292333.44,314086.41,0.0
beida,traffic,traffic.elephant.loss_rate,15,15,735,447,0.0,0.00012566461,0.029769158,0.66666667
beida,traffic,traffic.elephant.requests_rate,21,16,822,433,4.0,4.0,4.0,0.0625
beida,traffic,traffic.elephant.retransmits_rate,21,16,822,433,0.0,0.0,0.0,1.0
beida,traffic,traffic.elephant.success_rate,21,16,822,433,4.0,4.0,4.0,0.0625
beida,traffic,traffic.elephant.success_ratio,15,0,284,0,,,,
beida,traffic,traffic.elephant.throughput_bps,15,15,735,447,79999384.0,79999568.0,79999672.0,0.0
beida,traffic,traffic.web.active,1,1,18717,17380,1.0,1.0,1.0,0.0
beida,traffic,traffic.web.active_seconds_rate,1,1,18716,17379,51.941498,51.941498,51.941498,0.0
beida,traffic,traffic.web.batch_concurrency,1,1,18717,17380,4.0,4.0,4.0,0.0
beida,traffic,traffic.web.batch_duration_seconds,1,1,18717,17380,45.058304,45.058304,45.058304,0.0
beida,traffic,traffic.web.batches_completed_rate,1,1,18716,17379,2.0,2.0,2.0,0.0
beida,traffic,traffic.web.batches_failed_rate,1,1,18716,17379,1.0,1.0,1.0,0.0
beida,traffic,traffic.web.batches_started_rate,1,1,18716,17379,2.0,2.0,2.0,0.0
beida,traffic,traffic.web.batches_timeout_rate,1,1,18716,17379,0.0,0.0,0.0,1.0
beida,traffic,traffic.web.bytes_received_rate,1,1,18716,17379,55614.301,55614.301,55614.301,0.0
beida,traffic,traffic.web.bytes_sent_rate,1,1,18716,17379,20990.641,20990.641,20990.641,0.0
beida,traffic,traffic.web.duration_seconds_count_rate,1,1,18716,17379,2.0,2.0,2.0,0.0
beida,traffic,traffic.web.duration_seconds_sum_rate,1,1,18716,17379,90.10498,90.10498,90.10498,0.0
beida,traffic,traffic.web.error_rate,1,1,18716,17379,8.0,8.0,8.0,0.0
beida,traffic,traffic.web.error_ratio,1,1,18434,16958,0.014549177,0.014549177,0.014549177,0.0
beida,traffic,traffic.web.last_batch_timestamp_seconds,1,1,18717,17380,256.0,256.0,256.0,0.0
beida,traffic,traffic.web.latency_mean_seconds,1,1,18717,17380,0.074701615,0.074701615,0.074701615,0.0
beida,traffic,traffic.web.latency_p95_seconds,1,1,18717,17380,0.23118897,0.23118897,0.23118897,0.0
beida,traffic,traffic.web.observed_qps,1,1,18717,17380,3.590255,3.590255,3.590255,0.0
beida,traffic,traffic.web.request_latency_seconds_bucket_rate_le_0_01,1,1,18716,17379,0.0,0.0,0.0,1.0
beida,traffic,traffic.web.request_latency_seconds_bucket_rate_le_0_025,1,1,18716,17379,0.0,0.0,0.0,1.0
beida,traffic,traffic.web.request_latency_seconds_bucket_rate_le_0_05,1,1,18716,17379,0.0,0.0,0.0,1.0
beida,traffic,traffic.web.request_latency_seconds_bucket_rate_le_0_1,1,1,18716,17379,180.0,180.0,180.0,0.0
beida,traffic,traffic.web.request_latency_seconds_bucket_rate_le_0_25,1,1,18716,17379,180.0,180.0,180.0,0.0
beida,traffic,traffic.web.request_latency_seconds_bucket_rate_le_0_5,1,1,18716,17379,201.0,201.0,201.0,0.0
beida,traffic,traffic.web.request_latency_seconds_bucket_rate_le_1,1,1,18716,17379,201.0,201.0,201.0,0.0
beida,traffic,traffic.web.request_latency_seconds_bucket_rate_le_2_5,1,1,18716,17379,201.0,201.0,201.0,0.0
beida,traffic,traffic.web.request_latency_seconds_bucket_rate_le_5,1,1,18716,17379,201.0,201.0,201.0,0.0
beida,traffic,traffic.web.request_latency_seconds_bucket_rate_le_plus_inf,1,1,18716,17379,201.0,201.0,201.0,0.0
beida,traffic,traffic.web.request_latency_seconds_count_rate,1,1,18716,17379,201.0,201.0,201.0,0.0
beida,traffic,traffic.web.request_latency_seconds_sum_rate,1,1,18716,17379,17.448612,17.448612,17.448612,0.0
beida,traffic,traffic.web.requests_rate,1,1,18716,17379,200.0,200.0,200.0,0.0
beida,traffic,traffic.web.success_rate,1,1,18716,17379,201.0,201.0,201.0,0.0
beida,traffic,traffic.web.success_ratio,1,1,18434,16958,0.25,0.25,0.25,0.0
chengdu,interface,interface.carrier_changes,60,60,1208480,1207820,0.0,0.0,0.0,1.0
chengdu,interface,interface.rx_bytes_rate,60,60,1208480,1207820,0.0,3158007.5,7300636.0,0.61666667
chengdu,interface,interface.rx_drop_rate,60,60,1208480,1207820,0.0,0.0,0.0,1.0
chengdu,interface,interface.rx_error_rate,60,60,1208480,1207820,0.0,0.0,0.0,1.0
chengdu,interface,interface.rx_packets_rate,60,60,1208480,1207820,0.0,2091.877,4899.0864,0.61666667
chengdu,interface,interface.tx_bytes_rate,60,60,1208480,1207820,0.0,3746727.0,7300610.5,0.61666667
chengdu,interface,interface.tx_drop_rate,60,60,1208480,1207820,0.0,0.0,0.0,1.0
chengdu,interface,interface.tx_error_rate,60,60,1208480,1207820,0.0,0.0,0.0,1.0
chengdu,interface,interface.tx_packets_rate,60,60,1208480,1207820,0.0,2515.8499,4899.0454,0.61666667
chengdu,routing,routing.bgp_command_success,2,2,40270,40252,0.0,0.0,0.0,1.0
chengdu,routing,routing.bgp_peer_prefix_received,7,7,80540,80482,0.0,0.0,0.0,1.0
chengdu,routing,routing.bgp_peer_prefix_sent,4,4,80505,80458,0.0,0.0,0.0,1.0
chengdu,routing,routing.bgp_peer_up,7,7,80540,80482,0.0,0.0,0.0,1.0
chengdu,routing,routing.bgp_peer_uptime_seconds,7,7,80540,80482,62.0,62.0,62.0,0.0
chengdu,routing,routing.ipv6_default_route_info,6,6,120878,120836,0.0,0.0,0.0,1.0
chengdu,routing,routing.ipv6_route_change_total,36,36,725166,724896,0.0,0.0,0.0,1.0
chengdu,routing,routing.ipv6_route_count,20,20,362628,362487,0.0,0.0,0.0,1.0
chengdu,routing,routing.ipv6_route_exists,36,36,725166,724896,0.0,0.0,0.0,1.0
chengdu,routing,routing.ipv6_route_nexthop_info,56,56,1087868,1087462,0.0,0.0,0.0,1.0
chengdu,routing,routing.ospf6_interface_cost,6,6,120878,120836,0.0,0.0,0.0,1.0
chengdu,routing,routing.ospf6_interface_enabled,48,48,966888,966528,0.0,0.0,0.0,1.0
chengdu,routing,routing.ospf6_neighbor_state_code,14,14,281972,281868,0.0,0.0,0.0,1.0
chengdu,scrape,scrape.scrape_duration_seconds,13,13,261911,261781,0.01569215,0.026412422,0.028411238,0.0
chengdu,scrape,scrape.scrape_samples,13,13,261911,261781,1.0,8.6000004,10.0,0.30769231
chengdu,scrape,scrape.scrape_up,13,13,261911,261781,0.0,0.0,0.0,1.0
chengdu,traffic,traffic.auth.active,1,1,13098,9025,1.0,1.0,1.0,0.0
chengdu,traffic,traffic.auth.active_seconds_rate,1,1,13097,9025,29.761173,29.761173,29.761173,0.0
chengdu,traffic,traffic.auth.batch_concurrency,1,1,13098,9025,4.0,4.0,4.0,0.0
chengdu,traffic,traffic.auth.batch_duration_seconds,1,1,13098,9025,20.074066,20.074066,20.074066,0.0
chengdu,traffic,traffic.auth.batches_completed_rate,1,1,13097,9025,2.0,2.0,2.0,0.0
chengdu,traffic,traffic.auth.batches_failed_rate,1,1,13097,9025,1.0,1.0,1.0,0.0
chengdu,traffic,traffic.auth.batches_started_rate,1,1,13097,9025,2.0,2.0,2.0,0.0
chengdu,traffic,traffic.auth.batches_timeout_rate,1,1,13097,9025,0.0,0.0,0.0,1.0
chengdu,traffic,traffic.auth.bytes_received_rate,1,1,13097,9025,12068.0,12068.0,12068.0,0.0
chengdu,traffic,traffic.auth.bytes_sent_rate,1,1,13097,9025,11307.68,11307.68,11307.68,0.0
chengdu,traffic,traffic.auth.duration_seconds_count_rate,1,1,13097,9025,2.0,2.0,2.0,0.0
chengdu,traffic,traffic.auth.duration_seconds_sum_rate,1,1,13097,9025,40.224442,40.224442,40.224442,0.0
chengdu,traffic,traffic.auth.error_rate,1,1,13097,9025,6.9200001,6.9200001,6.9200001,0.0
chengdu,traffic,traffic.auth.error_ratio,1,1,12668,8475,0.0,0.0,0.0,1.0
chengdu,traffic,traffic.auth.last_batch_timestamp_seconds,1,1,13098,9025,256.0,256.0,256.0,0.0
chengdu,traffic,traffic.auth.latency_mean_seconds,1,1,13098,9025,0.091173053,0.091173053,0.091173053,0.0
chengdu,traffic,traffic.auth.latency_p95_seconds,1,1,13098,9025,0.23271421,0.23271421,0.23271421,0.0
chengdu,traffic,traffic.auth.observed_qps,1,1,13098,9025,2.3047714,2.3047714,2.3047714,0.0
chengdu,traffic,traffic.auth.request_latency_seconds_bucket_rate_le_0_01,1,1,13097,9025,0.0,0.0,0.0,1.0
chengdu,traffic,traffic.auth.request_latency_seconds_bucket_rate_le_0_025,1,1,13097,9025,0.0,0.0,0.0,1.0
chengdu,traffic,traffic.auth.request_latency_seconds_bucket_rate_le_0_05,1,1,13097,9025,0.0,0.0,0.0,1.0
chengdu,traffic,traffic.auth.request_latency_seconds_bucket_rate_le_0_1,1,1,13097,9025,53.939999,53.939999,53.939999,0.0
chengdu,traffic,traffic.auth.request_latency_seconds_bucket_rate_le_0_25,1,1,13097,9025,53.939999,53.939999,53.939999,0.0
chengdu,traffic,traffic.auth.request_latency_seconds_bucket_rate_le_0_5,1,1,13097,9025,56.920002,56.920002,56.920002,0.0
chengdu,traffic,traffic.auth.request_latency_seconds_bucket_rate_le_1,1,1,13097,9025,56.920002,56.920002,56.920002,0.0
chengdu,traffic,traffic.auth.request_latency_seconds_bucket_rate_le_2_5,1,1,13097,9025,56.920002,56.920002,56.920002,0.0
chengdu,traffic,traffic.auth.request_latency_seconds_bucket_rate_le_5,1,1,13097,9025,57.0,57.0,57.0,0.0
chengdu,traffic,traffic.auth.request_latency_seconds_bucket_rate_le_plus_inf,1,1,13097,9025,57.0,57.0,57.0,0.0
chengdu,traffic,traffic.auth.request_latency_seconds_count_rate,1,1,13097,9025,57.0,57.0,57.0,0.0
chengdu,traffic,traffic.auth.request_latency_seconds_sum_rate,1,1,13097,9025,5.5408926,5.5408926,5.5408926,0.0
chengdu,traffic,traffic.auth.requests_rate,1,1,13097,9025,56.920002,56.920002,56.920002,0.0
chengdu,traffic,traffic.auth.success_rate,1,1,13097,9025,56.666668,56.666668,56.666668,0.0
chengdu,traffic,traffic.auth.success_ratio,1,1,12668,8475,0.33333331,0.33333331,0.33333331,0.0
chengdu,traffic,traffic.dns.active,1,1,19923,19743,1.0,1.0,1.0,0.0
chengdu,traffic,traffic.dns.active_seconds_rate,1,1,19922,19742,42.355186,42.355186,42.355186,0.0
chengdu,traffic,traffic.dns.batch_concurrency,1,1,19923,19743,5.0,5.0,5.0,0.0
chengdu,traffic,traffic.dns.batch_duration_seconds,1,1,19923,19743,20.035753,20.035753,20.035753,0.0
chengdu,traffic,traffic.dns.batches_completed_rate,1,1,19922,19742,3.0,3.0,3.0,0.0
chengdu,traffic,traffic.dns.batches_failed_rate,1,1,19922,19742,0.0,0.0,0.0,1.0
chengdu,traffic,traffic.dns.batches_started_rate,1,1,19922,19742,3.0,3.0,3.0,0.0
chengdu,traffic,traffic.dns.batches_timeout_rate,1,1,19922,19742,0.0,0.0,0.0,1.0
chengdu,traffic,traffic.dns.bytes_received_rate,1,1,19922,19742,13592.54,13592.54,13592.54,0.0
chengdu,traffic,traffic.dns.bytes_sent_rate,1,1,19922,19742,8548.1797,8548.1797,8548.1797,0.0
chengdu,traffic,traffic.dns.duration_seconds_count_rate,1,1,19922,19742,3.0,3.0,3.0,0.0
chengdu,traffic,traffic.dns.duration_seconds_sum_rate,1,1,19922,19742,60.103512,60.103512,60.103512,0.0
chengdu,traffic,traffic.dns.error_rate,1,1,19922,19742,9.5900002,9.5900002,9.5900002,0.0
chengdu,traffic,traffic.dns.error_ratio,1,1,19821,19558,0.088214494,0.088214494,0.088214494,0.0
chengdu,traffic,traffic.dns.last_batch_timestamp_seconds,1,1,19923,19743,128.0,128.0,128.0,0.0
chengdu,traffic,traffic.dns.latency_mean_seconds,1,1,19923,19743,0.0013118655,0.0013118655,0.0013118655,0.0
chengdu,traffic,traffic.dns.latency_p95_seconds,1,1,19923,19743,0.0025426177,0.0025426177,0.0025426177,0.0
chengdu,traffic,traffic.dns.observed_qps,1,1,19923,19743,5.0118046,5.0118046,5.0118046,0.0
chengdu,traffic,traffic.dns.request_latency_seconds_bucket_rate_le_0_01,1,1,19922,19742,0.0,0.0,0.0,1.0
chengdu,traffic,traffic.dns.request_latency_seconds_bucket_rate_le_0_025,1,1,19922,19742,0.0,0.0,0.0,1.0
chengdu,traffic,traffic.dns.request_latency_seconds_bucket_rate_le_0_05,1,1,19922,19742,180.0,180.0,180.0,0.0
chengdu,traffic,traffic.dns.request_latency_seconds_bucket_rate_le_0_1,1,1,19922,19742,180.0,180.0,180.0,0.0
chengdu,traffic,traffic.dns.request_latency_seconds_bucket_rate_le_0_25,1,1,19922,19742,180.0,180.0,180.0,0.0
chengdu,traffic,traffic.dns.request_latency_seconds_bucket_rate_le_0_5,1,1,19922,19742,180.0,180.0,180.0,0.0
chengdu,traffic,traffic.dns.request_latency_seconds_bucket_rate_le_1,1,1,19922,19742,180.0,180.0,180.0,0.0
chengdu,traffic,traffic.dns.request_latency_seconds_bucket_rate_le_2_5,1,1,19922,19742,180.0,180.0,180.0,0.0
chengdu,traffic,traffic.dns.request_latency_seconds_bucket_rate_le_5,1,1,19922,19742,180.0,180.0,180.0,0.0
chengdu,traffic,traffic.dns.request_latency_seconds_bucket_rate_le_plus_inf,1,1,19922,19742,180.0,180.0,180.0,0.0
chengdu,traffic,traffic.dns.request_latency_seconds_count_rate,1,1,19922,19742,180.0,180.0,180.0,0.0
chengdu,traffic,traffic.dns.request_latency_seconds_sum_rate,1,1,19922,19742,8.1235552,8.1235552,8.1235552,0.0
chengdu,traffic,traffic.dns.requests_rate,1,1,19922,19742,180.0,180.0,180.0,0.0
chengdu,traffic,traffic.dns.success_rate,1,1,19922,19742,180.0,180.0,180.0,0.0
chengdu,traffic,traffic.dns.success_ratio,1,1,19821,19558,0.16666669,0.16666669,0.16666669,0.0
chengdu,traffic,traffic.elephant.active,21,15,740,355,1.0,1.0,1.0,0.0
chengdu,traffic,traffic.elephant.active_seconds_rate,21,15,719,342,60.569649,60.846985,60.902271,0.0
chengdu,traffic,traffic.elephant.batch_concurrency,21,15,740,355,4.0,4.0,4.0,0.0
chengdu,traffic,traffic.elephant.batch_duration_seconds,21,15,740,355,60.301716,105.45205,118.92489,0.0
chengdu,traffic,traffic.elephant.batches_completed_rate,21,15,719,342,1.0,1.0,1.0,0.0
chengdu,traffic,traffic.elephant.batches_failed_rate,21,15,719,342,0.0,0.0,0.0,1.0
chengdu,traffic,traffic.elephant.batches_started_rate,21,15,719,342,0.014624111,0.032115344,0.050000001,0.0
chengdu,traffic,traffic.elephant.batches_timeout_rate,21,15,719,342,0.0,0.0,0.0,1.0
chengdu,traffic,traffic.elephant.bytes_received_rate,21,15,719,342,1499990900.0,1499994100.0,1499994100.0,0.0
chengdu,traffic,traffic.elephant.bytes_sent_rate,21,15,719,342,1499990900.0,1499994100.0,1499994100.0,0.0
chengdu,traffic,traffic.elephant.duration_seconds_count_rate,21,15,719,342,1.0,1.0,1.0,0.0
chengdu,traffic,traffic.elephant.duration_seconds_sum_rate,21,15,719,342,120.8271,121.45034,148.34923,0.0
chengdu,traffic,traffic.elephant.error_rate,21,15,719,342,0.0,0.0,0.0,1.0
chengdu,traffic,traffic.elephant.error_ratio,15,0,238,0,,,,
chengdu,traffic,traffic.elephant.jitter_seconds,15,15,606,355,5.9108723e-05,0.00014183496,0.00031254851,0.0
chengdu,traffic,traffic.elephant.last_batch_timestamp_seconds,21,15,740,355,214195.2,294947.81,344080.62,0.0
chengdu,traffic,traffic.elephant.loss_rate,15,15,606,355,0.0,0.0,0.0019744614,0.93333333
chengdu,traffic,traffic.elephant.requests_rate,21,15,719,342,4.0,4.0,4.0,0.0
chengdu,traffic,traffic.elephant.retransmits_rate,21,15,719,342,0.0,0.0,0.0,1.0
chengdu,traffic,traffic.elephant.success_rate,21,15,719,342,4.0,4.0,4.0,0.0
chengdu,traffic,traffic.elephant.success_ratio,15,0,238,0,,,,
chengdu,traffic,traffic.elephant.throughput_bps,15,15,606,355,79999240.0,79999520.0,79999672.0,0.0
chengdu,traffic,traffic.web.active,1,1,18727,17444,1.0,1.0,1.0,0.0
chengdu,traffic,traffic.web.active_seconds_rate,1,1,18726,17443,53.110344,53.110344,53.110344,0.0
chengdu,traffic,traffic.web.batch_concurrency,1,1,18727,17444,4.0,4.0,4.0,0.0
chengdu,traffic,traffic.web.batch_duration_seconds,1,1,18727,17444,45.063599,45.063599,45.063599,0.0
chengdu,traffic,traffic.web.batches_completed_rate,1,1,18726,17443,2.0,2.0,2.0,0.0
chengdu,traffic,traffic.web.batches_failed_rate,1,1,18726,17443,1.0,1.0,1.0,0.0
chengdu,traffic,traffic.web.batches_started_rate,1,1,18726,17443,2.0,2.0,2.0,0.0
chengdu,traffic,traffic.web.batches_timeout_rate,1,1,18726,17443,1.0,1.0,1.0,0.0
chengdu,traffic,traffic.web.bytes_received_rate,1,1,18726,17443,55512.199,55512.199,55512.199,0.0
chengdu,traffic,traffic.web.bytes_sent_rate,1,1,18726,17443,20923.119,20923.119,20923.119,0.0
chengdu,traffic,traffic.web.duration_seconds_count_rate,1,1,18726,17443,2.0,2.0,2.0,0.0
chengdu,traffic,traffic.web.duration_seconds_sum_rate,1,1,18726,17443,90.192505,90.192505,90.192505,0.0
chengdu,traffic,traffic.web.error_rate,1,1,18726,17443,10.0,10.0,10.0,0.0
chengdu,traffic,traffic.web.error_ratio,1,1,18401,16985,0.040000021,0.040000021,0.040000021,0.0
chengdu,traffic,traffic.web.last_batch_timestamp_seconds,1,1,18727,17444,256.0,256.0,256.0,0.0
chengdu,traffic,traffic.web.latency_mean_seconds,1,1,18727,17444,0.075618997,0.075618997,0.075618997,0.0
chengdu,traffic,traffic.web.latency_p95_seconds,1,1,18727,17444,0.24791324,0.24791324,0.24791324,0.0
chengdu,traffic,traffic.web.observed_qps,1,1,18727,17444,3.4324005,3.4324005,3.4324005,0.0
chengdu,traffic,traffic.web.request_latency_seconds_bucket_rate_le_0_01,1,1,18726,17443,0.0,0.0,0.0,1.0
chengdu,traffic,traffic.web.request_latency_seconds_bucket_rate_le_0_025,1,1,18726,17443,0.0,0.0,0.0,1.0
chengdu,traffic,traffic.web.request_latency_seconds_bucket_rate_le_0_05,1,1,18726,17443,0.0,0.0,0.0,1.0
chengdu,traffic,traffic.web.request_latency_seconds_bucket_rate_le_0_1,1,1,18726,17443,178.0,178.0,178.0,0.0
chengdu,traffic,traffic.web.request_latency_seconds_bucket_rate_le_0_25,1,1,18726,17443,178.0,178.0,178.0,0.0
chengdu,traffic,traffic.web.request_latency_seconds_bucket_rate_le_0_5,1,1,18726,17443,200.0,200.0,200.0,0.0
chengdu,traffic,traffic.web.request_latency_seconds_bucket_rate_le_1,1,1,18726,17443,200.0,200.0,200.0,0.0
chengdu,traffic,traffic.web.request_latency_seconds_bucket_rate_le_2_5,1,1,18726,17443,200.0,200.0,200.0,0.0
chengdu,traffic,traffic.web.request_latency_seconds_bucket_rate_le_5,1,1,18726,17443,200.0,200.0,200.0,0.0
chengdu,traffic,traffic.web.request_latency_seconds_bucket_rate_le_plus_inf,1,1,18726,17443,200.0,200.0,200.0,0.0
chengdu,traffic,traffic.web.request_latency_seconds_count_rate,1,1,18726,17443,200.0,200.0,200.0,0.0
chengdu,traffic,traffic.web.request_latency_seconds_sum_rate,1,1,18726,17443,24.353291,24.353291,24.353291,0.0
chengdu,traffic,traffic.web.requests_rate,1,1,18726,17443,200.0,200.0,200.0,0.0
chengdu,traffic,traffic.web.success_rate,1,1,18726,17443,200.0,200.0,200.0,0.0
chengdu,traffic,traffic.web.success_ratio,1,1,18401,16985,0.25,0.25,0.25,0.0
guangzhou,interface,interface.carrier_changes,60,60,1209320,1209220,0.0,0.0,0.0,1.0
guangzhou,interface,interface.rx_bytes_rate,60,60,1209320,1209220,0.0,3976239.2,7456577.5,0.61666667
guangzhou,interface,interface.rx_drop_rate,60,60,1209320,1209220,0.0,0.0,0.0,1.0
guangzhou,interface,interface.rx_error_rate,60,60,1209320,1209220,0.0,0.0,0.0,1.0
guangzhou,interface,interface.rx_packets_rate,60,60,1209320,1209220,0.0,2669.4109,5007.0898,0.61666667
guangzhou,interface,interface.tx_bytes_rate,60,60,1209320,1209220,0.0,3932338.2,7456950.5,0.61666667
guangzhou,interface,interface.tx_drop_rate,60,60,1209320,1209220,0.0,0.0,0.0,1.0
guangzhou,interface,interface.tx_error_rate,60,60,1209320,1209220,0.0,0.0,0.0,1.0
guangzhou,interface,interface.tx_packets_rate,60,60,1209320,1209220,0.0,2633.3618,5007.0869,0.61666667
guangzhou,routing,routing.bgp_command_success,2,2,40290,40284,0.0,0.0,0.0,1.0
guangzhou,routing,routing.bgp_peer_prefix_received,9,7,80580,80543,0.0,0.0,0.0,1.0
guangzhou,routing,routing.bgp_peer_prefix_sent,4,4,80500,80476,0.0,0.0,0.0,1.0
guangzhou,routing,routing.bgp_peer_up,9,7,80580,80543,0.0,0.0,0.0,1.0
guangzhou,routing,routing.bgp_peer_uptime_seconds,9,7,80580,80543,62.0,62.0,62.0,0.0
guangzhou,routing,routing.ipv6_default_route_info,6,6,120930,120920,0.0,0.0,0.0,1.0
guangzhou,routing,routing.ipv6_route_change_total,36,36,725490,725418,0.0,0.0,0.0,1.0
guangzhou,routing,routing.ipv6_route_count,19,19,362743,362704,0.0,0.0,0.0,1.0
guangzhou,routing,routing.ipv6_route_exists,36,36,725490,725418,0.0,0.0,0.0,1.0
guangzhou,routing,routing.ipv6_route_nexthop_info,72,72,983920,983750,0.0,0.0,0.0,1.0
guangzhou,routing,routing.ospf6_interface_cost,6,6,120930,120920,0.0,0.0,0.0,1.0
guangzhou,routing,routing.ospf6_interface_enabled,48,48,967320,967224,0.0,0.0,0.0,1.0
guangzhou,routing,routing.ospf6_neighbor_state_code,14,14,282104,282074,0.0,0.0,0.0,1.0
guangzhou,scrape,scrape.scrape_duration_seconds,13,13,262080,262067,0.015132822,0.025748301,0.028259642,0.0
guangzhou,scrape,scrape.scrape_samples,13,13,262080,262067,1.0,10.0,12.0,0.30769231
guangzhou,scrape,scrape.scrape_up,13,13,262080,262067,0.0,0.0,0.0,1.0
guangzhou,traffic,traffic.auth.active,1,1,13121,8999,1.0,1.0,1.0,0.0
guangzhou,traffic,traffic.auth.active_seconds_rate,1,1,13120,8998,29.325665,29.325665,29.325665,0.0
guangzhou,traffic,traffic.auth.batch_concurrency,1,1,13121,8999,4.0,4.0,4.0,0.0
guangzhou,traffic,traffic.auth.batch_duration_seconds,1,1,13121,8999,20.043684,20.043684,20.043684,0.0
guangzhou,traffic,traffic.auth.batches_completed_rate,1,1,13120,8998,2.0,2.0,2.0,0.0
guangzhou,traffic,traffic.auth.batches_failed_rate,1,1,13120,8998,1.0,1.0,1.0,0.0
guangzhou,traffic,traffic.auth.batches_started_rate,1,1,13120,8998,2.0,2.0,2.0,0.0
guangzhou,traffic,traffic.auth.batches_timeout_rate,1,1,13120,8998,0.0,0.0,0.0,1.0
guangzhou,traffic,traffic.auth.bytes_received_rate,1,1,13120,8998,11900.15,11900.15,11900.15,0.0
guangzhou,traffic,traffic.auth.bytes_sent_rate,1,1,13120,8998,11185.525,11185.525,11185.525,0.0
guangzhou,traffic,traffic.auth.duration_seconds_count_rate,1,1,13120,8998,2.0,2.0,2.0,0.0
guangzhou,traffic,traffic.auth.duration_seconds_sum_rate,1,1,13120,8998,40.21859,40.21859,40.21859,0.0
guangzhou,traffic,traffic.auth.error_rate,1,1,13120,8998,8.0,8.0,8.0,0.0
guangzhou,traffic,traffic.auth.error_ratio,1,1,12765,8533,0.0,0.0,0.0,1.0
guangzhou,traffic,traffic.auth.last_batch_timestamp_seconds,1,1,13121,8999,256.0,256.0,256.0,0.0
guangzhou,traffic,traffic.auth.latency_mean_seconds,1,1,13121,8999,0.054778207,0.054778207,0.054778207,0.0
guangzhou,traffic,traffic.auth.latency_p95_seconds,1,1,13121,8999,0.2228643,0.2228643,0.2228643,0.0
guangzhou,traffic,traffic.auth.observed_qps,1,1,13121,8999,2.3984582,2.3984582,2.3984582,0.0
guangzhou,traffic,traffic.auth.request_latency_seconds_bucket_rate_le_0_01,1,1,13120,8998,0.0,0.0,0.0,1.0
guangzhou,traffic,traffic.auth.request_latency_seconds_bucket_rate_le_0_025,1,1,13120,8998,0.0,0.0,0.0,1.0
guangzhou,traffic,traffic.auth.request_latency_seconds_bucket_rate_le_0_05,1,1,13120,8998,20.0,20.0,20.0,0.0
guangzhou,traffic,traffic.auth.request_latency_seconds_bucket_rate_le_0_1,1,1,13120,8998,56.0,56.0,56.0,0.0
guangzhou,traffic,traffic.auth.request_latency_seconds_bucket_rate_le_0_25,1,1,13120,8998,56.0,56.0,56.0,0.0
guangzhou,traffic,traffic.auth.request_latency_seconds_bucket_rate_le_0_5,1,1,13120,8998,56.0075,56.0075,56.0075,0.0
guangzhou,traffic,traffic.auth.request_latency_seconds_bucket_rate_le_1,1,1,13120,8998,56.0075,56.0075,56.0075,0.0
guangzhou,traffic,traffic.auth.request_latency_seconds_bucket_rate_le_2_5,1,1,13120,8998,56.0075,56.0075,56.0075,0.0
guangzhou,traffic,traffic.auth.request_latency_seconds_bucket_rate_le_5,1,1,13120,8998,56.0075,56.0075,56.0075,0.0
guangzhou,traffic,traffic.auth.request_latency_seconds_bucket_rate_le_plus_inf,1,1,13120,8998,56.0075,56.0075,56.0075,0.0
guangzhou,traffic,traffic.auth.request_latency_seconds_count_rate,1,1,13120,8998,56.0075,56.0075,56.0075,0.0
guangzhou,traffic,traffic.auth.request_latency_seconds_sum_rate,1,1,13120,8998,3.3731415,3.3731415,3.3731415,0.0
guangzhou,traffic,traffic.auth.requests_rate,1,1,13120,8998,56.25,56.25,56.25,0.0
guangzhou,traffic,traffic.auth.success_rate,1,1,13120,8998,56.0,56.0,56.0,0.0
guangzhou,traffic,traffic.auth.success_ratio,1,1,12765,8533,0.33333331,0.33333331,0.33333331,0.0
guangzhou,traffic,traffic.dns.active,1,1,19953,19749,1.0,1.0,1.0,0.0
guangzhou,traffic,traffic.dns.active_seconds_rate,1,1,19952,19748,41.836586,41.836586,41.836586,0.0
guangzhou,traffic,traffic.dns.batch_concurrency,1,1,19953,19749,5.0,5.0,5.0,0.0
guangzhou,traffic,traffic.dns.batch_duration_seconds,1,1,19953,19749,20.027323,20.027323,20.027323,0.0
guangzhou,traffic,traffic.dns.batches_completed_rate,1,1,19952,19748,3.0,3.0,3.0,0.0
guangzhou,traffic,traffic.dns.batches_failed_rate,1,1,19952,19748,0.0,0.0,0.0,1.0
guangzhou,traffic,traffic.dns.batches_started_rate,1,1,19952,19748,3.0,3.0,3.0,0.0
guangzhou,traffic,traffic.dns.batches_timeout_rate,1,1,19952,19748,0.0,0.0,0.0,1.0
guangzhou,traffic,traffic.dns.bytes_received_rate,1,1,19952,19748,13578.06,13578.06,13578.06,0.0
guangzhou,traffic,traffic.dns.bytes_sent_rate,1,1,19952,19748,8536.0596,8536.0596,8536.0596,0.0
guangzhou,traffic,traffic.dns.duration_seconds_count_rate,1,1,19952,19748,3.0,3.0,3.0,0.0
guangzhou,traffic,traffic.dns.duration_seconds_sum_rate,1,1,19952,19748,60.102745,60.102745,60.102745,0.0
guangzhou,traffic,traffic.dns.error_rate,1,1,19952,19748,7.0,7.0,7.0,0.0
guangzhou,traffic,traffic.dns.error_ratio,1,1,19896,19636,0.06666667,0.06666667,0.06666667,0.0
guangzhou,traffic,traffic.dns.last_batch_timestamp_seconds,1,1,19953,19749,128.0,128.0,128.0,0.0
guangzhou,traffic,traffic.dns.latency_mean_seconds,1,1,19953,19749,0.0074272715,0.0074272715,0.0074272715,0.0
guangzhou,traffic,traffic.dns.latency_p95_seconds,1,1,19953,19749,0.011053271,0.011053271,0.011053271,0.0
guangzhou,traffic,traffic.dns.observed_qps,1,1,19953,19749,5.0483851,5.0483851,5.0483851,0.0
guangzhou,traffic,traffic.dns.request_latency_seconds_bucket_rate_le_0_01,1,1,19952,19748,0.0,0.0,0.0,1.0
guangzhou,traffic,traffic.dns.request_latency_seconds_bucket_rate_le_0_025,1,1,19952,19748,0.0,0.0,0.0,1.0
guangzhou,traffic,traffic.dns.request_latency_seconds_bucket_rate_le_0_05,1,1,19952,19748,121.53,121.53,121.53,0.0
guangzhou,traffic,traffic.dns.request_latency_seconds_bucket_rate_le_0_1,1,1,19952,19748,180.0,180.0,180.0,0.0
guangzhou,traffic,traffic.dns.request_latency_seconds_bucket_rate_le_0_25,1,1,19952,19748,180.0,180.0,180.0,0.0
guangzhou,traffic,traffic.dns.request_latency_seconds_bucket_rate_le_0_5,1,1,19952,19748,180.0,180.0,180.0,0.0
guangzhou,traffic,traffic.dns.request_latency_seconds_bucket_rate_le_1,1,1,19952,19748,180.0,180.0,180.0,0.0
guangzhou,traffic,traffic.dns.request_latency_seconds_bucket_rate_le_2_5,1,1,19952,19748,180.0,180.0,180.0,0.0
guangzhou,traffic,traffic.dns.request_latency_seconds_bucket_rate_le_5,1,1,19952,19748,180.0,180.0,180.0,0.0
guangzhou,traffic,traffic.dns.request_latency_seconds_bucket_rate_le_plus_inf,1,1,19952,19748,180.0,180.0,180.0,0.0
guangzhou,traffic,traffic.dns.request_latency_seconds_count_rate,1,1,19952,19748,180.0,180.0,180.0,0.0
guangzhou,traffic,traffic.dns.request_latency_seconds_sum_rate,1,1,19952,19748,9.8117514,9.8117514,9.8117514,0.0
guangzhou,traffic,traffic.dns.requests_rate,1,1,19952,19748,180.0,180.0,180.0,0.0
guangzhou,traffic,traffic.dns.success_rate,1,1,19952,19748,180.0,180.0,180.0,0.0
guangzhou,traffic,traffic.dns.success_ratio,1,1,19896,19636,0.15151513,0.15151513,0.15151513,0.0
guangzhou,traffic,traffic.elephant.active,21,16,808,411,1.0,1.0,1.0,0.0
guangzhou,traffic,traffic.elephant.active_seconds_rate,21,16,787,397,60.543129,60.659195,60.760658,0.0
guangzhou,traffic,traffic.elephant.batch_concurrency,21,16,808,411,4.0,4.0,4.0,0.0
guangzhou,traffic,traffic.elephant.batch_duration_seconds,21,16,808,411,60.274773,100.07645,128.68381,0.0
guangzhou,traffic,traffic.elephant.batches_completed_rate,21,16,787,397,1.0,1.0,1.0,0.0625
guangzhou,traffic,traffic.elephant.batches_failed_rate,21,16,787,397,0.0,0.0,0.99000001,0.9375
guangzhou,traffic,traffic.elephant.batches_started_rate,21,16,787,397,0.017781436,0.042833641,0.043102741,0.0
guangzhou,traffic,traffic.elephant.batches_timeout_rate,21,16,787,397,0.0,0.0,0.0,1.0
guangzhou,traffic,traffic.elephant.bytes_received_rate,21,16,787,397,1499993100.0,1499994100.0,1499994100.0,0.0625
guangzhou,traffic,traffic.elephant.bytes_sent_rate,21,16,787,397,1499993100.0,1499994100.0,1499994100.0,0.0625
guangzhou,traffic,traffic.elephant.duration_seconds_count_rate,21,16,787,397,1.0,1.0,1.0,0.0
guangzhou,traffic,traffic.elephant.duration_seconds_sum_rate,21,16,787,397,120.91437,121.27631,128.74908,0.0
guangzhou,traffic,traffic.elephant.error_rate,21,16,787,397,0.0,0.0,0.0,1.0
guangzhou,traffic,traffic.elephant.error_ratio,15,0,281,0,,,,
guangzhou,traffic,traffic.elephant.jitter_seconds,15,15,695,409,6.0163369e-05,0.00042026374,0.00069905352,0.0
guangzhou,traffic,traffic.elephant.last_batch_timestamp_seconds,21,16,808,411,222869.12,267329.94,387924.47,0.0
guangzhou,traffic,traffic.elephant.loss_rate,15,15,695,409,0.0,8.5467327e-05,0.00045125108,0.8
guangzhou,traffic,traffic.elephant.requests_rate,21,16,787,397,4.0,4.0,4.0,0.0625
guangzhou,traffic,traffic.elephant.retransmits_rate,21,16,787,397,0.0,0.0,0.0,1.0
guangzhou,traffic,traffic.elephant.success_rate,21,16,787,397,4.0,4.0,4.0,0.0625
guangzhou,traffic,traffic.elephant.success_ratio,15,0,281,0,,,,
guangzhou,traffic,traffic.elephant.throughput_bps,15,15,695,409,79999376.0,79999568.0,79999696.0,0.0
guangzhou,traffic,traffic.web.active,1,1,18841,17608,1.0,1.0,1.0,0.0
guangzhou,traffic,traffic.web.active_seconds_rate,1,1,18840,17607,53.197914,53.197914,53.197914,0.0
guangzhou,traffic,traffic.web.batch_concurrency,1,1,18841,17608,4.0,4.0,4.0,0.0
guangzhou,traffic,traffic.web.batch_duration_seconds,1,1,18841,17608,45.040833,45.040833,45.040833,0.0
guangzhou,traffic,traffic.web.batches_completed_rate,1,1,18840,17607,2.0,2.0,2.0,0.0
guangzhou,traffic,traffic.web.batches_failed_rate,1,1,18840,17607,1.0,1.0,1.0,0.0
guangzhou,traffic,traffic.web.batches_started_rate,1,1,18840,17607,2.0,2.0,2.0,0.0
guangzhou,traffic,traffic.web.batches_timeout_rate,1,1,18840,17607,1.0,1.0,1.0,0.0
guangzhou,traffic,traffic.web.bytes_received_rate,1,1,18840,17607,56156.0,56156.0,56156.0,0.0
guangzhou,traffic,traffic.web.bytes_sent_rate,1,1,18840,17607,21184.92,21184.92,21184.92,0.0
guangzhou,traffic,traffic.web.duration_seconds_count_rate,1,1,18840,17607,2.0,2.0,2.0,0.0
guangzhou,traffic,traffic.web.duration_seconds_sum_rate,1,1,18840,17607,90.209015,90.209015,90.209015,0.0
guangzhou,traffic,traffic.web.error_rate,1,1,18840,17607,12.0,12.0,12.0,0.0
guangzhou,traffic,traffic.web.error_ratio,1,1,18524,17139,0.10000002,0.10000002,0.10000002,0.0
guangzhou,traffic,traffic.web.last_batch_timestamp_seconds,1,1,18841,17608,256.0,256.0,256.0,0.0
guangzhou,traffic,traffic.web.latency_mean_seconds,1,1,18841,17608,0.065426022,0.065426022,0.065426022,0.0
guangzhou,traffic,traffic.web.latency_p95_seconds,1,1,18841,17608,0.23730604,0.23730604,0.23730604,0.0
guangzhou,traffic,traffic.web.observed_qps,1,1,18841,17608,3.4690609,3.4690609,3.4690609,0.0
guangzhou,traffic,traffic.web.request_latency_seconds_bucket_rate_le_0_01,1,1,18840,17607,0.0,0.0,0.0,1.0
guangzhou,traffic,traffic.web.request_latency_seconds_bucket_rate_le_0_025,1,1,18840,17607,0.0,0.0,0.0,1.0
guangzhou,traffic,traffic.web.request_latency_seconds_bucket_rate_le_0_05,1,1,18840,17607,0.0,0.0,0.0,1.0
guangzhou,traffic,traffic.web.request_latency_seconds_bucket_rate_le_0_1,1,1,18840,17607,184.0,184.0,184.0,0.0
guangzhou,traffic,traffic.web.request_latency_seconds_bucket_rate_le_0_25,1,1,18840,17607,184.0,184.0,184.0,0.0
guangzhou,traffic,traffic.web.request_latency_seconds_bucket_rate_le_0_5,1,1,18840,17607,202.0,202.0,202.0,0.0
guangzhou,traffic,traffic.web.request_latency_seconds_bucket_rate_le_1,1,1,18840,17607,202.0,202.0,202.0,0.0
guangzhou,traffic,traffic.web.request_latency_seconds_bucket_rate_le_2_5,1,1,18840,17607,202.0,202.0,202.0,0.0
guangzhou,traffic,traffic.web.request_latency_seconds_bucket_rate_le_5,1,1,18840,17607,202.0,202.0,202.0,0.0
guangzhou,traffic,traffic.web.request_latency_seconds_bucket_rate_le_plus_inf,1,1,18840,17607,202.0,202.0,202.0,0.0
guangzhou,traffic,traffic.web.request_latency_seconds_count_rate,1,1,18840,17607,202.0,202.0,202.0,0.0
guangzhou,traffic,traffic.web.request_latency_seconds_sum_rate,1,1,18840,17607,19.859163,19.859163,19.859163,0.0
guangzhou,traffic,traffic.web.requests_rate,1,1,18840,17607,202.0,202.0,202.0,0.0
guangzhou,traffic,traffic.web.success_rate,1,1,18840,17607,202.0,202.0,202.0,0.0
guangzhou,traffic,traffic.web.success_ratio,1,1,18524,17139,0.19999999,0.19999999,0.19999999,0.0
nanjing,interface,interface.carrier_changes,62,62,1249740,1249658,0.0,0.0,0.0,1.0
nanjing,interface,interface.rx_bytes_rate,62,62,1249740,1249658,0.0,2761005.8,6445421.5,0.62903226
nanjing,interface,interface.rx_drop_rate,62,62,1249740,1249658,0.0,0.0,0.0,1.0
nanjing,interface,interface.rx_error_rate,62,62,1249740,1249658,0.0,0.0,0.0,1.0
nanjing,interface,interface.rx_packets_rate,62,62,1249740,1249658,0.0,1916.3422,4368.0825,0.62903226
nanjing,interface,interface.tx_bytes_rate,62,62,1249740,1249658,0.0,2608354.0,6470446.5,0.62903226
nanjing,interface,interface.tx_drop_rate,62,62,1249740,1249658,0.0,0.0,0.0,1.0
nanjing,interface,interface.tx_error_rate,62,62,1249740,1249658,0.0,0.0,0.0,1.0
nanjing,interface,interface.tx_packets_rate,62,62,1249740,1249658,0.0,1852.9398,4370.2686,0.62903226
nanjing,routing,routing.bgp_command_success,2,2,40302,40298,0.0,0.0,0.0,1.0
nanjing,routing,routing.bgp_peer_prefix_received,7,7,80604,80568,0.0,0.0,0.0,1.0
nanjing,routing,routing.bgp_peer_prefix_sent,4,4,80543,80521,0.0,0.0,0.0,1.0
nanjing,routing,routing.bgp_peer_up,7,7,80604,80568,0.0,0.0,0.0,1.0
nanjing,routing,routing.bgp_peer_uptime_seconds,7,7,80604,80568,62.0,62.0,62.0,0.0
nanjing,routing,routing.ipv6_default_route_info,6,6,120942,120934,0.0,0.0,0.0,1.0
nanjing,routing,routing.ipv6_route_change_total,36,36,725598,725544,0.0,0.0,0.0,1.0
nanjing,routing,routing.ipv6_route_count,19,19,362808,362779,0.0,0.0,0.0,1.0
nanjing,routing,routing.ipv6_route_exists,36,36,725598,725544,0.0,0.0,0.0,1.0
nanjing,routing,routing.ipv6_route_nexthop_info,66,66,1088460,1088298,0.0,0.0,0.0,1.0
nanjing,routing,routing.ospf6_interface_cost,6,6,120942,120934,0.0,0.0,0.0,1.0
nanjing,routing,routing.ospf6_interface_enabled,49,49,987624,987551,0.0,0.0,0.0,1.0
nanjing,routing,routing.ospf6_neighbor_state_code,14,14,282126,282102,0.0,0.0,0.0,1.0
nanjing,scrape,scrape.scrape_duration_seconds,13,13,262080,262067,0.015801338,0.028784713,0.02895424,0.0
nanjing,scrape,scrape.scrape_samples,13,13,262080,262067,1.0,10.0,12.0,0.30769231
nanjing,scrape,scrape.scrape_up,13,13,262080,262067,0.0,0.0,0.0,1.0
nanjing,traffic,traffic.auth.active,1,1,13100,9001,1.0,1.0,1.0,0.0
nanjing,traffic,traffic.auth.active_seconds_rate,1,1,13099,9000,29.145298,29.145298,29.145298,0.0
nanjing,traffic,traffic.auth.batch_concurrency,1,1,13100,9001,4.0,4.0,4.0,0.0
nanjing,traffic,traffic.auth.batch_duration_seconds,1,1,13100,9001,20.053249,20.053249,20.053249,0.0
nanjing,traffic,traffic.auth.batches_completed_rate,1,1,13099,9000,2.0,2.0,2.0,0.0
nanjing,traffic,traffic.auth.batches_failed_rate,1,1,13099,9000,1.0,1.0,1.0,0.0
nanjing,traffic,traffic.auth.batches_started_rate,1,1,13099,9000,2.0,2.0,2.0,0.0
nanjing,traffic,traffic.auth.batches_timeout_rate,1,1,13099,9000,0.0,0.0,0.0,1.0
nanjing,traffic,traffic.auth.bytes_received_rate,1,1,13099,9000,11740.0,11740.0,11740.0,0.0
nanjing,traffic,traffic.auth.bytes_sent_rate,1,1,13099,9000,11125.0,11125.0,11125.0,0.0
nanjing,traffic,traffic.auth.duration_seconds_count_rate,1,1,13099,9000,2.0,2.0,2.0,0.0
nanjing,traffic,traffic.auth.duration_seconds_sum_rate,1,1,13099,9000,40.199055,40.199055,40.199055,0.0
nanjing,traffic,traffic.auth.error_rate,1,1,13099,9000,8.0,8.0,8.0,0.0
nanjing,traffic,traffic.auth.error_ratio,1,1,12685,8459,0.10000001,0.10000001,0.10000001,0.0
nanjing,traffic,traffic.auth.last_batch_timestamp_seconds,1,1,13100,9001,256.0,256.0,256.0,0.0
nanjing,traffic,traffic.auth.latency_mean_seconds,1,1,13100,9001,0.079282485,0.079282485,0.079282485,0.0
nanjing,traffic,traffic.auth.latency_p95_seconds,1,1,13100,9001,0.21703771,0.21703771,0.21703771,0.0
nanjing,traffic,traffic.auth.observed_qps,1,1,13100,9001,2.4397547,2.4397547,2.4397547,0.0
nanjing,traffic,traffic.auth.request_latency_seconds_bucket_rate_le_0_01,1,1,13099,9000,0.0,0.0,0.0,1.0
nanjing,traffic,traffic.auth.request_latency_seconds_bucket_rate_le_0_025,1,1,13099,9000,2.0,2.0,2.0,0.0
nanjing,traffic,traffic.auth.request_latency_seconds_bucket_rate_le_0_05,1,1,13099,9000,53.666668,53.666668,53.666668,0.0
nanjing,traffic,traffic.auth.request_latency_seconds_bucket_rate_le_0_1,1,1,13099,9000,53.6675,53.6675,53.6675,0.0
nanjing,traffic,traffic.auth.request_latency_seconds_bucket_rate_le_0_25,1,1,13099,9000,55.0,55.0,55.0,0.0
nanjing,traffic,traffic.auth.request_latency_seconds_bucket_rate_le_0_5,1,1,13099,9000,55.001999,55.001999,55.001999,0.0
nanjing,traffic,traffic.auth.request_latency_seconds_bucket_rate_le_1,1,1,13099,9000,55.001999,55.001999,55.001999,0.0
nanjing,traffic,traffic.auth.request_latency_seconds_bucket_rate_le_2_5,1,1,13099,9000,55.001999,55.001999,55.001999,0.0
nanjing,traffic,traffic.auth.request_latency_seconds_bucket_rate_le_5,1,1,13099,9000,55.001999,55.001999,55.001999,0.0
nanjing,traffic,traffic.auth.request_latency_seconds_bucket_rate_le_plus_inf,1,1,13099,9000,55.001999,55.001999,55.001999,0.0
nanjing,traffic,traffic.auth.request_latency_seconds_count_rate,1,1,13099,9000,55.001999,55.001999,55.001999,0.0
nanjing,traffic,traffic.auth.request_latency_seconds_sum_rate,1,1,13099,9000,3.0164053,3.0164053,3.0164053,0.0
nanjing,traffic,traffic.auth.requests_rate,1,1,13099,9000,55.0,55.0,55.0,0.0
nanjing,traffic,traffic.auth.success_rate,1,1,13099,9000,55.001999,55.001999,55.001999,0.0
nanjing,traffic,traffic.auth.success_ratio,1,1,12685,8459,0.22222221,0.22222221,0.22222221,0.0
nanjing,traffic,traffic.dns.active,1,1,19963,19771,1.0,1.0,1.0,0.0
nanjing,traffic,traffic.dns.active_seconds_rate,1,1,19962,19770,42.263813,42.263813,42.263813,0.0
nanjing,traffic,traffic.dns.batch_concurrency,1,1,19963,19771,5.0,5.0,5.0,0.0
nanjing,traffic,traffic.dns.batch_duration_seconds,1,1,19963,19771,20.019007,20.019007,20.019007,0.0
nanjing,traffic,traffic.dns.batches_completed_rate,1,1,19962,19770,3.0,3.0,3.0,0.0
nanjing,traffic,traffic.dns.batches_failed_rate,1,1,19962,19770,0.0,0.0,0.0,1.0
nanjing,traffic,traffic.dns.batches_started_rate,1,1,19962,19770,3.0,3.0,3.0,0.0
nanjing,traffic,traffic.dns.batches_timeout_rate,1,1,19962,19770,0.0,0.0,0.0,1.0
nanjing,traffic,traffic.dns.bytes_received_rate,1,1,19962,19770,13891.54,13891.54,13891.54,0.0
nanjing,traffic,traffic.dns.bytes_sent_rate,1,1,19962,19770,8730.8604,8730.8604,8730.8604,0.0
nanjing,traffic,traffic.dns.duration_seconds_count_rate,1,1,19962,19770,3.0,3.0,3.0,0.0
nanjing,traffic,traffic.dns.duration_seconds_sum_rate,1,1,19962,19770,60.103218,60.103218,60.103218,0.0
nanjing,traffic,traffic.dns.error_rate,1,1,19962,19770,8.0,8.0,8.0,0.0
nanjing,traffic,traffic.dns.error_ratio,1,1,19892,19631,0.071428597,0.071428597,0.071428597,0.0
nanjing,traffic,traffic.dns.last_batch_timestamp_seconds,1,1,19963,19771,128.0,128.0,128.0,0.0
nanjing,traffic,traffic.dns.latency_mean_seconds,1,1,19963,19771,0.0015615799,0.0015615799,0.0015615799,0.0
nanjing,traffic,traffic.dns.latency_p95_seconds,1,1,19963,19771,0.0030447873,0.0030447873,0.0030447873,0.0
nanjing,traffic,traffic.dns.observed_qps,1,1,19963,19771,5.0575418,5.0575418,5.0575418,0.0
nanjing,traffic,traffic.dns.request_latency_seconds_bucket_rate_le_0_01,1,1,19962,19770,0.0,0.0,0.0,1.0
nanjing,traffic,traffic.dns.request_latency_seconds_bucket_rate_le_0_025,1,1,19962,19770,0.0,0.0,0.0,1.0
nanjing,traffic,traffic.dns.request_latency_seconds_bucket_rate_le_0_05,1,1,19962,19770,185.0,185.0,185.0,0.0
nanjing,traffic,traffic.dns.request_latency_seconds_bucket_rate_le_0_1,1,1,19962,19770,185.0,185.0,185.0,0.0
nanjing,traffic,traffic.dns.request_latency_seconds_bucket_rate_le_0_25,1,1,19962,19770,185.0,185.0,185.0,0.0
nanjing,traffic,traffic.dns.request_latency_seconds_bucket_rate_le_0_5,1,1,19962,19770,185.0,185.0,185.0,0.0
nanjing,traffic,traffic.dns.request_latency_seconds_bucket_rate_le_1,1,1,19962,19770,185.0,185.0,185.0,0.0
nanjing,traffic,traffic.dns.request_latency_seconds_bucket_rate_le_2_5,1,1,19962,19770,185.0,185.0,185.0,0.0
nanjing,traffic,traffic.dns.request_latency_seconds_bucket_rate_le_5,1,1,19962,19770,185.0,185.0,185.0,0.0
nanjing,traffic,traffic.dns.request_latency_seconds_bucket_rate_le_plus_inf,1,1,19962,19770,185.0,185.0,185.0,0.0
nanjing,traffic,traffic.dns.request_latency_seconds_count_rate,1,1,19962,19770,185.0,185.0,185.0,0.0
nanjing,traffic,traffic.dns.request_latency_seconds_sum_rate,1,1,19962,19770,6.4225245,6.4225245,6.4225245,0.0
nanjing,traffic,traffic.dns.requests_rate,1,1,19962,19770,185.0,185.0,185.0,0.0
nanjing,traffic,traffic.dns.success_rate,1,1,19962,19770,185.0,185.0,185.0,0.0
nanjing,traffic,traffic.dns.success_ratio,1,1,19892,19631,0.12820512,0.12820512,0.12820512,0.0
nanjing,traffic,traffic.elephant.active,21,15,769,391,1.0,1.0,1.0,0.0
nanjing,traffic,traffic.elephant.active_seconds_rate,21,15,748,378,60.354221,60.689163,60.981731,0.0
nanjing,traffic,traffic.elephant.batch_concurrency,21,15,769,391,4.0,4.0,4.0,0.0
nanjing,traffic,traffic.elephant.batch_duration_seconds,21,15,769,391,60.325256,85.670708,105.44793,0.0
nanjing,traffic,traffic.elephant.batches_completed_rate,21,15,748,378,1.0,1.0,1.0,0.0
nanjing,traffic,traffic.elephant.batches_failed_rate,21,15,748,378,0.0,0.0,0.76999998,0.93333333
nanjing,traffic,traffic.elephant.batches_started_rate,21,15,748,378,0.015190477,0.041676469,0.045499999,0.0
nanjing,traffic,traffic.elephant.batches_timeout_rate,21,15,748,378,0.0,0.0,0.0,1.0
nanjing,traffic,traffic.elephant.bytes_received_rate,21,15,748,378,1499993300.0,1499994100.0,1499994100.0,0.0
nanjing,traffic,traffic.elephant.bytes_sent_rate,21,15,748,378,1499993300.0,1499994100.0,1499994100.0,0.0
nanjing,traffic,traffic.elephant.duration_seconds_count_rate,21,15,748,378,1.0,1.0,1.0,0.0
nanjing,traffic,traffic.elephant.duration_seconds_sum_rate,21,15,748,378,120.8396,121.23018,128.21611,0.0
nanjing,traffic,traffic.elephant.error_rate,21,15,748,378,0.0,0.0,0.0,1.0
nanjing,traffic,traffic.elephant.error_ratio,15,0,266,0,,,,
nanjing,traffic,traffic.elephant.jitter_seconds,15,15,663,391,5.4389719e-05,0.0010660447,0.014885716,0.0
nanjing,traffic,traffic.elephant.last_batch_timestamp_seconds,21,15,769,391,213875.2,279613.97,421145.59,0.0
nanjing,traffic,traffic.elephant.loss_rate,15,15,663,391,0.0,5.7977471e-05,0.00077684101,0.8
nanjing,traffic,traffic.elephant.requests_rate,21,15,748,378,4.0,4.0,4.0,0.0
nanjing,traffic,traffic.elephant.retransmits_rate,21,15,748,378,0.0,0.0,0.0,1.0
nanjing,traffic,traffic.elephant.success_rate,21,15,748,378,4.0,4.0,4.0,0.0
nanjing,traffic,traffic.elephant.success_ratio,15,0,266,0,,,,
nanjing,traffic,traffic.elephant.throughput_bps,15,15,663,391,79999392.0,79999576.0,79999664.0,0.0
nanjing,traffic,traffic.web.active,1,1,18733,17406,1.0,1.0,1.0,0.0
nanjing,traffic,traffic.web.active_seconds_rate,1,1,18732,17405,52.755436,52.755436,52.755436,0.0
nanjing,traffic,traffic.web.batch_concurrency,1,1,18733,17406,4.0,4.0,4.0,0.0
nanjing,traffic,traffic.web.batch_duration_seconds,1,1,18733,17406,45.041523,45.041523,45.041523,0.0
nanjing,traffic,traffic.web.batches_completed_rate,1,1,18732,17405,2.0,2.0,2.0,0.0
nanjing,traffic,traffic.web.batches_failed_rate,1,1,18732,17405,1.0,1.0,1.0,0.0
nanjing,traffic,traffic.web.batches_started_rate,1,1,18732,17405,2.0,2.0,2.0,0.0
nanjing,traffic,traffic.web.batches_timeout_rate,1,1,18732,17405,0.47999999,0.47999999,0.47999999,0.0
nanjing,traffic,traffic.web.bytes_received_rate,1,1,18732,17405,56125.32,56125.32,56125.32,0.0
nanjing,traffic,traffic.web.bytes_sent_rate,1,1,18732,17405,21256.561,21256.561,21256.561,0.0
nanjing,traffic,traffic.web.duration_seconds_count_rate,1,1,18732,17405,2.0,2.0,2.0,0.0
nanjing,traffic,traffic.web.duration_seconds_sum_rate,1,1,18732,17405,90.169968,90.169968,90.169968,0.0
nanjing,traffic,traffic.web.error_rate,1,1,18732,17405,10.0,10.0,10.0,0.0
nanjing,traffic,traffic.web.error_ratio,1,1,18434,16957,0.0,0.0,0.0,1.0
nanjing,traffic,traffic.web.last_batch_timestamp_seconds,1,1,18733,17406,256.0,256.0,256.0,0.0
nanjing,traffic,traffic.web.latency_mean_seconds,1,1,18733,17406,0.055501733,0.055501733,0.055501733,0.0
nanjing,traffic,traffic.web.latency_p95_seconds,1,1,18733,17406,0.21194512,0.21194512,0.21194512,0.0
nanjing,traffic,traffic.web.observed_qps,1,1,18733,17406,3.5256793,3.5256793,3.5256793,0.0
nanjing,traffic,traffic.web.request_latency_seconds_bucket_rate_le_0_01,1,1,18732,17405,0.0,0.0,0.0,1.0
nanjing,traffic,traffic.web.request_latency_seconds_bucket_rate_le_0_025,1,1,18732,17405,189.0,189.0,189.0,0.0
nanjing,traffic,traffic.web.request_latency_seconds_bucket_rate_le_0_05,1,1,18732,17405,189.0,189.0,189.0,0.0
nanjing,traffic,traffic.web.request_latency_seconds_bucket_rate_le_0_1,1,1,18732,17405,189.0,189.0,189.0,0.0
nanjing,traffic,traffic.web.request_latency_seconds_bucket_rate_le_0_25,1,1,18732,17405,202.0,202.0,202.0,0.0
nanjing,traffic,traffic.web.request_latency_seconds_bucket_rate_le_0_5,1,1,18732,17405,202.0,202.0,202.0,0.0
nanjing,traffic,traffic.web.request_latency_seconds_bucket_rate_le_1,1,1,18732,17405,202.0,202.0,202.0,0.0
nanjing,traffic,traffic.web.request_latency_seconds_bucket_rate_le_2_5,1,1,18732,17405,202.0,202.0,202.0,0.0
nanjing,traffic,traffic.web.request_latency_seconds_bucket_rate_le_5,1,1,18732,17405,202.0,202.0,202.0,0.0
nanjing,traffic,traffic.web.request_latency_seconds_bucket_rate_le_plus_inf,1,1,18732,17405,202.0,202.0,202.0,0.0
nanjing,traffic,traffic.web.request_latency_seconds_count_rate,1,1,18732,17405,202.0,202.0,202.0,0.0
nanjing,traffic,traffic.web.request_latency_seconds_sum_rate,1,1,18732,17405,7.5264025,7.5264025,7.5264025,0.0
nanjing,traffic,traffic.web.requests_rate,1,1,18732,17405,202.0,202.0,202.0,0.0
nanjing,traffic,traffic.web.success_rate,1,1,18732,17405,202.0,202.0,202.0,0.0
nanjing,traffic,traffic.web.success_ratio,1,1,18434,16957,0.19999999,0.19999999,0.19999999,0.0
shanghai,interface,interface.carrier_changes,60,60,1208510,1208370,0.0,0.0,0.0,1.0
shanghai,interface,interface.rx_bytes_rate,60,60,1208510,1208370,0.0,2146511.2,6520798.5,0.61666667
shanghai,interface,interface.rx_drop_rate,60,60,1208510,1208370,0.0,0.0,0.0,1.0
shanghai,interface,interface.rx_error_rate,60,60,1208510,1208370,0.0,0.0,0.0,1.0
shanghai,interface,interface.rx_packets_rate,60,60,1208510,1208370,0.0,1487.9742,4375.1538,0.61666667
shanghai,interface,interface.tx_bytes_rate,60,60,1208510,1208370,0.0,275653.53,6521164.5,0.61666667
shanghai,interface,interface.tx_drop_rate,60,60,1208510,1208370,0.0,0.0,0.0,1.0
shanghai,interface,interface.tx_error_rate,60,60,1208510,1208370,0.0,0.0,0.0,1.0
shanghai,interface,interface.tx_packets_rate,60,60,1208510,1208370,0.0,217.94467,4377.6929,0.61666667
shanghai,routing,routing.bgp_command_success,2,2,40211,40201,0.0,0.0,0.0,1.0
shanghai,routing,routing.bgp_peer_prefix_received,15,14,201055,200975,0.0,0.0,0.0,1.0
shanghai,routing,routing.bgp_peer_prefix_sent,10,10,200970,200905,0.0,0.0,0.0,1.0
shanghai,routing,routing.bgp_peer_up,15,14,201055,200975,0.0,0.0,0.0,1.0
shanghai,routing,routing.bgp_peer_uptime_seconds,15,14,201055,200975,62.0,62.0,62.0,0.0
shanghai,routing,routing.ipv6_default_route_info,6,6,120851,120837,0.0,0.0,0.0,1.0
shanghai,routing,routing.ipv6_route_change_total,36,36,724779,724671,0.0,0.0,0.0,1.0
shanghai,routing,routing.ipv6_route_count,18,18,362335,362277,0.0,0.0,0.0,1.0
shanghai,routing,routing.ipv6_route_exists,36,36,724779,724671,0.0,0.0,0.0,1.0
shanghai,routing,routing.ipv6_route_nexthop_info,51,50,926270,926114,0.0,0.0,0.0,1.0
shanghai,routing,routing.ospf6_interface_cost,6,6,120851,120837,0.0,0.0,0.0,1.0
shanghai,routing,routing.ospf6_interface_enabled,48,48,966372,966228,0.0,0.0,0.0,1.0
shanghai,routing,routing.ospf6_neighbor_state_code,14,14,281841,281799,0.0,0.0,0.0,1.0
shanghai,scrape,scrape.scrape_duration_seconds,13,13,262080,262067,0.016862554,0.025081595,0.025571899,0.0
shanghai,scrape,scrape.scrape_samples,13,13,262080,262067,1.0,12.0,12.0,0.30769231
shanghai,scrape,scrape.scrape_up,13,13,262080,262067,0.0,0.0,0.0,1.0
shanghai,traffic,traffic.auth.active,1,1,13241,9167,1.0,1.0,1.0,0.0
shanghai,traffic,traffic.auth.active_seconds_rate,1,1,13240,9166,29.518948,29.518948,29.518948,0.0
shanghai,traffic,traffic.auth.batch_concurrency,1,1,13241,9167,4.0,4.0,4.0,0.0
shanghai,traffic,traffic.auth.batch_duration_seconds,1,1,13241,9167,20.076624,20.076624,20.076624,0.0
shanghai,traffic,traffic.auth.batches_completed_rate,1,1,13240,9166,2.0,2.0,2.0,0.0
shanghai,traffic,traffic.auth.batches_failed_rate,1,1,13240,9166,1.0,1.0,1.0,0.0
shanghai,traffic,traffic.auth.batches_started_rate,1,1,13240,9166,2.0,2.0,2.0,0.0
shanghai,traffic,traffic.auth.batches_timeout_rate,1,1,13240,9166,0.0,0.0,0.0,1.0
shanghai,traffic,traffic.auth.bytes_received_rate,1,1,13240,9166,11970.0,11970.0,11970.0,0.0
shanghai,traffic,traffic.auth.bytes_sent_rate,1,1,13240,9166,11218.625,11218.625,11218.625,0.0
shanghai,traffic,traffic.auth.duration_seconds_count_rate,1,1,13240,9166,2.0,2.0,2.0,0.0
shanghai,traffic,traffic.auth.duration_seconds_sum_rate,1,1,13240,9166,40.194424,40.194424,40.194424,0.0
shanghai,traffic,traffic.auth.error_rate,1,1,13240,9166,8.0,8.0,8.0,0.0
shanghai,traffic,traffic.auth.error_ratio,1,1,12805,8651,0.0,0.0,0.0,1.0
shanghai,traffic,traffic.auth.last_batch_timestamp_seconds,1,1,13241,9167,256.0,256.0,256.0,0.0
shanghai,traffic,traffic.auth.latency_mean_seconds,1,1,13241,9167,0.0029427663,0.0029427663,0.0029427663,0.0
shanghai,traffic,traffic.auth.latency_p95_seconds,1,1,13241,9167,0.0052413815,0.0052413815,0.0052413815,0.0
shanghai,traffic,traffic.auth.observed_qps,1,1,13241,9167,2.5398738,2.5398738,2.5398738,0.0
shanghai,traffic,traffic.auth.request_latency_seconds_bucket_rate_le_0_01,1,1,13240,9166,0.0,0.0,0.0,1.0
shanghai,traffic,traffic.auth.request_latency_seconds_bucket_rate_le_0_025,1,1,13240,9166,0.0,0.0,0.0,1.0
shanghai,traffic,traffic.auth.request_latency_seconds_bucket_rate_le_0_05,1,1,13240,9166,16.674999,16.674999,16.674999,0.0
shanghai,traffic,traffic.auth.request_latency_seconds_bucket_rate_le_0_1,1,1,13240,9166,56.395832,56.395832,56.395832,0.0
shanghai,traffic,traffic.auth.request_latency_seconds_bucket_rate_le_0_25,1,1,13240,9166,56.087502,56.087502,56.087502,0.0
shanghai,traffic,traffic.auth.request_latency_seconds_bucket_rate_le_0_5,1,1,13240,9166,56.087502,56.087502,56.087502,0.0
shanghai,traffic,traffic.auth.request_latency_seconds_bucket_rate_le_1,1,1,13240,9166,56.087502,56.087502,56.087502,0.0
shanghai,traffic,traffic.auth.request_latency_seconds_bucket_rate_le_2_5,1,1,13240,9166,56.087502,56.087502,56.087502,0.0
shanghai,traffic,traffic.auth.request_latency_seconds_bucket_rate_le_5,1,1,13240,9166,56.087502,56.087502,56.087502,0.0
shanghai,traffic,traffic.auth.request_latency_seconds_bucket_rate_le_plus_inf,1,1,13240,9166,56.087502,56.087502,56.087502,0.0
shanghai,traffic,traffic.auth.request_latency_seconds_count_rate,1,1,13240,9166,56.087502,56.087502,56.087502,0.0
shanghai,traffic,traffic.auth.request_latency_seconds_sum_rate,1,1,13240,9166,2.9411795,2.9411795,2.9411795,0.0
shanghai,traffic,traffic.auth.requests_rate,1,1,13240,9166,56.395832,56.395832,56.395832,0.0
shanghai,traffic,traffic.auth.success_rate,1,1,13240,9166,56.087502,56.087502,56.087502,0.0
shanghai,traffic,traffic.auth.success_ratio,1,1,12805,8651,0.19999999,0.19999999,0.19999999,0.0
shanghai,traffic,traffic.dns.active,1,1,19945,19751,1.0,1.0,1.0,0.0
shanghai,traffic,traffic.dns.active_seconds_rate,1,1,19944,19750,42.115829,42.115829,42.115829,0.0
shanghai,traffic,traffic.dns.batch_concurrency,1,1,19945,19751,5.0,5.0,5.0,0.0
shanghai,traffic,traffic.dns.batch_duration_seconds,1,1,19945,19751,20.036064,20.036064,20.036064,0.0
shanghai,traffic,traffic.dns.batches_completed_rate,1,1,19944,19750,3.0,3.0,3.0,0.0
shanghai,traffic,traffic.dns.batches_failed_rate,1,1,19944,19750,1.0,1.0,1.0,0.0
shanghai,traffic,traffic.dns.batches_started_rate,1,1,19944,19750,3.0,3.0,3.0,0.0
shanghai,traffic,traffic.dns.batches_timeout_rate,1,1,19944,19750,1.0,1.0,1.0,0.0
shanghai,traffic,traffic.dns.bytes_received_rate,1,1,19944,19750,13589.06,13589.06,13589.06,0.0
shanghai,traffic,traffic.dns.bytes_sent_rate,1,1,19944,19750,8546.0,8546.0,8546.0,0.0
shanghai,traffic,traffic.dns.duration_seconds_count_rate,1,1,19944,19750,3.0,3.0,3.0,0.0
shanghai,traffic,traffic.dns.duration_seconds_sum_rate,1,1,19944,19750,60.102325,60.102325,60.102325,0.0
shanghai,traffic,traffic.dns.error_rate,1,1,19944,19750,14.0,14.0,14.0,0.0
shanghai,traffic,traffic.dns.error_ratio,1,1,19862,19586,0.091335207,0.091335207,0.091335207,0.0
shanghai,traffic,traffic.dns.last_batch_timestamp_seconds,1,1,19945,19751,128.0,128.0,128.0,0.0
shanghai,traffic,traffic.dns.latency_mean_seconds,1,1,19945,19751,0.0011514127,0.0011514127,0.0011514127,0.0
shanghai,traffic,traffic.dns.latency_p95_seconds,1,1,19945,19751,0.0027236231,0.0027236231,0.0027236231,0.0
shanghai,traffic,traffic.dns.observed_qps,1,1,19945,19751,5.0333581,5.0333581,5.0333581,0.0
shanghai,traffic,traffic.dns.request_latency_seconds_bucket_rate_le_0_01,1,1,19944,19750,0.0,0.0,0.0,1.0
shanghai,traffic,traffic.dns.request_latency_seconds_bucket_rate_le_0_025,1,1,19944,19750,0.0,0.0,0.0,1.0
shanghai,traffic,traffic.dns.request_latency_seconds_bucket_rate_le_0_05,1,1,19944,19750,180.0,180.0,180.0,0.0
shanghai,traffic,traffic.dns.request_latency_seconds_bucket_rate_le_0_1,1,1,19944,19750,180.0,180.0,180.0,0.0
shanghai,traffic,traffic.dns.request_latency_seconds_bucket_rate_le_0_25,1,1,19944,19750,180.0,180.0,180.0,0.0
shanghai,traffic,traffic.dns.request_latency_seconds_bucket_rate_le_0_5,1,1,19944,19750,180.0,180.0,180.0,0.0
shanghai,traffic,traffic.dns.request_latency_seconds_bucket_rate_le_1,1,1,19944,19750,180.0,180.0,180.0,0.0
shanghai,traffic,traffic.dns.request_latency_seconds_bucket_rate_le_2_5,1,1,19944,19750,180.0,180.0,180.0,0.0
shanghai,traffic,traffic.dns.request_latency_seconds_bucket_rate_le_5,1,1,19944,19750,180.0,180.0,180.0,0.0
shanghai,traffic,traffic.dns.request_latency_seconds_bucket_rate_le_plus_inf,1,1,19944,19750,180.0,180.0,180.0,0.0
shanghai,traffic,traffic.dns.request_latency_seconds_count_rate,1,1,19944,19750,180.0,180.0,180.0,0.0
shanghai,traffic,traffic.dns.request_latency_seconds_sum_rate,1,1,19944,19750,5.0531406,5.0531406,5.0531406,0.0
shanghai,traffic,traffic.dns.requests_rate,1,1,19944,19750,180.0,180.0,180.0,0.0
shanghai,traffic,traffic.dns.success_rate,1,1,19944,19750,180.0,180.0,180.0,0.0
shanghai,traffic,traffic.dns.success_ratio,1,1,19862,19586,0.1220796,0.1220796,0.1220796,0.0
shanghai,traffic,traffic.elephant.active,21,15,761,390,1.0,1.0,1.0,0.0
shanghai,traffic,traffic.elephant.active_seconds_rate,21,15,740,375,60.48193,61.147625,63.199196,0.0
shanghai,traffic,traffic.elephant.batch_concurrency,21,15,761,390,4.0,4.0,4.0,0.0
shanghai,traffic,traffic.elephant.batch_duration_seconds,21,15,761,390,60.230427,89.950188,110.51072,0.0
shanghai,traffic,traffic.elephant.batches_completed_rate,21,15,740,375,1.0,1.0,1.0,0.0
shanghai,traffic,traffic.elephant.batches_failed_rate,21,15,740,375,0.0,0.0,0.74000001,0.93333333
shanghai,traffic,traffic.elephant.batches_started_rate,21,15,740,375,0.0097504454,0.041043572,0.045186047,0.0
shanghai,traffic,traffic.elephant.batches_timeout_rate,21,15,740,375,0.0,0.0,0.0,1.0
shanghai,traffic,traffic.elephant.bytes_received_rate,21,15,740,375,1499991200.0,1499993900.0,1499994100.0,0.0
shanghai,traffic,traffic.elephant.bytes_sent_rate,21,15,740,375,1499991200.0,1499993900.0,1499994100.0,0.0
shanghai,traffic,traffic.elephant.duration_seconds_count_rate,21,15,740,375,1.0,1.0,1.0,0.0
shanghai,traffic,traffic.elephant.duration_seconds_sum_rate,21,15,740,375,120.89668,124.90926,132.17198,0.0
shanghai,traffic,traffic.elephant.error_rate,21,15,740,375,0.0,0.0,0.0,1.0
shanghai,traffic,traffic.elephant.error_ratio,15,0,255,0,,,,
shanghai,traffic,traffic.elephant.jitter_seconds,15,15,654,390,6.6322144e-05,0.00022304342,0.048469149,0.0
shanghai,traffic,traffic.elephant.last_batch_timestamp_seconds,21,15,761,390,189742.08,287599.38,311796.47,0.0
shanghai,traffic,traffic.elephant.loss_rate,15,15,654,390,0.0,2.4561768e-05,0.0005542608,0.86666667
shanghai,traffic,traffic.elephant.requests_rate,21,15,740,375,4.0,4.0,4.0,0.0
shanghai,traffic,traffic.elephant.retransmits_rate,21,15,740,375,0.0,0.0,0.0,1.0
shanghai,traffic,traffic.elephant.success_rate,21,15,740,375,4.0,4.0,4.0,0.0
shanghai,traffic,traffic.elephant.success_ratio,15,0,255,0,,,,
shanghai,traffic,traffic.elephant.throughput_bps,15,15,654,390,79999328.0,79999632.0,79999704.0,0.0
shanghai,traffic,traffic.web.active,1,1,18807,17577,1.0,1.0,1.0,0.0
shanghai,traffic,traffic.web.active_seconds_rate,1,1,18806,17576,51.86203,51.86203,51.86203,0.0
shanghai,traffic,traffic.web.batch_concurrency,1,1,18807,17577,4.0,4.0,4.0,0.0
shanghai,traffic,traffic.web.batch_duration_seconds,1,1,18807,17577,45.084728,45.084728,45.084728,0.0
shanghai,traffic,traffic.web.batches_completed_rate,1,1,18806,17576,2.0,2.0,2.0,0.0
shanghai,traffic,traffic.web.batches_failed_rate,1,1,18806,17576,1.0,1.0,1.0,0.0
shanghai,traffic,traffic.web.batches_started_rate,1,1,18806,17576,2.0,2.0,2.0,0.0
shanghai,traffic,traffic.web.batches_timeout_rate,1,1,18806,17576,0.0,0.0,0.0,1.0
shanghai,traffic,traffic.web.bytes_received_rate,1,1,18806,17576,55570.75,55570.75,55570.75,0.0
shanghai,traffic,traffic.web.bytes_sent_rate,1,1,18806,17576,20913.5,20913.5,20913.5,0.0
shanghai,traffic,traffic.web.duration_seconds_count_rate,1,1,18806,17576,2.0,2.0,2.0,0.0
shanghai,traffic,traffic.web.duration_seconds_sum_rate,1,1,18806,17576,90.157143,90.157143,90.157143,0.0
shanghai,traffic,traffic.web.error_rate,1,1,18806,17576,5.0,5.0,5.0,0.0
shanghai,traffic,traffic.web.error_ratio,1,1,18386,17006,0.0,0.0,0.0,1.0
shanghai,traffic,traffic.web.last_batch_timestamp_seconds,1,1,18807,17577,256.0,256.0,256.0,0.0
shanghai,traffic,traffic.web.latency_mean_seconds,1,1,18807,17577,0.00083416305,0.00083416305,0.00083416305,0.0
shanghai,traffic,traffic.web.latency_p95_seconds,1,1,18807,17577,0.0013452638,0.0013452638,0.0013452638,0.0
shanghai,traffic,traffic.web.observed_qps,1,1,18807,17577,3.4675238,3.4675238,3.4675238,0.0
shanghai,traffic,traffic.web.request_latency_seconds_bucket_rate_le_0_01,1,1,18806,17576,201.0,201.0,201.0,0.0
shanghai,traffic,traffic.web.request_latency_seconds_bucket_rate_le_0_025,1,1,18806,17576,201.0,201.0,201.0,0.0
shanghai,traffic,traffic.web.request_latency_seconds_bucket_rate_le_0_05,1,1,18806,17576,201.0,201.0,201.0,0.0
shanghai,traffic,traffic.web.request_latency_seconds_bucket_rate_le_0_1,1,1,18806,17576,201.0,201.0,201.0,0.0
shanghai,traffic,traffic.web.request_latency_seconds_bucket_rate_le_0_25,1,1,18806,17576,201.0,201.0,201.0,0.0
shanghai,traffic,traffic.web.request_latency_seconds_bucket_rate_le_0_5,1,1,18806,17576,201.0,201.0,201.0,0.0
shanghai,traffic,traffic.web.request_latency_seconds_bucket_rate_le_1,1,1,18806,17576,201.0,201.0,201.0,0.0
shanghai,traffic,traffic.web.request_latency_seconds_bucket_rate_le_2_5,1,1,18806,17576,201.0,201.0,201.0,0.0
shanghai,traffic,traffic.web.request_latency_seconds_bucket_rate_le_5,1,1,18806,17576,201.0,201.0,201.0,0.0
shanghai,traffic,traffic.web.request_latency_seconds_bucket_rate_le_plus_inf,1,1,18806,17576,201.0,201.0,201.0,0.0
shanghai,traffic,traffic.web.request_latency_seconds_count_rate,1,1,18806,17576,201.0,201.0,201.0,0.0
shanghai,traffic,traffic.web.request_latency_seconds_sum_rate,1,1,18806,17576,0.30324709,0.30324709,0.30324709,0.0
shanghai,traffic,traffic.web.requests_rate,1,1,18806,17576,201.0,201.0,201.0,0.0
shanghai,traffic,traffic.web.success_rate,1,1,18806,17576,201.0,201.0,201.0,0.0
shanghai,traffic,traffic.web.success_ratio,1,1,18386,17006,0.090909064,0.090909064,0.090909064,0.0
shenyang,interface,interface.carrier_changes,60,60,1209076,1208992,0.0,0.0,0.0,1.0
shenyang,interface,interface.rx_bytes_rate,60,60,1209076,1208992,0.0,3625122.0,6780405.0,0.61666667
shenyang,interface,interface.rx_drop_rate,60,60,1209076,1208992,0.0,0.0,0.0,1.0
shenyang,interface,interface.rx_error_rate,60,60,1209076,1208992,0.0,0.0,0.0,1.0
shenyang,interface,interface.rx_packets_rate,60,60,1209076,1208992,0.0,2432.958,4548.0513,0.61666667
shenyang,interface,interface.tx_bytes_rate,60,60,1209076,1208992,0.0,3869062.8,6780471.0,0.61666667
shenyang,interface,interface.tx_drop_rate,60,60,1209076,1208992,0.0,0.0,0.0,1.0
shenyang,interface,interface.tx_error_rate,60,60,1209076,1208992,0.0,0.0,0.0,1.0
shenyang,interface,interface.tx_packets_rate,60,60,1209076,1208992,0.0,2594.6504,4548.188,0.61666667
shenyang,routing,routing.bgp_command_success,2,2,40276,40272,0.0,0.0,0.0,1.0
shenyang,routing,routing.bgp_peer_prefix_received,6,6,80552,80532,0.0,0.0,0.0,1.0
shenyang,routing,routing.bgp_peer_prefix_sent,4,4,80514,80500,0.0,0.0,0.0,1.0
shenyang,routing,routing.bgp_peer_up,6,6,80552,80532,0.0,0.0,0.0,1.0
shenyang,routing,routing.bgp_peer_uptime_seconds,6,6,80552,80532,62.0,62.0,62.0,0.0
shenyang,routing,routing.ipv6_default_route_info,6,6,120916,120908,0.0,0.0,0.0,1.0
shenyang,routing,routing.ipv6_route_change_total,36,36,725364,725310,0.0,0.0,0.0,1.0
shenyang,routing,routing.ipv6_route_count,19,19,362684,362655,0.0,0.0,0.0,1.0
shenyang,routing,routing.ipv6_route_exists,36,36,725364,725310,0.0,0.0,0.0,1.0
shenyang,routing,routing.ipv6_route_nexthop_info,62,62,1128520,1128408,0.0,0.0,0.0,1.0
shenyang,routing,routing.ospf6_interface_cost,6,6,120916,120908,0.0,0.0,0.0,1.0
shenyang,routing,routing.ospf6_interface_enabled,48,48,967152,967080,0.0,0.0,0.0,1.0
shenyang,routing,routing.ospf6_neighbor_state_code,14,14,282060,282038,0.0,0.0,0.0,1.0
shenyang,scrape,scrape.scrape_duration_seconds,13,13,262080,262067,0.014370499,0.017246705,0.020434501,0.0
shenyang,scrape,scrape.scrape_samples,13,13,262080,262067,1.0,8.6000004,10.0,0.30769231
shenyang,scrape,scrape.scrape_up,13,13,262080,262067,0.0,0.0,0.0,1.0
shenyang,traffic,traffic.auth.active,1,1,13102,9035,1.0,1.0,1.0,0.0
shenyang,traffic,traffic.auth.active_seconds_rate,1,1,13101,9034,29.237675,29.237675,29.237675,0.0
shenyang,traffic,traffic.auth.batch_concurrency,1,1,13102,9035,4.0,4.0,4.0,0.0
shenyang,traffic,traffic.auth.batch_duration_seconds,1,1,13102,9035,20.061007,20.061007,20.061007,0.0
shenyang,traffic,traffic.auth.batches_completed_rate,1,1,13101,9034,2.0,2.0,2.0,0.0
shenyang,traffic,traffic.auth.batches_failed_rate,1,1,13101,9034,1.0,1.0,1.0,0.0
shenyang,traffic,traffic.auth.batches_started_rate,1,1,13101,9034,2.0,2.0,2.0,0.0
shenyang,traffic,traffic.auth.batches_timeout_rate,1,1,13101,9034,0.0,0.0,0.0,1.0
shenyang,traffic,traffic.auth.bytes_received_rate,1,1,13101,9034,11960.0,11960.0,11960.0,0.0
shenyang,traffic,traffic.auth.bytes_sent_rate,1,1,13101,9034,11170.0,11170.0,11170.0,0.0
shenyang,traffic,traffic.auth.duration_seconds_count_rate,1,1,13101,9034,2.0,2.0,2.0,0.0
shenyang,traffic,traffic.auth.duration_seconds_sum_rate,1,1,13101,9034,40.157574,40.157574,40.157574,0.0
shenyang,traffic,traffic.auth.error_rate,1,1,13101,9034,8.0,8.0,8.0,0.0
shenyang,traffic,traffic.auth.error_ratio,1,1,12704,8532,0.0,0.0,0.0,1.0
shenyang,traffic,traffic.auth.last_batch_timestamp_seconds,1,1,13102,9035,256.0,256.0,256.0,0.0
shenyang,traffic,traffic.auth.latency_mean_seconds,1,1,13102,9035,0.093488112,0.093488112,0.093488112,0.0
shenyang,traffic,traffic.auth.latency_p95_seconds,1,1,13102,9035,0.23690934,0.23690934,0.23690934,0.0
shenyang,traffic,traffic.auth.observed_qps,1,1,13102,9035,2.4206772,2.4206772,2.4206772,0.0
shenyang,traffic,traffic.auth.request_latency_seconds_bucket_rate_le_0_01,1,1,13101,9034,0.0,0.0,0.0,1.0
shenyang,traffic,traffic.auth.request_latency_seconds_bucket_rate_le_0_025,1,1,13101,9034,0.0,0.0,0.0,1.0
shenyang,traffic,traffic.auth.request_latency_seconds_bucket_rate_le_0_05,1,1,13101,9034,0.0,0.0,0.0,1.0
shenyang,traffic,traffic.auth.request_latency_seconds_bucket_rate_le_0_1,1,1,13101,9034,51.611668,51.611668,51.611668,0.0
shenyang,traffic,traffic.auth.request_latency_seconds_bucket_rate_le_0_25,1,1,13101,9034,51.611668,51.611668,51.611668,0.0
shenyang,traffic,traffic.auth.request_latency_seconds_bucket_rate_le_0_5,1,1,13101,9034,56.0,56.0,56.0,0.0
shenyang,traffic,traffic.auth.request_latency_seconds_bucket_rate_le_1,1,1,13101,9034,56.0,56.0,56.0,0.0
shenyang,traffic,traffic.auth.request_latency_seconds_bucket_rate_le_2_5,1,1,13101,9034,56.0,56.0,56.0,0.0
shenyang,traffic,traffic.auth.request_latency_seconds_bucket_rate_le_5,1,1,13101,9034,56.0,56.0,56.0,0.0
shenyang,traffic,traffic.auth.request_latency_seconds_bucket_rate_le_plus_inf,1,1,13101,9034,56.0,56.0,56.0,0.0
shenyang,traffic,traffic.auth.request_latency_seconds_count_rate,1,1,13101,9034,56.0,56.0,56.0,0.0
shenyang,traffic,traffic.auth.request_latency_seconds_sum_rate,1,1,13101,9034,6.9088917,6.9088917,6.9088917,0.0
shenyang,traffic,traffic.auth.requests_rate,1,1,13101,9034,56.0,56.0,56.0,0.0
shenyang,traffic,traffic.auth.success_rate,1,1,13101,9034,56.0,56.0,56.0,0.0
shenyang,traffic,traffic.auth.success_ratio,1,1,12704,8532,0.33333331,0.33333331,0.33333331,0.0
shenyang,traffic,traffic.dns.active,1,1,19956,19779,1.0,1.0,1.0,0.0
shenyang,traffic,traffic.dns.active_seconds_rate,1,1,19955,19778,42.648788,42.648788,42.648788,0.0
shenyang,traffic,traffic.dns.batch_concurrency,1,1,19956,19779,5.0,5.0,5.0,0.0
shenyang,traffic,traffic.dns.batch_duration_seconds,1,1,19956,19779,20.020044,20.020044,20.020044,0.0
shenyang,traffic,traffic.dns.batches_completed_rate,1,1,19955,19778,3.0,3.0,3.0,0.0
shenyang,traffic,traffic.dns.batches_failed_rate,1,1,19955,19778,0.0,0.0,0.0,1.0
shenyang,traffic,traffic.dns.batches_started_rate,1,1,19955,19778,3.0,3.0,3.0,0.0
shenyang,traffic,traffic.dns.batches_timeout_rate,1,1,19955,19778,0.0,0.0,0.0,1.0
shenyang,traffic,traffic.dns.bytes_received_rate,1,1,19955,19778,13780.61,13780.61,13780.61,0.0
shenyang,traffic,traffic.dns.bytes_sent_rate,1,1,19955,19778,8656.6104,8656.6104,8656.6104,0.0
shenyang,traffic,traffic.dns.duration_seconds_count_rate,1,1,19955,19778,3.0,3.0,3.0,0.0
shenyang,traffic,traffic.dns.duration_seconds_sum_rate,1,1,19955,19778,60.102875,60.102875,60.102875,0.0
shenyang,traffic,traffic.dns.error_rate,1,1,19955,19778,10.0,10.0,10.0,0.0
shenyang,traffic,traffic.dns.error_ratio,1,1,19896,19660,0.083333336,0.083333336,0.083333336,0.0
shenyang,traffic,traffic.dns.last_batch_timestamp_seconds,1,1,19956,19779,128.0,128.0,128.0,0.0
shenyang,traffic,traffic.dns.latency_mean_seconds,1,1,19956,19779,0.0012162408,0.0012162408,0.0012162408,0.0
shenyang,traffic,traffic.dns.latency_p95_seconds,1,1,19956,19779,0.0026863148,0.0026863148,0.0026863148,0.0
shenyang,traffic,traffic.dns.observed_qps,1,1,19956,19779,5.0697565,5.0697565,5.0697565,0.0
shenyang,traffic,traffic.dns.request_latency_seconds_bucket_rate_le_0_01,1,1,19955,19778,0.0,0.0,0.0,1.0
shenyang,traffic,traffic.dns.request_latency_seconds_bucket_rate_le_0_025,1,1,19955,19778,182.23,182.23,182.23,0.0
shenyang,traffic,traffic.dns.request_latency_seconds_bucket_rate_le_0_05,1,1,19955,19778,183.0,183.0,183.0,0.0
shenyang,traffic,traffic.dns.request_latency_seconds_bucket_rate_le_0_1,1,1,19955,19778,183.0,183.0,183.0,0.0
shenyang,traffic,traffic.dns.request_latency_seconds_bucket_rate_le_0_25,1,1,19955,19778,183.0,183.0,183.0,0.0
shenyang,traffic,traffic.dns.request_latency_seconds_bucket_rate_le_0_5,1,1,19955,19778,183.0,183.0,183.0,0.0
shenyang,traffic,traffic.dns.request_latency_seconds_bucket_rate_le_1,1,1,19955,19778,183.0,183.0,183.0,0.0
shenyang,traffic,traffic.dns.request_latency_seconds_bucket_rate_le_2_5,1,1,19955,19778,183.0,183.0,183.0,0.0
shenyang,traffic,traffic.dns.request_latency_seconds_bucket_rate_le_5,1,1,19955,19778,183.0,183.0,183.0,0.0
shenyang,traffic,traffic.dns.request_latency_seconds_bucket_rate_le_plus_inf,1,1,19955,19778,183.0,183.0,183.0,0.0
shenyang,traffic,traffic.dns.request_latency_seconds_count_rate,1,1,19955,19778,183.0,183.0,183.0,0.0
shenyang,traffic,traffic.dns.request_latency_seconds_sum_rate,1,1,19955,19778,2.4895487,2.4895487,2.4895487,0.0
shenyang,traffic,traffic.dns.requests_rate,1,1,19955,19778,182.23,182.23,182.23,0.0
shenyang,traffic,traffic.dns.success_rate,1,1,19955,19778,183.0,183.0,183.0,0.0
shenyang,traffic,traffic.dns.success_ratio,1,1,19896,19660,0.090909064,0.090909064,0.090909064,0.0
shenyang,traffic,traffic.elephant.active,21,15,823,427,1.0,1.0,1.0,0.0
shenyang,traffic,traffic.elephant.active_seconds_rate,21,15,802,412,60.640312,60.857235,61.017723,0.0
shenyang,traffic,traffic.elephant.batch_concurrency,21,15,823,427,4.0,4.0,4.0,0.0
shenyang,traffic,traffic.elephant.batch_duration_seconds,21,15,823,427,60.443886,97.388969,106.43433,0.0
shenyang,traffic,traffic.elephant.batches_completed_rate,21,15,802,412,1.0,1.0,1.0,0.0
shenyang,traffic,traffic.elephant.batches_failed_rate,21,15,802,412,0.0,0.0,0.82999998,0.93333333
shenyang,traffic,traffic.elephant.batches_started_rate,21,15,802,412,0.014109589,0.02335,0.050000001,0.0
shenyang,traffic,traffic.elephant.batches_timeout_rate,21,15,802,412,0.0,0.0,0.0,1.0
shenyang,traffic,traffic.elephant.bytes_received_rate,21,15,802,412,1499993200.0,1499994100.0,1499994100.0,0.0
shenyang,traffic,traffic.elephant.bytes_sent_rate,21,15,802,412,1499993200.0,1499994100.0,1499994100.0,0.0
shenyang,traffic,traffic.elephant.duration_seconds_count_rate,21,15,802,412,1.0,1.0,1.0,0.0
shenyang,traffic,traffic.elephant.duration_seconds_sum_rate,21,15,802,412,120.9055,121.65561,128.80437,0.0
shenyang,traffic,traffic.elephant.error_rate,21,15,802,412,0.0,0.0,0.0,1.0
shenyang,traffic,traffic.elephant.error_ratio,15,0,278,0,,,,
shenyang,traffic,traffic.elephant.jitter_seconds,15,15,712,427,8.3921987e-05,0.00013479718,0.0001432284,0.0
shenyang,traffic,traffic.elephant.last_batch_timestamp_seconds,21,15,823,427,241536.0,337163.53,487208.97,0.0
shenyang,traffic,traffic.elephant.loss_rate,15,15,712,427,0.0,0.00040250726,0.0013518531,0.8
shenyang,traffic,traffic.elephant.requests_rate,21,15,802,412,4.0,4.0,4.0,0.0
shenyang,traffic,traffic.elephant.retransmits_rate,21,15,802,412,0.0,0.0,0.0,1.0
shenyang,traffic,traffic.elephant.success_rate,21,15,802,412,4.0,4.0,4.0,0.0
shenyang,traffic,traffic.elephant.success_ratio,15,0,278,0,,,,
shenyang,traffic,traffic.elephant.throughput_bps,15,15,712,427,79999496.0,79999648.0,79999696.0,0.0
shenyang,traffic,traffic.web.active,1,1,18805,17570,1.0,1.0,1.0,0.0
shenyang,traffic,traffic.web.active_seconds_rate,1,1,18804,17569,53.728756,53.728756,53.728756,0.0
shenyang,traffic,traffic.web.batch_concurrency,1,1,18805,17570,4.0,4.0,4.0,0.0
shenyang,traffic,traffic.web.batch_duration_seconds,1,1,18805,17570,45.045586,45.045586,45.045586,0.0
shenyang,traffic,traffic.web.batches_completed_rate,1,1,18804,17569,2.0,2.0,2.0,0.0
shenyang,traffic,traffic.web.batches_failed_rate,1,1,18804,17569,1.0,1.0,1.0,0.0
shenyang,traffic,traffic.web.batches_started_rate,1,1,18804,17569,2.0,2.0,2.0,0.0
shenyang,traffic,traffic.web.batches_timeout_rate,1,1,18804,17569,0.0,0.0,0.0,1.0
shenyang,traffic,traffic.web.bytes_received_rate,1,1,18804,17569,56198.16,56198.16,56198.16,0.0
shenyang,traffic,traffic.web.bytes_sent_rate,1,1,18804,17569,21168.0,21168.0,21168.0,0.0
shenyang,traffic,traffic.web.duration_seconds_count_rate,1,1,18804,17569,2.0,2.0,2.0,0.0
shenyang,traffic,traffic.web.duration_seconds_sum_rate,1,1,18804,17569,90.129562,90.129562,90.129562,0.0
shenyang,traffic,traffic.web.error_rate,1,1,18804,17569,13.0,13.0,13.0,0.0
shenyang,traffic,traffic.web.error_ratio,1,1,18490,17109,0.051740937,0.051740937,0.051740937,0.0
shenyang,traffic,traffic.web.last_batch_timestamp_seconds,1,1,18805,17570,256.0,256.0,256.0,0.0
shenyang,traffic,traffic.web.latency_mean_seconds,1,1,18805,17570,0.080007009,0.080007009,0.080007009,0.0
shenyang,traffic,traffic.web.latency_p95_seconds,1,1,18805,17570,0.24377556,0.24377556,0.24377556,0.0
shenyang,traffic,traffic.web.observed_qps,1,1,18805,17570,3.5479038,3.5479038,3.5479038,0.0
shenyang,traffic,traffic.web.request_latency_seconds_bucket_rate_le_0_01,1,1,18804,17569,0.0,0.0,0.0,1.0
shenyang,traffic,traffic.web.request_latency_seconds_bucket_rate_le_0_025,1,1,18804,17569,0.0,0.0,0.0,1.0
shenyang,traffic,traffic.web.request_latency_seconds_bucket_rate_le_0_05,1,1,18804,17569,0.0,0.0,0.0,1.0
shenyang,traffic,traffic.web.request_latency_seconds_bucket_rate_le_0_1,1,1,18804,17569,183.0,183.0,183.0,0.0
shenyang,traffic,traffic.web.request_latency_seconds_bucket_rate_le_0_25,1,1,18804,17569,183.0,183.0,183.0,0.0
shenyang,traffic,traffic.web.request_latency_seconds_bucket_rate_le_0_5,1,1,18804,17569,202.0,202.0,202.0,0.0
shenyang,traffic,traffic.web.request_latency_seconds_bucket_rate_le_1,1,1,18804,17569,202.0,202.0,202.0,0.0
shenyang,traffic,traffic.web.request_latency_seconds_bucket_rate_le_2_5,1,1,18804,17569,202.0,202.0,202.0,0.0
shenyang,traffic,traffic.web.request_latency_seconds_bucket_rate_le_5,1,1,18804,17569,202.0,202.0,202.0,0.0
shenyang,traffic,traffic.web.request_latency_seconds_bucket_rate_le_plus_inf,1,1,18804,17569,202.0,202.0,202.0,0.0
shenyang,traffic,traffic.web.request_latency_seconds_count_rate,1,1,18804,17569,202.0,202.0,202.0,0.0
shenyang,traffic,traffic.web.request_latency_seconds_sum_rate,1,1,18804,17569,21.782063,21.782063,21.782063,0.0
shenyang,traffic,traffic.web.requests_rate,1,1,18804,17569,202.0,202.0,202.0,0.0
shenyang,traffic,traffic.web.success_rate,1,1,18804,17569,202.0,202.0,202.0,0.0
shenyang,traffic,traffic.web.success_ratio,1,1,18490,17109,0.25,0.25,0.25,0.0
wuhan,interface,interface.carrier_changes,60,60,1208840,1208720,0.0,0.0,0.0,1.0
wuhan,interface,interface.rx_bytes_rate,60,60,1208840,1208720,0.0,2643531.5,7999006.5,0.61666667
wuhan,interface,interface.rx_drop_rate,60,60,1208840,1208720,0.0,0.0,0.0,1.0
wuhan,interface,interface.rx_error_rate,60,60,1208840,1208720,0.0,0.0,0.0,1.0
wuhan,interface,interface.rx_packets_rate,60,60,1208840,1208720,0.0,1773.7499,5587.4282,0.61666667
wuhan,interface,interface.tx_bytes_rate,60,60,1208840,1208720,0.0,2083993.1,8998500.0,0.61666667
wuhan,interface,interface.tx_drop_rate,60,60,1208840,1208720,0.0,0.0,0.0,1.0
wuhan,interface,interface.tx_error_rate,60,60,1208840,1208720,0.0,0.0,0.0,1.0
wuhan,interface,interface.tx_packets_rate,60,60,1208840,1208720,0.0,1485.4718,6046.4878,0.61666667
wuhan,routing,routing.bgp_command_success,2,2,40244,40236,0.0,0.0,0.0,1.0
wuhan,routing,routing.bgp_peer_prefix_received,16,15,241464,241382,0.0,0.0,0.0,1.0
wuhan,routing,routing.bgp_peer_prefix_sent,12,12,241372,241307,0.0,0.0,0.0,1.0
wuhan,routing,routing.bgp_peer_up,16,15,241464,241382,0.0,0.0,0.0,1.0
wuhan,routing,routing.bgp_peer_uptime_seconds,16,15,241464,241382,62.0,62.0,62.0,0.0
wuhan,routing,routing.ipv6_default_route_info,6,6,120884,120872,0.0,0.0,0.0,1.0
wuhan,routing,routing.ipv6_route_change_total,36,36,725076,724986,0.0,0.0,0.0,1.0
wuhan,routing,routing.ipv6_route_count,19,19,362506,362457,0.0,0.0,0.0,1.0
wuhan,routing,routing.ipv6_route_exists,36,36,725076,724986,0.0,0.0,0.0,1.0
wuhan,routing,routing.ipv6_route_nexthop_info,58,57,1087880,1087732,0.0,0.0,0.0,1.0
wuhan,routing,routing.ospf6_interface_cost,6,6,120884,120872,0.0,0.0,0.0,1.0
wuhan,routing,routing.ospf6_interface_enabled,48,48,966768,966648,0.0,0.0,0.0,1.0
wuhan,routing,routing.ospf6_neighbor_state_code,14,14,281910,281872,0.0,0.0,0.0,1.0
wuhan,scrape,scrape.scrape_duration_seconds,13,13,262080,262067,0.01398911,0.027762614,0.02861822,0.0
wuhan,scrape,scrape.scrape_samples,13,13,262080,262067,1.0,10.0,12.0,0.30769231
wuhan,scrape,scrape.scrape_up,13,13,262080,262067,0.0,0.0,0.0,1.0
wuhan,traffic,traffic.auth.active,1,1,13122,9008,1.0,1.0,1.0,0.0
wuhan,traffic,traffic.auth.active_seconds_rate,1,1,13121,9007,29.037224,29.037224,29.037224,0.0
wuhan,traffic,traffic.auth.batch_concurrency,1,1,13122,9008,4.0,4.0,4.0,0.0
wuhan,traffic,traffic.auth.batch_duration_seconds,1,1,13122,9008,20.044958,20.044958,20.044958,0.0
wuhan,traffic,traffic.auth.batches_completed_rate,1,1,13121,9007,2.0,2.0,2.0,0.0
wuhan,traffic,traffic.auth.batches_failed_rate,1,1,13121,9007,1.0,1.0,1.0,0.0
wuhan,traffic,traffic.auth.batches_started_rate,1,1,13121,9007,2.0,2.0,2.0,0.0
wuhan,traffic,traffic.auth.batches_timeout_rate,1,1,13121,9007,0.0,0.0,0.0,1.0
wuhan,traffic,traffic.auth.bytes_received_rate,1,1,13121,9007,11850.0,11850.0,11850.0,0.0
wuhan,traffic,traffic.auth.bytes_sent_rate,1,1,13121,9007,11165.0,11165.0,11165.0,0.0
wuhan,traffic,traffic.auth.duration_seconds_count_rate,1,1,13121,9007,2.0,2.0,2.0,0.0
wuhan,traffic,traffic.auth.duration_seconds_sum_rate,1,1,13121,9007,40.177589,40.177589,40.177589,0.0
wuhan,traffic,traffic.auth.error_rate,1,1,13121,9007,7.313333,7.313333,7.313333,0.0
wuhan,traffic,traffic.auth.error_ratio,1,1,12730,8519,0.0,0.0,0.0,1.0
wuhan,traffic,traffic.auth.last_batch_timestamp_seconds,1,1,13122,9008,256.0,256.0,256.0,0.0
wuhan,traffic,traffic.auth.latency_mean_seconds,1,1,13122,9008,0.0025144669,0.0025144669,0.0025144669,0.0
wuhan,traffic,traffic.auth.latency_p95_seconds,1,1,13122,9008,0.0051371586,0.0051371586,0.0051371586,0.0
wuhan,traffic,traffic.auth.observed_qps,1,1,13122,9008,2.3267994,2.3267994,2.3267994,0.0
wuhan,traffic,traffic.auth.request_latency_seconds_bucket_rate_le_0_01,1,1,13121,9007,56.0,56.0,56.0,0.0
wuhan,traffic,traffic.auth.request_latency_seconds_bucket_rate_le_0_025,1,1,13121,9007,56.0,56.0,56.0,0.0
wuhan,traffic,traffic.auth.request_latency_seconds_bucket_rate_le_0_05,1,1,13121,9007,56.0,56.0,56.0,0.0
wuhan,traffic,traffic.auth.request_latency_seconds_bucket_rate_le_0_1,1,1,13121,9007,56.0,56.0,56.0,0.0
wuhan,traffic,traffic.auth.request_latency_seconds_bucket_rate_le_0_25,1,1,13121,9007,56.0,56.0,56.0,0.0
wuhan,traffic,traffic.auth.request_latency_seconds_bucket_rate_le_0_5,1,1,13121,9007,56.0,56.0,56.0,0.0
wuhan,traffic,traffic.auth.request_latency_seconds_bucket_rate_le_1,1,1,13121,9007,56.0,56.0,56.0,0.0
wuhan,traffic,traffic.auth.request_latency_seconds_bucket_rate_le_2_5,1,1,13121,9007,56.0,56.0,56.0,0.0
wuhan,traffic,traffic.auth.request_latency_seconds_bucket_rate_le_5,1,1,13121,9007,56.0,56.0,56.0,0.0
wuhan,traffic,traffic.auth.request_latency_seconds_bucket_rate_le_plus_inf,1,1,13121,9007,56.0,56.0,56.0,0.0
wuhan,traffic,traffic.auth.request_latency_seconds_count_rate,1,1,13121,9007,56.0,56.0,56.0,0.0
wuhan,traffic,traffic.auth.request_latency_seconds_sum_rate,1,1,13121,9007,0.22736391,0.22736391,0.22736391,0.0
wuhan,traffic,traffic.auth.requests_rate,1,1,13121,9007,56.0,56.0,56.0,0.0
wuhan,traffic,traffic.auth.success_rate,1,1,13121,9007,56.0,56.0,56.0,0.0
wuhan,traffic,traffic.auth.success_ratio,1,1,12730,8519,0.0,0.0,0.0,1.0
wuhan,traffic,traffic.dns.active,1,1,19969,19778,1.0,1.0,1.0,0.0
wuhan,traffic,traffic.dns.active_seconds_rate,1,1,19968,19777,42.304756,42.304756,42.304756,0.0
wuhan,traffic,traffic.dns.batch_concurrency,1,1,19969,19778,5.0,5.0,5.0,0.0
wuhan,traffic,traffic.dns.batch_duration_seconds,1,1,19969,19778,20.030478,20.030478,20.030478,0.0
wuhan,traffic,traffic.dns.batches_completed_rate,1,1,19968,19777,3.0,3.0,3.0,0.0
wuhan,traffic,traffic.dns.batches_failed_rate,1,1,19968,19777,0.0,0.0,0.0,1.0
wuhan,traffic,traffic.dns.batches_started_rate,1,1,19968,19777,3.0,3.0,3.0,0.0
wuhan,traffic,traffic.dns.batches_timeout_rate,1,1,19968,19777,0.0,0.0,0.0,1.0
wuhan,traffic,traffic.dns.bytes_received_rate,1,1,19968,19777,13904.68,13904.68,13904.68,0.0
wuhan,traffic,traffic.dns.bytes_sent_rate,1,1,19968,19777,8724.6797,8724.6797,8724.6797,0.0
wuhan,traffic,traffic.dns.duration_seconds_count_rate,1,1,19968,19777,3.0,3.0,3.0,0.0
wuhan,traffic,traffic.dns.duration_seconds_sum_rate,1,1,19968,19777,60.102898,60.102898,60.102898,0.0
wuhan,traffic,traffic.dns.error_rate,1,1,19968,19777,9.2399998,9.2399998,9.2399998,0.0
wuhan,traffic,traffic.dns.error_ratio,1,1,19894,19630,0.07834252,0.07834252,0.07834252,0.0
wuhan,traffic,traffic.dns.last_batch_timestamp_seconds,1,1,19969,19778,128.0,128.0,128.0,0.0
wuhan,traffic,traffic.dns.latency_mean_seconds,1,1,19969,19778,0.0010997964,0.0010997964,0.0010997964,0.0
wuhan,traffic,traffic.dns.latency_p95_seconds,1,1,19969,19778,0.0025587711,0.0025587711,0.0025587711,0.0
wuhan,traffic,traffic.dns.observed_qps,1,1,19969,19778,5.0498142,5.0498142,5.0498142,0.0
wuhan,traffic,traffic.dns.request_latency_seconds_bucket_rate_le_0_01,1,1,19968,19777,0.0,0.0,0.0,1.0
wuhan,traffic,traffic.dns.request_latency_seconds_bucket_rate_le_0_025,1,1,19968,19777,185.0,185.0,185.0,0.0
wuhan,traffic,traffic.dns.request_latency_seconds_bucket_rate_le_0_05,1,1,19968,19777,185.0,185.0,185.0,0.0
wuhan,traffic,traffic.dns.request_latency_seconds_bucket_rate_le_0_1,1,1,19968,19777,185.0,185.0,185.0,0.0
wuhan,traffic,traffic.dns.request_latency_seconds_bucket_rate_le_0_25,1,1,19968,19777,185.0,185.0,185.0,0.0
wuhan,traffic,traffic.dns.request_latency_seconds_bucket_rate_le_0_5,1,1,19968,19777,185.0,185.0,185.0,0.0
wuhan,traffic,traffic.dns.request_latency_seconds_bucket_rate_le_1,1,1,19968,19777,185.0,185.0,185.0,0.0
wuhan,traffic,traffic.dns.request_latency_seconds_bucket_rate_le_2_5,1,1,19968,19777,185.0,185.0,185.0,0.0
wuhan,traffic,traffic.dns.request_latency_seconds_bucket_rate_le_5,1,1,19968,19777,185.0,185.0,185.0,0.0
wuhan,traffic,traffic.dns.request_latency_seconds_bucket_rate_le_plus_inf,1,1,19968,19777,185.0,185.0,185.0,0.0
wuhan,traffic,traffic.dns.request_latency_seconds_count_rate,1,1,19968,19777,185.0,185.0,185.0,0.0
wuhan,traffic,traffic.dns.request_latency_seconds_sum_rate,1,1,19968,19777,3.8250883,3.8250883,3.8250883,0.0
wuhan,traffic,traffic.dns.requests_rate,1,1,19968,19777,185.0,185.0,185.0,0.0
wuhan,traffic,traffic.dns.success_rate,1,1,19968,19777,185.0,185.0,185.0,0.0
wuhan,traffic,traffic.dns.success_ratio,1,1,19894,19630,0.10000002,0.10000002,0.10000002,0.0
wuhan,traffic,traffic.elephant.active,21,16,813,414,1.0,1.0,1.0,0.0
wuhan,traffic,traffic.elephant.active_seconds_rate,21,16,792,399,60.50367,60.819649,60.929787,0.0
wuhan,traffic,traffic.elephant.batch_concurrency,21,16,813,414,4.0,4.0,4.0,0.0
wuhan,traffic,traffic.elephant.batch_duration_seconds,21,16,813,414,60.347054,101.41247,107.19337,0.0
wuhan,traffic,traffic.elephant.batches_completed_rate,21,16,792,399,1.0,1.0,1.0,0.0625
wuhan,traffic,traffic.elephant.batches_failed_rate,21,16,792,399,0.0,0.0,1.0,0.9375
wuhan,traffic,traffic.elephant.batches_started_rate,21,16,792,399,0.013455332,0.04140909,0.043250002,0.0
wuhan,traffic,traffic.elephant.batches_timeout_rate,21,16,792,399,0.0,0.0,0.0,1.0
wuhan,traffic,traffic.elephant.bytes_received_rate,21,16,792,399,1499991200.0,1499994100.0,1499994100.0,0.0625
wuhan,traffic,traffic.elephant.bytes_sent_rate,21,16,792,399,1499991200.0,1499994100.0,1499994100.0,0.0625
wuhan,traffic,traffic.elephant.duration_seconds_count_rate,21,16,792,399,1.0,1.0,1.0,0.0
wuhan,traffic,traffic.elephant.duration_seconds_sum_rate,21,16,792,399,120.7432,120.99405,121.18257,0.0
wuhan,traffic,traffic.elephant.error_rate,21,16,792,399,0.0,0.0,0.0,1.0
wuhan,traffic,traffic.elephant.error_ratio,15,0,273,0,,,,
wuhan,traffic,traffic.elephant.jitter_seconds,15,15,693,413,6.6072978e-05,0.00010934667,0.00016867649,0.0
wuhan,traffic,traffic.elephant.last_batch_timestamp_seconds,21,16,813,414,218030.72,247221.75,329646.09,0.0
wuhan,traffic,traffic.elephant.loss_rate,15,15,693,413,0.0,2.2848155e-06,0.009576939,0.86666667
wuhan,traffic,traffic.elephant.requests_rate,21,16,792,399,4.0,4.0,4.0,0.0625
wuhan,traffic,traffic.elephant.retransmits_rate,21,16,792,399,0.0,0.0,0.0,1.0
wuhan,traffic,traffic.elephant.success_rate,21,16,792,399,4.0,4.0,4.0,0.0625
wuhan,traffic,traffic.elephant.success_ratio,15,0,273,0,,,,
wuhan,traffic,traffic.elephant.throughput_bps,15,15,693,413,79999376.0,79999552.0,79999616.0,0.0
wuhan,traffic,traffic.web.active,1,1,18802,17544,1.0,1.0,1.0,0.0
wuhan,traffic,traffic.web.active_seconds_rate,1,1,18801,17543,52.728535,52.728535,52.728535,0.0
wuhan,traffic,traffic.web.batch_concurrency,1,1,18802,17544,4.0,4.0,4.0,0.0
wuhan,traffic,traffic.web.batch_duration_seconds,1,1,18802,17544,45.065536,45.065536,45.065536,0.0
wuhan,traffic,traffic.web.batches_completed_rate,1,1,18801,17543,2.0,2.0,2.0,0.0
wuhan,traffic,traffic.web.batches_failed_rate,1,1,18801,17543,1.0,1.0,1.0,0.0
wuhan,traffic,traffic.web.batches_started_rate,1,1,18801,17543,2.0,2.0,2.0,0.0
wuhan,traffic,traffic.web.batches_timeout_rate,1,1,18801,17543,0.5,0.5,0.5,0.0
wuhan,traffic,traffic.web.bytes_received_rate,1,1,18801,17543,55600.0,55600.0,55600.0,0.0
wuhan,traffic,traffic.web.bytes_sent_rate,1,1,18801,17543,20871.061,20871.061,20871.061,0.0
wuhan,traffic,traffic.web.duration_seconds_count_rate,1,1,18801,17543,2.0,2.0,2.0,0.0
wuhan,traffic,traffic.web.duration_seconds_sum_rate,1,1,18801,17543,90.145149,90.145149,90.145149,0.0
wuhan,traffic,traffic.web.error_rate,1,1,18801,17543,8.0,8.0,8.0,0.0
wuhan,traffic,traffic.web.error_ratio,1,1,18466,17058,0.038461566,0.038461566,0.038461566,0.0
wuhan,traffic,traffic.web.last_batch_timestamp_seconds,1,1,18802,17544,256.0,256.0,256.0,0.0
wuhan,traffic,traffic.web.latency_mean_seconds,1,1,18802,17544,0.072599076,0.072599076,0.072599076,0.0
wuhan,traffic,traffic.web.latency_p95_seconds,1,1,18802,17544,0.22387637,0.22387637,0.22387637,0.0
wuhan,traffic,traffic.web.observed_qps,1,1,18802,17544,3.5193515,3.5193515,3.5193515,0.0
wuhan,traffic,traffic.web.request_latency_seconds_bucket_rate_le_0_01,1,1,18801,17543,0.0,0.0,0.0,1.0
wuhan,traffic,traffic.web.request_latency_seconds_bucket_rate_le_0_025,1,1,18801,17543,0.0,0.0,0.0,1.0
wuhan,traffic,traffic.web.request_latency_seconds_bucket_rate_le_0_05,1,1,18801,17543,183.0,183.0,183.0,0.0
wuhan,traffic,traffic.web.request_latency_seconds_bucket_rate_le_0_1,1,1,18801,17543,183.0,183.0,183.0,0.0
wuhan,traffic,traffic.web.request_latency_seconds_bucket_rate_le_0_25,1,1,18801,17543,184.0,184.0,184.0,0.0
wuhan,traffic,traffic.web.request_latency_seconds_bucket_rate_le_0_5,1,1,18801,17543,201.0,201.0,201.0,0.0
wuhan,traffic,traffic.web.request_latency_seconds_bucket_rate_le_1,1,1,18801,17543,201.0,201.0,201.0,0.0
wuhan,traffic,traffic.web.request_latency_seconds_bucket_rate_le_2_5,1,1,18801,17543,201.0,201.0,201.0,0.0
wuhan,traffic,traffic.web.request_latency_seconds_bucket_rate_le_5,1,1,18801,17543,201.0,201.0,201.0,0.0
wuhan,traffic,traffic.web.request_latency_seconds_bucket_rate_le_plus_inf,1,1,18801,17543,201.0,201.0,201.0,0.0
wuhan,traffic,traffic.web.request_latency_seconds_count_rate,1,1,18801,17543,201.0,201.0,201.0,0.0
wuhan,traffic,traffic.web.request_latency_seconds_sum_rate,1,1,18801,17543,13.030064,13.030064,13.030064,0.0
wuhan,traffic,traffic.web.requests_rate,1,1,18801,17543,201.0,201.0,201.0,0.0
wuhan,traffic,traffic.web.success_rate,1,1,18801,17543,201.0,201.0,201.0,0.0
wuhan,traffic,traffic.web.success_ratio,1,1,18466,17058,0.25,0.25,0.25,0.0
xian,interface,interface.carrier_changes,60,60,1208720,1208600,0.0,0.0,0.0,1.0
xian,interface,interface.rx_bytes_rate,60,60,1208720,1208600,0.0,4878770.0,9184727.0,0.61666667
xian,interface,interface.rx_drop_rate,60,60,1208720,1208600,0.0,0.0,0.0,1.0
xian,interface,interface.rx_error_rate,60,60,1208720,1208600,0.0,0.0,0.0,1.0
xian,interface,interface.rx_packets_rate,60,60,1208720,1208600,0.0,3277.0532,6326.2295,0.61666667
xian,interface,interface.tx_bytes_rate,60,60,1208720,1208600,0.0,4877398.5,9184706.0,0.61666667
xian,interface,interface.tx_drop_rate,60,60,1208720,1208600,0.0,0.0,0.0,1.0
xian,interface,interface.tx_error_rate,60,60,1208720,1208600,0.0,0.0,0.0,1.0
xian,interface,interface.tx_packets_rate,60,60,1208720,1208600,0.0,3281.8843,6326.3242,0.61666667
xian,routing,routing.bgp_command_success,2,2,40230,40222,0.0,0.0,0.0,1.0
xian,routing,routing.bgp_peer_prefix_received,11,11,120690,120630,0.0,0.0,0.0,1.0
xian,routing,routing.bgp_peer_prefix_sent,6,6,120620,120578,0.0,0.0,0.0,1.0
xian,routing,routing.bgp_peer_up,11,11,120690,120630,0.0,0.0,0.0,1.0
xian,routing,routing.bgp_peer_uptime_seconds,11,11,120690,120630,62.0,62.0,62.0,0.0
xian,routing,routing.ipv6_default_route_info,6,6,120870,120858,0.0,0.0,0.0,1.0
xian,routing,routing.ipv6_route_change_total,36,36,724950,724860,0.0,0.0,0.0,1.0
xian,routing,routing.ipv6_route_count,20,20,382610,382560,0.0,0.0,0.0,1.0
xian,routing,routing.ipv6_route_exists,36,36,724950,724860,0.0,0.0,0.0,1.0
xian,routing,routing.ipv6_route_nexthop_info,56,56,1007100,1006940,0.0,0.0,0.0,1.0
xian,routing,routing.ospf6_interface_cost,5,5,100710,100699,0.0,0.0,0.0,1.0
xian,routing,routing.ospf6_interface_enabled,48,48,966600,966480,0.0,0.0,0.0,1.0
xian,routing,routing.ospf6_neighbor_state_code,8,8,161100,161080,0.0,0.0,0.0,1.0
xian,scrape,scrape.scrape_duration_seconds,13,13,262080,262067,0.014095567,0.026376499,0.028876243,0.0
xian,scrape,scrape.scrape_samples,13,13,262080,262067,1.0,8.6000004,12.0,0.30769231
xian,scrape,scrape.scrape_up,13,13,262080,262067,0.0,0.0,0.0,1.0
xian,traffic,traffic.auth.active,1,1,13264,9230,1.0,1.0,1.0,0.0
xian,traffic,traffic.auth.active_seconds_rate,1,1,13263,9230,29.224539,29.224539,29.224539,0.0
xian,traffic,traffic.auth.batch_concurrency,1,1,13264,9230,4.0,4.0,4.0,0.0
xian,traffic,traffic.auth.batch_duration_seconds,1,1,13264,9230,20.208317,20.208317,20.208317,0.0
xian,traffic,traffic.auth.batches_completed_rate,1,1,13263,9230,2.0,2.0,2.0,0.0
xian,traffic,traffic.auth.batches_failed_rate,1,1,13263,9230,1.0,1.0,1.0,0.0
xian,traffic,traffic.auth.batches_started_rate,1,1,13263,9230,2.0,2.0,2.0,0.0
xian,traffic,traffic.auth.batches_timeout_rate,1,1,13263,9230,0.0,0.0,0.0,1.0
xian,traffic,traffic.auth.bytes_received_rate,1,1,13263,9230,12134.2,12134.2,12134.2,0.0
xian,traffic,traffic.auth.bytes_sent_rate,1,1,13263,9230,11293.233,11293.233,11293.233,0.0
xian,traffic,traffic.auth.duration_seconds_count_rate,1,1,13263,9230,2.0,2.0,2.0,0.0
xian,traffic,traffic.auth.duration_seconds_sum_rate,1,1,13263,9230,40.160843,40.160843,40.160843,0.0
xian,traffic,traffic.auth.error_rate,1,1,13263,9230,6.0,6.0,6.0,0.0
xian,traffic,traffic.auth.error_ratio,1,1,12830,8690,0.0,0.0,0.0,1.0
xian,traffic,traffic.auth.last_batch_timestamp_seconds,1,1,13264,9230,256.0,256.0,256.0,0.0
xian,traffic,traffic.auth.latency_mean_seconds,1,1,13264,9230,0.07883738,0.07883738,0.07883738,0.0
xian,traffic,traffic.auth.latency_p95_seconds,1,1,13264,9230,0.24058428,0.24058428,0.24058428,0.0
xian,traffic,traffic.auth.observed_qps,1,1,13264,9230,2.1656458,2.1656458,2.1656458,0.0
xian,traffic,traffic.auth.request_latency_seconds_bucket_rate_le_0_01,1,1,13263,9230,0.0,0.0,0.0,1.0
xian,traffic,traffic.auth.request_latency_seconds_bucket_rate_le_0_025,1,1,13263,9230,0.0,0.0,0.0,1.0
xian,traffic,traffic.auth.request_latency_seconds_bucket_rate_le_0_05,1,1,13263,9230,0.0,0.0,0.0,1.0
xian,traffic,traffic.auth.request_latency_seconds_bucket_rate_le_0_1,1,1,13263,9230,0.0,0.0,0.0,1.0
xian,traffic,traffic.auth.request_latency_seconds_bucket_rate_le_0_25,1,1,13263,9230,54.0,54.0,54.0,0.0
xian,traffic,traffic.auth.request_latency_seconds_bucket_rate_le_0_5,1,1,13263,9230,56.545834,56.545834,56.545834,0.0
xian,traffic,traffic.auth.request_latency_seconds_bucket_rate_le_1,1,1,13263,9230,56.545834,56.545834,56.545834,0.0
xian,traffic,traffic.auth.request_latency_seconds_bucket_rate_le_2_5,1,1,13263,9230,56.545834,56.545834,56.545834,0.0
xian,traffic,traffic.auth.request_latency_seconds_bucket_rate_le_5,1,1,13263,9230,56.545834,56.545834,56.545834,0.0
xian,traffic,traffic.auth.request_latency_seconds_bucket_rate_le_plus_inf,1,1,13263,9230,56.545834,56.545834,56.545834,0.0
xian,traffic,traffic.auth.request_latency_seconds_count_rate,1,1,13263,9230,56.545834,56.545834,56.545834,0.0
xian,traffic,traffic.auth.request_latency_seconds_sum_rate,1,1,13263,9230,7.1377559,7.1377559,7.1377559,0.0
xian,traffic,traffic.auth.requests_rate,1,1,13263,9230,56.666668,56.666668,56.666668,0.0
xian,traffic,traffic.auth.success_rate,1,1,13263,9230,56.545834,56.545834,56.545834,0.0
xian,traffic,traffic.auth.success_ratio,1,1,12830,8690,0.33333331,0.33333331,0.33333331,0.0
xian,traffic,traffic.dns.active,1,1,19960,19763,1.0,1.0,1.0,0.0
xian,traffic,traffic.dns.active_seconds_rate,1,1,19959,19762,42.716972,42.716972,42.716972,0.0
xian,traffic,traffic.dns.batch_concurrency,1,1,19960,19763,5.0,5.0,5.0,0.0
xian,traffic,traffic.dns.batch_duration_seconds,1,1,19960,19763,20.047174,20.047174,20.047174,0.0
xian,traffic,traffic.dns.batches_completed_rate,1,1,19959,19762,3.0,3.0,3.0,0.0
xian,traffic,traffic.dns.batches_failed_rate,1,1,19959,19762,0.0,0.0,0.0,1.0
xian,traffic,traffic.dns.batches_started_rate,1,1,19959,19762,3.0,3.0,3.0,0.0
xian,traffic,traffic.dns.batches_timeout_rate,1,1,19959,19762,0.0,0.0,0.0,1.0
xian,traffic,traffic.dns.bytes_received_rate,1,1,19959,19762,13588.39,13588.39,13588.39,0.0
xian,traffic,traffic.dns.bytes_sent_rate,1,1,19959,19762,8548.3896,8548.3896,8548.3896,0.0
xian,traffic,traffic.dns.duration_seconds_count_rate,1,1,19959,19762,3.0,3.0,3.0,0.0
xian,traffic,traffic.dns.duration_seconds_sum_rate,1,1,19959,19762,60.102959,60.102959,60.102959,0.0
xian,traffic,traffic.dns.error_rate,1,1,19959,19762,11.39,11.39,11.39,0.0
xian,traffic,traffic.dns.error_ratio,1,1,19877,19598,0.125,0.125,0.125,0.0
xian,traffic,traffic.dns.last_batch_timestamp_seconds,1,1,19960,19763,128.0,128.0,128.0,0.0
xian,traffic,traffic.dns.latency_mean_seconds,1,1,19960,19763,0.0012322393,0.0012322393,0.0012322393,0.0
xian,traffic,traffic.dns.latency_p95_seconds,1,1,19960,19763,0.0027930553,0.0027930553,0.0027930553,0.0
xian,traffic,traffic.dns.observed_qps,1,1,19960,19763,5.0342178,5.0342178,5.0342178,0.0
xian,traffic,traffic.dns.request_latency_seconds_bucket_rate_le_0_01,1,1,19959,19762,0.0,0.0,0.0,1.0
xian,traffic,traffic.dns.request_latency_seconds_bucket_rate_le_0_025,1,1,19959,19762,180.0,180.0,180.0,0.0
xian,traffic,traffic.dns.request_latency_seconds_bucket_rate_le_0_05,1,1,19959,19762,180.0,180.0,180.0,0.0
xian,traffic,traffic.dns.request_latency_seconds_bucket_rate_le_0_1,1,1,19959,19762,180.0,180.0,180.0,0.0
xian,traffic,traffic.dns.request_latency_seconds_bucket_rate_le_0_25,1,1,19959,19762,180.0,180.0,180.0,0.0
xian,traffic,traffic.dns.request_latency_seconds_bucket_rate_le_0_5,1,1,19959,19762,180.0,180.0,180.0,0.0
xian,traffic,traffic.dns.request_latency_seconds_bucket_rate_le_1,1,1,19959,19762,180.0,180.0,180.0,0.0
xian,traffic,traffic.dns.request_latency_seconds_bucket_rate_le_2_5,1,1,19959,19762,180.0,180.0,180.0,0.0
xian,traffic,traffic.dns.request_latency_seconds_bucket_rate_le_5,1,1,19959,19762,180.0,180.0,180.0,0.0
xian,traffic,traffic.dns.request_latency_seconds_bucket_rate_le_plus_inf,1,1,19959,19762,180.0,180.0,180.0,0.0
xian,traffic,traffic.dns.request_latency_seconds_count_rate,1,1,19959,19762,180.0,180.0,180.0,0.0
xian,traffic,traffic.dns.request_latency_seconds_sum_rate,1,1,19959,19762,3.5747066,3.5747066,3.5747066,0.0
xian,traffic,traffic.dns.requests_rate,1,1,19959,19762,180.0,180.0,180.0,0.0
xian,traffic,traffic.dns.success_rate,1,1,19959,19762,180.0,180.0,180.0,0.0
xian,traffic,traffic.dns.success_ratio,1,1,19877,19598,0.14285713,0.14285713,0.14285713,0.0
xian,traffic,traffic.elephant.active,21,17,744,378,1.0,1.0,1.0,0.0
xian,traffic,traffic.elephant.active_seconds_rate,21,17,723,364,60.530949,61.160969,61.815887,0.0
xian,traffic,traffic.elephant.batch_concurrency,21,17,744,378,4.0,4.0,4.0,0.0
xian,traffic,traffic.elephant.batch_duration_seconds,21,17,744,378,60.249702,100.11913,108.35818,0.0
xian,traffic,traffic.elephant.batches_completed_rate,21,17,723,364,1.0,1.0,1.0,0.11764706
xian,traffic,traffic.elephant.batches_failed_rate,21,17,723,364,0.0,0.86199999,1.0,0.82352941
xian,traffic,traffic.elephant.batches_started_rate,21,17,723,364,0.010302506,0.028942082,0.049214285,0.0
xian,traffic,traffic.elephant.batches_timeout_rate,21,17,723,364,0.0,0.0,0.0,1.0
xian,traffic,traffic.elephant.bytes_received_rate,21,17,723,364,1499991200.0,1499994100.0,1499994100.0,0.11764706
xian,traffic,traffic.elephant.bytes_sent_rate,21,17,723,364,1499991200.0,1499994100.0,1499994100.0,0.11764706
xian,traffic,traffic.elephant.duration_seconds_count_rate,21,17,723,364,1.0,1.0,1.0,0.0
xian,traffic,traffic.elephant.duration_seconds_sum_rate,21,17,723,364,120.72792,121.41521,127.64089,0.0
xian,traffic,traffic.elephant.error_rate,21,17,723,364,0.0,0.0,0.0,1.0
xian,traffic,traffic.elephant.error_ratio,15,0,249,0,,,,
xian,traffic,traffic.elephant.jitter_seconds,15,15,631,376,6.1119354e-05,0.000335077,0.0029449468,0.0
xian,traffic,traffic.elephant.last_batch_timestamp_seconds,21,17,744,378,211033.59,272825.84,649150.75,0.0
xian,traffic,traffic.elephant.loss_rate,15,15,631,376,0.0,0.0,0.0,1.0
xian,traffic,traffic.elephant.requests_rate,21,17,723,364,4.0,4.0,4.0,0.11764706
xian,traffic,traffic.elephant.retransmits_rate,21,17,723,364,0.0,0.0,0.0,1.0
xian,traffic,traffic.elephant.success_rate,21,17,723,364,4.0,4.0,4.0,0.11764706
xian,traffic,traffic.elephant.success_ratio,15,0,249,0,,,,
xian,traffic,traffic.elephant.throughput_bps,15,15,631,376,79999240.0,79999648.0,79999696.0,0.0
xian,traffic,traffic.web.active,1,1,18706,17354,1.0,1.0,1.0,0.0
xian,traffic,traffic.web.active_seconds_rate,1,1,18705,17353,52.373795,52.373795,52.373795,0.0
xian,traffic,traffic.web.batch_concurrency,1,1,18706,17354,4.0,4.0,4.0,0.0
xian,traffic,traffic.web.batch_duration_seconds,1,1,18706,17354,45.07663,45.07663,45.07663,0.0
xian,traffic,traffic.web.batches_completed_rate,1,1,18705,17353,2.0,2.0,2.0,0.0
xian,traffic,traffic.web.batches_failed_rate,1,1,18705,17353,1.0,1.0,1.0,0.0
xian,traffic,traffic.web.batches_started_rate,1,1,18705,17353,2.0,2.0,2.0,0.0
xian,traffic,traffic.web.batches_timeout_rate,1,1,18705,17353,0.0,0.0,0.0,1.0
xian,traffic,traffic.web.bytes_received_rate,1,1,18705,17353,56046.641,56046.641,56046.641,0.0
xian,traffic,traffic.web.bytes_sent_rate,1,1,18705,17353,21183.359,21183.359,21183.359,0.0
xian,traffic,traffic.web.duration_seconds_count_rate,1,1,18705,17353,2.0,2.0,2.0,0.0
xian,traffic,traffic.web.duration_seconds_sum_rate,1,1,18705,17353,90.141228,90.141228,90.141228,0.0
xian,traffic,traffic.web.error_rate,1,1,18705,17353,8.7399998,8.7399998,8.7399998,0.0
xian,traffic,traffic.web.error_ratio,1,1,18361,16875,0.0,0.0,0.0,1.0
xian,traffic,traffic.web.last_batch_timestamp_seconds,1,1,18706,17354,256.0,256.0,256.0,0.0
xian,traffic,traffic.web.latency_mean_seconds,1,1,18706,17354,0.068626292,0.068626292,0.068626292,0.0
xian,traffic,traffic.web.latency_p95_seconds,1,1,18706,17354,0.27633187,0.27633187,0.27633187,0.0
xian,traffic,traffic.web.observed_qps,1,1,18706,17354,3.5039043,3.5039043,3.5039043,0.0
xian,traffic,traffic.web.request_latency_seconds_bucket_rate_le_0_01,1,1,18705,17353,0.0,0.0,0.0,1.0
xian,traffic,traffic.web.request_latency_seconds_bucket_rate_le_0_025,1,1,18705,17353,0.0,0.0,0.0,1.0
xian,traffic,traffic.web.request_latency_seconds_bucket_rate_le_0_05,1,1,18705,17353,0.0,0.0,0.0,1.0
xian,traffic,traffic.web.request_latency_seconds_bucket_rate_le_0_1,1,1,18705,17353,1.0,1.0,1.0,0.0
xian,traffic,traffic.web.request_latency_seconds_bucket_rate_le_0_25,1,1,18705,17353,182.0,182.0,182.0,0.0
xian,traffic,traffic.web.request_latency_seconds_bucket_rate_le_0_5,1,1,18705,17353,202.0,202.0,202.0,0.0
xian,traffic,traffic.web.request_latency_seconds_bucket_rate_le_1,1,1,18705,17353,202.0,202.0,202.0,0.0
xian,traffic,traffic.web.request_latency_seconds_bucket_rate_le_2_5,1,1,18705,17353,202.0,202.0,202.0,0.0
xian,traffic,traffic.web.request_latency_seconds_bucket_rate_le_5,1,1,18705,17353,202.0,202.0,202.0,0.0
xian,traffic,traffic.web.request_latency_seconds_bucket_rate_le_plus_inf,1,1,18705,17353,202.0,202.0,202.0,0.0
xian,traffic,traffic.web.request_latency_seconds_count_rate,1,1,18705,17353,202.0,202.0,202.0,0.0
xian,traffic,traffic.web.request_latency_seconds_sum_rate,1,1,18705,17353,28.573961,28.573961,28.573961,0.0
xian,traffic,traffic.web.requests_rate,1,1,18705,17353,201.48,201.48,201.48,0.0
xian,traffic,traffic.web.success_rate,1,1,18705,17353,202.0,202.0,202.0,0.0
xian,traffic,traffic.web.success_ratio,1,1,18361,16875,0.25,0.25,0.25,0.0
