city,source,field,rows,missing,non_missing,missing_fraction
beida,frr,event_time,310,0,310,0.0
beida,frr,event_time_raw,310,0,310,0.0
beida,frr,facility,310,0,310,0.0
beida,frr,hostname,310,0,310,0.0
beida,frr,id,310,0,310,0.0
beida,frr,inserted_at,310,0,310,0.0
beida,frr,message,310,0,310,0.0
beida,frr,pid,310,0,310,0.0
beida,frr,program,310,0,310,0.0
beida,frr,received_at,310,0,310,0.0
beida,frr,received_at_raw,310,0,310,0.0
beida,frr,region,310,0,310,0.0
beida,frr,severity,310,0,310,0.0
beida,frr,severity_code,310,0,310,0.0
beida,frr,source_ip,310,0,310,0.0
beida,interface,carrier_changes,1209400,0,1209400,0.0
beida,interface,if_role,1209400,927202,282198,0.76666281
beida,interface,interface_id,1209400,0,1209400,0.0
beida,interface,node,1209400,0,1209400,0.0
beida,interface,node_type,1209400,0,1209400,0.0
beida,interface,region,1209400,0,1209400,0.0
beida,interface,rx_bytes_rate,1209400,0,1209400,0.0
beida,interface,rx_drop_rate,1209400,0,1209400,0.0
beida,interface,rx_error_rate,1209400,0,1209400,0.0
beida,interface,rx_packets_rate,1209400,0,1209400,0.0
beida,interface,timestamp,1209400,0,1209400,0.0
beida,interface,tx_bytes_rate,1209400,0,1209400,0.0
beida,interface,tx_drop_rate,1209400,0,1209400,0.0
beida,interface,tx_error_rate,1209400,0,1209400,0.0
beida,interface,tx_packets_rate,1209400,0,1209400,0.0
beida,netflow,bytes,109490525,0,109490525,0.0
beida,netflow,collector_port,109490525,0,109490525,0.0
beida,netflow,dst_addr,109490525,0,109490525,0.0
beida,netflow,dst_port,109490525,0,109490525,0.0
beida,netflow,first_seen,109490525,0,109490525,0.0
beida,netflow,flow_record_count,109490525,0,109490525,0.0
beida,netflow,if_role,109490525,109490525,0,1.0
beida,netflow,interface_id,109490525,0,109490525,0.0
beida,netflow,last_seen,109490525,0,109490525,0.0
beida,netflow,minute_utc,109490525,0,109490525,0.0
beida,netflow,node,109490525,0,109490525,0.0
beida,netflow,node_key,109490525,0,109490525,0.0
beida,netflow,node_type,109490525,0,109490525,0.0
beida,netflow,packets,109490525,0,109490525,0.0
beida,netflow,protocol,109490525,0,109490525,0.0
beida,netflow,region,109490525,0,109490525,0.0
beida,netflow,region_code,109490525,0,109490525,0.0
beida,netflow,src_addr,109490525,0,109490525,0.0
beida,netflow,src_port,109490525,0,109490525,0.0
beida,node,cpu_usage,181417,0,181417,0.0
beida,node,disk_io_util,181417,0,181417,0.0
beida,node,disk_read_rate,181417,0,181417,0.0
beida,node,disk_write_rate,181417,0,181417,0.0
beida,node,filesystem_used_ratio,181417,0,181417,0.0
beida,node,inode_used_ratio,181417,0,181417,0.0
beida,node,load1,181417,0,181417,0.0
beida,node,load5,181417,0,181417,0.0
beida,node,memory_available_ratio,181417,0,181417,0.0
beida,node,node,181417,0,181417,0.0
beida,node,node_type,181417,0,181417,0.0
beida,node,open_fd_ratio,181417,0,181417,0.0
beida,node,process_count,181417,0,181417,0.0
beida,node,region,181417,0,181417,0.0
beida,node,swap_used_ratio,181417,0,181417,0.0
beida,node,timestamp,181417,0,181417,0.0
beida,routing,label,5442058,362848,5079210,0.06667478
beida,routing,metric_name,5442058,0,5442058,0.0
beida,routing,node,5442058,0,5442058,0.0
beida,routing,node_type,5442058,0,5442058,0.0
beida,routing,region,5442058,0,5442058,0.0
beida,routing,timestamp,5442058,0,5442058,0.0
beida,routing,value,5442058,241920,5200138,0.04445377
beida,scrape,exporter_type,262067,0,262067,0.0
beida,scrape,node,262067,0,262067,0.0
beida,scrape,region,262067,0,262067,0.0
beida,scrape,scrape_duration_seconds,262067,0,262067,0.0
beida,scrape,scrape_error,262067,262037,30,0.99988553
beida,scrape,scrape_samples,262067,0,262067,0.0
beida,scrape,scrape_up,262067,0,262067,0.0
beida,scrape,target_id,262067,0,262067,0.0
beida,scrape,timestamp,262067,0,262067,0.0
beida,traffic,auth_flow_active,52631,39533,13098,0.75113526
beida,traffic,auth_flow_active_seconds_total,52631,39533,13098,0.75113526
beida,traffic,auth_flow_batch_concurrency,52631,39533,13098,0.75113526
beida,traffic,auth_flow_batch_duration_seconds,52631,39533,13098,0.75113526
beida,traffic,auth_flow_batches_completed_total,52631,39533,13098,0.75113526
beida,traffic,auth_flow_batches_failed_total,52631,39533,13098,0.75113526
beida,traffic,auth_flow_batches_started_total,52631,39533,13098,0.75113526
beida,traffic,auth_flow_batches_timeout_total,52631,39533,13098,0.75113526
beida,traffic,auth_flow_bytes_received_total,52631,39533,13098,0.75113526
beida,traffic,auth_flow_bytes_sent_total,52631,39533,13098,0.75113526
beida,traffic,auth_flow_duration_seconds_count,52631,39533,13098,0.75113526
beida,traffic,auth_flow_duration_seconds_sum,52631,39533,13098,0.75113526
beida,traffic,auth_flow_error_total,52631,39533,13098,0.75113526
beida,traffic,auth_flow_last_batch_timestamp_seconds,52631,39533,13098,0.75113526
beida,traffic,auth_flow_latency_mean_seconds,52631,39533,13098,0.75113526
beida,traffic,auth_flow_latency_p95_seconds,52631,39533,13098,0.75113526
beida,traffic,auth_flow_observed_qps,52631,39533,13098,0.75113526
beida,traffic,auth_flow_request_latency_seconds_bucket_le_0_01,52631,39533,13098,0.75113526
beida,traffic,auth_flow_request_latency_seconds_bucket_le_0_025,52631,39533,13098,0.75113526
beida,traffic,auth_flow_request_latency_seconds_bucket_le_0_05,52631,39533,13098,0.75113526
beida,traffic,auth_flow_request_latency_seconds_bucket_le_0_1,52631,39533,13098,0.75113526
beida,traffic,auth_flow_request_latency_seconds_bucket_le_0_25,52631,39533,13098,0.75113526
beida,traffic,auth_flow_request_latency_seconds_bucket_le_0_5,52631,39533,13098,0.75113526
beida,traffic,auth_flow_request_latency_seconds_bucket_le_1,52631,39533,13098,0.75113526
beida,traffic,auth_flow_request_latency_seconds_bucket_le_2_5,52631,39533,13098,0.75113526
beida,traffic,auth_flow_request_latency_seconds_bucket_le_5,52631,39533,13098,0.75113526
beida,traffic,auth_flow_request_latency_seconds_bucket_le_plus_inf,52631,39533,13098,0.75113526
beida,traffic,auth_flow_request_latency_seconds_count,52631,39533,13098,0.75113526
beida,traffic,auth_flow_request_latency_seconds_sum,52631,39533,13098,0.75113526
beida,traffic,auth_flow_requests_total,52631,39533,13098,0.75113526
beida,traffic,auth_flow_success_total,52631,39533,13098,0.75113526
beida,traffic,dns_flow_active,52631,32658,19973,0.62050883
beida,traffic,dns_flow_active_seconds_total,52631,32658,19973,0.62050883
beida,traffic,dns_flow_batch_concurrency,52631,32658,19973,0.62050883
beida,traffic,dns_flow_batch_duration_seconds,52631,32658,19973,0.62050883
beida,traffic,dns_flow_batches_completed_total,52631,32658,19973,0.62050883
beida,traffic,dns_flow_batches_failed_total,52631,32658,19973,0.62050883
beida,traffic,dns_flow_batches_started_total,52631,32658,19973,0.62050883
beida,traffic,dns_flow_batches_timeout_total,52631,32658,19973,0.62050883
beida,traffic,dns_flow_bytes_received_total,52631,32658,19973,0.62050883
beida,traffic,dns_flow_bytes_sent_total,52631,32658,19973,0.62050883
beida,traffic,dns_flow_duration_seconds_count,52631,32658,19973,0.62050883
beida,traffic,dns_flow_duration_seconds_sum,52631,32658,19973,0.62050883
beida,traffic,dns_flow_error_total,52631,32658,19973,0.62050883
beida,traffic,dns_flow_last_batch_timestamp_seconds,52631,32658,19973,0.62050883
beida,traffic,dns_flow_latency_mean_seconds,52631,32658,19973,0.62050883
beida,traffic,dns_flow_latency_p95_seconds,52631,32658,19973,0.62050883
beida,traffic,dns_flow_observed_qps,52631,32658,19973,0.62050883
beida,traffic,dns_flow_request_latency_seconds_bucket_le_0_01,52631,32658,19973,0.62050883
beida,traffic,dns_flow_request_latency_seconds_bucket_le_0_025,52631,32658,19973,0.62050883
beida,traffic,dns_flow_request_latency_seconds_bucket_le_0_05,52631,32658,19973,0.62050883
beida,traffic,dns_flow_request_latency_seconds_bucket_le_0_1,52631,32658,19973,0.62050883
beida,traffic,dns_flow_request_latency_seconds_bucket_le_0_25,52631,32658,19973,0.62050883
beida,traffic,dns_flow_request_latency_seconds_bucket_le_0_5,52631,32658,19973,0.62050883
beida,traffic,dns_flow_request_latency_seconds_bucket_le_1,52631,32658,19973,0.62050883
beida,traffic,dns_flow_request_latency_seconds_bucket_le_2_5,52631,32658,19973,0.62050883
beida,traffic,dns_flow_request_latency_seconds_bucket_le_5,52631,32658,19973,0.62050883
beida,traffic,dns_flow_request_latency_seconds_bucket_le_plus_inf,52631,32658,19973,0.62050883
beida,traffic,dns_flow_request_latency_seconds_count,52631,32658,19973,0.62050883
beida,traffic,dns_flow_request_latency_seconds_sum,52631,32658,19973,0.62050883
beida,traffic,dns_flow_requests_total,52631,32658,19973,0.62050883
beida,traffic,dns_flow_success_total,52631,32658,19973,0.62050883
beida,traffic,elephant_flow_active,52631,51788,843,0.98398282
beida,traffic,elephant_flow_active_seconds_total,52631,51788,843,0.98398282
beida,traffic,elephant_flow_batch_concurrency,52631,51788,843,0.98398282
beida,traffic,elephant_flow_batch_duration_seconds,52631,51788,843,0.98398282
beida,traffic,elephant_flow_batches_completed_total,52631,51788,843,0.98398282
beida,traffic,elephant_flow_batches_failed_total,52631,51788,843,0.98398282
beida,traffic,elephant_flow_batches_started_total,52631,51788,843,0.98398282
beida,traffic,elephant_flow_batches_timeout_total,52631,51788,843,0.98398282
beida,traffic,elephant_flow_bytes_received_total,52631,51788,843,0.98398282
beida,traffic,elephant_flow_bytes_sent_total,52631,51788,843,0.98398282
beida,traffic,elephant_flow_duration_seconds_count,52631,51788,843,0.98398282
beida,traffic,elephant_flow_duration_seconds_sum,52631,51788,843,0.98398282
beida,traffic,elephant_flow_error_total,52631,51788,843,0.98398282
beida,traffic,elephant_flow_jitter_seconds,52631,51896,735,0.98603485
beida,traffic,elephant_flow_last_batch_timestamp_seconds,52631,51788,843,0.98398282
beida,traffic,elephant_flow_latency_mean_seconds,52631,52631,0,1.0
beida,traffic,elephant_flow_latency_p95_seconds,52631,52631,0,1.0
beida,traffic,elephant_flow_loss_rate,52631,51896,735,0.98603485
beida,traffic,elephant_flow_observed_qps,52631,52631,0,1.0
beida,traffic,elephant_flow_requests_total,52631,51788,843,0.98398282
beida,traffic,elephant_flow_retransmits_total,52631,51788,843,0.98398282
beida,traffic,elephant_flow_success_total,52631,51788,843,0.98398282
beida,traffic,elephant_flow_throughput_bps,52631,51896,735,0.98603485
beida,traffic,flow_type,52631,0,52631,0.0
beida,traffic,id,52631,0,52631,0.0
beida,traffic,prometheus_sample_time_utc,52631,0,52631,0.0
beida,traffic,protocol,52631,0,52631,0.0
beida,traffic,series_key,52631,0,52631,0.0
beida,traffic,source_ip,52631,0,52631,0.0
beida,traffic,source_region,52631,0,52631,0.0
beida,traffic,target_domain,52631,0,52631,0.0
beida,traffic,target_region,52631,0,52631,0.0
beida,traffic,timestamp_utc,52631,0,52631,0.0
beida,traffic,web_flow_active,52631,33914,18717,0.64437309
beida,traffic,web_flow_active_seconds_total,52631,33914,18717,0.64437309
beida,traffic,web_flow_batch_concurrency,52631,33914,18717,0.64437309
beida,traffic,web_flow_batch_duration_seconds,52631,33914,18717,0.64437309
beida,traffic,web_flow_batches_completed_total,52631,33914,18717,0.64437309
beida,traffic,web_flow_batches_failed_total,52631,33914,18717,0.64437309
beida,traffic,web_flow_batches_started_total,52631,33914,18717,0.64437309
beida,traffic,web_flow_batches_timeout_total,52631,33914,18717,0.64437309
beida,traffic,web_flow_bytes_received_total,52631,33914,18717,0.64437309
beida,traffic,web_flow_bytes_sent_total,52631,33914,18717,0.64437309
beida,traffic,web_flow_duration_seconds_count,52631,33914,18717,0.64437309
beida,traffic,web_flow_duration_seconds_sum,52631,33914,18717,0.64437309
beida,traffic,web_flow_error_total,52631,33914,18717,0.64437309
beida,traffic,web_flow_last_batch_timestamp_seconds,52631,33914,18717,0.64437309
beida,traffic,web_flow_latency_mean_seconds,52631,33914,18717,0.64437309
beida,traffic,web_flow_latency_p95_seconds,52631,33914,18717,0.64437309
beida,traffic,web_flow_observed_qps,52631,33914,18717,0.64437309
beida,traffic,web_flow_request_latency_seconds_bucket_le_0_01,52631,33914,18717,0.64437309
beida,traffic,web_flow_request_latency_seconds_bucket_le_0_025,52631,33914,18717,0.64437309
beida,traffic,web_flow_request_latency_seconds_bucket_le_0_05,52631,33914,18717,0.64437309
beida,traffic,web_flow_request_latency_seconds_bucket_le_0_1,52631,33914,18717,0.64437309
beida,traffic,web_flow_request_latency_seconds_bucket_le_0_25,52631,33914,18717,0.64437309
beida,traffic,web_flow_request_latency_seconds_bucket_le_0_5,52631,33914,18717,0.64437309
beida,traffic,web_flow_request_latency_seconds_bucket_le_1,52631,33914,18717,0.64437309
beida,traffic,web_flow_request_latency_seconds_bucket_le_2_5,52631,33914,18717,0.64437309
beida,traffic,web_flow_request_latency_seconds_bucket_le_5,52631,33914,18717,0.64437309
beida,traffic,web_flow_request_latency_seconds_bucket_le_plus_inf,52631,33914,18717,0.64437309
beida,traffic,web_flow_request_latency_seconds_count,52631,33914,18717,0.64437309
beida,traffic,web_flow_request_latency_seconds_sum,52631,33914,18717,0.64437309
beida,traffic,web_flow_requests_total,52631,33914,18717,0.64437309
beida,traffic,web_flow_success_total,52631,33914,18717,0.64437309
chengdu,frr,event_time,432,0,432,0.0
chengdu,frr,event_time_raw,432,0,432,0.0
chengdu,frr,facility,432,0,432,0.0
chengdu,frr,hostname,432,0,432,0.0
chengdu,frr,id,432,0,432,0.0
chengdu,frr,inserted_at,432,0,432,0.0
chengdu,frr,message,432,0,432,0.0
chengdu,frr,pid,432,0,432,0.0
chengdu,frr,program,432,0,432,0.0
chengdu,frr,received_at,432,0,432,0.0
chengdu,frr,received_at_raw,432,0,432,0.0
chengdu,frr,region,432,0,432,0.0
chengdu,frr,severity,432,0,432,0.0
chengdu,frr,severity_code,432,0,432,0.0
chengdu,frr,source_ip,432,0,432,0.0
chengdu,interface,carrier_changes,1208480,0,1208480,0.0
chengdu,interface,if_role,1208480,926490,281990,0.76665729
chengdu,interface,interface_id,1208480,0,1208480,0.0
chengdu,interface,node,1208480,0,1208480,0.0
chengdu,interface,node_type,1208480,0,1208480,0.0
chengdu,interface,region,1208480,0,1208480,0.0
chengdu,interface,rx_bytes_rate,1208480,0,1208480,0.0
chengdu,interface,rx_drop_rate,1208480,0,1208480,0.0
chengdu,interface,rx_error_rate,1208480,0,1208480,0.0
chengdu,interface,rx_packets_rate,1208480,0,1208480,0.0
chengdu,interface,timestamp,1208480,0,1208480,0.0
chengdu,interface,tx_bytes_rate,1208480,0,1208480,0.0
chengdu,interface,tx_drop_rate,1208480,0,1208480,0.0
chengdu,interface,tx_error_rate,1208480,0,1208480,0.0
chengdu,interface,tx_packets_rate,1208480,0,1208480,0.0
chengdu,netflow,bytes,32956265,0,32956265,0.0
chengdu,netflow,collector_port,32956265,0,32956265,0.0
chengdu,netflow,dst_addr,32956265,0,32956265,0.0
chengdu,netflow,dst_port,32956265,0,32956265,0.0
chengdu,netflow,first_seen,32956265,0,32956265,0.0
chengdu,netflow,flow_record_count,32956265,0,32956265,0.0
chengdu,netflow,if_role,32956265,32956265,0,1.0
chengdu,netflow,interface_id,32956265,0,32956265,0.0
chengdu,netflow,last_seen,32956265,0,32956265,0.0
chengdu,netflow,minute_utc,32956265,0,32956265,0.0
chengdu,netflow,node,32956265,0,32956265,0.0
chengdu,netflow,node_key,32956265,0,32956265,0.0
chengdu,netflow,node_type,32956265,0,32956265,0.0
chengdu,netflow,packets,32956265,0,32956265,0.0
chengdu,netflow,protocol,32956265,0,32956265,0.0
chengdu,netflow,region,32956265,0,32956265,0.0
chengdu,netflow,region_code,32956265,0,32956265,0.0
chengdu,netflow,src_addr,32956265,0,32956265,0.0
chengdu,netflow,src_port,32956265,0,32956265,0.0
chengdu,node,cpu_usage,181291,2,181289,1.103e-05
chengdu,node,disk_io_util,181291,2,181289,1.103e-05
chengdu,node,disk_read_rate,181291,2,181289,1.103e-05
chengdu,node,disk_write_rate,181291,2,181289,1.103e-05
chengdu,node,filesystem_used_ratio,181291,3,181288,1.655e-05
chengdu,node,inode_used_ratio,181291,3,181288,1.655e-05
chengdu,node,load1,181291,3,181288,1.655e-05
chengdu,node,load5,181291,3,181288,1.655e-05
chengdu,node,memory_available_ratio,181291,3,181288,1.655e-05
chengdu,node,node,181291,0,181291,0.0
chengdu,node,node_type,181291,0,181291,0.0
chengdu,node,open_fd_ratio,181291,3,181288,1.655e-05
chengdu,node,process_count,181291,3,181288,1.655e-05
chengdu,node,region,181291,0,181291,0.0
chengdu,node,swap_used_ratio,181291,3,181288,1.655e-05
chengdu,node,timestamp,181291,0,181291,0.0
chengdu,routing,label,5116507,362668,4753839,0.07088195
chengdu,routing,metric_name,5116507,0,5116507,0.0
chengdu,routing,node,5116507,0,5116507,0.0
chengdu,routing,node_type,5116507,0,5116507,0.0
chengdu,routing,region,5116507,0,5116507,0.0
chengdu,routing,timestamp,5116507,0,5116507,0.0
chengdu,routing,value,5116507,241824,4874683,0.04726349
chengdu,scrape,exporter_type,261911,0,261911,0.0
chengdu,scrape,node,261911,0,261911,0.0
chengdu,scrape,region,261911,0,261911,0.0
chengdu,scrape,scrape_duration_seconds,261911,0,261911,0.0
chengdu,scrape,scrape_error,261911,261842,69,0.99973655
chengdu,scrape,scrape_samples,261911,0,261911,0.0
chengdu,scrape,scrape_up,261911,0,261911,0.0
chengdu,scrape,target_id,261911,0,261911,0.0
chengdu,scrape,timestamp,261911,0,261911,0.0
chengdu,traffic,auth_flow_active,52488,39390,13098,0.75045725
chengdu,traffic,auth_flow_active_seconds_total,52488,39390,13098,0.75045725
chengdu,traffic,auth_flow_batch_concurrency,52488,39390,13098,0.75045725
chengdu,traffic,auth_flow_batch_duration_seconds,52488,39390,13098,0.75045725
chengdu,traffic,auth_flow_batches_completed_total,52488,39390,13098,0.75045725
chengdu,traffic,auth_flow_batches_failed_total,52488,39390,13098,0.75045725
chengdu,traffic,auth_flow_batches_started_total,52488,39390,13098,0.75045725
chengdu,traffic,auth_flow_batches_timeout_total,52488,39390,13098,0.75045725
chengdu,traffic,auth_flow_bytes_received_total,52488,39390,13098,0.75045725
chengdu,traffic,auth_flow_bytes_sent_total,52488,39390,13098,0.75045725
chengdu,traffic,auth_flow_duration_seconds_count,52488,39390,13098,0.75045725
chengdu,traffic,auth_flow_duration_seconds_sum,52488,39390,13098,0.75045725
chengdu,traffic,auth_flow_error_total,52488,39390,13098,0.75045725
chengdu,traffic,auth_flow_last_batch_timestamp_seconds,52488,39390,13098,0.75045725
chengdu,traffic,auth_flow_latency_mean_seconds,52488,39390,13098,0.75045725
chengdu,traffic,auth_flow_latency_p95_seconds,52488,39390,13098,0.75045725
chengdu,traffic,auth_flow_observed_qps,52488,39390,13098,0.75045725
chengdu,traffic,auth_flow_request_latency_seconds_bucket_le_0_01,52488,39390,13098,0.75045725
chengdu,traffic,auth_flow_request_latency_seconds_bucket_le_0_025,52488,39390,13098,0.75045725
chengdu,traffic,auth_flow_request_latency_seconds_bucket_le_0_05,52488,39390,13098,0.75045725
chengdu,traffic,auth_flow_request_latency_seconds_bucket_le_0_1,52488,39390,13098,0.75045725
chengdu,traffic,auth_flow_request_latency_seconds_bucket_le_0_25,52488,39390,13098,0.75045725
chengdu,traffic,auth_flow_request_latency_seconds_bucket_le_0_5,52488,39390,13098,0.75045725
chengdu,traffic,auth_flow_request_latency_seconds_bucket_le_1,52488,39390,13098,0.75045725
chengdu,traffic,auth_flow_request_latency_seconds_bucket_le_2_5,52488,39390,13098,0.75045725
chengdu,traffic,auth_flow_request_latency_seconds_bucket_le_5,52488,39390,13098,0.75045725
chengdu,traffic,auth_flow_request_latency_seconds_bucket_le_plus_inf,52488,39390,13098,0.75045725
chengdu,traffic,auth_flow_request_latency_seconds_count,52488,39390,13098,0.75045725
chengdu,traffic,auth_flow_request_latency_seconds_sum,52488,39390,13098,0.75045725
chengdu,traffic,auth_flow_requests_total,52488,39390,13098,0.75045725
chengdu,traffic,auth_flow_success_total,52488,39390,13098,0.75045725
chengdu,traffic,dns_flow_active,52488,32565,19923,0.62042753
chengdu,traffic,dns_flow_active_seconds_total,52488,32565,19923,0.62042753
chengdu,traffic,dns_flow_batch_concurrency,52488,32565,19923,0.62042753
chengdu,traffic,dns_flow_batch_duration_seconds,52488,32565,19923,0.62042753
chengdu,traffic,dns_flow_batches_completed_total,52488,32565,19923,0.62042753
chengdu,traffic,dns_flow_batches_failed_total,52488,32565,19923,0.62042753
chengdu,traffic,dns_flow_batches_started_total,52488,32565,19923,0.62042753
chengdu,traffic,dns_flow_batches_timeout_total,52488,32565,19923,0.62042753
chengdu,traffic,dns_flow_bytes_received_total,52488,32565,19923,0.62042753
chengdu,traffic,dns_flow_bytes_sent_total,52488,32565,19923,0.62042753
chengdu,traffic,dns_flow_duration_seconds_count,52488,32565,19923,0.62042753
chengdu,traffic,dns_flow_duration_seconds_sum,52488,32565,19923,0.62042753
chengdu,traffic,dns_flow_error_total,52488,32565,19923,0.62042753
chengdu,traffic,dns_flow_last_batch_timestamp_seconds,52488,32565,19923,0.62042753
chengdu,traffic,dns_flow_latency_mean_seconds,52488,32565,19923,0.62042753
chengdu,traffic,dns_flow_latency_p95_seconds,52488,32565,19923,0.62042753
chengdu,traffic,dns_flow_observed_qps,52488,32565,19923,0.62042753
chengdu,traffic,dns_flow_request_latency_seconds_bucket_le_0_01,52488,32565,19923,0.62042753
chengdu,traffic,dns_flow_request_latency_seconds_bucket_le_0_025,52488,32565,19923,0.62042753
chengdu,traffic,dns_flow_request_latency_seconds_bucket_le_0_05,52488,32565,19923,0.62042753
chengdu,traffic,dns_flow_request_latency_seconds_bucket_le_0_1,52488,32565,19923,0.62042753
chengdu,traffic,dns_flow_request_latency_seconds_bucket_le_0_25,52488,32565,19923,0.62042753
chengdu,traffic,dns_flow_request_latency_seconds_bucket_le_0_5,52488,32565,19923,0.62042753
chengdu,traffic,dns_flow_request_latency_seconds_bucket_le_1,52488,32565,19923,0.62042753
chengdu,traffic,dns_flow_request_latency_seconds_bucket_le_2_5,52488,32565,19923,0.62042753
chengdu,traffic,dns_flow_request_latency_seconds_bucket_le_5,52488,32565,19923,0.62042753
chengdu,traffic,dns_flow_request_latency_seconds_bucket_le_plus_inf,52488,32565,19923,0.62042753
chengdu,traffic,dns_flow_request_latency_seconds_count,52488,32565,19923,0.62042753
chengdu,traffic,dns_flow_request_latency_seconds_sum,52488,32565,19923,0.62042753
chengdu,traffic,dns_flow_requests_total,52488,32565,19923,0.62042753
chengdu,traffic,dns_flow_success_total,52488,32565,19923,0.62042753
chengdu,traffic,elephant_flow_active,52488,51748,740,0.98590154
chengdu,traffic,elephant_flow_active_seconds_total,52488,51748,740,0.98590154
chengdu,traffic,elephant_flow_batch_concurrency,52488,51748,740,0.98590154
chengdu,traffic,elephant_flow_batch_duration_seconds,52488,51748,740,0.98590154
chengdu,traffic,elephant_flow_batches_completed_total,52488,51748,740,0.98590154
chengdu,traffic,elephant_flow_batches_failed_total,52488,51748,740,0.98590154
chengdu,traffic,elephant_flow_batches_started_total,52488,51748,740,0.98590154
chengdu,traffic,elephant_flow_batches_timeout_total,52488,51748,740,0.98590154
chengdu,traffic,elephant_flow_bytes_received_total,52488,51748,740,0.98590154
chengdu,traffic,elephant_flow_bytes_sent_total,52488,51748,740,0.98590154
chengdu,traffic,elephant_flow_duration_seconds_count,52488,51748,740,0.98590154
chengdu,traffic,elephant_flow_duration_seconds_sum,52488,51748,740,0.98590154
chengdu,traffic,elephant_flow_error_total,52488,51748,740,0.98590154
chengdu,traffic,elephant_flow_jitter_seconds,52488,51882,606,0.9884545
chengdu,traffic,elephant_flow_last_batch_timestamp_seconds,52488,51748,740,0.98590154
chengdu,traffic,elephant_flow_latency_mean_seconds,52488,52488,0,1.0
chengdu,traffic,elephant_flow_latency_p95_seconds,52488,52488,0,1.0
chengdu,traffic,elephant_flow_loss_rate,52488,51882,606,0.9884545
chengdu,traffic,elephant_flow_observed_qps,52488,52488,0,1.0
chengdu,traffic,elephant_flow_requests_total,52488,51748,740,0.98590154
chengdu,traffic,elephant_flow_retransmits_total,52488,51748,740,0.98590154
chengdu,traffic,elephant_flow_success_total,52488,51748,740,0.98590154
chengdu,traffic,elephant_flow_throughput_bps,52488,51882,606,0.9884545
chengdu,traffic,flow_type,52488,0,52488,0.0
chengdu,traffic,id,52488,0,52488,0.0
chengdu,traffic,prometheus_sample_time_utc,52488,0,52488,0.0
chengdu,traffic,protocol,52488,0,52488,0.0
chengdu,traffic,series_key,52488,0,52488,0.0
chengdu,traffic,source_ip,52488,0,52488,0.0
chengdu,traffic,source_region,52488,0,52488,0.0
chengdu,traffic,target_domain,52488,0,52488,0.0
chengdu,traffic,target_region,52488,0,52488,0.0
chengdu,traffic,timestamp_utc,52488,0,52488,0.0
chengdu,traffic,web_flow_active,52488,33761,18727,0.64321369
chengdu,traffic,web_flow_active_seconds_total,52488,33761,18727,0.64321369
chengdu,traffic,web_flow_batch_concurrency,52488,33761,18727,0.64321369
chengdu,traffic,web_flow_batch_duration_seconds,52488,33761,18727,0.64321369
chengdu,traffic,web_flow_batches_completed_total,52488,33761,18727,0.64321369
chengdu,traffic,web_flow_batches_failed_total,52488,33761,18727,0.64321369
chengdu,traffic,web_flow_batches_started_total,52488,33761,18727,0.64321369
chengdu,traffic,web_flow_batches_timeout_total,52488,33761,18727,0.64321369
chengdu,traffic,web_flow_bytes_received_total,52488,33761,18727,0.64321369
chengdu,traffic,web_flow_bytes_sent_total,52488,33761,18727,0.64321369
chengdu,traffic,web_flow_duration_seconds_count,52488,33761,18727,0.64321369
chengdu,traffic,web_flow_duration_seconds_sum,52488,33761,18727,0.64321369
chengdu,traffic,web_flow_error_total,52488,33761,18727,0.64321369
chengdu,traffic,web_flow_last_batch_timestamp_seconds,52488,33761,18727,0.64321369
chengdu,traffic,web_flow_latency_mean_seconds,52488,33761,18727,0.64321369
chengdu,traffic,web_flow_latency_p95_seconds,52488,33761,18727,0.64321369
chengdu,traffic,web_flow_observed_qps,52488,33761,18727,0.64321369
chengdu,traffic,web_flow_request_latency_seconds_bucket_le_0_01,52488,33761,18727,0.64321369
chengdu,traffic,web_flow_request_latency_seconds_bucket_le_0_025,52488,33761,18727,0.64321369
chengdu,traffic,web_flow_request_latency_seconds_bucket_le_0_05,52488,33761,18727,0.64321369
chengdu,traffic,web_flow_request_latency_seconds_bucket_le_0_1,52488,33761,18727,0.64321369
chengdu,traffic,web_flow_request_latency_seconds_bucket_le_0_25,52488,33761,18727,0.64321369
chengdu,traffic,web_flow_request_latency_seconds_bucket_le_0_5,52488,33761,18727,0.64321369
chengdu,traffic,web_flow_request_latency_seconds_bucket_le_1,52488,33761,18727,0.64321369
chengdu,traffic,web_flow_request_latency_seconds_bucket_le_2_5,52488,33761,18727,0.64321369
chengdu,traffic,web_flow_request_latency_seconds_bucket_le_5,52488,33761,18727,0.64321369
chengdu,traffic,web_flow_request_latency_seconds_bucket_le_plus_inf,52488,33761,18727,0.64321369
chengdu,traffic,web_flow_request_latency_seconds_count,52488,33761,18727,0.64321369
chengdu,traffic,web_flow_request_latency_seconds_sum,52488,33761,18727,0.64321369
chengdu,traffic,web_flow_requests_total,52488,33761,18727,0.64321369
chengdu,traffic,web_flow_success_total,52488,33761,18727,0.64321369
guangzhou,frr,event_time,444,0,444,0.0
guangzhou,frr,event_time_raw,444,0,444,0.0
guangzhou,frr,facility,444,0,444,0.0
guangzhou,frr,hostname,444,0,444,0.0
guangzhou,frr,id,444,0,444,0.0
guangzhou,frr,inserted_at,444,0,444,0.0
guangzhou,frr,message,444,0,444,0.0
guangzhou,frr,pid,444,0,444,0.0
guangzhou,frr,program,444,0,444,0.0
guangzhou,frr,received_at,444,0,444,0.0
guangzhou,frr,received_at_raw,444,0,444,0.0
guangzhou,frr,region,444,0,444,0.0
guangzhou,frr,severity,444,0,444,0.0
guangzhou,frr,severity_code,444,0,444,0.0
guangzhou,frr,source_ip,444,0,444,0.0
guangzhou,interface,carrier_changes,1209320,0,1209320,0.0
guangzhou,interface,if_role,1209320,927136,282184,0.76665895
guangzhou,interface,interface_id,1209320,0,1209320,0.0
guangzhou,interface,node,1209320,0,1209320,0.0
guangzhou,interface,node_type,1209320,0,1209320,0.0
guangzhou,interface,region,1209320,0,1209320,0.0
guangzhou,interface,rx_bytes_rate,1209320,0,1209320,0.0
guangzhou,interface,rx_drop_rate,1209320,0,1209320,0.0
guangzhou,interface,rx_error_rate,1209320,0,1209320,0.0
guangzhou,interface,rx_packets_rate,1209320,0,1209320,0.0
guangzhou,interface,timestamp,1209320,0,1209320,0.0
guangzhou,interface,tx_bytes_rate,1209320,0,1209320,0.0
guangzhou,interface,tx_drop_rate,1209320,0,1209320,0.0
guangzhou,interface,tx_error_rate,1209320,0,1209320,0.0
guangzhou,interface,tx_packets_rate,1209320,0,1209320,0.0
guangzhou,netflow,bytes,33812982,0,33812982,0.0
guangzhou,netflow,collector_port,33812982,0,33812982,0.0
guangzhou,netflow,dst_addr,33812982,0,33812982,0.0
guangzhou,netflow,dst_port,33812982,0,33812982,0.0
guangzhou,netflow,first_seen,33812982,0,33812982,0.0
guangzhou,netflow,flow_record_count,33812982,0,33812982,0.0
guangzhou,netflow,if_role,33812982,33812982,0,1.0
guangzhou,netflow,interface_id,33812982,0,33812982,0.0
guangzhou,netflow,last_seen,33812982,0,33812982,0.0
guangzhou,netflow,minute_utc,33812982,0,33812982,0.0
guangzhou,netflow,node,33812982,0,33812982,0.0
guangzhou,netflow,node_key,33812982,0,33812982,0.0
guangzhou,netflow,node_type,33812982,0,33812982,0.0
guangzhou,netflow,packets,33812982,0,33812982,0.0
guangzhou,netflow,protocol,33812982,0,33812982,0.0
guangzhou,netflow,region,33812982,0,33812982,0.0
guangzhou,netflow,region_code,33812982,0,33812982,0.0
guangzhou,netflow,src_addr,33812982,0,33812982,0.0
guangzhou,netflow,src_port,33812982,0,33812982,0.0
guangzhou,node,cpu_usage,181414,2,181412,1.102e-05
guangzhou,node,disk_io_util,181414,2,181412,1.102e-05
guangzhou,node,disk_read_rate,181414,2,181412,1.102e-05
guangzhou,node,disk_write_rate,181414,2,181412,1.102e-05
guangzhou,node,filesystem_used_ratio,181414,2,181412,1.102e-05
guangzhou,node,inode_used_ratio,181414,2,181412,1.102e-05
guangzhou,node,load1,181414,2,181412,1.102e-05
guangzhou,node,load5,181414,2,181412,1.102e-05
guangzhou,node,memory_available_ratio,181414,2,181412,1.102e-05
guangzhou,node,node,181414,0,181414,0.0
guangzhou,node,node_type,181414,0,181414,0.0
guangzhou,node,open_fd_ratio,181414,2,181412,1.102e-05
guangzhou,node,process_count,181414,2,181412,1.102e-05
guangzhou,node,region,181414,0,181414,0.0
guangzhou,node,swap_used_ratio,181414,2,181412,1.102e-05
guangzhou,node,timestamp,181414,0,181414,0.0
guangzhou,routing,label,5014277,362820,4651457,0.07235739
guangzhou,routing,metric_name,5014277,0,5014277,0.0
guangzhou,routing,node,5014277,0,5014277,0.0
guangzhou,routing,node_type,5014277,0,5014277,0.0
guangzhou,routing,region,5014277,0,5014277,0.0
guangzhou,routing,timestamp,5014277,0,5014277,0.0
guangzhou,routing,value,5014277,241920,4772357,0.04824624
guangzhou,scrape,exporter_type,262080,0,262080,0.0
guangzhou,scrape,node,262080,0,262080,0.0
guangzhou,scrape,region,262080,0,262080,0.0
guangzhou,scrape,scrape_duration_seconds,262080,0,262080,0.0
guangzhou,scrape,scrape_error,262080,262022,58,0.99977869
guangzhou,scrape,scrape_samples,262080,0,262080,0.0
guangzhou,scrape,scrape_up,262080,0,262080,0.0
guangzhou,scrape,target_id,262080,0,262080,0.0
guangzhou,scrape,timestamp,262080,0,262080,0.0
guangzhou,traffic,auth_flow_active,52723,39602,13121,0.75113328
guangzhou,traffic,auth_flow_active_seconds_total,52723,39602,13121,0.75113328
guangzhou,traffic,auth_flow_batch_concurrency,52723,39602,13121,0.75113328
guangzhou,traffic,auth_flow_batch_duration_seconds,52723,39602,13121,0.75113328
guangzhou,traffic,auth_flow_batches_completed_total,52723,39602,13121,0.75113328
guangzhou,traffic,auth_flow_batches_failed_total,52723,39602,13121,0.75113328
guangzhou,traffic,auth_flow_batches_started_total,52723,39602,13121,0.75113328
guangzhou,traffic,auth_flow_batches_timeout_total,52723,39602,13121,0.75113328
guangzhou,traffic,auth_flow_bytes_received_total,52723,39602,13121,0.75113328
guangzhou,traffic,auth_flow_bytes_sent_total,52723,39602,13121,0.75113328
guangzhou,traffic,auth_flow_duration_seconds_count,52723,39602,13121,0.75113328
guangzhou,traffic,auth_flow_duration_seconds_sum,52723,39602,13121,0.75113328
guangzhou,traffic,auth_flow_error_total,52723,39602,13121,0.75113328
guangzhou,traffic,auth_flow_last_batch_timestamp_seconds,52723,39602,13121,0.75113328
guangzhou,traffic,auth_flow_latency_mean_seconds,52723,39602,13121,0.75113328
guangzhou,traffic,auth_flow_latency_p95_seconds,52723,39602,13121,0.75113328
guangzhou,traffic,auth_flow_observed_qps,52723,39602,13121,0.75113328
guangzhou,traffic,auth_flow_request_latency_seconds_bucket_le_0_01,52723,39602,13121,0.75113328
guangzhou,traffic,auth_flow_request_latency_seconds_bucket_le_0_025,52723,39602,13121,0.75113328
guangzhou,traffic,auth_flow_request_latency_seconds_bucket_le_0_05,52723,39602,13121,0.75113328
guangzhou,traffic,auth_flow_request_latency_seconds_bucket_le_0_1,52723,39602,13121,0.75113328
guangzhou,traffic,auth_flow_request_latency_seconds_bucket_le_0_25,52723,39602,13121,0.75113328
guangzhou,traffic,auth_flow_request_latency_seconds_bucket_le_0_5,52723,39602,13121,0.75113328
guangzhou,traffic,auth_flow_request_latency_seconds_bucket_le_1,52723,39602,13121,0.75113328
guangzhou,traffic,auth_flow_request_latency_seconds_bucket_le_2_5,52723,39602,13121,0.75113328
guangzhou,traffic,auth_flow_request_latency_seconds_bucket_le_5,52723,39602,13121,0.75113328
guangzhou,traffic,auth_flow_request_latency_seconds_bucket_le_plus_inf,52723,39602,13121,0.75113328
guangzhou,traffic,auth_flow_request_latency_seconds_count,52723,39602,13121,0.75113328
guangzhou,traffic,auth_flow_request_latency_seconds_sum,52723,39602,13121,0.75113328
guangzhou,traffic,auth_flow_requests_total,52723,39602,13121,0.75113328
guangzhou,traffic,auth_flow_success_total,52723,39602,13121,0.75113328
guangzhou,traffic,dns_flow_active,52723,32770,19953,0.62155037
guangzhou,traffic,dns_flow_active_seconds_total,52723,32770,19953,0.62155037
guangzhou,traffic,dns_flow_batch_concurrency,52723,32770,19953,0.62155037
guangzhou,traffic,dns_flow_batch_duration_seconds,52723,32770,19953,0.62155037
guangzhou,traffic,dns_flow_batches_completed_total,52723,32770,19953,0.62155037
guangzhou,traffic,dns_flow_batches_failed_total,52723,32770,19953,0.62155037
guangzhou,traffic,dns_flow_batches_started_total,52723,32770,19953,0.62155037
guangzhou,traffic,dns_flow_batches_timeout_total,52723,32770,19953,0.62155037
guangzhou,traffic,dns_flow_bytes_received_total,52723,32770,19953,0.62155037
guangzhou,traffic,dns_flow_bytes_sent_total,52723,32770,19953,0.62155037
guangzhou,traffic,dns_flow_duration_seconds_count,52723,32770,19953,0.62155037
guangzhou,traffic,dns_flow_duration_seconds_sum,52723,32770,19953,0.62155037
guangzhou,traffic,dns_flow_error_total,52723,32770,19953,0.62155037
guangzhou,traffic,dns_flow_last_batch_timestamp_seconds,52723,32770,19953,0.62155037
guangzhou,traffic,dns_flow_latency_mean_seconds,52723,32770,19953,0.62155037
guangzhou,traffic,dns_flow_latency_p95_seconds,52723,32770,19953,0.62155037
guangzhou,traffic,dns_flow_observed_qps,52723,32770,19953,0.62155037
guangzhou,traffic,dns_flow_request_latency_seconds_bucket_le_0_01,52723,32770,19953,0.62155037
guangzhou,traffic,dns_flow_request_latency_seconds_bucket_le_0_025,52723,32770,19953,0.62155037
guangzhou,traffic,dns_flow_request_latency_seconds_bucket_le_0_05,52723,32770,19953,0.62155037
guangzhou,traffic,dns_flow_request_latency_seconds_bucket_le_0_1,52723,32770,19953,0.62155037
guangzhou,traffic,dns_flow_request_latency_seconds_bucket_le_0_25,52723,32770,19953,0.62155037
guangzhou,traffic,dns_flow_request_latency_seconds_bucket_le_0_5,52723,32770,19953,0.62155037
guangzhou,traffic,dns_flow_request_latency_seconds_bucket_le_1,52723,32770,19953,0.62155037
guangzhou,traffic,dns_flow_request_latency_seconds_bucket_le_2_5,52723,32770,19953,0.62155037
guangzhou,traffic,dns_flow_request_latency_seconds_bucket_le_5,52723,32770,19953,0.62155037
guangzhou,traffic,dns_flow_request_latency_seconds_bucket_le_plus_inf,52723,32770,19953,0.62155037
guangzhou,traffic,dns_flow_request_latency_seconds_count,52723,32770,19953,0.62155037
guangzhou,traffic,dns_flow_request_latency_seconds_sum,52723,32770,19953,0.62155037
guangzhou,traffic,dns_flow_requests_total,52723,32770,19953,0.62155037
guangzhou,traffic,dns_flow_success_total,52723,32770,19953,0.62155037
guangzhou,traffic,elephant_flow_active,52723,51915,808,0.98467462
guangzhou,traffic,elephant_flow_active_seconds_total,52723,51915,808,0.98467462
guangzhou,traffic,elephant_flow_batch_concurrency,52723,51915,808,0.98467462
guangzhou,traffic,elephant_flow_batch_duration_seconds,52723,51915,808,0.98467462
guangzhou,traffic,elephant_flow_batches_completed_total,52723,51915,808,0.98467462
guangzhou,traffic,elephant_flow_batches_failed_total,52723,51915,808,0.98467462
guangzhou,traffic,elephant_flow_batches_started_total,52723,51915,808,0.98467462
guangzhou,traffic,elephant_flow_batches_timeout_total,52723,51915,808,0.98467462
guangzhou,traffic,elephant_flow_bytes_received_total,52723,51915,808,0.98467462
guangzhou,traffic,elephant_flow_bytes_sent_total,52723,51915,808,0.98467462
guangzhou,traffic,elephant_flow_duration_seconds_count,52723,51915,808,0.98467462
guangzhou,traffic,elephant_flow_duration_seconds_sum,52723,51915,808,0.98467462
guangzhou,traffic,elephant_flow_error_total,52723,51915,808,0.98467462
guangzhou,traffic,elephant_flow_jitter_seconds,52723,52028,695,0.9868179
guangzhou,traffic,elephant_flow_last_batch_timestamp_seconds,52723,51915,808,0.98467462
guangzhou,traffic,elephant_flow_latency_mean_seconds,52723,52723,0,1.0
guangzhou,traffic,elephant_flow_latency_p95_seconds,52723,52723,0,1.0
guangzhou,traffic,elephant_flow_loss_rate,52723,52028,695,0.9868179
guangzhou,traffic,elephant_flow_observed_qps,52723,52723,0,1.0
guangzhou,traffic,elephant_flow_requests_total,52723,51915,808,0.98467462
guangzhou,traffic,elephant_flow_retransmits_total,52723,51915,808,0.98467462
guangzhou,traffic,elephant_flow_success_total,52723,51915,808,0.98467462
guangzhou,traffic,elephant_flow_throughput_bps,52723,52028,695,0.9868179
guangzhou,traffic,flow_type,52723,0,52723,0.0
guangzhou,traffic,id,52723,0,52723,0.0
guangzhou,traffic,prometheus_sample_time_utc,52723,0,52723,0.0
guangzhou,traffic,protocol,52723,0,52723,0.0
guangzhou,traffic,series_key,52723,0,52723,0.0
guangzhou,traffic,source_ip,52723,0,52723,0.0
guangzhou,traffic,source_region,52723,0,52723,0.0
guangzhou,traffic,target_domain,52723,0,52723,0.0
guangzhou,traffic,target_region,52723,0,52723,0.0
guangzhou,traffic,timestamp_utc,52723,0,52723,0.0
guangzhou,traffic,web_flow_active,52723,33882,18841,0.64264173
guangzhou,traffic,web_flow_active_seconds_total,52723,33882,18841,0.64264173
guangzhou,traffic,web_flow_batch_concurrency,52723,33882,18841,0.64264173
guangzhou,traffic,web_flow_batch_duration_seconds,52723,33882,18841,0.64264173
guangzhou,traffic,web_flow_batches_completed_total,52723,33882,18841,0.64264173
guangzhou,traffic,web_flow_batches_failed_total,52723,33882,18841,0.64264173
guangzhou,traffic,web_flow_batches_started_total,52723,33882,18841,0.64264173
guangzhou,traffic,web_flow_batches_timeout_total,52723,33882,18841,0.64264173
guangzhou,traffic,web_flow_bytes_received_total,52723,33882,18841,0.64264173
guangzhou,traffic,web_flow_bytes_sent_total,52723,33882,18841,0.64264173
guangzhou,traffic,web_flow_duration_seconds_count,52723,33882,18841,0.64264173
guangzhou,traffic,web_flow_duration_seconds_sum,52723,33882,18841,0.64264173
guangzhou,traffic,web_flow_error_total,52723,33882,18841,0.64264173
guangzhou,traffic,web_flow_last_batch_timestamp_seconds,52723,33882,18841,0.64264173
guangzhou,traffic,web_flow_latency_mean_seconds,52723,33882,18841,0.64264173
guangzhou,traffic,web_flow_latency_p95_seconds,52723,33882,18841,0.64264173
guangzhou,traffic,web_flow_observed_qps,52723,33882,18841,0.64264173
guangzhou,traffic,web_flow_request_latency_seconds_bucket_le_0_01,52723,33882,18841,0.64264173
guangzhou,traffic,web_flow_request_latency_seconds_bucket_le_0_025,52723,33882,18841,0.64264173
guangzhou,traffic,web_flow_request_latency_seconds_bucket_le_0_05,52723,33882,18841,0.64264173
guangzhou,traffic,web_flow_request_latency_seconds_bucket_le_0_1,52723,33882,18841,0.64264173
guangzhou,traffic,web_flow_request_latency_seconds_bucket_le_0_25,52723,33882,18841,0.64264173
guangzhou,traffic,web_flow_request_latency_seconds_bucket_le_0_5,52723,33882,18841,0.64264173
guangzhou,traffic,web_flow_request_latency_seconds_bucket_le_1,52723,33882,18841,0.64264173
guangzhou,traffic,web_flow_request_latency_seconds_bucket_le_2_5,52723,33882,18841,0.64264173
guangzhou,traffic,web_flow_request_latency_seconds_bucket_le_5,52723,33882,18841,0.64264173
guangzhou,traffic,web_flow_request_latency_seconds_bucket_le_plus_inf,52723,33882,18841,0.64264173
guangzhou,traffic,web_flow_request_latency_seconds_count,52723,33882,18841,0.64264173
guangzhou,traffic,web_flow_request_latency_seconds_sum,52723,33882,18841,0.64264173
guangzhou,traffic,web_flow_requests_total,52723,33882,18841,0.64264173
guangzhou,traffic,web_flow_success_total,52723,33882,18841,0.64264173
nanjing,frr,event_time,487,0,487,0.0
nanjing,frr,event_time_raw,487,0,487,0.0
nanjing,frr,facility,487,0,487,0.0
nanjing,frr,hostname,487,0,487,0.0
nanjing,frr,id,487,0,487,0.0
nanjing,frr,inserted_at,487,0,487,0.0
nanjing,frr,message,487,0,487,0.0
nanjing,frr,pid,487,0,487,0.0
nanjing,frr,program,487,0,487,0.0
nanjing,frr,received_at,487,0,487,0.0
nanjing,frr,received_at_raw,487,0,487,0.0
nanjing,frr,region,487,0,487,0.0
nanjing,frr,severity,487,0,487,0.0
nanjing,frr,severity_code,487,0,487,0.0
nanjing,frr,source_ip,487,0,487,0.0
nanjing,interface,carrier_changes,1249740,0,1249740,0.0
nanjing,interface,if_role,1249740,967536,282204,0.77418983
nanjing,interface,interface_id,1249740,0,1249740,0.0
nanjing,interface,node,1249740,0,1249740,0.0
nanjing,interface,node_type,1249740,0,1249740,0.0
nanjing,interface,region,1249740,0,1249740,0.0
nanjing,interface,rx_bytes_rate,1249740,0,1249740,0.0
nanjing,interface,rx_drop_rate,1249740,0,1249740,0.0
nanjing,interface,rx_error_rate,1249740,0,1249740,0.0
nanjing,interface,rx_packets_rate,1249740,0,1249740,0.0
nanjing,interface,timestamp,1249740,0,1249740,0.0
nanjing,interface,tx_bytes_rate,1249740,0,1249740,0.0
nanjing,interface,tx_drop_rate,1249740,0,1249740,0.0
nanjing,interface,tx_error_rate,1249740,0,1249740,0.0
nanjing,interface,tx_packets_rate,1249740,0,1249740,0.0
nanjing,netflow,bytes,34484309,0,34484309,0.0
nanjing,netflow,collector_port,34484309,0,34484309,0.0
nanjing,netflow,dst_addr,34484309,0,34484309,0.0
nanjing,netflow,dst_port,34484309,0,34484309,0.0
nanjing,netflow,first_seen,34484309,0,34484309,0.0
nanjing,netflow,flow_record_count,34484309,0,34484309,0.0
nanjing,netflow,if_role,34484309,34484309,0,1.0
nanjing,netflow,interface_id,34484309,0,34484309,0.0
nanjing,netflow,last_seen,34484309,0,34484309,0.0
nanjing,netflow,minute_utc,34484309,0,34484309,0.0
nanjing,netflow,node,34484309,0,34484309,0.0
nanjing,netflow,node_key,34484309,0,34484309,0.0
nanjing,netflow,node_type,34484309,0,34484309,0.0
nanjing,netflow,packets,34484309,0,34484309,0.0
nanjing,netflow,protocol,34484309,0,34484309,0.0
nanjing,netflow,region,34484309,0,34484309,0.0
nanjing,netflow,region_code,34484309,0,34484309,0.0
nanjing,netflow,src_addr,34484309,0,34484309,0.0
nanjing,netflow,src_port,34484309,0,34484309,0.0
nanjing,node,cpu_usage,181424,2,181422,1.102e-05
nanjing,node,disk_io_util,181424,2,181422,1.102e-05
nanjing,node,disk_read_rate,181424,2,181422,1.102e-05
nanjing,node,disk_write_rate,181424,2,181422,1.102e-05
nanjing,node,filesystem_used_ratio,181424,2,181422,1.102e-05
nanjing,node,inode_used_ratio,181424,2,181422,1.102e-05
nanjing,node,load1,181424,2,181422,1.102e-05
nanjing,node,load5,181424,2,181422,1.102e-05
nanjing,node,memory_available_ratio,181424,2,181422,1.102e-05
nanjing,node,node,181424,0,181424,0.0
nanjing,node,node_type,181424,0,181424,0.0
nanjing,node,open_fd_ratio,181424,2,181422,1.102e-05
nanjing,node,process_count,181424,2,181422,1.102e-05
nanjing,node,region,181424,0,181424,0.0
nanjing,node,swap_used_ratio,181424,2,181422,1.102e-05
nanjing,node,timestamp,181424,0,181424,0.0
nanjing,routing,label,5139599,362844,4776755,0.07059773
nanjing,routing,metric_name,5139599,0,5139599,0.0
nanjing,routing,node,5139599,0,5139599,0.0
nanjing,routing,node_type,5139599,0,5139599,0.0
nanjing,routing,region,5139599,0,5139599,0.0
nanjing,routing,timestamp,5139599,0,5139599,0.0
nanjing,routing,value,5139599,241920,4897679,0.04706982
nanjing,scrape,exporter_type,262080,0,262080,0.0
nanjing,scrape,node,262080,0,262080,0.0
nanjing,scrape,region,262080,0,262080,0.0
nanjing,scrape,scrape_duration_seconds,262080,0,262080,0.0
nanjing,scrape,scrape_error,262080,262044,36,0.99986264
nanjing,scrape,scrape_samples,262080,0,262080,0.0
nanjing,scrape,scrape_up,262080,0,262080,0.0
nanjing,scrape,target_id,262080,0,262080,0.0
nanjing,scrape,timestamp,262080,0,262080,0.0
nanjing,traffic,auth_flow_active,52565,39465,13100,0.75078474
nanjing,traffic,auth_flow_active_seconds_total,52565,39465,13100,0.75078474
nanjing,traffic,auth_flow_batch_concurrency,52565,39465,13100,0.75078474
nanjing,traffic,auth_flow_batch_duration_seconds,52565,39465,13100,0.75078474
nanjing,traffic,auth_flow_batches_completed_total,52565,39465,13100,0.75078474
nanjing,traffic,auth_flow_batches_failed_total,52565,39465,13100,0.75078474
nanjing,traffic,auth_flow_batches_started_total,52565,39465,13100,0.75078474
nanjing,traffic,auth_flow_batches_timeout_total,52565,39465,13100,0.75078474
nanjing,traffic,auth_flow_bytes_received_total,52565,39465,13100,0.75078474
nanjing,traffic,auth_flow_bytes_sent_total,52565,39465,13100,0.75078474
nanjing,traffic,auth_flow_duration_seconds_count,52565,39465,13100,0.75078474
nanjing,traffic,auth_flow_duration_seconds_sum,52565,39465,13100,0.75078474
nanjing,traffic,auth_flow_error_total,52565,39465,13100,0.75078474
nanjing,traffic,auth_flow_last_batch_timestamp_seconds,52565,39465,13100,0.75078474
nanjing,traffic,auth_flow_latency_mean_seconds,52565,39465,13100,0.75078474
nanjing,traffic,auth_flow_latency_p95_seconds,52565,39465,13100,0.75078474
nanjing,traffic,auth_flow_observed_qps,52565,39465,13100,0.75078474
nanjing,traffic,auth_flow_request_latency_seconds_bucket_le_0_01,52565,39465,13100,0.75078474
nanjing,traffic,auth_flow_request_latency_seconds_bucket_le_0_025,52565,39465,13100,0.75078474
nanjing,traffic,auth_flow_request_latency_seconds_bucket_le_0_05,52565,39465,13100,0.75078474
nanjing,traffic,auth_flow_request_latency_seconds_bucket_le_0_1,52565,39465,13100,0.75078474
nanjing,traffic,auth_flow_request_latency_seconds_bucket_le_0_25,52565,39465,13100,0.75078474
nanjing,traffic,auth_flow_request_latency_seconds_bucket_le_0_5,52565,39465,13100,0.75078474
nanjing,traffic,auth_flow_request_latency_seconds_bucket_le_1,52565,39465,13100,0.75078474
nanjing,traffic,auth_flow_request_latency_seconds_bucket_le_2_5,52565,39465,13100,0.75078474
nanjing,traffic,auth_flow_request_latency_seconds_bucket_le_5,52565,39465,13100,0.75078474
nanjing,traffic,auth_flow_request_latency_seconds_bucket_le_plus_inf,52565,39465,13100,0.75078474
nanjing,traffic,auth_flow_request_latency_seconds_count,52565,39465,13100,0.75078474
nanjing,traffic,auth_flow_request_latency_seconds_sum,52565,39465,13100,0.75078474
nanjing,traffic,auth_flow_requests_total,52565,39465,13100,0.75078474
nanjing,traffic,auth_flow_success_total,52565,39465,13100,0.75078474
nanjing,traffic,dns_flow_active,52565,32602,19963,0.62022258
nanjing,traffic,dns_flow_active_seconds_total,52565,32602,19963,0.62022258
nanjing,traffic,dns_flow_batch_concurrency,52565,32602,19963,0.62022258
nanjing,traffic,dns_flow_batch_duration_seconds,52565,32602,19963,0.62022258
nanjing,traffic,dns_flow_batches_completed_total,52565,32602,19963,0.62022258
nanjing,traffic,dns_flow_batches_failed_total,52565,32602,19963,0.62022258
nanjing,traffic,dns_flow_batches_started_total,52565,32602,19963,0.62022258
nanjing,traffic,dns_flow_batches_timeout_total,52565,32602,19963,0.62022258
nanjing,traffic,dns_flow_bytes_received_total,52565,32602,19963,0.62022258
nanjing,traffic,dns_flow_bytes_sent_total,52565,32602,19963,0.62022258
nanjing,traffic,dns_flow_duration_seconds_count,52565,32602,19963,0.62022258
nanjing,traffic,dns_flow_duration_seconds_sum,52565,32602,19963,0.62022258
nanjing,traffic,dns_flow_error_total,52565,32602,19963,0.62022258
nanjing,traffic,dns_flow_last_batch_timestamp_seconds,52565,32602,19963,0.62022258
nanjing,traffic,dns_flow_latency_mean_seconds,52565,32602,19963,0.62022258
nanjing,traffic,dns_flow_latency_p95_seconds,52565,32602,19963,0.62022258
nanjing,traffic,dns_flow_observed_qps,52565,32602,19963,0.62022258
nanjing,traffic,dns_flow_request_latency_seconds_bucket_le_0_01,52565,32602,19963,0.62022258
nanjing,traffic,dns_flow_request_latency_seconds_bucket_le_0_025,52565,32602,19963,0.62022258
nanjing,traffic,dns_flow_request_latency_seconds_bucket_le_0_05,52565,32602,19963,0.62022258
nanjing,traffic,dns_flow_request_latency_seconds_bucket_le_0_1,52565,32602,19963,0.62022258
nanjing,traffic,dns_flow_request_latency_seconds_bucket_le_0_25,52565,32602,19963,0.62022258
nanjing,traffic,dns_flow_request_latency_seconds_bucket_le_0_5,52565,32602,19963,0.62022258
nanjing,traffic,dns_flow_request_latency_seconds_bucket_le_1,52565,32602,19963,0.62022258
nanjing,traffic,dns_flow_request_latency_seconds_bucket_le_2_5,52565,32602,19963,0.62022258
nanjing,traffic,dns_flow_request_latency_seconds_bucket_le_5,52565,32602,19963,0.62022258
nanjing,traffic,dns_flow_request_latency_seconds_bucket_le_plus_inf,52565,32602,19963,0.62022258
nanjing,traffic,dns_flow_request_latency_seconds_count,52565,32602,19963,0.62022258
nanjing,traffic,dns_flow_request_latency_seconds_sum,52565,32602,19963,0.62022258
nanjing,traffic,dns_flow_requests_total,52565,32602,19963,0.62022258
nanjing,traffic,dns_flow_success_total,52565,32602,19963,0.62022258
nanjing,traffic,elephant_flow_active,52565,51796,769,0.98537049
nanjing,traffic,elephant_flow_active_seconds_total,52565,51796,769,0.98537049
nanjing,traffic,elephant_flow_batch_concurrency,52565,51796,769,0.98537049
nanjing,traffic,elephant_flow_batch_duration_seconds,52565,51796,769,0.98537049
nanjing,traffic,elephant_flow_batches_completed_total,52565,51796,769,0.98537049
nanjing,traffic,elephant_flow_batches_failed_total,52565,51796,769,0.98537049
nanjing,traffic,elephant_flow_batches_started_total,52565,51796,769,0.98537049
nanjing,traffic,elephant_flow_batches_timeout_total,52565,51796,769,0.98537049
nanjing,traffic,elephant_flow_bytes_received_total,52565,51796,769,0.98537049
nanjing,traffic,elephant_flow_bytes_sent_total,52565,51796,769,0.98537049
nanjing,traffic,elephant_flow_duration_seconds_count,52565,51796,769,0.98537049
nanjing,traffic,elephant_flow_duration_seconds_sum,52565,51796,769,0.98537049
nanjing,traffic,elephant_flow_error_total,52565,51796,769,0.98537049
nanjing,traffic,elephant_flow_jitter_seconds,52565,51902,663,0.98738704
nanjing,traffic,elephant_flow_last_batch_timestamp_seconds,52565,51796,769,0.98537049
nanjing,traffic,elephant_flow_latency_mean_seconds,52565,52565,0,1.0
nanjing,traffic,elephant_flow_latency_p95_seconds,52565,52565,0,1.0
nanjing,traffic,elephant_flow_loss_rate,52565,51902,663,0.98738704
nanjing,traffic,elephant_flow_observed_qps,52565,52565,0,1.0
nanjing,traffic,elephant_flow_requests_total,52565,51796,769,0.98537049
nanjing,traffic,elephant_flow_retransmits_total,52565,51796,769,0.98537049
nanjing,traffic,elephant_flow_success_total,52565,51796,769,0.98537049
nanjing,traffic,elephant_flow_throughput_bps,52565,51902,663,0.98738704
nanjing,traffic,flow_type,52565,0,52565,0.0
nanjing,traffic,id,52565,0,52565,0.0
nanjing,traffic,prometheus_sample_time_utc,52565,0,52565,0.0
nanjing,traffic,protocol,52565,0,52565,0.0
nanjing,traffic,series_key,52565,0,52565,0.0
nanjing,traffic,source_ip,52565,0,52565,0.0
nanjing,traffic,source_region,52565,0,52565,0.0
nanjing,traffic,target_domain,52565,0,52565,0.0
nanjing,traffic,target_region,52565,0,52565,0.0
nanjing,traffic,timestamp_utc,52565,0,52565,0.0
nanjing,traffic,web_flow_active,52565,33832,18733,0.64362218
nanjing,traffic,web_flow_active_seconds_total,52565,33832,18733,0.64362218
nanjing,traffic,web_flow_batch_concurrency,52565,33832,18733,0.64362218
nanjing,traffic,web_flow_batch_duration_seconds,52565,33832,18733,0.64362218
nanjing,traffic,web_flow_batches_completed_total,52565,33832,18733,0.64362218
nanjing,traffic,web_flow_batches_failed_total,52565,33832,18733,0.64362218
nanjing,traffic,web_flow_batches_started_total,52565,33832,18733,0.64362218
nanjing,traffic,web_flow_batches_timeout_total,52565,33832,18733,0.64362218
nanjing,traffic,web_flow_bytes_received_total,52565,33832,18733,0.64362218
nanjing,traffic,web_flow_bytes_sent_total,52565,33832,18733,0.64362218
nanjing,traffic,web_flow_duration_seconds_count,52565,33832,18733,0.64362218
nanjing,traffic,web_flow_duration_seconds_sum,52565,33832,18733,0.64362218
nanjing,traffic,web_flow_error_total,52565,33832,18733,0.64362218
nanjing,traffic,web_flow_last_batch_timestamp_seconds,52565,33832,18733,0.64362218
nanjing,traffic,web_flow_latency_mean_seconds,52565,33832,18733,0.64362218
nanjing,traffic,web_flow_latency_p95_seconds,52565,33832,18733,0.64362218
nanjing,traffic,web_flow_observed_qps,52565,33832,18733,0.64362218
nanjing,traffic,web_flow_request_latency_seconds_bucket_le_0_01,52565,33832,18733,0.64362218
nanjing,traffic,web_flow_request_latency_seconds_bucket_le_0_025,52565,33832,18733,0.64362218
nanjing,traffic,web_flow_request_latency_seconds_bucket_le_0_05,52565,33832,18733,0.64362218
nanjing,traffic,web_flow_request_latency_seconds_bucket_le_0_1,52565,33832,18733,0.64362218
nanjing,traffic,web_flow_request_latency_seconds_bucket_le_0_25,52565,33832,18733,0.64362218
nanjing,traffic,web_flow_request_latency_seconds_bucket_le_0_5,52565,33832,18733,0.64362218
nanjing,traffic,web_flow_request_latency_seconds_bucket_le_1,52565,33832,18733,0.64362218
nanjing,traffic,web_flow_request_latency_seconds_bucket_le_2_5,52565,33832,18733,0.64362218
nanjing,traffic,web_flow_request_latency_seconds_bucket_le_5,52565,33832,18733,0.64362218
nanjing,traffic,web_flow_request_latency_seconds_bucket_le_plus_inf,52565,33832,18733,0.64362218
nanjing,traffic,web_flow_request_latency_seconds_count,52565,33832,18733,0.64362218
nanjing,traffic,web_flow_request_latency_seconds_sum,52565,33832,18733,0.64362218
nanjing,traffic,web_flow_requests_total,52565,33832,18733,0.64362218
nanjing,traffic,web_flow_success_total,52565,33832,18733,0.64362218
shanghai,frr,event_time,566,0,566,0.0
shanghai,frr,event_time_raw,566,0,566,0.0
shanghai,frr,facility,566,0,566,0.0
shanghai,frr,hostname,566,0,566,0.0
shanghai,frr,id,566,0,566,0.0
shanghai,frr,inserted_at,566,0,566,0.0
shanghai,frr,message,566,0,566,0.0
shanghai,frr,pid,566,0,566,0.0
shanghai,frr,program,566,0,566,0.0
shanghai,frr,received_at,566,0,566,0.0
shanghai,frr,received_at_raw,566,0,566,0.0
shanghai,frr,region,566,0,566,0.0
shanghai,frr,severity,566,0,566,0.0
shanghai,frr,severity_code,566,0,566,0.0
shanghai,frr,source_ip,566,0,566,0.0
shanghai,interface,carrier_changes,1208510,0,1208510,0.0
shanghai,interface,if_role,1208510,926488,282022,0.7666366
shanghai,interface,interface_id,1208510,0,1208510,0.0
shanghai,interface,node,1208510,0,1208510,0.0
shanghai,interface,node_type,1208510,0,1208510,0.0
shanghai,interface,region,1208510,0,1208510,0.0
shanghai,interface,rx_bytes_rate,1208510,0,1208510,0.0
shanghai,interface,rx_drop_rate,1208510,0,1208510,0.0
shanghai,interface,rx_error_rate,1208510,0,1208510,0.0
shanghai,interface,rx_packets_rate,1208510,0,1208510,0.0
shanghai,interface,timestamp,1208510,0,1208510,0.0
shanghai,interface,tx_bytes_rate,1208510,0,1208510,0.0
shanghai,interface,tx_drop_rate,1208510,0,1208510,0.0
shanghai,interface,tx_error_rate,1208510,0,1208510,0.0
shanghai,interface,tx_packets_rate,1208510,0,1208510,0.0
shanghai,netflow,bytes,121624072,0,121624072,0.0
shanghai,netflow,collector_port,121624072,0,121624072,0.0
shanghai,netflow,dst_addr,121624072,0,121624072,0.0
shanghai,netflow,dst_port,121624072,0,121624072,0.0
shanghai,netflow,first_seen,121624072,0,121624072,0.0
shanghai,netflow,flow_record_count,121624072,0,121624072,0.0
shanghai,netflow,if_role,121624072,121624072,0,1.0
shanghai,netflow,interface_id,121624072,0,121624072,0.0
shanghai,netflow,last_seen,121624072,0,121624072,0.0
shanghai,netflow,minute_utc,121624072,0,121624072,0.0
shanghai,netflow,node,121624072,0,121624072,0.0
shanghai,netflow,node_key,121624072,0,121624072,0.0
shanghai,netflow,node_type,121624072,0,121624072,0.0
shanghai,netflow,packets,121624072,0,121624072,0.0
shanghai,netflow,protocol,121624072,0,121624072,0.0
shanghai,netflow,region,121624072,0,121624072,0.0
shanghai,netflow,region_code,121624072,0,121624072,0.0
shanghai,netflow,src_addr,121624072,0,121624072,0.0
shanghai,netflow,src_port,121624072,0,121624072,0.0
shanghai,node,cpu_usage,181336,5,181331,2.757e-05
shanghai,node,disk_io_util,181336,5,181331,2.757e-05
shanghai,node,disk_read_rate,181336,5,181331,2.757e-05
shanghai,node,disk_write_rate,181336,5,181331,2.757e-05
shanghai,node,filesystem_used_ratio,181336,0,181336,0.0
shanghai,node,inode_used_ratio,181336,0,181336,0.0
shanghai,node,load1,181336,0,181336,0.0
shanghai,node,load5,181336,0,181336,0.0
shanghai,node,memory_available_ratio,181336,0,181336,0.0
shanghai,node,node,181336,0,181336,0.0
shanghai,node,node_type,181336,0,181336,0.0
shanghai,node,open_fd_ratio,181336,0,181336,0.0
shanghai,node,process_count,181336,0,181336,0.0
shanghai,node,region,181336,0,181336,0.0
shanghai,node,swap_used_ratio,181336,0,181336,0.0
shanghai,node,timestamp,181336,0,181336,0.0
shanghai,routing,label,5435086,362662,5072424,0.06672608
shanghai,routing,metric_name,5435086,0,5435086,0.0
shanghai,routing,node,5435086,0,5435086,0.0
shanghai,routing,node_type,5435086,0,5435086,0.0
shanghai,routing,region,5435086,0,5435086,0.0
shanghai,routing,timestamp,5435086,0,5435086,0.0
shanghai,routing,value,5435086,241920,5193166,0.0445108
shanghai,scrape,exporter_type,262080,0,262080,0.0
shanghai,scrape,node,262080,0,262080,0.0
shanghai,scrape,region,262080,0,262080,0.0
shanghai,scrape,scrape_duration_seconds,262080,0,262080,0.0
shanghai,scrape,scrape_error,262080,261867,213,0.99918727
shanghai,scrape,scrape_samples,262080,0,262080,0.0
shanghai,scrape,scrape_up,262080,0,262080,0.0
shanghai,scrape,target_id,262080,0,262080,0.0
shanghai,scrape,timestamp,262080,0,262080,0.0
shanghai,traffic,auth_flow_active,52754,39513,13241,0.74900481
shanghai,traffic,auth_flow_active_seconds_total,52754,39513,13241,0.74900481
shanghai,traffic,auth_flow_batch_concurrency,52754,39513,13241,0.74900481
shanghai,traffic,auth_flow_batch_duration_seconds,52754,39513,13241,0.74900481
shanghai,traffic,auth_flow_batches_completed_total,52754,39513,13241,0.74900481
shanghai,traffic,auth_flow_batches_failed_total,52754,39513,13241,0.74900481
shanghai,traffic,auth_flow_batches_started_total,52754,39513,13241,0.74900481
shanghai,traffic,auth_flow_batches_timeout_total,52754,39513,13241,0.74900481
shanghai,traffic,auth_flow_bytes_received_total,52754,39513,13241,0.74900481
shanghai,traffic,auth_flow_bytes_sent_total,52754,39513,13241,0.74900481
shanghai,traffic,auth_flow_duration_seconds_count,52754,39513,13241,0.74900481
shanghai,traffic,auth_flow_duration_seconds_sum,52754,39513,13241,0.74900481
shanghai,traffic,auth_flow_error_total,52754,39513,13241,0.74900481
shanghai,traffic,auth_flow_last_batch_timestamp_seconds,52754,39513,13241,0.74900481
shanghai,traffic,auth_flow_latency_mean_seconds,52754,39513,13241,0.74900481
shanghai,traffic,auth_flow_latency_p95_seconds,52754,39513,13241,0.74900481
shanghai,traffic,auth_flow_observed_qps,52754,39513,13241,0.74900481
shanghai,traffic,auth_flow_request_latency_seconds_bucket_le_0_01,52754,39513,13241,0.74900481
shanghai,traffic,auth_flow_request_latency_seconds_bucket_le_0_025,52754,39513,13241,0.74900481
shanghai,traffic,auth_flow_request_latency_seconds_bucket_le_0_05,52754,39513,13241,0.74900481
shanghai,traffic,auth_flow_request_latency_seconds_bucket_le_0_1,52754,39513,13241,0.74900481
shanghai,traffic,auth_flow_request_latency_seconds_bucket_le_0_25,52754,39513,13241,0.74900481
shanghai,traffic,auth_flow_request_latency_seconds_bucket_le_0_5,52754,39513,13241,0.74900481
shanghai,traffic,auth_flow_request_latency_seconds_bucket_le_1,52754,39513,13241,0.74900481
shanghai,traffic,auth_flow_request_latency_seconds_bucket_le_2_5,52754,39513,13241,0.74900481
shanghai,traffic,auth_flow_request_latency_seconds_bucket_le_5,52754,39513,13241,0.74900481
shanghai,traffic,auth_flow_request_latency_seconds_bucket_le_plus_inf,52754,39513,13241,0.74900481
shanghai,traffic,auth_flow_request_latency_seconds_count,52754,39513,13241,0.74900481
shanghai,traffic,auth_flow_request_latency_seconds_sum,52754,39513,13241,0.74900481
shanghai,traffic,auth_flow_requests_total,52754,39513,13241,0.74900481
shanghai,traffic,auth_flow_success_total,52754,39513,13241,0.74900481
shanghai,traffic,dns_flow_active,52754,32809,19945,0.6219244
shanghai,traffic,dns_flow_active_seconds_total,52754,32809,19945,0.6219244
shanghai,traffic,dns_flow_batch_concurrency,52754,32809,19945,0.6219244
shanghai,traffic,dns_flow_batch_duration_seconds,52754,32809,19945,0.6219244
shanghai,traffic,dns_flow_batches_completed_total,52754,32809,19945,0.6219244
shanghai,traffic,dns_flow_batches_failed_total,52754,32809,19945,0.6219244
shanghai,traffic,dns_flow_batches_started_total,52754,32809,19945,0.6219244
shanghai,traffic,dns_flow_batches_timeout_total,52754,32809,19945,0.6219244
shanghai,traffic,dns_flow_bytes_received_total,52754,32809,19945,0.6219244
shanghai,traffic,dns_flow_bytes_sent_total,52754,32809,19945,0.6219244
shanghai,traffic,dns_flow_duration_seconds_count,52754,32809,19945,0.6219244
shanghai,traffic,dns_flow_duration_seconds_sum,52754,32809,19945,0.6219244
shanghai,traffic,dns_flow_error_total,52754,32809,19945,0.6219244
shanghai,traffic,dns_flow_last_batch_timestamp_seconds,52754,32809,19945,0.6219244
shanghai,traffic,dns_flow_latency_mean_seconds,52754,32809,19945,0.6219244
shanghai,traffic,dns_flow_latency_p95_seconds,52754,32809,19945,0.6219244
shanghai,traffic,dns_flow_observed_qps,52754,32809,19945,0.6219244
shanghai,traffic,dns_flow_request_latency_seconds_bucket_le_0_01,52754,32809,19945,0.6219244
shanghai,traffic,dns_flow_request_latency_seconds_bucket_le_0_025,52754,32809,19945,0.6219244
shanghai,traffic,dns_flow_request_latency_seconds_bucket_le_0_05,52754,32809,19945,0.6219244
shanghai,traffic,dns_flow_request_latency_seconds_bucket_le_0_1,52754,32809,19945,0.6219244
shanghai,traffic,dns_flow_request_latency_seconds_bucket_le_0_25,52754,32809,19945,0.6219244
shanghai,traffic,dns_flow_request_latency_seconds_bucket_le_0_5,52754,32809,19945,0.6219244
shanghai,traffic,dns_flow_request_latency_seconds_bucket_le_1,52754,32809,19945,0.6219244
shanghai,traffic,dns_flow_request_latency_seconds_bucket_le_2_5,52754,32809,19945,0.6219244
shanghai,traffic,dns_flow_request_latency_seconds_bucket_le_5,52754,32809,19945,0.6219244
shanghai,traffic,dns_flow_request_latency_seconds_bucket_le_plus_inf,52754,32809,19945,0.6219244
shanghai,traffic,dns_flow_request_latency_seconds_count,52754,32809,19945,0.6219244
shanghai,traffic,dns_flow_request_latency_seconds_sum,52754,32809,19945,0.6219244
shanghai,traffic,dns_flow_requests_total,52754,32809,19945,0.6219244
shanghai,traffic,dns_flow_success_total,52754,32809,19945,0.6219244
shanghai,traffic,elephant_flow_active,52754,51993,761,0.98557455
shanghai,traffic,elephant_flow_active_seconds_total,52754,51993,761,0.98557455
shanghai,traffic,elephant_flow_batch_concurrency,52754,51993,761,0.98557455
shanghai,traffic,elephant_flow_batch_duration_seconds,52754,51993,761,0.98557455
shanghai,traffic,elephant_flow_batches_completed_total,52754,51993,761,0.98557455
shanghai,traffic,elephant_flow_batches_failed_total,52754,51993,761,0.98557455
shanghai,traffic,elephant_flow_batches_started_total,52754,51993,761,0.98557455
shanghai,traffic,elephant_flow_batches_timeout_total,52754,51993,761,0.98557455
shanghai,traffic,elephant_flow_bytes_received_total,52754,51993,761,0.98557455
shanghai,traffic,elephant_flow_bytes_sent_total,52754,51993,761,0.98557455
shanghai,traffic,elephant_flow_duration_seconds_count,52754,51993,761,0.98557455
shanghai,traffic,elephant_flow_duration_seconds_sum,52754,51993,761,0.98557455
shanghai,traffic,elephant_flow_error_total,52754,51993,761,0.98557455
shanghai,traffic,elephant_flow_jitter_seconds,52754,52100,654,0.98760284
shanghai,traffic,elephant_flow_last_batch_timestamp_seconds,52754,51993,761,0.98557455
shanghai,traffic,elephant_flow_latency_mean_seconds,52754,52754,0,1.0
shanghai,traffic,elephant_flow_latency_p95_seconds,52754,52754,0,1.0
shanghai,traffic,elephant_flow_loss_rate,52754,52100,654,0.98760284
shanghai,traffic,elephant_flow_observed_qps,52754,52754,0,1.0
shanghai,traffic,elephant_flow_requests_total,52754,51993,761,0.98557455
shanghai,traffic,elephant_flow_retransmits_total,52754,51993,761,0.98557455
shanghai,traffic,elephant_flow_success_total,52754,51993,761,0.98557455
shanghai,traffic,elephant_flow_throughput_bps,52754,52100,654,0.98760284
shanghai,traffic,flow_type,52754,0,52754,0.0
shanghai,traffic,id,52754,0,52754,0.0
shanghai,traffic,prometheus_sample_time_utc,52754,0,52754,0.0
shanghai,traffic,protocol,52754,0,52754,0.0
shanghai,traffic,series_key,52754,0,52754,0.0
shanghai,traffic,source_ip,52754,0,52754,0.0
shanghai,traffic,source_region,52754,0,52754,0.0
shanghai,traffic,target_domain,52754,0,52754,0.0
shanghai,traffic,target_region,52754,0,52754,0.0
shanghai,traffic,timestamp_utc,52754,0,52754,0.0
shanghai,traffic,web_flow_active,52754,33947,18807,0.64349623
shanghai,traffic,web_flow_active_seconds_total,52754,33947,18807,0.64349623
shanghai,traffic,web_flow_batch_concurrency,52754,33947,18807,0.64349623
shanghai,traffic,web_flow_batch_duration_seconds,52754,33947,18807,0.64349623
shanghai,traffic,web_flow_batches_completed_total,52754,33947,18807,0.64349623
shanghai,traffic,web_flow_batches_failed_total,52754,33947,18807,0.64349623
shanghai,traffic,web_flow_batches_started_total,52754,33947,18807,0.64349623
shanghai,traffic,web_flow_batches_timeout_total,52754,33947,18807,0.64349623
shanghai,traffic,web_flow_bytes_received_total,52754,33947,18807,0.64349623
shanghai,traffic,web_flow_bytes_sent_total,52754,33947,18807,0.64349623
shanghai,traffic,web_flow_duration_seconds_count,52754,33947,18807,0.64349623
shanghai,traffic,web_flow_duration_seconds_sum,52754,33947,18807,0.64349623
shanghai,traffic,web_flow_error_total,52754,33947,18807,0.64349623
shanghai,traffic,web_flow_last_batch_timestamp_seconds,52754,33947,18807,0.64349623
shanghai,traffic,web_flow_latency_mean_seconds,52754,33947,18807,0.64349623
shanghai,traffic,web_flow_latency_p95_seconds,52754,33947,18807,0.64349623
shanghai,traffic,web_flow_observed_qps,52754,33947,18807,0.64349623
shanghai,traffic,web_flow_request_latency_seconds_bucket_le_0_01,52754,33947,18807,0.64349623
shanghai,traffic,web_flow_request_latency_seconds_bucket_le_0_025,52754,33947,18807,0.64349623
shanghai,traffic,web_flow_request_latency_seconds_bucket_le_0_05,52754,33947,18807,0.64349623
shanghai,traffic,web_flow_request_latency_seconds_bucket_le_0_1,52754,33947,18807,0.64349623
shanghai,traffic,web_flow_request_latency_seconds_bucket_le_0_25,52754,33947,18807,0.64349623
shanghai,traffic,web_flow_request_latency_seconds_bucket_le_0_5,52754,33947,18807,0.64349623
shanghai,traffic,web_flow_request_latency_seconds_bucket_le_1,52754,33947,18807,0.64349623
shanghai,traffic,web_flow_request_latency_seconds_bucket_le_2_5,52754,33947,18807,0.64349623
shanghai,traffic,web_flow_request_latency_seconds_bucket_le_5,52754,33947,18807,0.64349623
shanghai,traffic,web_flow_request_latency_seconds_bucket_le_plus_inf,52754,33947,18807,0.64349623
shanghai,traffic,web_flow_request_latency_seconds_count,52754,33947,18807,0.64349623
shanghai,traffic,web_flow_request_latency_seconds_sum,52754,33947,18807,0.64349623
shanghai,traffic,web_flow_requests_total,52754,33947,18807,0.64349623
shanghai,traffic,web_flow_success_total,52754,33947,18807,0.64349623
shenyang,frr,event_time,334,0,334,0.0
shenyang,frr,event_time_raw,334,0,334,0.0
shenyang,frr,facility,334,0,334,0.0
shenyang,frr,hostname,334,0,334,0.0
shenyang,frr,id,334,0,334,0.0
shenyang,frr,inserted_at,334,0,334,0.0
shenyang,frr,message,334,0,334,0.0
shenyang,frr,pid,334,0,334,0.0
shenyang,frr,program,334,0,334,0.0
shenyang,frr,received_at,334,0,334,0.0
shenyang,frr,received_at_raw,334,0,334,0.0
shenyang,frr,region,334,0,334,0.0
shenyang,frr,severity,334,0,334,0.0
shenyang,frr,severity_code,334,0,334,0.0
shenyang,frr,source_ip,334,0,334,0.0
shenyang,interface,carrier_changes,1209076,0,1209076,0.0
shenyang,interface,if_role,1209076,926946,282130,0.76665652
shenyang,interface,interface_id,1209076,0,1209076,0.0
shenyang,interface,node,1209076,0,1209076,0.0
shenyang,interface,node_type,1209076,0,1209076,0.0
shenyang,interface,region,1209076,0,1209076,0.0
shenyang,interface,rx_bytes_rate,1209076,0,1209076,0.0
shenyang,interface,rx_drop_rate,1209076,0,1209076,0.0
shenyang,interface,rx_error_rate,1209076,0,1209076,0.0
shenyang,interface,rx_packets_rate,1209076,0,1209076,0.0
shenyang,interface,timestamp,1209076,0,1209076,0.0
shenyang,interface,tx_bytes_rate,1209076,0,1209076,0.0
shenyang,interface,tx_drop_rate,1209076,0,1209076,0.0
shenyang,interface,tx_error_rate,1209076,0,1209076,0.0
shenyang,interface,tx_packets_rate,1209076,0,1209076,0.0
shenyang,netflow,bytes,34595845,0,34595845,0.0
shenyang,netflow,collector_port,34595845,0,34595845,0.0
shenyang,netflow,dst_addr,34595845,0,34595845,0.0
shenyang,netflow,dst_port,34595845,0,34595845,0.0
shenyang,netflow,first_seen,34595845,0,34595845,0.0
shenyang,netflow,flow_record_count,34595845,0,34595845,0.0
shenyang,netflow,if_role,34595845,34595845,0,1.0
shenyang,netflow,interface_id,34595845,0,34595845,0.0
shenyang,netflow,last_seen,34595845,0,34595845,0.0
shenyang,netflow,minute_utc,34595845,0,34595845,0.0
shenyang,netflow,node,34595845,0,34595845,0.0
shenyang,netflow,node_key,34595845,0,34595845,0.0
shenyang,netflow,node_type,34595845,0,34595845,0.0
shenyang,netflow,packets,34595845,0,34595845,0.0
shenyang,netflow,protocol,34595845,0,34595845,0.0
shenyang,netflow,region,34595845,0,34595845,0.0
shenyang,netflow,region_code,34595845,0,34595845,0.0
shenyang,netflow,src_addr,34595845,0,34595845,0.0
shenyang,netflow,src_port,34595845,0,34595845,0.0
shenyang,node,cpu_usage,181372,0,181372,0.0
shenyang,node,disk_io_util,181372,0,181372,0.0
shenyang,node,disk_read_rate,181372,0,181372,0.0
shenyang,node,disk_write_rate,181372,0,181372,0.0
shenyang,node,filesystem_used_ratio,181372,2,181370,1.103e-05
shenyang,node,inode_used_ratio,181372,2,181370,1.103e-05
shenyang,node,load1,181372,2,181370,1.103e-05
shenyang,node,load5,181372,2,181370,1.103e-05
shenyang,node,memory_available_ratio,181372,2,181370,1.103e-05
shenyang,node,node,181372,0,181372,0.0
shenyang,node,node_type,181372,0,181372,0.0
shenyang,node,open_fd_ratio,181372,2,181370,1.103e-05
shenyang,node,process_count,181372,2,181370,1.103e-05
shenyang,node,region,181372,0,181372,0.0
shenyang,node,swap_used_ratio,181372,2,181370,1.103e-05
shenyang,node,timestamp,181372,0,181372,0.0
shenyang,routing,label,5158214,362792,4795422,0.07033287
shenyang,routing,metric_name,5158214,0,5158214,0.0
shenyang,routing,node,5158214,0,5158214,0.0
shenyang,routing,node_type,5158214,0,5158214,0.0
shenyang,routing,region,5158214,0,5158214,0.0
shenyang,routing,timestamp,5158214,0,5158214,0.0
shenyang,routing,value,5158214,241920,4916294,0.04689995
shenyang,scrape,exporter_type,262080,0,262080,0.0
shenyang,scrape,node,262080,0,262080,0.0
shenyang,scrape,region,262080,0,262080,0.0
shenyang,scrape,scrape_duration_seconds,262080,0,262080,0.0
shenyang,scrape,scrape_error,262080,261966,114,0.99956502
shenyang,scrape,scrape_samples,262080,0,262080,0.0
shenyang,scrape,scrape_up,262080,0,262080,0.0
shenyang,scrape,target_id,262080,0,262080,0.0
shenyang,scrape,timestamp,262080,0,262080,0.0
shenyang,traffic,auth_flow_active,52686,39584,13102,0.75131914
shenyang,traffic,auth_flow_active_seconds_total,52686,39584,13102,0.75131914
shenyang,traffic,auth_flow_batch_concurrency,52686,39584,13102,0.75131914
shenyang,traffic,auth_flow_batch_duration_seconds,52686,39584,13102,0.75131914
shenyang,traffic,auth_flow_batches_completed_total,52686,39584,13102,0.75131914
shenyang,traffic,auth_flow_batches_failed_total,52686,39584,13102,0.75131914
shenyang,traffic,auth_flow_batches_started_total,52686,39584,13102,0.75131914
shenyang,traffic,auth_flow_batches_timeout_total,52686,39584,13102,0.75131914
shenyang,traffic,auth_flow_bytes_received_total,52686,39584,13102,0.75131914
shenyang,traffic,auth_flow_bytes_sent_total,52686,39584,13102,0.75131914
shenyang,traffic,auth_flow_duration_seconds_count,52686,39584,13102,0.75131914
shenyang,traffic,auth_flow_duration_seconds_sum,52686,39584,13102,0.75131914
shenyang,traffic,auth_flow_error_total,52686,39584,13102,0.75131914
shenyang,traffic,auth_flow_last_batch_timestamp_seconds,52686,39584,13102,0.75131914
shenyang,traffic,auth_flow_latency_mean_seconds,52686,39584,13102,0.75131914
shenyang,traffic,auth_flow_latency_p95_seconds,52686,39584,13102,0.75131914
shenyang,traffic,auth_flow_observed_qps,52686,39584,13102,0.75131914
shenyang,traffic,auth_flow_request_latency_seconds_bucket_le_0_01,52686,39584,13102,0.75131914
shenyang,traffic,auth_flow_request_latency_seconds_bucket_le_0_025,52686,39584,13102,0.75131914
shenyang,traffic,auth_flow_request_latency_seconds_bucket_le_0_05,52686,39584,13102,0.75131914
shenyang,traffic,auth_flow_request_latency_seconds_bucket_le_0_1,52686,39584,13102,0.75131914
shenyang,traffic,auth_flow_request_latency_seconds_bucket_le_0_25,52686,39584,13102,0.75131914
shenyang,traffic,auth_flow_request_latency_seconds_bucket_le_0_5,52686,39584,13102,0.75131914
shenyang,traffic,auth_flow_request_latency_seconds_bucket_le_1,52686,39584,13102,0.75131914
shenyang,traffic,auth_flow_request_latency_seconds_bucket_le_2_5,52686,39584,13102,0.75131914
shenyang,traffic,auth_flow_request_latency_seconds_bucket_le_5,52686,39584,13102,0.75131914
shenyang,traffic,auth_flow_request_latency_seconds_bucket_le_plus_inf,52686,39584,13102,0.75131914
shenyang,traffic,auth_flow_request_latency_seconds_count,52686,39584,13102,0.75131914
shenyang,traffic,auth_flow_request_latency_seconds_sum,52686,39584,13102,0.75131914
shenyang,traffic,auth_flow_requests_total,52686,39584,13102,0.75131914
shenyang,traffic,auth_flow_success_total,52686,39584,13102,0.75131914
shenyang,traffic,dns_flow_active,52686,32730,19956,0.62122765
shenyang,traffic,dns_flow_active_seconds_total,52686,32730,19956,0.62122765
shenyang,traffic,dns_flow_batch_concurrency,52686,32730,19956,0.62122765
shenyang,traffic,dns_flow_batch_duration_seconds,52686,32730,19956,0.62122765
shenyang,traffic,dns_flow_batches_completed_total,52686,32730,19956,0.62122765
shenyang,traffic,dns_flow_batches_failed_total,52686,32730,19956,0.62122765
shenyang,traffic,dns_flow_batches_started_total,52686,32730,19956,0.62122765
shenyang,traffic,dns_flow_batches_timeout_total,52686,32730,19956,0.62122765
shenyang,traffic,dns_flow_bytes_received_total,52686,32730,19956,0.62122765
shenyang,traffic,dns_flow_bytes_sent_total,52686,32730,19956,0.62122765
shenyang,traffic,dns_flow_duration_seconds_count,52686,32730,19956,0.62122765
shenyang,traffic,dns_flow_duration_seconds_sum,52686,32730,19956,0.62122765
shenyang,traffic,dns_flow_error_total,52686,32730,19956,0.62122765
shenyang,traffic,dns_flow_last_batch_timestamp_seconds,52686,32730,19956,0.62122765
shenyang,traffic,dns_flow_latency_mean_seconds,52686,32730,19956,0.62122765
shenyang,traffic,dns_flow_latency_p95_seconds,52686,32730,19956,0.62122765
shenyang,traffic,dns_flow_observed_qps,52686,32730,19956,0.62122765
shenyang,traffic,dns_flow_request_latency_seconds_bucket_le_0_01,52686,32730,19956,0.62122765
shenyang,traffic,dns_flow_request_latency_seconds_bucket_le_0_025,52686,32730,19956,0.62122765
shenyang,traffic,dns_flow_request_latency_seconds_bucket_le_0_05,52686,32730,19956,0.62122765
shenyang,traffic,dns_flow_request_latency_seconds_bucket_le_0_1,52686,32730,19956,0.62122765
shenyang,traffic,dns_flow_request_latency_seconds_bucket_le_0_25,52686,32730,19956,0.62122765
shenyang,traffic,dns_flow_request_latency_seconds_bucket_le_0_5,52686,32730,19956,0.62122765
shenyang,traffic,dns_flow_request_latency_seconds_bucket_le_1,52686,32730,19956,0.62122765
shenyang,traffic,dns_flow_request_latency_seconds_bucket_le_2_5,52686,32730,19956,0.62122765
shenyang,traffic,dns_flow_request_latency_seconds_bucket_le_5,52686,32730,19956,0.62122765
shenyang,traffic,dns_flow_request_latency_seconds_bucket_le_plus_inf,52686,32730,19956,0.62122765
shenyang,traffic,dns_flow_request_latency_seconds_count,52686,32730,19956,0.62122765
shenyang,traffic,dns_flow_request_latency_seconds_sum,52686,32730,19956,0.62122765
shenyang,traffic,dns_flow_requests_total,52686,32730,19956,0.62122765
shenyang,traffic,dns_flow_success_total,52686,32730,19956,0.62122765
shenyang,traffic,elephant_flow_active,52686,51863,823,0.98437915
shenyang,traffic,elephant_flow_active_seconds_total,52686,51863,823,0.98437915
shenyang,traffic,elephant_flow_batch_concurrency,52686,51863,823,0.98437915
shenyang,traffic,elephant_flow_batch_duration_seconds,52686,51863,823,0.98437915
shenyang,traffic,elephant_flow_batches_completed_total,52686,51863,823,0.98437915
shenyang,traffic,elephant_flow_batches_failed_total,52686,51863,823,0.98437915
shenyang,traffic,elephant_flow_batches_started_total,52686,51863,823,0.98437915
shenyang,traffic,elephant_flow_batches_timeout_total,52686,51863,823,0.98437915
shenyang,traffic,elephant_flow_bytes_received_total,52686,51863,823,0.98437915
shenyang,traffic,elephant_flow_bytes_sent_total,52686,51863,823,0.98437915
shenyang,traffic,elephant_flow_duration_seconds_count,52686,51863,823,0.98437915
shenyang,traffic,elephant_flow_duration_seconds_sum,52686,51863,823,0.98437915
shenyang,traffic,elephant_flow_error_total,52686,51863,823,0.98437915
shenyang,traffic,elephant_flow_jitter_seconds,52686,51974,712,0.98648597
shenyang,traffic,elephant_flow_last_batch_timestamp_seconds,52686,51863,823,0.98437915
shenyang,traffic,elephant_flow_latency_mean_seconds,52686,52686,0,1.0
shenyang,traffic,elephant_flow_latency_p95_seconds,52686,52686,0,1.0
shenyang,traffic,elephant_flow_loss_rate,52686,51974,712,0.98648597
shenyang,traffic,elephant_flow_observed_qps,52686,52686,0,1.0
shenyang,traffic,elephant_flow_requests_total,52686,51863,823,0.98437915
shenyang,traffic,elephant_flow_retransmits_total,52686,51863,823,0.98437915
shenyang,traffic,elephant_flow_success_total,52686,51863,823,0.98437915
shenyang,traffic,elephant_flow_throughput_bps,52686,51974,712,0.98648597
shenyang,traffic,flow_type,52686,0,52686,0.0
shenyang,traffic,id,52686,0,52686,0.0
shenyang,traffic,prometheus_sample_time_utc,52686,0,52686,0.0
shenyang,traffic,protocol,52686,0,52686,0.0
shenyang,traffic,series_key,52686,0,52686,0.0
shenyang,traffic,source_ip,52686,0,52686,0.0
shenyang,traffic,source_region,52686,0,52686,0.0
shenyang,traffic,target_domain,52686,0,52686,0.0
shenyang,traffic,target_region,52686,0,52686,0.0
shenyang,traffic,timestamp_utc,52686,0,52686,0.0
shenyang,traffic,web_flow_active,52686,33881,18805,0.64307406
shenyang,traffic,web_flow_active_seconds_total,52686,33881,18805,0.64307406
shenyang,traffic,web_flow_batch_concurrency,52686,33881,18805,0.64307406
shenyang,traffic,web_flow_batch_duration_seconds,52686,33881,18805,0.64307406
shenyang,traffic,web_flow_batches_completed_total,52686,33881,18805,0.64307406
shenyang,traffic,web_flow_batches_failed_total,52686,33881,18805,0.64307406
shenyang,traffic,web_flow_batches_started_total,52686,33881,18805,0.64307406
shenyang,traffic,web_flow_batches_timeout_total,52686,33881,18805,0.64307406
shenyang,traffic,web_flow_bytes_received_total,52686,33881,18805,0.64307406
shenyang,traffic,web_flow_bytes_sent_total,52686,33881,18805,0.64307406
shenyang,traffic,web_flow_duration_seconds_count,52686,33881,18805,0.64307406
shenyang,traffic,web_flow_duration_seconds_sum,52686,33881,18805,0.64307406
shenyang,traffic,web_flow_error_total,52686,33881,18805,0.64307406
shenyang,traffic,web_flow_last_batch_timestamp_seconds,52686,33881,18805,0.64307406
shenyang,traffic,web_flow_latency_mean_seconds,52686,33881,18805,0.64307406
shenyang,traffic,web_flow_latency_p95_seconds,52686,33881,18805,0.64307406
shenyang,traffic,web_flow_observed_qps,52686,33881,18805,0.64307406
shenyang,traffic,web_flow_request_latency_seconds_bucket_le_0_01,52686,33881,18805,0.64307406
shenyang,traffic,web_flow_request_latency_seconds_bucket_le_0_025,52686,33881,18805,0.64307406
shenyang,traffic,web_flow_request_latency_seconds_bucket_le_0_05,52686,33881,18805,0.64307406
shenyang,traffic,web_flow_request_latency_seconds_bucket_le_0_1,52686,33881,18805,0.64307406
shenyang,traffic,web_flow_request_latency_seconds_bucket_le_0_25,52686,33881,18805,0.64307406
shenyang,traffic,web_flow_request_latency_seconds_bucket_le_0_5,52686,33881,18805,0.64307406
shenyang,traffic,web_flow_request_latency_seconds_bucket_le_1,52686,33881,18805,0.64307406
shenyang,traffic,web_flow_request_latency_seconds_bucket_le_2_5,52686,33881,18805,0.64307406
shenyang,traffic,web_flow_request_latency_seconds_bucket_le_5,52686,33881,18805,0.64307406
shenyang,traffic,web_flow_request_latency_seconds_bucket_le_plus_inf,52686,33881,18805,0.64307406
shenyang,traffic,web_flow_request_latency_seconds_count,52686,33881,18805,0.64307406
shenyang,traffic,web_flow_request_latency_seconds_sum,52686,33881,18805,0.64307406
shenyang,traffic,web_flow_requests_total,52686,33881,18805,0.64307406
shenyang,traffic,web_flow_success_total,52686,33881,18805,0.64307406
wuhan,frr,event_time,817,0,817,0.0
wuhan,frr,event_time_raw,817,0,817,0.0
wuhan,frr,facility,817,0,817,0.0
wuhan,frr,hostname,817,0,817,0.0
wuhan,frr,id,817,0,817,0.0
wuhan,frr,inserted_at,817,0,817,0.0
wuhan,frr,message,817,0,817,0.0
wuhan,frr,pid,817,0,817,0.0
wuhan,frr,program,817,0,817,0.0
wuhan,frr,received_at,817,0,817,0.0
wuhan,frr,received_at_raw,817,0,817,0.0
wuhan,frr,region,817,0,817,0.0
wuhan,frr,severity,817,0,817,0.0
wuhan,frr,severity_code,817,0,817,0.0
wuhan,frr,source_ip,817,0,817,0.0
wuhan,interface,carrier_changes,1208840,0,1208840,0.0
wuhan,interface,if_role,1208840,926752,282088,0.76664571
wuhan,interface,interface_id,1208840,0,1208840,0.0
wuhan,interface,node,1208840,0,1208840,0.0
wuhan,interface,node_type,1208840,0,1208840,0.0
wuhan,interface,region,1208840,0,1208840,0.0
wuhan,interface,rx_bytes_rate,1208840,0,1208840,0.0
wuhan,interface,rx_drop_rate,1208840,0,1208840,0.0
wuhan,interface,rx_error_rate,1208840,0,1208840,0.0
wuhan,interface,rx_packets_rate,1208840,0,1208840,0.0
wuhan,interface,timestamp,1208840,0,1208840,0.0
wuhan,interface,tx_bytes_rate,1208840,0,1208840,0.0
wuhan,interface,tx_drop_rate,1208840,0,1208840,0.0
wuhan,interface,tx_error_rate,1208840,0,1208840,0.0
wuhan,interface,tx_packets_rate,1208840,0,1208840,0.0
wuhan,netflow,bytes,63067603,0,63067603,0.0
wuhan,netflow,collector_port,63067603,0,63067603,0.0
wuhan,netflow,dst_addr,63067603,0,63067603,0.0
wuhan,netflow,dst_port,63067603,0,63067603,0.0
wuhan,netflow,first_seen,63067603,0,63067603,0.0
wuhan,netflow,flow_record_count,63067603,0,63067603,0.0
wuhan,netflow,if_role,63067603,63067603,0,1.0
wuhan,netflow,interface_id,63067603,0,63067603,0.0
wuhan,netflow,last_seen,63067603,0,63067603,0.0
wuhan,netflow,minute_utc,63067603,0,63067603,0.0
wuhan,netflow,node,63067603,0,63067603,0.0
wuhan,netflow,node_key,63067603,0,63067603,0.0
wuhan,netflow,node_type,63067603,0,63067603,0.0
wuhan,netflow,packets,63067603,0,63067603,0.0
wuhan,netflow,protocol,63067603,0,63067603,0.0
wuhan,netflow,region,63067603,0,63067603,0.0
wuhan,netflow,region_code,63067603,0,63067603,0.0
wuhan,netflow,src_addr,63067603,0,63067603,0.0
wuhan,netflow,src_port,63067603,0,63067603,0.0
wuhan,node,cpu_usage,181364,0,181364,0.0
wuhan,node,disk_io_util,181364,0,181364,0.0
wuhan,node,disk_read_rate,181364,0,181364,0.0
wuhan,node,disk_write_rate,181364,0,181364,0.0
wuhan,node,filesystem_used_ratio,181364,0,181364,0.0
wuhan,node,inode_used_ratio,181364,0,181364,0.0
wuhan,node,load1,181364,0,181364,0.0
wuhan,node,load5,181364,0,181364,0.0
wuhan,node,memory_available_ratio,181364,0,181364,0.0
wuhan,node,node,181364,0,181364,0.0
wuhan,node,node_type,181364,0,181364,0.0
wuhan,node,open_fd_ratio,181364,0,181364,0.0
wuhan,node,process_count,181364,0,181364,0.0
wuhan,node,region,181364,0,181364,0.0
wuhan,node,swap_used_ratio,181364,0,181364,0.0
wuhan,node,timestamp,181364,0,181364,0.0
wuhan,routing,label,5759720,362728,5396992,0.06297667
wuhan,routing,metric_name,5759720,0,5759720,0.0
wuhan,routing,node,5759720,0,5759720,0.0
wuhan,routing,node_type,5759720,0,5759720,0.0
wuhan,routing,region,5759720,0,5759720,0.0
wuhan,routing,timestamp,5759720,0,5759720,0.0
wuhan,routing,value,5759720,241920,5517800,0.04200204
wuhan,scrape,exporter_type,262080,0,262080,0.0
wuhan,scrape,node,262080,0,262080,0.0
wuhan,scrape,region,262080,0,262080,0.0
wuhan,scrape,scrape_duration_seconds,262080,0,262080,0.0
wuhan,scrape,scrape_error,262080,261928,152,0.99942002
wuhan,scrape,scrape_samples,262080,0,262080,0.0
wuhan,scrape,scrape_up,262080,0,262080,0.0
wuhan,scrape,target_id,262080,0,262080,0.0
wuhan,scrape,timestamp,262080,0,262080,0.0
wuhan,traffic,auth_flow_active,52706,39584,13122,0.75103404
wuhan,traffic,auth_flow_active_seconds_total,52706,39584,13122,0.75103404
wuhan,traffic,auth_flow_batch_concurrency,52706,39584,13122,0.75103404
wuhan,traffic,auth_flow_batch_duration_seconds,52706,39584,13122,0.75103404
wuhan,traffic,auth_flow_batches_completed_total,52706,39584,13122,0.75103404
wuhan,traffic,auth_flow_batches_failed_total,52706,39584,13122,0.75103404
wuhan,traffic,auth_flow_batches_started_total,52706,39584,13122,0.75103404
wuhan,traffic,auth_flow_batches_timeout_total,52706,39584,13122,0.75103404
wuhan,traffic,auth_flow_bytes_received_total,52706,39584,13122,0.75103404
wuhan,traffic,auth_flow_bytes_sent_total,52706,39584,13122,0.75103404
wuhan,traffic,auth_flow_duration_seconds_count,52706,39584,13122,0.75103404
wuhan,traffic,auth_flow_duration_seconds_sum,52706,39584,13122,0.75103404
wuhan,traffic,auth_flow_error_total,52706,39584,13122,0.75103404
wuhan,traffic,auth_flow_last_batch_timestamp_seconds,52706,39584,13122,0.75103404
wuhan,traffic,auth_flow_latency_mean_seconds,52706,39584,13122,0.75103404
wuhan,traffic,auth_flow_latency_p95_seconds,52706,39584,13122,0.75103404
wuhan,traffic,auth_flow_observed_qps,52706,39584,13122,0.75103404
wuhan,traffic,auth_flow_request_latency_seconds_bucket_le_0_01,52706,39584,13122,0.75103404
wuhan,traffic,auth_flow_request_latency_seconds_bucket_le_0_025,52706,39584,13122,0.75103404
wuhan,traffic,auth_flow_request_latency_seconds_bucket_le_0_05,52706,39584,13122,0.75103404
wuhan,traffic,auth_flow_request_latency_seconds_bucket_le_0_1,52706,39584,13122,0.75103404
wuhan,traffic,auth_flow_request_latency_seconds_bucket_le_0_25,52706,39584,13122,0.75103404
wuhan,traffic,auth_flow_request_latency_seconds_bucket_le_0_5,52706,39584,13122,0.75103404
wuhan,traffic,auth_flow_request_latency_seconds_bucket_le_1,52706,39584,13122,0.75103404
wuhan,traffic,auth_flow_request_latency_seconds_bucket_le_2_5,52706,39584,13122,0.75103404
wuhan,traffic,auth_flow_request_latency_seconds_bucket_le_5,52706,39584,13122,0.75103404
wuhan,traffic,auth_flow_request_latency_seconds_bucket_le_plus_inf,52706,39584,13122,0.75103404
wuhan,traffic,auth_flow_request_latency_seconds_count,52706,39584,13122,0.75103404
wuhan,traffic,auth_flow_request_latency_seconds_sum,52706,39584,13122,0.75103404
wuhan,traffic,auth_flow_requests_total,52706,39584,13122,0.75103404
wuhan,traffic,auth_flow_success_total,52706,39584,13122,0.75103404
wuhan,traffic,dns_flow_active,52706,32737,19969,0.62112473
wuhan,traffic,dns_flow_active_seconds_total,52706,32737,19969,0.62112473
wuhan,traffic,dns_flow_batch_concurrency,52706,32737,19969,0.62112473
wuhan,traffic,dns_flow_batch_duration_seconds,52706,32737,19969,0.62112473
wuhan,traffic,dns_flow_batches_completed_total,52706,32737,19969,0.62112473
wuhan,traffic,dns_flow_batches_failed_total,52706,32737,19969,0.62112473
wuhan,traffic,dns_flow_batches_started_total,52706,32737,19969,0.62112473
wuhan,traffic,dns_flow_batches_timeout_total,52706,32737,19969,0.62112473
wuhan,traffic,dns_flow_bytes_received_total,52706,32737,19969,0.62112473
wuhan,traffic,dns_flow_bytes_sent_total,52706,32737,19969,0.62112473
wuhan,traffic,dns_flow_duration_seconds_count,52706,32737,19969,0.62112473
wuhan,traffic,dns_flow_duration_seconds_sum,52706,32737,19969,0.62112473
wuhan,traffic,dns_flow_error_total,52706,32737,19969,0.62112473
wuhan,traffic,dns_flow_last_batch_timestamp_seconds,52706,32737,19969,0.62112473
wuhan,traffic,dns_flow_latency_mean_seconds,52706,32737,19969,0.62112473
wuhan,traffic,dns_flow_latency_p95_seconds,52706,32737,19969,0.62112473
wuhan,traffic,dns_flow_observed_qps,52706,32737,19969,0.62112473
wuhan,traffic,dns_flow_request_latency_seconds_bucket_le_0_01,52706,32737,19969,0.62112473
wuhan,traffic,dns_flow_request_latency_seconds_bucket_le_0_025,52706,32737,19969,0.62112473
wuhan,traffic,dns_flow_request_latency_seconds_bucket_le_0_05,52706,32737,19969,0.62112473
wuhan,traffic,dns_flow_request_latency_seconds_bucket_le_0_1,52706,32737,19969,0.62112473
wuhan,traffic,dns_flow_request_latency_seconds_bucket_le_0_25,52706,32737,19969,0.62112473
wuhan,traffic,dns_flow_request_latency_seconds_bucket_le_0_5,52706,32737,19969,0.62112473
wuhan,traffic,dns_flow_request_latency_seconds_bucket_le_1,52706,32737,19969,0.62112473
wuhan,traffic,dns_flow_request_latency_seconds_bucket_le_2_5,52706,32737,19969,0.62112473
wuhan,traffic,dns_flow_request_latency_seconds_bucket_le_5,52706,32737,19969,0.62112473
wuhan,traffic,dns_flow_request_latency_seconds_bucket_le_plus_inf,52706,32737,19969,0.62112473
wuhan,traffic,dns_flow_request_latency_seconds_count,52706,32737,19969,0.62112473
wuhan,traffic,dns_flow_request_latency_seconds_sum,52706,32737,19969,0.62112473
wuhan,traffic,dns_flow_requests_total,52706,32737,19969,0.62112473
wuhan,traffic,dns_flow_success_total,52706,32737,19969,0.62112473
wuhan,traffic,elephant_flow_active,52706,51893,813,0.98457481
wuhan,traffic,elephant_flow_active_seconds_total,52706,51893,813,0.98457481
wuhan,traffic,elephant_flow_batch_concurrency,52706,51893,813,0.98457481
wuhan,traffic,elephant_flow_batch_duration_seconds,52706,51893,813,0.98457481
wuhan,traffic,elephant_flow_batches_completed_total,52706,51893,813,0.98457481
wuhan,traffic,elephant_flow_batches_failed_total,52706,51893,813,0.98457481
wuhan,traffic,elephant_flow_batches_started_total,52706,51893,813,0.98457481
wuhan,traffic,elephant_flow_batches_timeout_total,52706,51893,813,0.98457481
wuhan,traffic,elephant_flow_bytes_received_total,52706,51893,813,0.98457481
wuhan,traffic,elephant_flow_bytes_sent_total,52706,51893,813,0.98457481
wuhan,traffic,elephant_flow_duration_seconds_count,52706,51893,813,0.98457481
wuhan,traffic,elephant_flow_duration_seconds_sum,52706,51893,813,0.98457481
wuhan,traffic,elephant_flow_error_total,52706,51893,813,0.98457481
wuhan,traffic,elephant_flow_jitter_seconds,52706,52013,693,0.98685159
wuhan,traffic,elephant_flow_last_batch_timestamp_seconds,52706,51893,813,0.98457481
wuhan,traffic,elephant_flow_latency_mean_seconds,52706,52706,0,1.0
wuhan,traffic,elephant_flow_latency_p95_seconds,52706,52706,0,1.0
wuhan,traffic,elephant_flow_loss_rate,52706,52013,693,0.98685159
wuhan,traffic,elephant_flow_observed_qps,52706,52706,0,1.0
wuhan,traffic,elephant_flow_requests_total,52706,51893,813,0.98457481
wuhan,traffic,elephant_flow_retransmits_total,52706,51893,813,0.98457481
wuhan,traffic,elephant_flow_success_total,52706,51893,813,0.98457481
wuhan,traffic,elephant_flow_throughput_bps,52706,52013,693,0.98685159
wuhan,traffic,flow_type,52706,0,52706,0.0
wuhan,traffic,id,52706,0,52706,0.0
wuhan,traffic,prometheus_sample_time_utc,52706,0,52706,0.0
wuhan,traffic,protocol,52706,0,52706,0.0
wuhan,traffic,series_key,52706,0,52706,0.0
wuhan,traffic,source_ip,52706,0,52706,0.0
wuhan,traffic,source_region,52706,0,52706,0.0
wuhan,traffic,target_domain,52706,0,52706,0.0
wuhan,traffic,target_region,52706,0,52706,0.0
wuhan,traffic,timestamp_utc,52706,0,52706,0.0
wuhan,traffic,web_flow_active,52706,33904,18802,0.64326642
wuhan,traffic,web_flow_active_seconds_total,52706,33904,18802,0.64326642
wuhan,traffic,web_flow_batch_concurrency,52706,33904,18802,0.64326642
wuhan,traffic,web_flow_batch_duration_seconds,52706,33904,18802,0.64326642
wuhan,traffic,web_flow_batches_completed_total,52706,33904,18802,0.64326642
wuhan,traffic,web_flow_batches_failed_total,52706,33904,18802,0.64326642
wuhan,traffic,web_flow_batches_started_total,52706,33904,18802,0.64326642
wuhan,traffic,web_flow_batches_timeout_total,52706,33904,18802,0.64326642
wuhan,traffic,web_flow_bytes_received_total,52706,33904,18802,0.64326642
wuhan,traffic,web_flow_bytes_sent_total,52706,33904,18802,0.64326642
wuhan,traffic,web_flow_duration_seconds_count,52706,33904,18802,0.64326642
wuhan,traffic,web_flow_duration_seconds_sum,52706,33904,18802,0.64326642
wuhan,traffic,web_flow_error_total,52706,33904,18802,0.64326642
wuhan,traffic,web_flow_last_batch_timestamp_seconds,52706,33904,18802,0.64326642
wuhan,traffic,web_flow_latency_mean_seconds,52706,33904,18802,0.64326642
wuhan,traffic,web_flow_latency_p95_seconds,52706,33904,18802,0.64326642
wuhan,traffic,web_flow_observed_qps,52706,33904,18802,0.64326642
wuhan,traffic,web_flow_request_latency_seconds_bucket_le_0_01,52706,33904,18802,0.64326642
wuhan,traffic,web_flow_request_latency_seconds_bucket_le_0_025,52706,33904,18802,0.64326642
wuhan,traffic,web_flow_request_latency_seconds_bucket_le_0_05,52706,33904,18802,0.64326642
wuhan,traffic,web_flow_request_latency_seconds_bucket_le_0_1,52706,33904,18802,0.64326642
wuhan,traffic,web_flow_request_latency_seconds_bucket_le_0_25,52706,33904,18802,0.64326642
wuhan,traffic,web_flow_request_latency_seconds_bucket_le_0_5,52706,33904,18802,0.64326642
wuhan,traffic,web_flow_request_latency_seconds_bucket_le_1,52706,33904,18802,0.64326642
wuhan,traffic,web_flow_request_latency_seconds_bucket_le_2_5,52706,33904,18802,0.64326642
wuhan,traffic,web_flow_request_latency_seconds_bucket_le_5,52706,33904,18802,0.64326642
wuhan,traffic,web_flow_request_latency_seconds_bucket_le_plus_inf,52706,33904,18802,0.64326642
wuhan,traffic,web_flow_request_latency_seconds_count,52706,33904,18802,0.64326642
wuhan,traffic,web_flow_request_latency_seconds_sum,52706,33904,18802,0.64326642
wuhan,traffic,web_flow_requests_total,52706,33904,18802,0.64326642
wuhan,traffic,web_flow_success_total,52706,33904,18802,0.64326642
xian,frr,event_time,91,0,91,0.0
xian,frr,event_time_raw,91,0,91,0.0
xian,frr,facility,91,0,91,0.0
xian,frr,hostname,91,0,91,0.0
xian,frr,id,91,0,91,0.0
xian,frr,inserted_at,91,0,91,0.0
xian,frr,message,91,0,91,0.0
xian,frr,pid,91,0,91,0.0
xian,frr,program,91,0,91,0.0
xian,frr,received_at,91,0,91,0.0
xian,frr,received_at_raw,91,0,91,0.0
xian,frr,region,91,0,91,0.0
xian,frr,severity,91,0,91,0.0
xian,frr,severity_code,91,0,91,0.0
xian,frr,source_ip,91,0,91,0.0
xian,interface,carrier_changes,1208720,0,1208720,0.0
xian,interface,if_role,1208720,926656,282064,0.7666424
xian,interface,interface_id,1208720,0,1208720,0.0
xian,interface,node,1208720,0,1208720,0.0
xian,interface,node_type,1208720,0,1208720,0.0
xian,interface,region,1208720,0,1208720,0.0
xian,interface,rx_bytes_rate,1208720,0,1208720,0.0
xian,interface,rx_drop_rate,1208720,0,1208720,0.0
xian,interface,rx_error_rate,1208720,0,1208720,0.0
xian,interface,rx_packets_rate,1208720,0,1208720,0.0
xian,interface,timestamp,1208720,0,1208720,0.0
xian,interface,tx_bytes_rate,1208720,0,1208720,0.0
xian,interface,tx_drop_rate,1208720,0,1208720,0.0
xian,interface,tx_error_rate,1208720,0,1208720,0.0
xian,interface,tx_packets_rate,1208720,0,1208720,0.0
xian,netflow,bytes,35635775,0,35635775,0.0
xian,netflow,collector_port,35635775,0,35635775,0.0
xian,netflow,dst_addr,35635775,0,35635775,0.0
xian,netflow,dst_port,35635775,0,35635775,0.0
xian,netflow,first_seen,35635775,0,35635775,0.0
xian,netflow,flow_record_count,35635775,0,35635775,0.0
xian,netflow,if_role,35635775,35635775,0,1.0
xian,netflow,interface_id,35635775,0,35635775,0.0
xian,netflow,last_seen,35635775,0,35635775,0.0
xian,netflow,minute_utc,35635775,0,35635775,0.0
xian,netflow,node,35635775,0,35635775,0.0
xian,netflow,node_key,35635775,0,35635775,0.0
xian,netflow,node_type,35635775,0,35635775,0.0
xian,netflow,packets,35635775,0,35635775,0.0
xian,netflow,protocol,35635775,0,35635775,0.0
xian,netflow,region,35635775,0,35635775,0.0
xian,netflow,region_code,35635775,0,35635775,0.0
xian,netflow,src_addr,35635775,0,35635775,0.0
xian,netflow,src_port,35635775,0,35635775,0.0
xian,node,cpu_usage,181352,0,181352,0.0
xian,node,disk_io_util,181352,0,181352,0.0
xian,node,disk_read_rate,181352,0,181352,0.0
xian,node,disk_write_rate,181352,0,181352,0.0
xian,node,filesystem_used_ratio,181352,2,181350,1.103e-05
xian,node,inode_used_ratio,181352,2,181350,1.103e-05
xian,node,load1,181352,2,181350,1.103e-05
xian,node,load5,181352,2,181350,1.103e-05
xian,node,memory_available_ratio,181352,2,181350,1.103e-05
xian,node,node,181352,0,181352,0.0
xian,node,node_type,181352,0,181352,0.0
xian,node,open_fd_ratio,181352,2,181350,1.103e-05
xian,node,process_count,181352,2,181350,1.103e-05
xian,node,region,181352,0,181352,0.0
xian,node,swap_used_ratio,181352,2,181350,1.103e-05
xian,node,timestamp,181352,0,181352,0.0
xian,routing,label,5074510,362700,4711810,0.07147488
xian,routing,metric_name,5074510,0,5074510,0.0
xian,routing,node,5074510,0,5074510,0.0
xian,routing,node_type,5074510,0,5074510,0.0
xian,routing,region,5074510,0,5074510,0.0
xian,routing,timestamp,5074510,0,5074510,0.0
xian,routing,value,5074510,241920,4832590,0.04767357
xian,scrape,exporter_type,262080,0,262080,0.0
xian,scrape,node,262080,0,262080,0.0
xian,scrape,region,262080,0,262080,0.0
xian,scrape,scrape_duration_seconds,262080,0,262080,0.0
xian,scrape,scrape_error,262080,261900,180,0.99931319
xian,scrape,scrape_samples,262080,0,262080,0.0
xian,scrape,scrape_up,262080,0,262080,0.0
xian,scrape,target_id,262080,0,262080,0.0
xian,scrape,timestamp,262080,0,262080,0.0
xian,traffic,auth_flow_active,52674,39410,13264,0.74818696
xian,traffic,auth_flow_active_seconds_total,52674,39410,13264,0.74818696
xian,traffic,auth_flow_batch_concurrency,52674,39410,13264,0.74818696
xian,traffic,auth_flow_batch_duration_seconds,52674,39410,13264,0.74818696
xian,traffic,auth_flow_batches_completed_total,52674,39410,13264,0.74818696
xian,traffic,auth_flow_batches_failed_total,52674,39410,13264,0.74818696
xian,traffic,auth_flow_batches_started_total,52674,39410,13264,0.74818696
xian,traffic,auth_flow_batches_timeout_total,52674,39410,13264,0.74818696
xian,traffic,auth_flow_bytes_received_total,52674,39410,13264,0.74818696
xian,traffic,auth_flow_bytes_sent_total,52674,39410,13264,0.74818696
xian,traffic,auth_flow_duration_seconds_count,52674,39410,13264,0.74818696
xian,traffic,auth_flow_duration_seconds_sum,52674,39410,13264,0.74818696
xian,traffic,auth_flow_error_total,52674,39410,13264,0.74818696
xian,traffic,auth_flow_last_batch_timestamp_seconds,52674,39410,13264,0.74818696
xian,traffic,auth_flow_latency_mean_seconds,52674,39410,13264,0.74818696
xian,traffic,auth_flow_latency_p95_seconds,52674,39410,13264,0.74818696
xian,traffic,auth_flow_observed_qps,52674,39410,13264,0.74818696
xian,traffic,auth_flow_request_latency_seconds_bucket_le_0_01,52674,39410,13264,0.74818696
xian,traffic,auth_flow_request_latency_seconds_bucket_le_0_025,52674,39410,13264,0.74818696
xian,traffic,auth_flow_request_latency_seconds_bucket_le_0_05,52674,39410,13264,0.74818696
xian,traffic,auth_flow_request_latency_seconds_bucket_le_0_1,52674,39410,13264,0.74818696
xian,traffic,auth_flow_request_latency_seconds_bucket_le_0_25,52674,39410,13264,0.74818696
xian,traffic,auth_flow_request_latency_seconds_bucket_le_0_5,52674,39410,13264,0.74818696
xian,traffic,auth_flow_request_latency_seconds_bucket_le_1,52674,39410,13264,0.74818696
xian,traffic,auth_flow_request_latency_seconds_bucket_le_2_5,52674,39410,13264,0.74818696
xian,traffic,auth_flow_request_latency_seconds_bucket_le_5,52674,39410,13264,0.74818696
xian,traffic,auth_flow_request_latency_seconds_bucket_le_plus_inf,52674,39410,13264,0.74818696
xian,traffic,auth_flow_request_latency_seconds_count,52674,39410,13264,0.74818696
xian,traffic,auth_flow_request_latency_seconds_sum,52674,39410,13264,0.74818696
xian,traffic,auth_flow_requests_total,52674,39410,13264,0.74818696
xian,traffic,auth_flow_success_total,52674,39410,13264,0.74818696
xian,traffic,dns_flow_active,52674,32714,19960,0.62106542
xian,traffic,dns_flow_active_seconds_total,52674,32714,19960,0.62106542
xian,traffic,dns_flow_batch_concurrency,52674,32714,19960,0.62106542
xian,traffic,dns_flow_batch_duration_seconds,52674,32714,19960,0.62106542
xian,traffic,dns_flow_batches_completed_total,52674,32714,19960,0.62106542
xian,traffic,dns_flow_batches_failed_total,52674,32714,19960,0.62106542
xian,traffic,dns_flow_batches_started_total,52674,32714,19960,0.62106542
xian,traffic,dns_flow_batches_timeout_total,52674,32714,19960,0.62106542
xian,traffic,dns_flow_bytes_received_total,52674,32714,19960,0.62106542
xian,traffic,dns_flow_bytes_sent_total,52674,32714,19960,0.62106542
xian,traffic,dns_flow_duration_seconds_count,52674,32714,19960,0.62106542
xian,traffic,dns_flow_duration_seconds_sum,52674,32714,19960,0.62106542
xian,traffic,dns_flow_error_total,52674,32714,19960,0.62106542
xian,traffic,dns_flow_last_batch_timestamp_seconds,52674,32714,19960,0.62106542
xian,traffic,dns_flow_latency_mean_seconds,52674,32714,19960,0.62106542
xian,traffic,dns_flow_latency_p95_seconds,52674,32714,19960,0.62106542
xian,traffic,dns_flow_observed_qps,52674,32714,19960,0.62106542
xian,traffic,dns_flow_request_latency_seconds_bucket_le_0_01,52674,32714,19960,0.62106542
xian,traffic,dns_flow_request_latency_seconds_bucket_le_0_025,52674,32714,19960,0.62106542
xian,traffic,dns_flow_request_latency_seconds_bucket_le_0_05,52674,32714,19960,0.62106542
xian,traffic,dns_flow_request_latency_seconds_bucket_le_0_1,52674,32714,19960,0.62106542
xian,traffic,dns_flow_request_latency_seconds_bucket_le_0_25,52674,32714,19960,0.62106542
xian,traffic,dns_flow_request_latency_seconds_bucket_le_0_5,52674,32714,19960,0.62106542
xian,traffic,dns_flow_request_latency_seconds_bucket_le_1,52674,32714,19960,0.62106542
xian,traffic,dns_flow_request_latency_seconds_bucket_le_2_5,52674,32714,19960,0.62106542
xian,traffic,dns_flow_request_latency_seconds_bucket_le_5,52674,32714,19960,0.62106542
xian,traffic,dns_flow_request_latency_seconds_bucket_le_plus_inf,52674,32714,19960,0.62106542
xian,traffic,dns_flow_request_latency_seconds_count,52674,32714,19960,0.62106542
xian,traffic,dns_flow_request_latency_seconds_sum,52674,32714,19960,0.62106542
xian,traffic,dns_flow_requests_total,52674,32714,19960,0.62106542
xian,traffic,dns_flow_success_total,52674,32714,19960,0.62106542
xian,traffic,elephant_flow_active,52674,51930,744,0.98587538
xian,traffic,elephant_flow_active_seconds_total,52674,51930,744,0.98587538
xian,traffic,elephant_flow_batch_concurrency,52674,51930,744,0.98587538
xian,traffic,elephant_flow_batch_duration_seconds,52674,51930,744,0.98587538
xian,traffic,elephant_flow_batches_completed_total,52674,51930,744,0.98587538
xian,traffic,elephant_flow_batches_failed_total,52674,51930,744,0.98587538
xian,traffic,elephant_flow_batches_started_total,52674,51930,744,0.98587538
xian,traffic,elephant_flow_batches_timeout_total,52674,51930,744,0.98587538
xian,traffic,elephant_flow_bytes_received_total,52674,51930,744,0.98587538
xian,traffic,elephant_flow_bytes_sent_total,52674,51930,744,0.98587538
xian,traffic,elephant_flow_duration_seconds_count,52674,51930,744,0.98587538
xian,traffic,elephant_flow_duration_seconds_sum,52674,51930,744,0.98587538
xian,traffic,elephant_flow_error_total,52674,51930,744,0.98587538
xian,traffic,elephant_flow_jitter_seconds,52674,52043,631,0.98802066
xian,traffic,elephant_flow_last_batch_timestamp_seconds,52674,51930,744,0.98587538
xian,traffic,elephant_flow_latency_mean_seconds,52674,52674,0,1.0
xian,traffic,elephant_flow_latency_p95_seconds,52674,52674,0,1.0
xian,traffic,elephant_flow_loss_rate,52674,52043,631,0.98802066
xian,traffic,elephant_flow_observed_qps,52674,52674,0,1.0
xian,traffic,elephant_flow_requests_total,52674,51930,744,0.98587538
xian,traffic,elephant_flow_retransmits_total,52674,51930,744,0.98587538
xian,traffic,elephant_flow_success_total,52674,51930,744,0.98587538
xian,traffic,elephant_flow_throughput_bps,52674,52043,631,0.98802066
xian,traffic,flow_type,52674,0,52674,0.0
xian,traffic,id,52674,0,52674,0.0
xian,traffic,prometheus_sample_time_utc,52674,0,52674,0.0
xian,traffic,protocol,52674,0,52674,0.0
xian,traffic,series_key,52674,0,52674,0.0
xian,traffic,source_ip,52674,0,52674,0.0
xian,traffic,source_region,52674,0,52674,0.0
xian,traffic,target_domain,52674,0,52674,0.0
xian,traffic,target_region,52674,0,52674,0.0
xian,traffic,timestamp_utc,52674,0,52674,0.0
xian,traffic,web_flow_active,52674,33968,18706,0.64487223
xian,traffic,web_flow_active_seconds_total,52674,33968,18706,0.64487223
xian,traffic,web_flow_batch_concurrency,52674,33968,18706,0.64487223
xian,traffic,web_flow_batch_duration_seconds,52674,33968,18706,0.64487223
xian,traffic,web_flow_batches_completed_total,52674,33968,18706,0.64487223
xian,traffic,web_flow_batches_failed_total,52674,33968,18706,0.64487223
xian,traffic,web_flow_batches_started_total,52674,33968,18706,0.64487223
xian,traffic,web_flow_batches_timeout_total,52674,33968,18706,0.64487223
xian,traffic,web_flow_bytes_received_total,52674,33968,18706,0.64487223
xian,traffic,web_flow_bytes_sent_total,52674,33968,18706,0.64487223
xian,traffic,web_flow_duration_seconds_count,52674,33968,18706,0.64487223
xian,traffic,web_flow_duration_seconds_sum,52674,33968,18706,0.64487223
xian,traffic,web_flow_error_total,52674,33968,18706,0.64487223
xian,traffic,web_flow_last_batch_timestamp_seconds,52674,33968,18706,0.64487223
xian,traffic,web_flow_latency_mean_seconds,52674,33968,18706,0.64487223
xian,traffic,web_flow_latency_p95_seconds,52674,33968,18706,0.64487223
xian,traffic,web_flow_observed_qps,52674,33968,18706,0.64487223
xian,traffic,web_flow_request_latency_seconds_bucket_le_0_01,52674,33968,18706,0.64487223
xian,traffic,web_flow_request_latency_seconds_bucket_le_0_025,52674,33968,18706,0.64487223
xian,traffic,web_flow_request_latency_seconds_bucket_le_0_05,52674,33968,18706,0.64487223
xian,traffic,web_flow_request_latency_seconds_bucket_le_0_1,52674,33968,18706,0.64487223
xian,traffic,web_flow_request_latency_seconds_bucket_le_0_25,52674,33968,18706,0.64487223
xian,traffic,web_flow_request_latency_seconds_bucket_le_0_5,52674,33968,18706,0.64487223
xian,traffic,web_flow_request_latency_seconds_bucket_le_1,52674,33968,18706,0.64487223
xian,traffic,web_flow_request_latency_seconds_bucket_le_2_5,52674,33968,18706,0.64487223
xian,traffic,web_flow_request_latency_seconds_bucket_le_5,52674,33968,18706,0.64487223
xian,traffic,web_flow_request_latency_seconds_bucket_le_plus_inf,52674,33968,18706,0.64487223
xian,traffic,web_flow_request_latency_seconds_count,52674,33968,18706,0.64487223
xian,traffic,web_flow_request_latency_seconds_sum,52674,33968,18706,0.64487223
xian,traffic,web_flow_requests_total,52674,33968,18706,0.64487223
xian,traffic,web_flow_success_total,52674,33968,18706,0.64487223
